lat,lon,city,state,address,level,mls_name,ncessch,nces_name,leaid,match_method
42.129965,-70.969456,Abington,MA,70 Cynthia Rd,elementary,Woodsdale,250165000006,Woodsdale Elementary School,2501650,best_match
42.091544,-70.9637,Abington,MA,62 Clapp St,elementary,Beaver Brook,250165000434,Beaver Brook Elementary,2501650,best_match
42.114387,-70.995105,Abington,MA,521 Hampton Way Unit 521,elementary,Beaver Brook Elementary,250165000434,Beaver Brook Elementary,2501650,best_match
42.119535,-70.966452,Abington,MA,26 Crabtree Ln,elementary,Beaver Brook/ Woodsdale,250165000434,Beaver Brook Elementary,2501650,distinctive_token
42.114387,-70.995105,Abington,MA,717 Hampton Way Unit 717,elementary,Beaver Brook Elementary,250165000434,Beaver Brook Elementary,2501650,best_match
42.478212,-71.426221,Acton,MA,6 Hosmer St,elementary,Parker-Damon,,,,
42.464873,-71.470716,Acton,MA,17 Nash Rd,elementary,Acton,,,,
42.477879,-71.470882,Acton,MA,3 West Rd,elementary,Douglas Elementary,250171000007,C.T. Douglas Elementary School,2501710,best_match
42.487106,-71.435883,Acton,MA,7 Minuteman Rd,elementary,Acton,,,,
42.520466,-71.429985,Acton,MA,505 Tumbling Hawk Unit 505,elementary,Ab Regional,,,,
42.482198,-71.404759,Acton,MA,10 Wingate Ln,elementary,Parker Damon,,,,
42.493024,-71.438154,Acton,MA,15 Larch Rd,elementary,Acton,,,,
42.496165,-71.411998,Acton,MA,11 Longmeadow Way,elementary,Parker Damon* See Firm Remarks,,,,
42.461236,-71.483482,Acton,MA,1 Heather Hill Rd,elementary,Gates,250171000008,Paul P Gates Elementary School,2501710,best_match
42.520067,-71.429665,Acton,MA,559 Great Elm Way Unit 559,elementary,Abrs,,,,
42.514771,-71.41304,Acton,MA,43 Quarry Rd,elementary,Gates And Douglas Elementary,,,,
42.500934,-71.411936,Acton,MA,6 Blue Heron Way Unit 6,elementary,Acton Boxboro,,,,
42.47812,-71.407816,Acton,MA,5 Myrtle Dr,elementary,Parker Damon,,,,
42.500909,-71.463641,Acton,MA,220 Newtown Rd,elementary,Choice Of 6,,,,
42.494508,-71.410347,Acton,MA,9 Ladyslipper Ln,elementary,"K-6,Parker Damon School",,,,
42.499515,-71.457592,Acton,MA,6 Genevieve Ln,elementary,Acton,,,,
42.48418,-71.431213,Acton,MA,30-32 Concord Rd,elementary,Conant,250171000009,Luther Conant School,2501710,best_match
42.476589,-71.423396,Acton,MA,81 Alcott St,elementary,Parker Damon,,,,
42.443032,-71.440623,Acton,MA,39 Adams St,elementary,Acton,,,,
42.507351,-71.431274,Acton,MA,20 Parkland Ln Unit 20,elementary,Abrs,,,,
42.473819,-71.457627,Acton,MA,139 Prospect St Apt 1,elementary,Choice Of 6,,,,
42.477158,-71.472235,Acton,MA,23 Spruce St Unit B,elementary,Douglas Elementary School,250171000007,C.T. Douglas Elementary School,2501710,best_match
42.473679,-71.427405,Acton,MA,51 Hosmer St,elementary,Parker Damon,,,,
42.498736,-71.41322,Acton,MA,136 Davis Rd,elementary,Parker Damon,,,,
42.48418,-71.431213,Acton,MA,32 Concord Rd Unit B,elementary,Conant,250171000009,Luther Conant School,2501710,best_match
42.482,-71.476018,Acton,MA,5 Elm St Apt 1,elementary,Boardwalk Campus (2026-7),,,,
42.489201,-71.415283,Acton,MA,209 Great Rd Apt C1,elementary,Acton,,,,
42.503502,-71.419713,Acton,MA,5 Wampus Ave Apt 4,elementary,Choice Of 6,,,,
42.468487,-71.47847,Acton,MA,92A Willow St Unit 2,elementary,Acton,,,,
42.516938,-71.42929,Acton,MA,11 Beth Cir Unit 11,elementary,Ab Regional,,,,
42.489095,-71.468583,Acton,MA,67 Seminole Rd,elementary,Boardwalk,,,,
42.514118,-71.428436,Acton,MA,484 Great Rd # 3,elementary,Acton,,,,
42.512683,-71.412898,Acton,MA,5 Mirasol Cir Unit 5,elementary,Choice Of 5,,,,
42.45465,-71.434736,Acton,MA,120 Parker St Apt 15,elementary,Choice Of 6,,,,
42.457786,-71.449755,Acton,MA,40 High St,elementary,Choice Of Five,,,,
42.512683,-71.412898,Acton,MA,5 Mirasol Cir Unit 5,elementary,Choice Of 5,,,,
42.507483,-71.421738,Acton,MA,380 Great Rd Apt A204,elementary,Paul P. Gates Elementary,250171000008,Paul P Gates Elementary School,2501710,best_match
42.484014,-71.443606,Acton,MA,25 Revolutionary Rd,elementary,Boardwalk,,,,
42.494305,-71.413842,Acton,MA,12 Gabriel Ln Unit 12,elementary,New Vote In Town,,,,
42.514771,-71.41304,Acton,MA,43 Quarry Rd Unit 43,elementary,Gates And Douglas Elementary,,,,
42.457786,-71.449755,Acton,MA,40 High St,elementary,Choice Of Five,,,,
42.468487,-71.47847,Acton,MA,92A Willow St Unit 2,elementary,Acton,,,,
42.487535,-71.437402,Acton,MA,37 Newtown Rd,elementary,Boardwalk Campus,,,,
41.746258,-70.89925,Acushnet,MA,1324 Main St,elementary,Acushnet Elementary,250174000014,Acushnet Elementary School,2501740,best_match
41.708056,-70.890131,Acushnet,MA,6 Evergreen Dr,elementary,Acushnet Elementary,250174000014,Acushnet Elementary School,2501740,best_match
41.754608,-70.905563,Acushnet,MA,1479 Main St,elementary,Acushnet Elm,250174000014,Acushnet Elementary School,2501740,distinctive_token
41.685527,-70.911339,Acushnet,MA,15 Hiram St,elementary,Acushnet Elementary,250174000014,Acushnet Elementary School,2501740,best_match
41.717465,-70.919718,Acushnet,MA,79 Park Dr,elementary,Acushnet Elementary,250174000014,Acushnet Elementary School,2501740,best_match
41.691242,-70.922835,Acushnet,MA,97 Middle Rd,elementary,Acushnet,250174000014,Acushnet Elementary School,2501740,best_match
41.680185,-70.90598,Acushnet,MA,55 John St,elementary,Acushnet Elementary,250174000014,Acushnet Elementary School,2501740,best_match
41.685527,-70.911339,Acushnet Center,MA,15 Hiram St,elementary,Acushnet Elementary,250174000014,Acushnet Elementary School,2501740,best_match
41.680185,-70.90598,Acushnet Center,MA,55 John St,elementary,Acushnet Elementary,250174000014,Acushnet Elementary School,2501740,best_match
42.624803,-73.122135,Adams,MA,3 West St,elementary,Hoosac Valley Elementary,250178000023,Hoosac Valley Elementary School,2501780,best_match
42.625422,-73.109792,Adams,MA,1 Richmond Ln,elementary,Hoosac Valley Elementary,250178000023,Hoosac Valley Elementary School,2501780,best_match
42.621027,-73.116107,Adams,MA,32 Summer St,elementary,Hoosac Valley Elementary,250178000023,Hoosac Valley Elementary School,2501780,best_match
42.624803,-73.122135,Adams,MA,3 West St,elementary,Hoosac Valley Elementary,250178000023,Hoosac Valley Elementary School,2501780,best_match
42.619683,-73.117713,Adams,MA,10 Summer St,elementary,Hoosac Valley Elementary,250178000023,Hoosac Valley Elementary School,2501780,best_match
42.631243,-73.113939,Adams,MA,4 Albert St,elementary,Hoosac Valley Elementary,250178000023,Hoosac Valley Elementary School,2501780,best_match
42.623627,-73.120645,Adams,MA,2 Melrose St,elementary,Hoosac Valley Elementary,250178000023,Hoosac Valley Elementary School,2501780,best_match
42.619683,-73.117713,Adams,MA,10 Summer St,elementary,Hoosac Valley Elementary,250178000023,Hoosac Valley Elementary School,2501780,best_match
42.620931,-73.115459,Adams,MA,35 Summer St,elementary,Hoosac Valley Elementary,250178000023,Hoosac Valley Elementary School,2501780,best_match
42.604678,-73.141087,Adams,MA,380 West Rd,elementary,Hoosac Valley Elementary,250178000023,Hoosac Valley Elementary School,2501780,best_match
42.631288,-73.104882,Adams,MA,30 Anthony St,elementary,Hoosac Valley Elementary,250178000023,Hoosac Valley Elementary School,2501780,best_match
42.630759,-73.126278,Adams,MA,4 Water St,elementary,Hoosac Valley Elementary,250178000023,Hoosac Valley Elementary School,2501780,best_match
42.627059,-73.121028,Adams,MA,32 Valley St,elementary,Hoosac Valley Elementary,250178000023,Hoosac Valley Elementary School,2501780,best_match
42.621662,-73.079491,Adams,MA,472 and 0 Upper E Hoosac St,elementary,Hoosac Valley Elementary,250178000023,Hoosac Valley Elementary School,2501780,best_match
42.605842,-73.096466,Adams,MA,100 Walling Rd,elementary,Hoosac Valley Elementary,250178000023,Hoosac Valley Elementary School,2501780,best_match
42.614153,-73.121804,Adams,MA,10 Bellevue Ave,elementary,Hoosac Valley Elementary,250178000023,Hoosac Valley Elementary School,2501780,best_match
42.623232,-73.119607,Adams,MA,71-77 Park St,elementary,Hoosac Valley Elementary,250178000023,Hoosac Valley Elementary School,2501780,best_match
42.606522,-73.101386,Adams,MA,9 East Rd,elementary,Hoosac Valley Elementary,250178000023,Hoosac Valley Elementary School,2501780,best_match
42.621598,-73.115413,Adams,MA,46 Summer St,elementary,Hoosac Valley Elementary,250178000023,Hoosac Valley Elementary School,2501780,best_match
42.602742,-73.142101,Adams,MA,410 West Rd,elementary,Hoosac Valley Elementary,250178000023,Hoosac Valley Elementary School,2501780,best_match
42.621662,-73.079491,Adams,MA,472 and 0 E Hoosac St,elementary,Hoosac Valley Elementary,250178000023,Hoosac Valley Elementary School,2501780,best_match
42.62186,-73.11315,Adams,MA,8 Cherry St,elementary,Hoosac Valley Elementary,250178000023,Hoosac Valley Elementary School,2501780,best_match
42.627031,-73.110125,Adams,MA,27 Richmond Ln,elementary,Hoosac Valley Elementary,250178000023,Hoosac Valley Elementary School,2501780,best_match
42.615134,-73.124764,Adams,MA,24 Temple St,elementary,Hoosac Valley Elementary,250178000023,Hoosac Valley Elementary School,2501780,best_match
42.616204,-73.117562,Adams,MA,33 Orchard St,elementary,Hoosac Valley Elementary,250178000023,Hoosac Valley Elementary School,2501780,best_match
42.618328,-73.122269,Adams,MA,1 Noble Pl,elementary,Hoosac Valley Elementary,250178000023,Hoosac Valley Elementary School,2501780,best_match
42.624638,-73.121116,Adams,MA,22 Maple St,elementary,Hoosac Valley Elementary,250178000023,Hoosac Valley Elementary School,2501780,best_match
42.625437,-73.12651,Adams,MA,13 Simon Ave,elementary,Hoosac Valley Elementary,250178000023,Hoosac Valley Elementary School,2501780,best_match
42.631855,-73.118694,Adams,MA,125 Friend St,elementary,Hoosac Valley Elementary,250178000023,Hoosac Valley Elementary School,2501780,best_match
42.627059,-73.121028,Adams,MA,32 Valley St,elementary,Hoosac Valley Elementary,250178000023,Hoosac Valley Elementary School,2501780,best_match
42.622603,-73.113236,Adams,MA,8 Richmond St,elementary,Hoosac Valley Elementary,250178000023,Hoosac Valley Elementary School,2501780,best_match
42.605609,-73.122689,Adams,MA,20 Overlook Ter,elementary,Hoosac Valley Elementary,250178000023,Hoosac Valley Elementary School,2501780,best_match
42.62228,-73.114708,Adams,MA,58 Summer St,elementary,Hoosac Valley Elementary,250178000023,Hoosac Valley Elementary School,2501780,best_match
42.621598,-73.115413,Adams,MA,46 Summer St,elementary,Hoosac Valley Elementary,250178000023,Hoosac Valley Elementary School,2501780,best_match
42.626011,-73.110741,Adams,MA,11 Richmond Ln,elementary,Hoosac Valley Elementary,250178000023,Hoosac Valley Elementary School,2501780,best_match
42.613398,-73.11768,Adams,MA,4 E Orchard Ter,elementary,Hoosac Valley Elementary,250178000023,Hoosac Valley Elementary School,2501780,best_match
42.623074,-73.122614,Adams,MA,17 Bobs Hl,elementary,Hoosac Valley Elementary,250178000023,Hoosac Valley Elementary School,2501780,best_match
42.622219,-73.113511,Adams,MA,5 Richmond St,elementary,Hoosac Valley Elementary,250178000023,Hoosac Valley Elementary School,2501780,best_match
42.631706,-73.114746,Adams,MA,98-100 Columbia St,elementary,Hoosac Valley Elementary,250178000023,Hoosac Valley Elementary School,2501780,best_match
42.615345,-73.118958,Adams,MA,34-36 Crandall St,elementary,Hoosac Valley Elementary,250178000023,Hoosac Valley Elementary School,2501780,best_match
42.621532,-73.117569,Adams,MA,25 Spring St,elementary,Hoosac Valley Elementary,250178000023,Hoosac Valley Elementary School,2501780,best_match
42.624446,-73.107998,Adams,MA,59 E Hoosac St,elementary,Hoosac Valley Elementary,250178000023,Hoosac Valley Elementary School,2501780,best_match
42.632899,-73.11287,Adams,MA,Albert St,elementary,Hoosac Valley Elementary,250178000023,Hoosac Valley Elementary School,2501780,best_match
42.615149,-73.122584,Adams,MA,8 Glenn St,elementary,Hoosac Valley Elementary,250178000023,Hoosac Valley Elementary School,2501780,best_match
42.63893,-73.099837,Adams,MA,12 Wenzel Ter,elementary,Hoosac Valley Elementary,250178000023,Hoosac Valley Elementary School,2501780,best_match
42.62086,-73.104312,Adams,MA,18 Dubis St,elementary,Hoosac Valley Elementary,250178000023,Hoosac Valley Elementary School,2501780,best_match
42.625969,-73.113052,Adams,MA,16 and 18 N Summer St,elementary,Hoosac Valley Elementary,250178000023,Hoosac Valley Elementary School,2501780,best_match
42.625738,-73.110807,Adams,MA,9 Richmond Ln,elementary,Hoosac Valley Elementary,250178000023,Hoosac Valley Elementary School,2501780,best_match
42.626821,-73.127304,Adams,MA,W Maple St Lot 9,elementary,Hoosac Valley Elementary,250178000023,Hoosac Valley Elementary School,2501780,best_match
42.070821,-72.633527,Agawam Town,MA,19 Mansion Woods Dr Unit A,elementary,Benjamin J Phelps,250180000027,Benjamin J Phelps,2501800,best_match
42.072882,-72.671529,Agawam Town,MA,63 Columbia Dr,elementary,Granger Elementary,250180000028,Clifford M Granger,2501800,distinctive_token
42.087075,-72.676128,Agawam Town,MA,171 Thalia Dr,elementary,Clifford Granger,250180000028,Clifford M Granger,2501800,best_match
42.278591,-73.429329,Alford,MA,12 Harrison Calkins Rd,elementary,Undermountain,250253001999,Muddy Brook Regional Elementary School,2502530,single_school
42.252215,-73.404054,Alford,MA,130 East Rd,elementary,Undermountain,,,,
42.239762,-73.403535,Alford,MA,50 East Rd,elementary,Undermountain,,,,
42.847172,-70.961939,Amesbury Town,MA,31 Kimball Rd,elementary,Charles C. Cashman Elementary,250186000036,Charles C Cashman Elementary,2501860,best_match
42.8428,-70.932235,Amesbury Town,MA,4 Fairview Ave,elementary,Charles C Cashman Elementary,250186000036,Charles C Cashman Elementary,2501860,best_match
42.864739,-70.927436,Amesbury Town,MA,2 California Ln,elementary,Shay/ Cashman,250186000036,Charles C Cashman Elementary,2501860,distinctive_token
42.854879,-70.932261,Amesbury Town,MA,142 Main St Unit 4,elementary,Shay/Cashman,250186000036,Charles C Cashman Elementary,2501860,distinctive_token
42.859349,-70.924578,Amesbury Town,MA,6 Spring St,elementary,Shay/Cashman,250186000036,Charles C Cashman Elementary,2501860,distinctive_token
42.855722,-70.978166,Amesbury Town,MA,104 Kimball Rd,elementary,Shay/ Cashman,250186000036,Charles C Cashman Elementary,2501860,distinctive_token
42.843218,-70.922851,Amesbury Town,MA,372 Main St,elementary,Shay/Cashman,250186000036,Charles C Cashman Elementary,2501860,distinctive_token
42.857957,-70.932684,Amesbury Town,MA,25 Pond St Unit 203,elementary,Shay Memorial/ Cashman,250186000036,Charles C Cashman Elementary,2501860,distinctive_token
42.851411,-70.913271,Amesbury Town,MA,234 Elm St,elementary,Charles C Cashman Elementary,250186000036,Charles C Cashman Elementary,2501860,best_match
42.843172,-70.978825,Amesbury Town,MA,34 Amesbury Ave,elementary,Shay Or Cashman Elementary,250186000036,Charles C Cashman Elementary,2501860,distinctive_token
42.843168,-70.915772,Amesbury Town,MA,435 Main St,elementary,Amesbury,250186000033,Amesbury Elementary,2501860,best_match
42.859254,-70.935467,Amesbury Town,MA,10 Essex St,elementary,Shay Memorial/ Cashman,250186000036,Charles C Cashman Elementary,2501860,distinctive_token
42.855659,-70.931384,Amesbury Town,MA,104 Main St Unit 2,elementary,Amesbury,250186000033,Amesbury Elementary,2501860,best_match
42.84325,-70.916786,Amesbury Town,MA,425 Main St,elementary,Amesbury,250186000033,Amesbury Elementary,2501860,best_match
42.85693,-70.976504,Amesbury Town,MA,102 Kimball Rd,elementary,Charles Cashman Elementary Sch,250186000036,Charles C Cashman Elementary,2501860,distinctive_token
42.850293,-70.916823,Amesbury Town,MA,21 Lafayette St,elementary,Charles Cashman Elementaryshay,250186000036,Charles C Cashman Elementary,2501860,distinctive_token
42.870521,-70.933509,Amesbury Town,MA,4 Fern Ave,elementary,Cashman/Jordan Shay,250186000036,Charles C Cashman Elementary,2501860,distinctive_token
42.843956,-70.909081,Amesbury Town,MA,21 Clarks Rd Apt 204,elementary,Cashmen / Jordan Shay,,,,
42.856956,-70.931409,Amesbury Town,MA,14-16-18 Friend St,elementary,Amesbury,250186000033,Amesbury Elementary,2501860,best_match
42.855466,-70.921741,Amesbury Town,MA,163 Elm St Unit 1,elementary,Cashman Elementary School,250186000036,Charles C Cashman Elementary,2501860,best_match
42.858623,-70.926615,Amesbury Town,MA,6 Richs Ct,elementary,Amesbury,250186000033,Amesbury Elementary,2501860,best_match
42.845797,-70.924177,Amesbury Town,MA,45 Macy St Apt 207B,elementary,Charles Cashman Elementary,250186000036,Charles C Cashman Elementary,2501860,best_match
42.849976,-70.930281,Amesbury Town,MA,7 E Greenwood St,elementary,Cashman Elementary,250186000036,Charles C Cashman Elementary,2501860,best_match
42.85693,-70.976504,Amesbury Town,MA,102 Kimball Rd,elementary,Charles C. Cashman Elementary,250186000036,Charles C Cashman Elementary,2501860,best_match
42.834629,-70.933846,Amesbury Town,MA,25R Beacon St,elementary,Cashman Elementary School,250186000036,Charles C Cashman Elementary,2501860,best_match
42.857152,-70.939688,Amesbury Town,MA,47 Whitehall Rd,elementary,Cashman/Jordan Shay Memorial,250186000036,Charles C Cashman Elementary,2501860,distinctive_token
42.840448,-70.908276,Amesbury Town,MA,4 Point Shore Overlook,elementary,Amesbury,250186000033,Amesbury Elementary,2501860,best_match
42.845797,-70.924177,Amesbury Town,MA,45 Macy St Apt 207B,elementary,Charles Cashman Elementary Sch,250186000036,Charles C Cashman Elementary,2501860,distinctive_token
42.862467,-70.978694,Amesbury Town,MA,31 Newton Rd,elementary,Shay/Cashman,250186000036,Charles C Cashman Elementary,2501860,distinctive_token
42.834684,-70.934001,Amesbury Town,MA,25 Beacon St,elementary,Cashman Elementary School,250186000036,Charles C Cashman Elementary,2501860,best_match
42.408758,-72.527795,Amherst Town,MA,42 Harris St,elementary,Amethyst Brook Elementary,,,,
42.344025,-72.518841,Amherst Town,MA,23 S Mount Holyoke Dr,elementary,Crocker Farm,250189000038,Crocker Farm Elementary,2501890,best_match
42.379521,-72.528037,Amherst Town,MA,138 Sunset Ave,elementary,Amethyst Brook Elementary,,,,
42.416106,-72.521149,Amherst Town,MA,166 Summer St,elementary,Wildwood Elm/Private,250189000041,Wildwood Elementary,2501890,distinctive_token
42.415545,-72.52669,Amherst Town,MA,177 Montague Rd,elementary,Wildwood,250189000041,Wildwood Elementary,2501890,best_match
42.373291,-72.479608,Amherst Town,MA,25 Echo Hill Rd,elementary,Amherst,,,,
42.407749,-72.513427,Amherst Town,MA,31 Colonial Ct,elementary,Amethyst Brook Elementary,,,,
42.424051,-72.505718,Amherst Town,MA,160 E Leverett Rd,elementary,Amherst,,,,
42.376675,-72.512133,Amherst Town,MA,38 Gray St,elementary,Amethyst Brook Elem,,,,
42.346755,-72.507064,Amherst Town,MA,18 Evening Star Dr,elementary,Fort River,250189000039,Fort River Elementary,2501890,best_match
42.418431,-72.53548,Amherst Town,MA,274 Sunderland Rd,elementary,Amherst,,,,
42.360315,-72.525358,Amherst Town,MA,51 Jeffrey Ln,elementary,Crocker Farm,250189000038,Crocker Farm Elementary,2501890,best_match
42.374478,-72.523141,Amherst Town,MA,33 Gaylord St,elementary,Crocker,250189000038,Crocker Farm Elementary,2501890,best_match
42.382788,-72.508289,Amherst Town,MA,18 Red Gate Ln,elementary,Amherst,,,,
42.382154,-72.526805,Amherst Town,MA,9 McClure St,elementary,Amethyst Brook,,,,
42.374436,-72.530912,Amherst Town,MA,51 Amity Pl Unit 51,elementary,Amethyst Brook Elem,,,,
42.388198,-72.504432,Amherst Town,MA,274 Strong St,elementary,Amherst,,,,
42.377769,-72.509102,Amherst Town,MA,55-57 High St,elementary,Amethyst Brook,,,,
42.340912,-72.47685,Amherst Town,MA,585 Station Rd,elementary,Fort River,250189000039,Fort River Elementary,2501890,best_match
42.418358,-72.509175,Amherst Town,MA,418 State St,elementary,Amherst,,,,
42.376084,-72.523094,Amherst Town,MA,155 Amity St,elementary,Amethyst Brook,,,,
42.349956,-72.524223,Amherst Town,MA,170 E Hadley Rd Apt 120,elementary,Amherst,,,,
42.35367,-72.487851,Amherst Town,MA,23 Summerfield Rd,elementary,Amethyst Brook,,,,
42.376426,-72.523051,Amherst Town,MA,151 Amity St Apt 2,elementary,Fort River,250189000039,Fort River Elementary,2501890,best_match
42.417401,-72.50963,Amherst Town,MA,390 State St,elementary,Amethyst Brook,,,,
42.38139,-72.516907,Amherst Town,MA,33-37 Cottage St,elementary,Fort River,250189000039,Fort River Elementary,2501890,best_match
42.403245,-72.499584,Amherst Town,MA,409 Henry St,elementary,Amethyst Brook Elementary,,,,
42.380015,-72.525975,Amherst Town,MA,254 Lincoln Ave,elementary,Wildwood,250189000041,Wildwood Elementary,2501890,best_match
42.405946,-72.52314,Amherst Town,MA,208 Rolling Ridge Rd,elementary,Amethyst Brook (New School),,,,
42.377769,-72.509102,Amherst Town,MA,55-57 High St,elementary,Amethyst Brook,,,,
42.388272,-72.507393,Amherst Town,MA,210 Strong St,elementary,Amethyst Brook Elementary,,,,
42.38139,-72.516907,Amherst Town,MA,33-37 Cottage St,elementary,Fort River,250189000039,Fort River Elementary,2501890,best_match
42.316716,-72.475971,Amherst Town,MA,28 Hulst Rd,elementary,Crocker Farm,250189000038,Crocker Farm Elementary,2501890,best_match
42.40372,-72.514655,Amherst Town,MA,691 E Pleasant St,elementary,Amherst,,,,
42.349956,-72.524223,Amherst Town,MA,170 E Hadley Rd Apt 65,elementary,District,,,,
42.361665,-72.534764,Amherst Town,MA,23 Green Leaves Dr Unit 107,elementary,Amherst,,,,
42.327551,-72.498617,Amherst Town,MA,1450 S East St,elementary,Crocker Farm,250189000038,Crocker Farm Elementary,2501890,best_match
42.419798,-72.495731,Amherst Town,MA,471 Flat Hills Rd,elementary,Fort River,250189000039,Fort River Elementary,2501890,best_match
42.346481,-72.505443,Amherst Town,MA,6 Evening Star Dr,elementary,Amethyst Brook Elem.,,,,
42.342642,-72.503488,Amherst Town,MA,20 Station Rd,elementary,Crocker Farm,250189000038,Crocker Farm Elementary,2501890,best_match
42.325605,-72.505139,Amherst Town,MA,400 Middle St,elementary,Crocker Farm,250189000038,Crocker Farm Elementary,2501890,best_match
42.361665,-72.534764,Amherst Town,MA,23 Green Leaves Dr Unit 105,elementary,Amherst,,,,
42.411888,-72.519123,Amherst Town,MA,208 Pine St Unit 53,elementary,Amethyst Brook,,,,
42.385229,-72.519471,Amherst Town,MA,50 Mount Pleasant,elementary,Amherst,,,,
42.365505,-72.483896,Amherst Town,MA,8 Emerson Ct Unit 8,elementary,Amethyst Brook Elem,,,,
42.314739,-72.530262,Amherst Town,MA,1270 West St,elementary,Amherst,,,,
42.319994,-72.492978,Amherst Town,MA,1731 S East St,elementary,Crocker Farm,250189000038,Crocker Farm Elementary,2501890,best_match
42.41022,-72.509568,Amherst Town,MA,71 Morgan Cir,elementary,Fort River,250189000039,Fort River Elementary,2501890,best_match
42.361665,-72.534764,Amherst Town,MA,23 Green Leaves Dr Unit 123,elementary,Fort River,250189000039,Fort River Elementary,2501890,best_match
42.376839,-72.522362,Amherst Town,MA,32 N Prospect St Apt 4,elementary,Wildwood,250189000041,Wildwood Elementary,2501890,best_match
42.349956,-72.524223,Amherst Town,MA,170 E Hadley Rd Apt 27,elementary,Amherst,,,,
42.383542,-72.519897,Amherst Town,MA,12 Pleasant Ct,elementary,Wildwood,250189000041,Wildwood Elementary,2501890,best_match
42.377911,-72.511806,Amherst Town,MA,35 Taylor St,elementary,Amethyst Brook,,,,
42.650422,-71.173878,Andover,MA,9 Wild Rose Dr,elementary,Sanborn,250195000048,Henry C Sanborn Elementary,2501950,best_match
42.640599,-71.22109,Andover,MA,7 Jordyn Ln,elementary,High Plain Elem,250195001676,High Plain Elementary,2501950,best_match
42.675042,-71.186917,Andover,MA,216 Greenwood Rd,elementary,High Plain Elementary School,250195001676,High Plain Elementary,2501950,best_match
42.679752,-71.194954,Andover,MA,3 Suffolk Cir,elementary,High Plain Elementary School,250195001676,High Plain Elementary,2501950,best_match
42.661284,-71.139419,Andover,MA,55 Maple Ave,elementary,Bancroft,250195000047,Bancroft Elementary,2501950,best_match
42.621804,-71.150373,Andover,MA,8 Charlotte Dr,elementary,South,250195000050,South Elementary,2501950,best_match
42.639428,-71.133421,Andover,MA,6 Porter Rd,elementary,South Elementary School,250195000050,South Elementary,2501950,best_match
42.661351,-71.18839,Andover,MA,108 Greenwood Rd,elementary,High Plain,250195001676,High Plain Elementary,2501950,best_match
42.652812,-71.117213,Andover,MA,37 Kathleen Dr,elementary,Bancroft,250195000047,Bancroft Elementary,2501950,best_match
42.613394,-71.148277,Andover,MA,4 Nicoll Dr,elementary,South Elementary School,250195000050,South Elementary,2501950,best_match
42.613543,-71.143659,Andover,MA,4 Dundas Ave,elementary,South,250195000050,South Elementary,2501950,best_match
42.681746,-71.195564,Andover,MA,15 Somerset Dr,elementary,High Plain Elementary School,250195001676,High Plain Elementary,2501950,best_match
42.648593,-71.147776,Andover,MA,8 Marion Ave,elementary,South,,,,
42.622662,-71.128941,Andover,MA,15 Alderbrook Rd,elementary,South,250195000050,South Elementary,2501950,best_match
42.632317,-71.187697,Andover,MA,70 Osgood St,elementary,Sanborn,250195000048,Henry C Sanborn Elementary,2501950,best_match
42.654914,-71.169985,Andover,MA,42 Cutler Rd,elementary,West Elementary School,250195000051,West Elementary,2501950,best_match
42.683959,-71.217494,Andover,MA,197 River Rd,elementary,High Plain,250195001676,High Plain Elementary,2501950,best_match
42.663164,-71.157873,Andover,MA,27 Lincoln St,elementary,Check W/ Supt.,,,,
42.673134,-71.134841,Andover,MA,7 Longwood Dr Unit 207,elementary,West Elementary School,250195000051,West Elementary,2501950,best_match
42.666099,-71.157194,Andover,MA,90 Lowell St,elementary,West,250195000051,West Elementary,2501950,best_match
42.669714,-71.170012,Andover,MA,9 Trevino Cir,elementary,West Elem,250195000051,West Elementary,2501950,best_match
42.673586,-71.159396,Andover,MA,54 William St,elementary,West Elementary,250195000051,West Elementary,2501950,best_match
42.631243,-71.168318,Andover,MA,3 Hazelwood Cir,elementary,Sanborn,250195000048,Henry C Sanborn Elementary,2501950,best_match
42.628861,-71.134647,Andover,MA,7 Cider Hill Way,elementary,South Elementary School,250195000050,South Elementary,2501950,best_match
42.634062,-71.144267,Andover,MA,184 Abbot St,elementary,South,250195000050,South Elementary,2501950,best_match
42.632582,-71.119576,Andover,MA,3 Blueberry Cir,elementary,Bancroft,250195000047,Bancroft Elementary,2501950,best_match
42.628634,-71.172008,Andover,MA,8 Buttonwood Dr,elementary,Sanborn,250195000048,Henry C Sanborn Elementary,2501950,best_match
42.633227,-71.172508,Andover,MA,15 Lovejoy Rd,elementary,Sanborn,250195000048,Henry C Sanborn Elementary,2501950,best_match
42.623183,-71.173707,Andover,MA,9 Waverly Dr,elementary,South,250195000050,South Elementary,2501950,best_match
42.678826,-71.15887,Andover,MA,17 Juliette St,elementary,West Elementary,250195000051,West Elementary,2501950,best_match
42.645652,-71.195681,Andover,MA,15 Geneva Rd,elementary,Sanborn,250195000048,Henry C Sanborn Elementary,2501950,best_match
42.663575,-71.182265,Andover,MA,159 High Plain Rd,elementary,West Elementary,250195000051,West Elementary,2501950,best_match
42.674156,-71.150787,Andover,MA,361-363 N Main St,elementary,West Elementary,250195000051,West Elementary,2501950,best_match
42.659181,-71.139938,Andover,MA,19 Elm Ct,elementary,Bancroft,250195000047,Bancroft Elementary,2501950,best_match
42.642045,-71.205584,Andover,MA,440 Lowell St,elementary,High Plain,250195001676,High Plain Elementary,2501950,best_match
42.637676,-71.130817,Andover,MA,275 S Main St,elementary,South,250195000050,South Elementary,2501950,best_match
42.656795,-71.245655,Andover,MA,1 Francis Dr Apt 405,elementary,High Plain,250195001676,High Plain Elementary,2501950,best_match
42.657569,-71.14816,Andover,MA,12 Cuba St,elementary,West Elementary,250195000051,West Elementary,2501950,best_match
42.644035,-71.11591,Andover,MA,3 Buchan Rd,elementary,Bancroft,250195000047,Bancroft Elementary,2501950,best_match
42.658615,-71.145681,Andover,MA,22 Railroad St Apt 207,elementary,West Elementary School,250195000051,West Elementary,2501950,best_match
42.672335,-71.160872,Andover,MA,59 William St,elementary,West Elementary School,250195000051,West Elementary,2501950,best_match
42.636041,-71.175737,Andover,MA,1 Bridle Path Rd,elementary,Sanborn School,250195000048,Henry C Sanborn Elementary,2501950,best_match
42.627988,-71.101821,Andover,MA,20 Seten Cir,elementary,Bancroft,250195000047,Bancroft Elementary,2501950,best_match
42.622002,-71.134201,Andover,MA,3 Regency Rdg,elementary,South,250195000050,South Elementary,2501950,best_match
42.663923,-71.180549,Andover,MA,145 High Plain Rd,elementary,West Elementary,250195000051,West Elementary,2501950,best_match
42.665008,-71.167508,Andover,MA,25 Crenshaw Ln Unit 15-2,elementary,West,250195000051,West Elementary,2501950,best_match
42.658562,-71.121401,Andover,MA,204 Chestnut St,elementary,Bancroft,250195000047,Bancroft Elementary,2501950,best_match
42.657357,-71.180954,Andover,MA,10 Lancaster Pl,elementary,Sanborn Elementary,250195000048,Henry C Sanborn Elementary,2501950,best_match
42.638015,-71.118077,Andover,MA,22 Stinson Rd,elementary,Bancroft Elem,250195000047,Bancroft Elementary,2501950,best_match
42.668207,-71.17192,Andover,MA,4 Andover Country Club Ln,elementary,West Elementary School,250195000051,West Elementary,2501950,best_match
42.663436,-71.184398,Andover,MA,169 High Plain Rd,elementary,West Elementary School,250195000051,West Elementary,2501950,best_match
42.658701,-71.140425,Andover,MA,10 Elm Ct,elementary,Bancroft,250195000047,Bancroft Elementary,2501950,best_match
42.673134,-71.134841,Andover,MA,3 Longwood Dr Unit 107,elementary,West Elementary School,250195000051,West Elementary,2501950,best_match
42.64716,-71.143775,Andover,MA,49 Abbot St,elementary,South Elementary School,250195000050,South Elementary,2501950,best_match
42.653816,-71.131363,Andover,MA,60 Morton St Unit R,elementary,Bancroft,250195000047,Bancroft Elementary,2501950,best_match
42.65861,-71.173493,Andover,MA,28 Birch Rd,elementary,West,250195000051,West Elementary,2501950,best_match
42.625074,-71.127775,Andover,MA,9 Belknap Dr,elementary,South,250195000050,South Elementary,2501950,best_match
42.610043,-71.101302,Andover,MA,55 Harold Parker Rd,elementary,High Plain,250195001676,High Plain Elementary,2501950,best_match
42.638428,-71.171803,Andover,MA,28 Algonquin Ave,elementary,Sanborn,250195000048,Henry C Sanborn Elementary,2501950,best_match
42.666666,-71.145439,Andover,MA,80A Washington Park Dr Apt 1,elementary,West,250195000051,West Elementary,2501950,best_match
42.642458,-71.20329,Andover,MA,22 Haggetts Pond Rd,elementary,High Plain,250195001676,High Plain Elementary,2501950,best_match
42.661646,-71.159768,Andover,MA,13 Leah Way Unit 13,elementary,West Elementary,250195000051,West Elementary,2501950,best_match
42.661021,-71.123396,Andover,MA,4 Applecrest Rd,elementary,Bancroft,250195000047,Bancroft Elementary,2501950,best_match
42.661646,-71.159768,Andover,MA,11 Leah Way Unit 11,elementary,West Elementary,250195000051,West Elementary,2501950,best_match
42.645011,-71.195907,Andover,MA,14 Geneva Rd,elementary,Sanborn,250195000048,Henry C Sanborn Elementary,2501950,best_match
42.65071,-71.126493,Andover,MA,115 Highland Rd,elementary,Bancroft,250195000047,Bancroft Elementary,2501950,best_match
41.341848,-70.831881,Aquinnah,MA,Moshup Trl,elementary,Chilmark,250004300508,Chilmark Elementary,2500043,best_match
42.416626,-71.157328,Arlington,MA,743 Massachusetts Ave Unit 743,elementary,Bishop,250198000059,John A Bishop,2501980,best_match
42.401737,-71.139709,Arlington,MA,34-36 Thorndike St,elementary,Hardy,250198000058,Hardy,2501980,best_match
42.412758,-71.171019,Arlington,MA,182 Highland Ave,elementary,Brackett,250198000054,Brackett,2501980,best_match
42.41679,-71.18938,Arlington,MA,233 Florence Ave,elementary,Dallin,250198000057,Cyrus E Dallin,2501980,best_match
42.42452,-71.177535,Arlington,MA,5-7 Locke St,elementary,Peirce,250198000065,Peirce,2501980,best_match
42.422792,-71.188222,Arlington,MA,4 Inverness Rd,elementary,Dallin,250198000057,Cyrus E Dallin,2501980,best_match
42.43111,-71.184867,Arlington,MA,93 Crescent Hill Ave,elementary,Pierce,,,,
42.415044,-71.177701,Arlington,MA,26 Perkins St,elementary,Brackett,250198000054,Brackett,2501980,best_match
42.419817,-71.182836,Arlington,MA,171 Park Ave,elementary,Dallin,250198000057,Cyrus E Dallin,2501980,best_match
42.426388,-71.184914,Arlington,MA,158 Lowell St,elementary,Peirce/Dallin,250198000065,Peirce,2501980,best_match
42.427998,-71.171495,Arlington,MA,64 Overlook Rd,elementary,Stratton,250198000062,M Norcross Stratton,2501980,best_match
42.415221,-71.179479,Arlington,MA,7 Park Cir,elementary,Brackett Elementary,250198000054,Brackett,2501980,best_match
42.427723,-71.169939,Arlington,MA,67 Ronald Rd,elementary,Stratton,250198000062,M Norcross Stratton,2501980,best_match
42.423606,-71.160102,Arlington,MA,12 Vista Cir,elementary,Bishop,250198000059,John A Bishop,2501980,best_match
42.414214,-71.178054,Arlington,MA,95 Grandview Rd,elementary,Brackett,250198000054,Brackett,2501980,best_match
42.414173,-71.139885,Arlington,MA,66 River St Unit 2,elementary,Thompson,250198000066,Thompson,2501980,best_match
42.424625,-71.17734,Arlington,MA,44 Peirce St,elementary,Peirce,250198000065,Peirce,2501980,best_match
42.414894,-71.190226,Arlington,MA,93 Hathaway Cir,elementary,Dallin Elementary,250198000057,Cyrus E Dallin,2501980,distinctive_token
42.41418,-71.168669,Arlington,MA,9 Bonad Rd,elementary,Brackett,250198000054,Brackett,2501980,best_match
42.412436,-71.18141,Arlington,MA,12 Chester St,elementary,Brackett School,250198000054,Brackett,2501980,best_match
42.404253,-71.154619,Arlington,MA,19 Colonial Dr,elementary,Hardy,250198000058,Hardy,2501980,best_match
42.413998,-71.174089,Arlington,MA,88 Coolidge Rd,elementary,Brackett,250198000054,Brackett,2501980,best_match
42.424355,-71.175413,Arlington,MA,28 Forest St,elementary,Pierce,,,,
42.433024,-71.177137,Arlington,MA,77 Wright St,elementary,Peirce,250198000065,Peirce,2501980,best_match
42.418098,-71.170902,Arlington,MA,49 Walnut St,elementary,Brackett,250198000054,Brackett,2501980,best_match
42.41585,-71.176361,Arlington,MA,45 Grandview Rd,elementary,Brackett,250198000054,Brackett,2501980,best_match
42.423084,-71.194038,Arlington,MA,82-84 Sylvia,elementary,Dallin,250198000057,Cyrus E Dallin,2501980,best_match
42.415452,-71.175658,Arlington,MA,45 Pine Ridge Rd,elementary,Brackett Elementary,250198000054,Brackett,2501980,best_match
42.40197,-71.147185,Arlington,MA,13-15 Osborne Rd,elementary,Hardy School,250198000058,Hardy,2501980,best_match
42.408363,-71.146584,Arlington,MA,11 Marion Unit 1,elementary,Hardy,250198000058,Hardy,2501980,best_match
42.408507,-71.137508,Arlington,MA,89 Cleveland St Unit 89,elementary,Thompson,250198000066,Thompson,2501980,best_match
42.418619,-71.156786,Arlington,MA,78 Summer St Apt 5,elementary,Bishop,250198000059,John A Bishop,2501980,best_match
42.415081,-71.185557,Arlington,MA,203 Renfrew St,elementary,Dallin,250198000057,Cyrus E Dallin,2501980,best_match
42.434417,-71.175719,Arlington,MA,298 Forest St,elementary,Peirce/Stratton,250198000065,Peirce,2501980,best_match
42.419628,-71.190358,Arlington,MA,299 Appleton St,elementary,Dallin,250198000057,Cyrus E Dallin,2501980,best_match
42.409194,-71.158677,Arlington,MA,186 Pleasant St Unit 1,elementary,Bishop,250198000059,John A Bishop,2501980,best_match
42.414957,-71.191691,Arlington,MA,283 Florence Ave,elementary,Dallin Elementary School,250198000057,Cyrus E Dallin,2501980,distinctive_token
42.415013,-71.139375,Arlington,MA,142-144 Mystic Valley Pkwy,elementary,Thompson,250198000066,Thompson,2501980,best_match
42.434159,-71.166332,Arlington,MA,22 Oldham Rd,elementary,Stratten,,,,
42.413033,-71.154697,Arlington,MA,14 Wellington St Apt 1,elementary,Bishop/Thompson,250198000066,Thompson,2501980,best_match
42.411606,-71.154437,Arlington,MA,34 Addison St,elementary,Bishop,250198000059,John A Bishop,2501980,best_match
42.423874,-71.176285,Arlington,MA,1205 Massachusetts Ave,elementary,Peirce,250198000065,Peirce,2501980,best_match
42.406557,-71.163924,Arlington,MA,11 Venner Rd,elementary,Bishop School,250198000059,John A Bishop,2501980,best_match
42.420369,-71.193516,Arlington,MA,44 Piedmont St,elementary,Dallin,250198000057,Cyrus E Dallin,2501980,best_match
42.417613,-71.150321,Arlington,MA,71 Mystic St Unit 71,elementary,Bishop/Thompson,250198000066,Thompson,2501980,best_match
42.417173,-71.146257,Arlington,MA,42 Lewis Ave Unit 42,elementary,Thompson Es,250198000066,Thompson,2501980,best_match
42.417043,-71.188714,Arlington,MA,211 Florence Ave,elementary,Dallin,250198000057,Cyrus E Dallin,2501980,best_match
42.401083,-71.146598,Arlington,MA,10 Edith St Unit 10,elementary,Hardy,250198000058,Hardy,2501980,best_match
42.417239,-71.145911,Arlington,MA,50 Lewis Ave Unit 50,elementary,Thompson,250198000066,Thompson,2501980,best_match
42.415221,-71.179479,Arlington,MA,7 Park Cir,elementary,Brackett Elementary,250198000054,Brackett,2501980,best_match
42.425132,-71.149585,Arlington,MA,46 Beverly Rd,elementary,Bishop,250198000059,John A Bishop,2501980,best_match
42.415373,-71.163355,Arlington,MA,38 Bailey Rd,elementary,Brackett,250198000054,Brackett,2501980,best_match
42.417239,-71.145911,Arlington,MA,50 Lewis Ave Unit 50,elementary,Thompson,250198000066,Thompson,2501980,best_match
42.4338,-71.177614,Arlington,MA,88 Wright St,elementary,Peirce,250198000065,Peirce,2501980,best_match
42.418285,-71.14299,Arlington,MA,146 Webster St Unit 144,elementary,Thompson,250198000066,Thompson,2501980,best_match
42.415569,-71.144877,Arlington,MA,67 Webster St Unit 2,elementary,Thompson,250198000066,Thompson,2501980,best_match
42.416378,-71.146501,Arlington,MA,27 Lewis Ave,elementary,Thompson,250198000066,Thompson,2501980,best_match
42.410451,-71.142227,Arlington,MA,98 Harlow St,elementary,Thompson,250198000066,Thompson,2501980,best_match
42.414735,-71.186316,Arlington,MA,87 George St,elementary,Dallin,250198000057,Cyrus E Dallin,2501980,best_match
42.404397,-71.152632,Arlington,MA,62 Princeton Rd,elementary,Hardy,250198000058,Hardy,2501980,best_match
42.427222,-71.158963,Arlington,MA,119 Ridge St,elementary,Bishop/Stratton,250198000059,John A Bishop,2501980,slash_split
42.417,-71.167983,Arlington,MA,30 Gloucester St Unit 30,elementary,Brackett/Dallin,250198000054,Brackett,2501980,best_match
42.417697,-71.181726,Arlington,MA,147 Oakland Ave,elementary,Dallin/Brackett,250198000054,Brackett,2501980,best_match
42.40147,-71.144424,Arlington,MA,116 Milton St Unit 116,elementary,Hardy,250198000058,Hardy,2501980,best_match
42.418285,-71.14299,Arlington,MA,144 Webster St Unit 146,elementary,Thompson,250198000066,Thompson,2501980,best_match
42.422549,-71.186684,Arlington,MA,53 Wollaston Ave Unit 1,elementary,Dallin,250198000057,Cyrus E Dallin,2501980,best_match
42.653835,-71.952215,Ashburnham,MA,15 Sibley Rd,elementary,J.R. Briggs Elementary,250204002368,Briggs Elementary,2502040,best_match
42.613742,-71.938169,Ashburnham,MA,148 Center St,elementary,Jr Briggs,250204002368,Briggs Elementary,2502040,distinctive_token
42.701261,-71.934387,Ashburnham,MA,122 Ferin Rd,elementary,Briggs Elementary,250204002368,Briggs Elementary,2502040,best_match
42.685064,-71.969259,Ashburnham,MA,19 Spruce Dr,elementary,Briggs Elem,250204002368,Briggs Elementary,2502040,best_match
42.604603,-71.943596,Ashburnham,MA,42 Murray Rd,elementary,Jr Briggs,250204002368,Briggs Elementary,2502040,distinctive_token
42.675813,-71.97689,Ashburnham,MA,78 Winding Cove Rd,elementary,Briggs Elem,251308000804,Toy Town Elementary,2513080,distinctive_token
42.628914,-71.907486,Ashburnham,MA,17 Fairview,elementary,John R. Briggs,250204002368,Briggs Elementary,2502040,distinctive_token
42.62282,-71.898143,Ashburnham,MA,132 Willard Rd,elementary,Briggs,250204002368,Briggs Elementary,2502040,best_match
42.634432,-71.909412,Ashburnham,MA,15 Central St,elementary,John R Briggs Elementary,250204002368,Briggs Elementary,2502040,best_match
42.604809,-71.944041,Ashburnham,MA,M 18 Rd Lot Murray,elementary,Briggs Elem,250204002368,Briggs Elementary,2502040,best_match
42.655988,-71.826985,Ashby,MA,91 Deer Bay Rd,elementary,Spaulding,250879000621,Spaulding Memorial,2508790,best_match
42.701998,-71.78862,Ashby,MA,1578 Greenville Rd,elementary,Ashby,250879001412,Ashby Elementary,2508790,best_match
42.682057,-71.817066,Ashby,MA,Mason Rd Lot 0,elementary,North Middlesex School Distric,,,,
42.550508,-72.854095,Ashfield,MA,486 Old Stage Rd,elementary,Sanderson,250799001636,Sanderson Academy,2507990,best_match
42.525042,-72.790695,Ashfield,MA,14 South St,elementary,Sanderson Academy,250799001636,Sanderson Academy,2507990,best_match
42.487902,-72.86346,Ashfield,MA,311 Cummington Rd,elementary,Sanderson Academy,250799001636,Sanderson Academy,2507990,best_match
42.273248,-71.469609,Ashland,MA,8 Woodridge Ln,elementary,Warren/Mindess,250210000072,Henry E Warren Elementary,2502100,slash_split
42.239303,-71.449753,Ashland,MA,153 Prospect St,elementary,Warren,250210000072,Henry E Warren Elementary,2502100,best_match
42.256966,-71.440772,Ashland,MA,16 Wadsworth Rd,elementary,Warren/Pittaway,250210000072,Henry E Warren Elementary,2502100,slash_split
42.265676,-71.48818,Ashland,MA,6 Fox Hill Rd,elementary,Henry E. Warren Elementary,250210000072,Henry E Warren Elementary,2502100,best_match
42.266095,-71.454951,Ashland,MA,22 Fiske Rd,elementary,Warren/Mindess,250210000072,Henry E Warren Elementary,2502100,slash_split
42.239044,-71.436479,Ashland,MA,30 Mountain Gate Rd Unit 30,elementary,Warren/Mindess,250210000072,Henry E Warren Elementary,2502100,slash_split
42.26,-71.426033,Ashland,MA,22 Waushakum Ave,elementary,Henry E. Warren Elm Schl,250210000072,Henry E Warren Elementary,2502100,distinctive_token
42.237212,-71.428999,Ashland,MA,251 Trailside Way Unit 251,elementary,Warren/Mindess,250210000072,Henry E Warren Elementary,2502100,slash_split
42.267895,-71.454483,Ashland,MA,7 Hayden Ln,elementary,Warren/Mindess,250210000072,Henry E Warren Elementary,2502100,slash_split
42.239124,-71.449755,Ashland,MA,155 Prospect St,elementary,Warren/Mindess,250210000072,Henry E Warren Elementary,2502100,slash_split
42.246864,-71.432074,Ashland,MA,83 Arrowhead Cir Unit 83,elementary,Warren/Mindess,250210000072,Henry E Warren Elementary,2502100,slash_split
42.246289,-71.442178,Ashland,MA,33 Brimstone Way,elementary,Henry E. Warren Elementary,250210000072,Henry E Warren Elementary,2502100,best_match
42.239179,-71.435086,Ashland,MA,125 Leland Farm Rd Unit 125,elementary,Warren/Mindess,250210000072,Henry E Warren Elementary,2502100,slash_split
42.236842,-71.43878,Ashland,MA,14 Running Brook Cir,elementary,David Mindness,250210000071,David Mindess,2502100,distinctive_token
42.252947,-71.491166,Ashland,MA,82 Hardwick Rd,elementary,Henry Warren,250210000072,Henry E Warren Elementary,2502100,best_match
42.243752,-71.474282,Ashland,MA,18 Haven Way Unit 18,elementary,Warren,250210000072,Henry E Warren Elementary,2502100,best_match
42.238525,-71.437915,Ashland,MA,76 Meeting House Path Unit 76,elementary,Warren/Mindess,250210000072,Henry E Warren Elementary,2502100,slash_split
42.249384,-71.432285,Ashland,MA,33 Half Crown Cir Unit 33,elementary,Pittaway/Warren,250210002455,William Pittaway Elementary,2502100,slash_split
42.251663,-71.436485,Ashland,MA,60 Algonquin Trl Unit 60,elementary,Warren,250210000072,Henry E Warren Elementary,2502100,best_match
42.251783,-71.468649,Ashland,MA,8 Voyagers Ln Unit 8,elementary,David Mindess Elementary,250210000071,David Mindess,2502100,best_match
42.271441,-71.462966,Ashland,MA,167 Myrtle St,elementary,Henry E. Warren,250210000072,Henry E Warren Elementary,2502100,best_match
42.256129,-71.451379,Ashland,MA,431 America Blvd Unit 431,elementary,Warren/Mindess,250210000072,Henry E Warren Elementary,2502100,slash_split
42.255438,-71.463841,Ashland,MA,26 Christy Ln,elementary,Warren/Mindess,250210000072,Henry E Warren Elementary,2502100,slash_split
42.250676,-71.471607,Ashland,MA,84 W Union St,elementary,Warren/Mindess,250210000072,Henry E Warren Elementary,2502100,slash_split
42.255191,-71.449727,Ashland,MA,354 America Blvd Unit 354,elementary,David Mindess,250210000071,David Mindess,2502100,best_match
42.256026,-71.447299,Ashland,MA,387 America Blvd Unit 387,elementary,Warren/Mindess,250210000072,Henry E Warren Elementary,2502100,slash_split
42.253108,-71.448995,Ashland,MA,131 America Blvd Unit 131,elementary,Warren/Mindess,250210000072,Henry E Warren Elementary,2502100,slash_split
42.252819,-71.450125,Ashland,MA,185 America Blvd Unit 185,elementary,Henry Warren,250210000072,Henry E Warren Elementary,2502100,best_match
42.560783,-72.201217,Athol,MA,1673 Petersham Rd,elementary,Aces,,,,
42.600622,-72.233417,Athol,MA,80 Stevens St,elementary,Aces,,,,
42.581294,-72.239962,Athol,MA,232 Arlington St,elementary,Athol Elm,250216000080,Athol Community Elementary School,2502160,distinctive_token
42.588947,-72.225203,Athol,MA,339 Drury Ave,elementary,Aces,,,,
42.606207,-72.225028,Athol,MA,375 Fredette St,elementary,Athol,250216000080,Athol Community Elementary School,2502160,best_match
42.582626,-72.258689,Athol,MA,1439 S Main St,elementary,Aces,,,,
42.566119,-72.27463,Athol,MA,74 Perry,elementary,Aces,,,,
42.5698,-72.215425,Athol,MA,1386 Pleasant St,elementary,Athol Community Elementary,250216000080,Athol Community Elementary School,2502160,best_match
42.593591,-72.218822,Athol,MA,1179 Main St,elementary,Pleasant St,,,,
42.590659,-72.234889,Athol,MA,73 Fern St,elementary,Aces,,,,
42.583694,-72.219794,Athol,MA,106 Marshall St,elementary,Athol Elementary,250216000080,Athol Community Elementary School,2502160,best_match
42.590494,-72.234659,Athol,MA,182 Harrison St,elementary,Aces,,,,
42.59114,-72.224439,Athol,MA,168 Drury Ave,elementary,Community Elemetary,250216000080,Athol Community Elementary School,2502160,distinctive_token
42.592914,-72.235295,Athol,MA,56 Lumber St,elementary,Farm School,,,,
42.5848,-72.236198,Athol,MA,45 Chestnut St,elementary,Athol Community Elementary,250216000080,Athol Community Elementary School,2502160,best_match
42.591605,-72.215129,Athol,MA,71 Kennebunk St,elementary,Aces,,,,
42.592487,-72.236977,Athol,MA,91 Canal St,elementary,Farm School,,,,
42.598658,-72.24256,Athol,MA,330 N Orange Rd,elementary,Aces,,,,
41.954914,-71.292336,Attleboro,MA,59 Payson St,elementary,Thomas E. Willett,250219000098,Thomas Willett Elementary School,2502190,distinctive_token
41.949937,-71.306752,Attleboro,MA,3 Willett Dr,elementary,Irving Studley,250219000097,A. Irvin Studley Elementary School,2502190,distinctive_token
41.934616,-71.279952,Attleboro,MA,59 Mulberry St,elementary,Attleboro,,,,
41.909092,-71.293486,Attleboro,MA,323 Oakhill Ave,elementary,Hyman Fine Elementary,250219000090,Hyman Fine Elementary School,2502190,best_match
41.917412,-71.342507,Attleboro,MA,4 Jacob Way,elementary,Hill Roberts,250219000089,Hill-Roberts Elementary School,2502190,best_match
41.905007,-71.331562,Attleboro,MA,30 Willow Creek Dr,elementary,Hill Roberts Elementary,250219000089,Hill-Roberts Elementary School,2502190,best_match
41.902726,-71.333376,Attleboro,MA,29 Wright Cir,elementary,Hill-Roberts Elementary School,250219000089,Hill-Roberts Elementary School,2502190,best_match
41.897228,-71.354042,Attleboro,MA,1346 Newport Ave Unit B5,elementary,Cedarbrook Village,,,,
41.931819,-71.342473,Attleboro,MA,2 Rock Rd,elementary,Hill Roberts,250219000089,Hill-Roberts Elementary School,2502190,best_match
41.932221,-71.299509,Attleboro,MA,26 Walnut St,elementary,Studley,250219000097,A. Irvin Studley Elementary School,2502190,best_match
41.922674,-71.346415,Attleboro,MA,43 Halko Dr,elementary,Hill Roberts Elementary School,250219000089,Hill-Roberts Elementary School,2502190,best_match
41.90731,-71.283669,Attleboro,MA,58 Saveena Dr Lot 21,elementary,Hyman Fine,250219000090,Hyman Fine Elementary School,2502190,best_match
41.916102,-71.287736,Attleboro,MA,59 Marlise Dr,elementary,Hyman Fine Elementary School,250219000090,Hyman Fine Elementary School,2502190,best_match
41.970444,-71.274552,Attleboro,MA,524 Lindsey St,elementary,Thomas Willet Elemantary,250219000098,Thomas Willett Elementary School,2502190,distinctive_token
41.941072,-71.25822,Attleboro,MA,55 Steeple Chase Cir Unit 1,elementary,Attleboro,,,,
41.914004,-71.357135,Attleboro,MA,21 Simpson Ave,elementary,Hill-Roberts,250219000089,Hill-Roberts Elementary School,2502190,best_match
41.95276,-71.288766,Attleboro,MA,10 Veery Rd,elementary,Thomas Willett School,250219000098,Thomas Willett Elementary School,2502190,best_match
41.930874,-71.293838,Attleboro,MA,22 Fisher St,elementary,Studley,250219000097,A. Irvin Studley Elementary School,2502190,best_match
41.926778,-71.28468,Attleboro,MA,322 S Main St,elementary,Peter Thacher,250219001294,Peter Thacher Elementary School,2502190,best_match
41.909752,-71.282867,Attleboro,MA,96 Mary Rocha Way Lot 11,elementary,Hyman Fine,250219000090,Hyman Fine Elementary School,2502190,best_match
41.920078,-71.294507,Attleboro,MA,10 Dailey St Apt H,elementary,Studley,250219000097,A. Irvin Studley Elementary School,2502190,best_match
41.943764,-71.309421,Attleboro,MA,232 West St,elementary,Studley,250219000097,A. Irvin Studley Elementary School,2502190,best_match
41.941044,-71.252404,Attleboro,MA,Tulip Ct,elementary,Hyman Fine,250219000090,Hyman Fine Elementary School,2502190,best_match
41.979392,-71.27033,Attleboro,MA,49 Pheasant Hill Rd,elementary,Willett,250219000098,Thomas Willett Elementary School,2502190,best_match
41.934961,-71.273838,Attleboro,MA,109 Maple St Unit A6,elementary,Peter Thacher Elementary,250219001294,Peter Thacher Elementary School,2502190,best_match
41.907539,-71.380737,Attleboro,MA,519 Mendon Rd Unit 519,elementary,Hill-Roberts Elementary,250219000089,Hill-Roberts Elementary School,2502190,best_match
41.975253,-71.272639,Attleboro,MA,115 Colts Way,elementary,Willett,250219000098,Thomas Willett Elementary School,2502190,best_match
41.961273,-71.289327,Attleboro,MA,21 Daggett Rd,elementary,Willett Elementary,250219000098,Thomas Willett Elementary School,2502190,best_match
41.941044,-71.252404,Attleboro,MA,Tulip Ct,elementary,Hyman Fine,250219000090,Hyman Fine Elementary School,2502190,best_match
41.908791,-71.285141,Attleboro,MA,78 Saveena Dr Lot 16,elementary,Hyman Fine,250219000090,Hyman Fine Elementary School,2502190,best_match
41.908375,-71.284897,Attleboro,MA,74 Saveena Dr Lot 17,elementary,Hyman Fine,250219000090,Hyman Fine Elementary School,2502190,best_match
41.907551,-71.28286,Attleboro,MA,51 Saveena Dr Lot 1,elementary,Hyman Fine,250219000090,Hyman Fine Elementary School,2502190,best_match
41.941044,-71.252404,Attleboro,MA,Tulip Ct,elementary,Hyman Fine,250219000090,Hyman Fine Elementary School,2502190,best_match
41.920239,-71.229167,Attleboro,MA,23 Smith St,elementary,Hyman Fine Elem,250219000090,Hyman Fine Elementary School,2502190,best_match
41.920192,-71.343535,Attleboro,MA,101 Middle St,elementary,Hill Roberts,250219000089,Hill-Roberts Elementary School,2502190,best_match
41.903193,-71.376091,Attleboro,MA,9 Romoli Ave Unit 9,elementary,Hill Roberts,250219000089,Hill-Roberts Elementary School,2502190,best_match
41.941044,-71.252404,Attleboro,MA,Tulip Ct,elementary,Hyman Fine,250219000090,Hyman Fine Elementary School,2502190,best_match
41.954108,-71.251269,Attleboro,MA,925 Pleasant St,elementary,Willett,250219000098,Thomas Willett Elementary School,2502190,best_match
41.950941,-71.280605,Attleboro,MA,Oak St,elementary,Willett,250219000098,Thomas Willett Elementary School,2502190,best_match
42.192528,-71.847803,Auburn,MA,1 Melba Ave,elementary,Bryn Mawr,250222000101,Bryn Mawr,2502220,best_match
42.199891,-71.835509,Auburn,MA,16 Mount View Ave,elementary,Pakachoag Elementry School,250222000103,Pakachoag School,2502220,best_match
42.16922,-71.84552,Auburn,MA,779 Oxford St S,elementary,Pakachoag,250222000103,Pakachoag School,2502220,best_match
42.194561,-71.826983,Auburn,MA,55 Barbara Ave,elementary,Auburn,,,,
42.224611,-71.84134,Auburn,MA,43 Chestnut Ave,elementary,Swanson Road Intermediate,250222002846,Swanson Road Intermediate School,2502220,best_match
42.211902,-71.822089,Auburn,MA,14 Goddard Dr,elementary,Pakachoag/Swis,250222000103,Pakachoag School,2502220,best_match
42.180657,-71.847485,Auburn,MA,611 Oxford St S,elementary,Pakachoag School,250222000103,Pakachoag School,2502220,best_match
42.21882,-71.852718,Auburn,MA,3 Magna Vista Dr,elementary,Pakachoag Elementary School,250222000103,Pakachoag School,2502220,best_match
42.224329,-71.812214,Auburn,MA,9 Thayer Ave,elementary,Pakachaog/Swiss,,,,
42.181999,-71.864688,Auburn,MA,8 Woodside Ter,elementary,Pakachoag Elementary,250222000103,Pakachoag School,2502220,best_match
42.128365,-71.041365,Avon,MA,310 W Main St,elementary,Butler Elementary School,250225000108,Ralph D Butler,2502250,distinctive_token
42.116511,-71.033584,Avon,MA,478 E Main St,elementary,Butler Elementary School,250225000108,Ralph D Butler,2502250,distinctive_token
42.551715,-71.570299,Ayer,MA,33 Markham Cir,elementary,Page Hilltop School,250054202736,Page Hilltop Elementary School,2500542,best_match
42.548393,-71.561865,Ayer,MA,55 Littleton Rd Unit 23A,elementary,Paige Hiltop Elementary,,,,
42.561673,-71.540011,Ayer,MA,18 Westford Rd Unit 8,elementary,Page Hilltop Elementary,250054202736,Page Hilltop Elementary School,2500542,best_match
42.57457,-71.577239,Ayer,MA,16 Madigan Ln,elementary,Page Hilltop School,250054202736,Page Hilltop Elementary School,2500542,best_match
42.575044,-71.592768,Ayer,MA,3 John Riley Rd,elementary,Paige Hilltop,250054202736,Page Hilltop Elementary School,2500542,distinctive_token
42.605903,-72.072222,Baldwinville,MA,Mill St Lot 284-5,elementary,Center,,,,
41.67973,-70.352617,Barnstable Town,MA,105 Hillside Dr,elementary,Centerville/Barnstable United,250231000118,Centerville Elementary,2502310,distinctive_token
41.639648,-70.287923,Barnstable Town,MA,230 Gosnold St Unit 14ABC,elementary,Hyannis West,250231000121,Hyannis West Elementary,2502310,best_match
41.65589,-70.418564,Barnstable Town,MA,152 River Ridge Dr,elementary,Barnstable United Elementary,250231000125,West Barnstable Elementary,2502310,embedding
41.652904,-70.298228,Barnstable Town,MA,58 Orrs Ave,elementary,Barnstable,250231002908,Barnstable Community Innovation School,2502310,embedding
41.625902,-70.449132,Barnstable Town,MA,7 Oxford Dr,elementary,Barnstable,,,,
41.658951,-70.450727,Barnstable Town,MA,9 Debbies Ln,elementary,Barnstable United Elementary,250231002679,West Villages Elementary School,2502310,distinctive_token
41.677215,-70.423803,Barnstable Town,MA,303 Turtleback Rd,elementary,Barnstable,250231002908,Barnstable Community Innovation School,2502310,embedding
41.669851,-70.308731,Barnstable Town,MA,90 Castlewood Cir,elementary,Barnstable,250231002908,Barnstable Community Innovation School,2502310,embedding
41.662002,-70.321745,Barnstable Town,MA,25 Nancy Ln,elementary,West Barnstable Elem,250231000125,West Barnstable Elementary,2502310,best_match
41.669954,-70.398656,Barnstable Town,MA,442 Flint St,elementary,West Villages,250231002679,West Villages Elementary School,2502310,best_match
41.663046,-70.331174,Barnstable Town,MA,58 Loomis Ln,elementary,Centerville Elementary,250231000118,Centerville Elementary,2502310,best_match
41.687286,-70.308794,Barnstable Town,MA,61 Old Phinneys Ln,elementary,West Barn Elem,,,,
42.426895,-72.167732,Barre,MA,598-600 Old Dana Rd,elementary,Ruggles Lane,250000102403,Ruggles Lane,2500001,best_match
42.38556,-72.096176,Barre,MA,508 Vernon Ave,elementary,Ruggles Ln,250000102403,Ruggles Lane,2500001,distinctive_token
42.410671,-72.097603,Barre,MA,531 Summer St,elementary,Ruggles Lane,250000102403,Ruggles Lane,2500001,best_match
42.428501,-72.079308,Barre,MA,493 Hubbardston Rd,elementary,Ruggles Lane,250000102403,Ruggles Lane,2500001,best_match
42.44119,-72.095307,Barre,MA,Murphy Rd Lot 3,elementary,Ruggles Lane,250000102403,Ruggles Lane,2500001,best_match
42.43988,-72.093297,Barre,MA,Murphy Lot 4 and Williamsville Rds,elementary,Ruggles Lane,250000102403,Ruggles Lane,2500001,best_match
42.286509,-73.146669,Becket,MA,3664 Jacobs Ladder Rd,elementary,Becket Washington,250339000459,Becket Washington School,2503390,best_match
42.246387,-73.067706,Becket,MA,152 Sir Edwards Way,elementary,Becket Washington,250339000459,Becket Washington School,2503390,best_match
42.275303,-73.012008,Becket,MA,258 Captain Whitney Rd,elementary,Becket Washington,250339000459,Becket Washington School,2503390,best_match
42.252585,-73.127593,Becket,MA,43 Brook Ln,elementary,Becket Washington,250339000459,Becket Washington School,2503390,best_match
42.265169,-73.101718,Becket,MA,83 Beech Tree Ln,elementary,Becket Washington,250339000459,Becket Washington School,2503390,best_match
42.254831,-73.065891,Becket,MA,345 Friar Tuck Dr,elementary,Becket Washington,250339000459,Becket Washington School,2503390,best_match
42.251393,-73.059194,Becket,MA,137 Sherwood Dr,elementary,Becket Washington,250339000459,Becket Washington School,2503390,best_match
42.281663,-73.06167,Becket,MA,732 Main St,elementary,Becket Washington,250339000459,Becket Washington School,2503390,best_match
42.294857,-73.05969,Becket,MA,50 Beach Rd,elementary,Becket Washington,250339000459,Becket Washington School,2503390,best_match
42.252987,-73.087836,Becket,MA,410 Long Bow Ln,elementary,Becket Washington,250339000459,Becket Washington School,2503390,best_match
42.325139,-73.099697,Becket,MA,411 McNerney Rd,elementary,Becket Washington,250339000459,Becket Washington School,2503390,best_match
42.247057,-73.047826,Becket,MA,454 Seneca Dr,elementary,Becket Washington,250339000459,Becket Washington School,2503390,best_match
42.296154,-73.069599,Becket,MA,Osceola Dr Lot 112,elementary,Becket Washington,250339000459,Becket Washington School,2503390,best_match
42.274229,-73.003095,Becket,MA,Deer Run Lot 35,elementary,Becket Washington,250339000459,Becket Washington School,2503390,best_match
42.269951,-73.081065,Becket,MA,12 Bayberry Dr,elementary,Becket Washington,250339000459,Becket Washington School,2503390,best_match
42.315952,-73.10984,Becket,MA,445 County Rd,elementary,Becket Washington,250339000459,Becket Washington School,2503390,best_match
42.253543,-73.064821,Becket,MA,O Alan A Dale Dr,elementary,Becket Washington,250339000459,Becket Washington School,2503390,best_match
42.318214,-73.074796,Becket,MA,707 Benton Hill Rd,elementary,Becket Washington,250339000459,Becket Washington School,2503390,best_match
42.326228,-73.083023,Becket,MA,3186 Main St,elementary,Becket Washington,250339000459,Becket Washington School,2503390,best_match
42.295721,-73.070012,Becket,MA,18 Osceola Dr,elementary,Becket Washington,250339000459,Becket Washington School,2503390,best_match
42.253296,-73.032062,Becket,MA,Valley View Rd Lot 32,elementary,Becket Washington,250339000459,Becket Washington School,2503390,best_match
42.263646,-73.052289,Becket,MA,360 Jacobs Ladder Rd,elementary,Becket Washington,250339000459,Becket Washington School,2503390,best_match
42.286019,-73.068974,Becket,MA,162 Ymca Rd,elementary,Becket Washington,250339000459,Becket Washington School,2503390,best_match
42.319764,-73.09751,Becket,MA,235 McNerney Rd,elementary,Becket Washington,250339000459,Becket Washington School,2503390,best_match
42.270765,-73.080701,Becket,MA,Gentian Hollow Rd,elementary,Becket,250339000459,Becket Washington School,2503390,best_match
42.284429,-73.058659,Becket,MA,135 Mallard Dr,elementary,Becket Washington School,250339000459,Becket Washington School,2503390,best_match
42.253769,-73.087969,Becket,MA,376 Long Bow Ln,elementary,Becket Wash.,250339000459,Becket Washington School,2503390,distinctive_token
42.259349,-73.074431,Becket,MA,173 King Richard Dr,elementary,Becket Washington,250339000459,Becket Washington School,2503390,best_match
42.240339,-73.081168,Becket,MA,Johnson Rd Lot 9,elementary,Becket Washington,250339000459,Becket Washington School,2503390,best_match
42.265543,-73.067181,Becket,MA,87 Stony Brook Lane Rd,elementary,Becket Washington,250339000459,Becket Washington School,2503390,best_match
42.279375,-73.133771,Becket,MA,1107 George Carter Rd,elementary,Becket Washington,250339000459,Becket Washington School,2503390,best_match
42.255038,-73.086622,Becket,MA,Old Abbey Ln W,elementary,Becket/Washington,250339000459,Becket Washington School,2503390,best_match
42.262386,-73.078644,Becket,MA,217 Jacobs Ladder Rd Lot 3,elementary,Becket Washington,250339000459,Becket Washington School,2503390,best_match
42.280298,-73.097166,Becket,MA,103 Long View Dr,elementary,Becket Washington,250339000459,Becket Washington School,2503390,best_match
42.264578,-73.066784,Becket,MA,Stoney Brook Rd Lot 21,elementary,Becket Washington,250339000459,Becket Washington School,2503390,best_match
42.244041,-73.038485,Becket,MA,233 Algerie Rd,elementary,Becket Washington,250339000459,Becket Washington School,2503390,best_match
42.268686,-73.040532,Becket,MA,327 Chester Rd,elementary,Becket Washington,250339000459,Becket Washington School,2503390,best_match
42.253619,-73.031633,Becket,MA,Skyline Ridge Rd Lot 19,elementary,Becket Washington,250339000459,Becket Washington School,2503390,best_match
42.257792,-73.046755,Becket,MA,Bonny Rigg Hill Rd,elementary,Becket Washington,250339000459,Becket Washington School,2503390,best_match
42.313155,-73.065749,Becket,MA,283 Benton Hill Rd,elementary,Becket Washington,250339000459,Becket Washington School,2503390,best_match
42.251393,-73.059194,Becket,MA,137 Sherwood Dr,elementary,Becket/Washington,250339000459,Becket Washington School,2503390,best_match
42.284429,-73.058659,Becket,MA,135 Mallard Dr,elementary,Becket Washington,250339000459,Becket Washington School,2503390,best_match
42.251604,-73.020978,Becket,MA,Quarry Rd,elementary,Becket Washington,250339000459,Becket Washington School,2503390,best_match
42.259978,-73.052052,Becket,MA,121 Hiawatha Rd,elementary,Becket Washington,250339000459,Becket Washington School,2503390,best_match
42.292444,-73.072587,Becket,MA,411-70 Ronald Dr,elementary,Becket Washington,250339000459,Becket Washington School,2503390,best_match
42.263391,-73.061935,Becket,MA,Jacobs Ladder Rd,elementary,Becket Washington,250339000459,Becket Washington School,2503390,best_match
42.335793,-73.073325,Becket,MA,Leland Rd Lot 2B,elementary,Becket Washington,250339000459,Becket Washington School,2503390,best_match
42.253787,-73.042981,Becket,MA,422 Bonny Rigg Hill Rd,elementary,Becket Washington,250339000459,Becket Washington School,2503390,best_match
42.2516,-73.041646,Becket,MA,138 Seneca Dr,elementary,Becket Washington,250339000459,Becket Washington School,2503390,best_match
42.335739,-73.073506,Becket,MA,Leland Rd Lot 2,elementary,Becket Washington,250339000459,Becket Washington School,2503390,best_match
42.263369,-73.061277,Becket,MA,Jacobs Ladder Rd,elementary,Becket Washington School,250339000459,Becket Washington School,2503390,best_match
42.26535,-73.103135,Becket,MA,79-B Woodmere,elementary,Becket Washington School,250339000459,Becket Washington School,2503390,best_match
42.26535,-73.103135,Becket,MA,79-A Woodmere,elementary,Becket Washington School,250339000459,Becket Washington School,2503390,best_match
42.495868,-71.286227,Bedford,MA,2 Carlisle Rd Unit 2,elementary,Davis/Lane,250240000131,Lt Eleazer Davis,2502400,slash_split
42.512626,-71.278141,Bedford,MA,5 Hayden Ln,elementary,Davis/Lane,250240000131,Lt Eleazer Davis,2502400,slash_split
42.482125,-71.260741,Bedford,MA,1 Bridge St,elementary,Davis & Lt Job Lane Elementary,250240000132,Lt Job Lane School,2502400,best_match
42.493121,-71.244442,Bedford,MA,2 Goldman Cir,elementary,Davis/Lane,250240000131,Lt Eleazer Davis,2502400,slash_split
42.489981,-71.290516,Bedford,MA,106 Concord Rd,elementary,Davis/Lane,250240000131,Lt Eleazer Davis,2502400,slash_split
42.479809,-71.260575,Bedford,MA,7 Curve St,elementary,Davis/Lane,250240000131,Lt Eleazer Davis,2502400,slash_split
42.494832,-71.260786,Bedford,MA,75 Page Rd Unit 13,elementary,Davis/Lane,250240000131,Lt Eleazer Davis,2502400,slash_split
42.510956,-71.29409,Bedford,MA,12 Chestnut Ln Unit 12,elementary,Lt. Job Lane,250240000132,Lt Job Lane School,2502400,best_match
42.490827,-71.265302,Bedford,MA,26 Brooksbie Rd,elementary,Davis/Lane,250240000131,Lt Eleazer Davis,2502400,slash_split
42.487698,-71.306536,Bedford,MA,10 Glenridge Dr,elementary,Davis/Lane,250240000131,Lt Eleazer Davis,2502400,slash_split
42.500821,-71.278203,Bedford,MA,2 Doris Rd,elementary,Davis/Lane,250240000131,Lt Eleazer Davis,2502400,slash_split
42.496705,-71.276394,Bedford,MA,12 Hunt Rd,elementary,Davis/Lane,250240000131,Lt Eleazer Davis,2502400,slash_split
42.482924,-71.30481,Bedford,MA,289 Concord Rd,elementary,Davisk-2lane3-5,,,,
42.490625,-71.290016,Bedford,MA,4 Abbott Ln,elementary,Lane/Davis,250240000132,Lt Job Lane School,2502400,slash_split
42.493107,-71.279525,Bedford,MA,21 Fletcher Rd,elementary,Davis/Lane,250240000131,Lt Eleazer Davis,2502400,slash_split
42.480121,-71.284152,Bedford,MA,97 Hartwell Rd,elementary,Davis/Lane,250240000131,Lt Eleazer Davis,2502400,slash_split
42.487968,-71.279015,Bedford,MA,81-83 South Rd,elementary,Davis/Lane,250240000131,Lt Eleazer Davis,2502400,slash_split
42.477549,-71.315668,Bedford,MA,440 Concord Rd,elementary,Davis/Lane,250240000131,Lt Eleazer Davis,2502400,slash_split
42.480121,-71.284152,Bedford,MA,97 Hartwell Rd,elementary,Davis/Lane,250240000131,Lt Eleazer Davis,2502400,slash_split
42.487743,-71.274177,Bedford,MA,36 Loomis St Unit 302,elementary,Davis/Lane,250240000131,Lt Eleazer Davis,2502400,slash_split
42.475635,-71.270915,Bedford,MA,9 Meeting House Cir,elementary,Davis/Lane,250240000131,Lt Eleazer Davis,2502400,slash_split
42.495609,-71.247139,Bedford,MA,2 Overlook Dr Unit A,elementary,Lt Job Lane,250240000132,Lt Job Lane School,2502400,best_match
42.491321,-71.308642,Bedford,MA,6 Hillcrest Rd,elementary,Davis/Lane,250240000131,Lt Eleazer Davis,2502400,slash_split
42.479271,-71.28463,Bedford,MA,104 Hartwell Rd,elementary,Davis/Lane,250240000131,Lt Eleazer Davis,2502400,slash_split
42.473846,-71.267624,Bedford,MA,18-20 Genetti Cir,elementary,Davis/Lane,250240000131,Lt Eleazer Davis,2502400,slash_split
42.487743,-71.274177,Bedford,MA,36 Loomis St Unit 103,elementary,Davis/Lane,250240000131,Lt Eleazer Davis,2502400,slash_split
42.487743,-71.274177,Bedford,MA,36 Loomis St Unit 404,elementary,Davis/Lane,250240000131,Lt Eleazer Davis,2502400,slash_split
42.495609,-71.247139,Bedford,MA,2 Overlook Dr Unit B,elementary,Lt Job Lane,250240000132,Lt Job Lane School,2502400,best_match
42.487743,-71.274177,Bedford,MA,36 Loomis St Unit 201,elementary,Davis/Lane,250240000131,Lt Eleazer Davis,2502400,slash_split
42.510551,-71.276957,Bedford,MA,32 Hayden Ln,elementary,Davis/Lane,250240000131,Lt Eleazer Davis,2502400,slash_split
42.489063,-71.270576,Bedford,MA,214 Great Rd Unit 204,elementary,Davis/Lane,250240000131,Lt Eleazer Davis,2502400,slash_split
42.484984,-71.281442,Bedford,MA,22 Railroad Ave,elementary,Davis/Lane,250240000131,Lt Eleazer Davis,2502400,slash_split
42.475121,-71.266235,Bedford,MA,60 Neillian St Unit 60,elementary,Davis/Lane,250240000131,Lt Eleazer Davis,2502400,slash_split
42.495609,-71.247139,Bedford,MA,2 Overlook Dr Unit B,elementary,Lt Job Lane,250240000132,Lt Job Lane School,2502400,best_match
42.478004,-71.300903,Bedford,MA,64 Kendall Ct Unit 64,elementary,"Davis, Lane",,,,
42.495609,-71.247139,Bedford,MA,2 Overlook Dr Unit A,elementary,Lt Job Lane,250240000132,Lt Job Lane School,2502400,best_match
42.475121,-71.266235,Bedford,MA,60 Neillian St,elementary,Davis/Lane,250240000131,Lt Eleazer Davis,2502400,slash_split
42.489063,-71.270576,Bedford,MA,214 Great Rd Unit 102,elementary,Davis/Lane,250240000131,Lt Eleazer Davis,2502400,slash_split
42.487743,-71.274177,Bedford,MA,36 Loomis St Unit 104,elementary,Davis/Lane,250240000131,Lt Eleazer Davis,2502400,slash_split
42.475194,-71.266216,Bedford,MA,58 Neillian St,elementary,Davis/Lane,250240000131,Lt Eleazer Davis,2502400,slash_split
42.487743,-71.274177,Bedford,MA,36 Loomis St Unit 203,elementary,Davis/Lane,250240000131,Lt Eleazer Davis,2502400,slash_split
42.475194,-71.266216,Bedford,MA,58 Neillian St Unit 58,elementary,Davis/Lane,250240000131,Lt Eleazer Davis,2502400,slash_split
42.250857,-72.444025,Belchertown,MA,5 Laurel Ridge Dr,elementary,Belchertown,,,,
42.240708,-72.422277,Belchertown,MA,222 Granby Rd,elementary,Swift River/Chestnut Hill Comm,250243000836,Swift River Elementary,2502430,distinctive_token
42.212984,-72.348474,Belchertown,MA,18 Depot St,elementary,Swift River,250243000836,Swift River Elementary,2502430,best_match
42.266614,-72.406502,Belchertown,MA,132 Springfield Rd,elementary,Belchertown,,,,
42.250267,-72.406799,Belchertown,MA,281 Chauncey Walker St Lot 373,elementary,Swift River,250243000836,Swift River Elementary,2502430,best_match
42.291,-72.386126,Belchertown,MA,146 Old Enfield Rd,elementary,Swift River,250243000836,Swift River Elementary,2502430,best_match
42.19212,-72.380594,Belchertown,MA,30 Sylvan Cir,elementary,Swift River,250243000836,Swift River Elementary,2502430,best_match
42.266814,-72.366762,Belchertown,MA,272 Aldrich St,elementary,Multiple Elementary,250243000836,Swift River Elementary,2502430,distinctive_token
42.287649,-72.406399,Belchertown,MA,138 N Main St,elementary,Belchertown,,,,
42.270317,-72.370267,Belchertown,MA,169 Aldrich St,elementary,Swift River,250243000836,Swift River Elementary,2502430,best_match
42.307617,-72.395746,Belchertown,MA,169 Sheffield Dr,elementary,Chcs,,,,
42.336283,-72.467101,Belchertown,MA,461 Warren Wright Rd,elementary,Belchertown,,,,
42.308841,-72.392408,Belchertown,MA,17 Lexington Dr,elementary,Swift River,250243000836,Swift River Elementary,2502430,best_match
42.044077,-71.490953,Bellingham,MA,29 Overlook Dr,elementary,Dipietro Elementary,250246000142,Joseph F DiPietro Elementary School,2502460,best_match
42.025572,-71.495473,Bellingham,MA,21 Andrews St,elementary,Joseph F. Dipietro Elementary,250246000142,Joseph F DiPietro Elementary School,2502460,best_match
42.115993,-71.447869,Bellingham,MA,17 Pine St,elementary,Stallbrook,250246000141,Stall Brook,2502460,embedding
42.039488,-71.495531,Bellingham,MA,23 Bellstone Dr,elementary,Dipietro,250246000142,Joseph F DiPietro Elementary School,2502460,best_match
42.097688,-71.470629,Bellingham,MA,14 Cliff Rd,elementary,Stall Brook,250246000141,Stall Brook,2502460,best_match
42.08321,-71.485284,Bellingham,MA,38 Country Side Rd Unit 38,elementary,Macy,,,,
42.048411,-71.48486,Bellingham,MA,7 Whitehall Way,elementary,Dipietro Elementary,250246000142,Joseph F DiPietro Elementary School,2502460,best_match
42.07764,-71.460034,Bellingham,MA,626 Maple Brook Rd Unit 626,elementary,Stall Brook Elementary,250246000141,Stall Brook,2502460,best_match
42.122537,-71.475509,Bellingham,MA,120 Farm St,elementary,Stallbrook,250246000141,Stall Brook,2502460,embedding
42.096517,-71.477443,Bellingham,MA,23 Taunton St,elementary,Stall Brook,250246000141,Stall Brook,2502460,best_match
42.050541,-71.497223,Bellingham,MA,98 Indian Run Rd,elementary,Dipietro Elementary,250246000142,Joseph F DiPietro Elementary School,2502460,best_match
42.08321,-71.485284,Bellingham,MA,38 Country Side Rd Unit 38,elementary,Macy,,,,
42.036214,-71.473489,Bellingham,MA,30 Pine Warbler Way,elementary,Dipietro Elementary,250246000142,Joseph F DiPietro Elementary School,2502460,best_match
42.077251,-71.456682,Bellingham,MA,2503 Old Bridge Ln Unit 2503,elementary,Stall Brook,250246000141,Stall Brook,2502460,best_match
42.043099,-71.489025,Bellingham,MA,9 Laurel Ln,elementary,Dipietro Elementary School,250246000142,Joseph F DiPietro Elementary School,2502460,best_match
42.036302,-71.493503,Bellingham,MA,360 S Main St,elementary,So. Elementary School,,,,
42.098779,-71.474793,Bellingham,MA,7 Tropeano Ct Unit 7,elementary,Stallbrook Elementary,250501000741,Oak Street Elementary,2505010,distinctive_token
42.129196,-71.453333,Bellingham,MA,121 Twin Brook Ln Unit 121,elementary,Stall Brook Elementary,250246000141,Stall Brook,2502460,best_match
42.39779,-71.16168,Belmont,MA,17 Eliot Rd,elementary,Winn Brook*,250249000148,Winn Brook,2502490,best_match
42.37967,-71.168343,Belmont,MA,3 Essex Rd,elementary,Wellington*,250249000147,Roger E Wellington,2502490,best_match
42.400807,-71.171686,Belmont,MA,490 Pleasant St,elementary,Winnbrook*/Cue,,,,
42.396996,-71.173103,Belmont,MA,11 Cross St Unit 13,elementary,Winnbrook,250249000148,Winn Brook,2502490,embedding
42.40606,-71.167347,Belmont,MA,384 Brighton St,elementary,*winn Brook Elementary,250249000148,Winn Brook,2502490,best_match
42.38068,-71.158707,Belmont,MA,42-44 Choate,elementary,Burbank,250249000146,Mary Lee Burbank,2502490,best_match
42.386833,-71.177457,Belmont,MA,69 Horace Rd,elementary,Wellington,250249000147,Roger E Wellington,2502490,best_match
42.404705,-71.166328,Belmont,MA,45 Simmons Ave,elementary,Winn Brook Es,250249000148,Winn Brook,2502490,best_match
42.385433,-71.165039,Belmont,MA,6 Shaw Rd,elementary,Burbank*/Cue,250249000146,Mary Lee Burbank,2502490,distinctive_token
42.381185,-71.16884,Belmont,MA,20 Preble Gardens Rd,elementary,Wellington,250249000147,Roger E Wellington,2502490,best_match
42.38921,-71.181505,Belmont,MA,7 Henry St,elementary,Ask Sch Super,,,,
42.386695,-71.170408,Belmont,MA,96 Washington St,elementary,Winthrop L. Chenery Upper Elem,250279000270,Winthrop Elementary School,2502790,best_match
42.376892,-71.160379,Belmont,MA,225 Belmont St Apt 2,elementary,Butler,250249000144,Daniel Butler,2502490,best_match
42.395535,-71.180342,Belmont,MA,1 Hay Rd,elementary,Winn Brook*,250249000148,Winn Brook,2502490,best_match
42.387496,-71.178123,Belmont,MA,81 Brettwood Rd,elementary,Wellington / Chenery,250249000147,Roger E Wellington,2502490,distinctive_token
42.379131,-71.170518,Belmont,MA,23 Pine St Unit 1,elementary,Wellington,250249000147,Roger E Wellington,2502490,best_match
42.402907,-71.16491,Belmont,MA,291 Brighton St,elementary,Winn Brook Or Tbd,250249000148,Winn Brook,2502490,best_match
42.406313,-71.188266,Belmont,MA,135 Marsh St,elementary,Winn Brook*/Cue,250249000148,Winn Brook,2502490,best_match
42.409471,-71.192714,Belmont,MA,74 Spring Valley Rd,elementary,Winnbrook,250249000148,Winn Brook,2502490,embedding
42.39152,-71.17193,Belmont,MA,124 Orchard St,elementary,Wellington/Ask Super,250249000147,Roger E Wellington,2502490,distinctive_token
42.402907,-71.16491,Belmont,MA,291 Brighton St,elementary,Winn Brook Or Tbd,250249000148,Winn Brook,2502490,best_match
42.388138,-71.161741,Belmont,MA,128 Watson Rd,elementary,Burbank,250249000146,Mary Lee Burbank,2502490,best_match
42.39241,-71.194001,Belmont,MA,3 Meadows Ln Unit 3,elementary,Winn Brook,250249000148,Winn Brook,2502490,best_match
42.406357,-71.197446,Belmont,MA,390 Marsh St,elementary,Winn Brook,250249000148,Winn Brook,2502490,best_match
42.392405,-71.169269,Belmont,MA,40 Goden St,elementary,Wellington*,250249000147,Roger E Wellington,2502490,best_match
42.384386,-71.166753,Belmont,MA,42 Hillside Ter,elementary,Burbank*,250249000146,Mary Lee Burbank,2502490,best_match
42.385069,-71.175663,Belmont,MA,8 Horace Rd,elementary,Belmont,,,,
42.387234,-71.168203,Belmont,MA,4 Madison St,elementary,Burbank/ Chenery,250249000146,Mary Lee Burbank,2502490,distinctive_token
42.389675,-71.18232,Belmont,MA,156 Waverley St Unit 158,elementary,Check W/School Dept.,,,,
42.403375,-71.174651,Belmont,MA,22 Garfield Rd,elementary,Winnbrook,250249000148,Winn Brook,2502490,embedding
42.39241,-71.194001,Belmont,MA,65 S Cottage Rd Unit 119,elementary,Winn Brook,250249000148,Winn Brook,2502490,best_match
42.412839,-71.190626,Belmont,MA,53 Birch Hill Rd,elementary,Winnbrook***,250249000148,Winn Brook,2502490,embedding
42.38767,-71.17561,Belmont,MA,28 Homer Rd,elementary,Wellington,250249000147,Roger E Wellington,2502490,best_match
42.3853,-71.18845,Belmont,MA,113 White St Apt 1,elementary,Ask Sch Super,,,,
42.387268,-71.162559,Belmont,MA,36 Richardson Rd,elementary,Burbank,250249000146,Mary Lee Burbank,2502490,best_match
42.385201,-71.160983,Belmont,MA,109 Shaw Rd,elementary,Burbank,250249000146,Mary Lee Burbank,2502490,best_match
42.389687,-71.18232,Belmont,MA,156-158 Waverley St,elementary,Check With School Dept.,,,,
42.383621,-71.170509,Belmont,MA,104-106 Payson Rd,elementary,Winthrop L Chenery Middle Scho,250279000270,Winthrop Elementary School,2502790,distinctive_token
42.379787,-71.158364,Belmont,MA,76 Grove St Unit 76,elementary,Burbank*/Cue,250249000146,Mary Lee Burbank,2502490,distinctive_token
42.384674,-71.165879,Belmont,MA,65 Hillside Ter,elementary,Ask Sch Super,,,,
42.402231,-71.165987,Belmont,MA,22 Chilton St,elementary,Winn,250249000148,Winn Brook,2502490,best_match
42.400441,-71.1642,Belmont,MA,215 Cross St,elementary,Winn Brook,250249000148,Winn Brook,2502490,best_match
42.389675,-71.18232,Belmont,MA,158 Waverley St Unit 156,elementary,Check W/School Dept.,,,,
42.386002,-71.162401,Belmont,MA,62 Shaw Rd,elementary,Burbank,250249000146,Mary Lee Burbank,2502490,best_match
42.408864,-71.179734,Belmont,MA,233 Rutledge Rd,elementary,Winn Brook Elementary,250249000148,Winn Brook,2502490,best_match
42.388934,-71.179835,Belmont,MA,17 Drew Rd Unit 17,elementary,Wellington,250249000147,Roger E Wellington,2502490,best_match
42.388515,-71.194136,Belmont,MA,60 Agassiz Ave,elementary,Butler,250249000144,Daniel Butler,2502490,best_match
42.388931,-71.179802,Belmont,MA,19 Drew Rd Unit 19,elementary,Wellington,250249000147,Roger E Wellington,2502490,best_match
42.38605,-71.16186,Belmont,MA,74 Shaw Rd,elementary,Burbank*,250249000146,Mary Lee Burbank,2502490,best_match
42.402709,-71.159521,Belmont,MA,18 Gilmore Rd,elementary,Ask Sch Super,,,,
41.834222,-71.023298,Berkley,MA,13 Church St,elementary,Berkley Community School,250252002513,Berkley Community School,2502520,best_match
41.835626,-71.084212,Berkley,MA,19 Green St,elementary,Berkley Comm,250252002513,Berkley Community School,2502520,best_match
41.840655,-71.036998,Berkley,MA,6 McKenzies Way,elementary,Berkley Community,250252002513,Berkley Community School,2502520,best_match
41.847306,-71.029399,Berkley,MA,5 County St,elementary,Berkley Community,250252002513,Berkley Community School,2502520,best_match
41.835091,-71.087902,Berkley,MA,52 S Main St,elementary,Berkley Community School,250252002513,Berkley Community School,2502520,best_match
41.825871,-71.112777,Berkley,MA,31 Swing Dr,elementary,Berkley Community,250252002513,Berkley Community School,2502520,best_match
41.829943,-71.085184,Berkley,MA,78 S Main St,elementary,Berkley Community School,250252002513,Berkley Community School,2502520,best_match
41.80611,-71.113045,Berkley,MA,8 Ferry Ln,elementary,Berkley Comm,250252002513,Berkley Community School,2502520,best_match
42.381049,-71.63809,Berlin,MA,12 Linden St,elementary,Berlin Memorial,250258002901,Berlin Memorial School,2502580,best_match
42.387288,-71.582504,Berlin,MA,240 Gates Pond Rd,elementary,Berlin Memorial School,250258002901,Berlin Memorial School,2502580,best_match
42.368237,-71.617657,Berlin,MA,48 Summer Rd,elementary,Berlin Memorial,250258002901,Berlin Memorial School,2502580,best_match
42.397486,-71.604527,Berlin,MA,8 Stones Corner Rd,elementary,Berlin Memorial School,250258002901,Berlin Memorial School,2502580,best_match
42.412141,-71.648778,Berlin,MA,25 Collins Rd,elementary,Berlin Memorial School,250258002901,Berlin Memorial School,2502580,best_match
42.386763,-71.592541,Berlin,MA,167 Gates Pond Rd,elementary,Berlin Memorial,250258002901,Berlin Memorial School,2502580,best_match
42.397672,-71.653154,Berlin,MA,280 Randall Rd,elementary,Berlin Memorial School,250258002901,Berlin Memorial School,2502580,best_match
42.400518,-71.644591,Berlin,MA,Randall Rd Lot C,elementary,Berlin Memorial,250258002901,Berlin Memorial School,2502580,best_match
42.402791,-71.637123,Berlin,MA,118 Randall Rd,elementary,Berlin Memorial,250258002901,Berlin Memorial School,2502580,best_match
42.402509,-71.635596,Berlin,MA,104 Randall Rd,elementary,Berlin Memorial,250258002901,Berlin Memorial School,2502580,best_match
42.401252,-71.638842,Berlin,MA,146 Randall Rd,elementary,Berlin Memorial,250258002901,Berlin Memorial School,2502580,best_match
42.400518,-71.644591,Berlin,MA,Randall Rd Lot A,elementary,Berlin Memorial,250258002901,Berlin Memorial School,2502580,best_match
42.677342,-72.537464,Bernardston,MA,55 Huckle Hill Rd,elementary,Bernardston Elementary,250960002612,Bernardston Elementary,2509600,best_match
42.666631,-72.536727,Bernardston,MA,20 Merrifield Rd,elementary,Bernardston Elementary,250960002612,Bernardston Elementary,2509600,best_match
42.67043,-72.55056,Bernardston,MA,10 Dewey St,elementary,Bernardston Elementary,250960002612,Bernardston Elementary,2509600,best_match
42.672967,-72.553702,Bernardston,MA,Fox Hill Rd,elementary,Bernardston,250960002612,Bernardston Elementary,2509600,best_match
42.568212,-70.848366,Beverly,MA,10 Standley St,elementary,Centerville,250264000167,Centerville Elementary,2502640,best_match
42.566536,-70.808923,Beverly,MA,5 Hemlock St,elementary,Cove Elementary,250264000168,Cove Elementary,2502640,best_match
42.566829,-70.889041,Beverly,MA,9 Auburn Rd,elementary,Ayersschool/Ryalside,250264000175,Ayers/Ryal Side School,2502640,embedding
42.551666,-70.891203,Beverly,MA,17 Kernwood Hts,elementary,Ayers,250264000175,Ayers/Ryal Side School,2502640,best_match
42.570173,-70.899737,Beverly,MA,8 Andover Rd,elementary,North Beverly,250264000173,North Beverly Elementary,2502640,best_match
42.57974,-70.847775,Beverly,MA,20 Grover St,elementary,Centerville,250264000167,Centerville Elementary,2502640,best_match
42.585448,-70.879346,Beverly,MA,4 Berrywood Ln,elementary,North Beverly Elementary,250264000173,North Beverly Elementary,2502640,best_match
42.55702,-70.872088,Beverly,MA,116 Essex St,elementary,Hannah,250264000169,Hannah Elementary,2502640,best_match
42.558672,-70.90385,Beverly,MA,23 Guild Rd,elementary,Ayers,250264000175,Ayers/Ryal Side School,2502640,best_match
42.547346,-70.897063,Beverly,MA,122 Livingstone Ave,elementary,Ayers/Ryal Side School,250264000175,Ayers/Ryal Side School,2502640,best_match
42.558203,-70.902313,Beverly,MA,9 Guild Rd,elementary,Ayers/Ryal Side,250264000175,Ayers/Ryal Side School,2502640,best_match
42.55001,-70.873293,Beverly,MA,50 Hale St Unit 50,elementary,Cove Elementary,250264000168,Cove Elementary,2502640,best_match
42.549383,-70.892829,Beverly,MA,11 Kernwood Ave,elementary,Ayers,250264000175,Ayers/Ryal Side School,2502640,best_match
42.556967,-70.887774,Beverly,MA,201 Elliott St Unit 510,elementary,Beverly Schools,250264000173,North Beverly Elementary,2502640,best_match
42.546036,-70.872849,Beverly,MA,89 Lothrop St,elementary,Cove Elementary,250264000168,Cove Elementary,2502640,best_match
42.551074,-70.882436,Beverly,MA,8 Chase St,elementary,Ayers Ryal Side Elementary,250264000175,Ayers/Ryal Side School,2502640,best_match
42.540039,-70.880116,Beverly,MA,115 Water St Apt 14,elementary,Cove,250264000168,Cove Elementary,2502640,best_match
42.589599,-70.839667,Beverly,MA,4 Deer Haven Rd,elementary,Centerville Elementary,250264000167,Centerville Elementary,2502640,best_match
42.547118,-70.873397,Beverly,MA,32 Ocean St,elementary,Cove,250264000168,Cove Elementary,2502640,best_match
42.583665,-70.882615,Beverly,MA,151 Dodge St,elementary,North Beverly Elementary Schoo,250264000173,North Beverly Elementary,2502640,best_match
42.566445,-70.870764,Beverly,MA,38 Brimbal Ave,elementary,Hannah Elementary School,250264000169,Hannah Elementary,2502640,best_match
42.56602,-70.853828,Beverly,MA,5 Paradise Rd,elementary,Hannah Elementary School,250264000169,Hannah Elementary,2502640,best_match
42.558722,-70.865177,Beverly,MA,10 Pine Rd,elementary,Hannah,250264000169,Hannah Elementary,2502640,best_match
42.541428,-70.881575,Beverly,MA,57 Front St Unit 2,elementary,Cove Elementary,250264000168,Cove Elementary,2502640,best_match
42.551756,-70.907349,Beverly,MA,27 Hayes Ave,elementary,Ayers,250264000175,Ayers/Ryal Side School,2502640,best_match
42.576864,-70.86255,Beverly,MA,57 Beaver Pond Rd,elementary,North Beverly,250264000173,North Beverly Elementary,2502640,best_match
42.549895,-70.883023,Beverly,MA,48 Federal St Unit 206,elementary,Hannah Elementary School,250264000169,Hannah Elementary,2502640,best_match
42.56379,-70.889443,Beverly,MA,50 Balch St Unit 510,elementary,Ayers,250264000175,Ayers/Ryal Side School,2502640,best_match
42.557064,-70.905057,Beverly,MA,11 Friend St,elementary,Ayers,250264000175,Ayers/Ryal Side School,2502640,best_match
42.544661,-70.880434,Beverly,MA,8 May St,elementary,Cove,250264000168,Cove Elementary,2502640,best_match
42.557525,-70.852307,Beverly,MA,45 Whitehall Cir,elementary,Beverly,250264000173,North Beverly Elementary,2502640,best_match
42.552776,-70.879975,Beverly,MA,14 1/2 Roundy St Unit 2,elementary,Hannah Elementary School,250264000169,Hannah Elementary,2502640,best_match
42.567467,-70.893734,Beverly,MA,159 McKay St,elementary,North Beverly,250264000173,North Beverly Elementary,2502640,best_match
42.556797,-70.89721,Beverly,MA,21 Goldsmith Ave,elementary,Ayers Ryal Side,250264000175,Ayers/Ryal Side School,2502640,best_match
42.553561,-70.85534,Beverly,MA,11 Pickman Rd,elementary,Cove Elementary,250264000168,Cove Elementary,2502640,best_match
42.557815,-70.850183,Beverly,MA,31 Boyles St,elementary,Beverly Public School,250264000173,North Beverly Elementary,2502640,distinctive_token
42.544784,-70.895047,Beverly,MA,3 Cove Ave,elementary,Ryal Side Elementary,250264000175,Ayers/Ryal Side School,2502640,distinctive_token
42.548063,-70.881684,Beverly,MA,36 Wallis St Apt 3,elementary,Hannah Elementary School,250264000169,Hannah Elementary,2502640,best_match
42.559883,-70.869967,Beverly,MA,6 Gardner St,elementary,Hannah,250264000169,Hannah Elementary,2502640,best_match
42.566071,-70.885689,Beverly,MA,501 Cabot St Unit 2,elementary,Beverly Public School,250264000173,North Beverly Elementary,2502640,distinctive_token
42.56379,-70.889443,Beverly,MA,50 Balch St Unit 108,elementary,Ayers,250264000175,Ayers/Ryal Side School,2502640,best_match
42.56379,-70.889443,Beverly,MA,50 Balch St Unit 310,elementary,Ayers,250264000175,Ayers/Ryal Side School,2502640,best_match
42.56379,-70.889443,Beverly,MA,50 Balch St Unit 409,elementary,Ayers,250264000175,Ayers/Ryal Side School,2502640,best_match
42.566099,-70.845014,Beverly,MA,212 Common Ln,elementary,Cove,250264000168,Cove Elementary,2502640,best_match
42.548221,-70.893498,Beverly,MA,34 Kernwood Ave,elementary,Ayers,250264000175,Ayers/Ryal Side School,2502640,best_match
42.543715,-70.887617,Beverly,MA,37 Wellman St Apt 3,elementary,Ryal Side,250264000175,Ayers/Ryal Side School,2502640,best_match
42.56379,-70.889443,Beverly,MA,50 Balch St Unit 112,elementary,Ayers,250264000175,Ayers/Ryal Side School,2502640,best_match
42.547118,-70.873397,Beverly,MA,32 Ocean St,elementary,Cove,250264000168,Cove Elementary,2502640,best_match
42.56379,-70.889443,Beverly,MA,50 Balch St Unit 205,elementary,Ayers,250264000175,Ayers/Ryal Side School,2502640,best_match
42.562988,-70.887276,Beverly,MA,50 Balch St Unit 203,elementary,Ayers,250264000175,Ayers/Ryal Side School,2502640,best_match
42.562988,-70.887276,Beverly,MA,50 Balch St Unit 303,elementary,Ayers,250264000175,Ayers/Ryal Side School,2502640,best_match
42.56379,-70.889443,Beverly,MA,50 Balch St Unit 400,elementary,Ayers,250264000175,Ayers/Ryal Side School,2502640,best_match
42.562984,-70.887297,Beverly,MA,50 Balch St Unit 509,elementary,Ayers,250264000175,Ayers/Ryal Side School,2502640,best_match
42.564819,-70.885689,Beverly,MA,492 Cabot St Unit 1A,elementary,Ayers/Ryal Side Elementary,250264000175,Ayers/Ryal Side School,2502640,best_match
42.56379,-70.889443,Beverly,MA,50 Balch St Unit 316,elementary,Ayers,250264000175,Ayers/Ryal Side School,2502640,best_match
42.56379,-70.889443,Beverly,MA,50 Balch St Unit 403,elementary,Ayers,250264000175,Ayers/Ryal Side School,2502640,best_match
42.562984,-70.887319,Beverly,MA,50 Balch St Unit 105,elementary,Ayers,250264000175,Ayers/Ryal Side School,2502640,best_match
42.56379,-70.889443,Beverly,MA,50 Balch St Unit 415,elementary,Ayers,250264000175,Ayers/Ryal Side School,2502640,best_match
42.56379,-70.889443,Beverly,MA,50 Balch St Unit 311,elementary,Ayers,250264000175,Ayers/Ryal Side School,2502640,best_match
42.56379,-70.889443,Beverly,MA,50 Balch St Unit 211,elementary,Ayers,250264000175,Ayers/Ryal Side School,2502640,best_match
42.56379,-70.889443,Beverly,MA,50 Balch St Unit 111,elementary,Ayers,250264000175,Ayers/Ryal Side School,2502640,best_match
42.56379,-70.889443,Beverly,MA,50 Balch St Unit 515,elementary,Ayers,250264000175,Ayers/Ryal Side School,2502640,best_match
42.56379,-70.889443,Beverly,MA,50 Balch St Unit 503,elementary,Ayers,250264000175,Ayers/Ryal Side School,2502640,best_match
42.56379,-70.889443,Beverly,MA,50 Balch St Unit 410,elementary,Ayers,250264000175,Ayers/Ryal Side School,2502640,best_match
42.562984,-70.887297,Beverly,MA,50 Balch St Unit 207,elementary,Ayers,250264000175,Ayers/Ryal Side School,2502640,best_match
42.56379,-70.889443,Beverly,MA,50 Balch St Unit 408,elementary,Ayers,250264000175,Ayers/Ryal Side School,2502640,best_match
42.56379,-70.889443,Beverly,MA,50 Balch St Unit 412,elementary,Ayers,250264000175,Ayers/Ryal Side School,2502640,best_match
42.562984,-70.887319,Beverly,MA,50 Balch St Unit 405,elementary,Ayers,250264000175,Ayers/Ryal Side School,2502640,best_match
42.56379,-70.889443,Beverly,MA,50 Balch St Unit 312,elementary,Ayers,250264000175,Ayers/Ryal Side School,2502640,best_match
42.56379,-70.889443,Beverly,MA,50 Balch St Unit 315,elementary,Ayers,250264000175,Ayers/Ryal Side School,2502640,best_match
42.56379,-70.889443,Beverly,MA,50 Balch St Unit 110,elementary,Ayers,250264000175,Ayers/Ryal Side School,2502640,best_match
42.56379,-70.889443,Beverly,MA,50 Balch St Unit 511,elementary,Ayers,250264000175,Ayers/Ryal Side School,2502640,best_match
42.56379,-70.889443,Beverly,MA,50 Balch St Unit 305,elementary,Ayers,250264000175,Ayers/Ryal Side School,2502640,best_match
42.56379,-70.889443,Beverly,MA,50 Balch St Unit 209,elementary,Ayers,250264000175,Ayers/Ryal Side School,2502640,best_match
42.56379,-70.889443,Beverly,MA,50 Balch St Unit 208,elementary,Ayers,250264000175,Ayers/Ryal Side School,2502640,best_match
42.562984,-70.887319,Beverly,MA,50 Balch St Unit 505,elementary,Ayers,250264000175,Ayers/Ryal Side School,2502640,best_match
42.56379,-70.889443,Beverly,MA,50 Balch St Unit 200,elementary,Ayers,250264000175,Ayers/Ryal Side School,2502640,best_match
42.56379,-70.889443,Beverly,MA,50 Balch St Unit 300,elementary,Ayers,250264000175,Ayers/Ryal Side School,2502640,best_match
42.56379,-70.889443,Beverly,MA,50 Balch St Unit 206,elementary,Ayers,250264000175,Ayers/Ryal Side School,2502640,best_match
42.56379,-70.889443,Beverly,MA,50 Balch St Unit 215,elementary,Ayers,250264000175,Ayers/Ryal Side School,2502640,best_match
42.562984,-70.887297,Beverly,MA,50 Balch St Unit 309,elementary,Ayers,250264000175,Ayers/Ryal Side School,2502640,best_match
42.56379,-70.889443,Beverly,MA,50 Balch St Unit 411,elementary,Ayers,250264000175,Ayers/Ryal Side School,2502640,best_match
42.56379,-70.889443,Beverly,MA,50 Balch St Unit 308,elementary,Ayers,250264000175,Ayers/Ryal Side School,2502640,best_match
42.56379,-70.889443,Beverly,MA,50 Balch St Unit 103,elementary,Ayers,250264000175,Ayers/Ryal Side School,2502640,best_match
42.527398,-71.238867,Billerica,MA,1 Albion Rd,elementary,Thomas Ditson,250267000186,Thomas Ditson,2502670,best_match
42.540891,-71.262628,Billerica,MA,6 Exeter Pl,elementary,Thomas Ditson Elementary,250267000186,Thomas Ditson,2502670,best_match
42.538929,-71.267298,Billerica,MA,18 South St,elementary,Parker,250267000184,Parker,2502670,best_match
42.561809,-71.291273,Billerica,MA,3 Sergi Ln,elementary,Dutile,250267000179,Frederick J Dutile,2502670,best_match
42.533527,-71.303657,Billerica,MA,45 Riveredge Rd,elementary,Parker,250267000184,Parker,2502670,best_match
42.534531,-71.228759,Billerica,MA,6 McHugh Ave,elementary,Ditson,250267000186,Thomas Ditson,2502670,best_match
42.534943,-71.226783,Billerica,MA,1 Ridgeway Ave,elementary,Ditson,250267000186,Thomas Ditson,2502670,best_match
42.579112,-71.258446,Billerica,MA,2 Sequoia St,elementary,Hajjar,250267000180,Hajjar Elementary,2502670,best_match
42.54057,-71.288385,Billerica,MA,14 Kirk Rd,elementary,Parker,250267000184,Parker,2502670,best_match
42.526697,-71.245832,Billerica,MA,15 Weathervane Rd,elementary,Ditson,250267000186,Thomas Ditson,2502670,best_match
42.573471,-71.263568,Billerica,MA,8 Priscilla Ln,elementary,Hajjar,250267000180,Hajjar Elementary,2502670,best_match
42.55233,-71.270609,Billerica,MA,7 Karen Cir Apt 4,elementary,Parker Elementary,250267000184,Parker,2502670,best_match
42.540057,-71.21439,Billerica,MA,19 Greenleaf St,elementary,Ditson,250267000186,Thomas Ditson,2502670,best_match
42.573737,-71.224881,Billerica,MA,31 Charme Rd,elementary,Kennedy Elementary School,250267000181,John F Kennedy,2502670,distinctive_token
42.557149,-71.320257,Billerica,MA,17 Coach Rd,elementary,John F. Kennedy Elementary,250267000181,John F Kennedy,2502670,best_match
42.539565,-71.248644,Billerica,MA,9 Payson Rd,elementary,Ditson Elementary School,250267000186,Thomas Ditson,2502670,distinctive_token
42.55233,-71.270609,Billerica,MA,7 Karen Cir Apt 6,elementary,Parker,250267000184,Parker,2502670,best_match
42.530315,-71.230868,Billerica,MA,14 Greenville St,elementary,Ditson,250267000186,Thomas Ditson,2502670,best_match
42.528736,-71.243399,Billerica,MA,44 Wildbrook Rd,elementary,Ditson,250267000186,Thomas Ditson,2502670,best_match
42.553167,-71.217373,Billerica,MA,3 Memory Ln,elementary,Ditson,250267000186,Thomas Ditson,2502670,best_match
42.55299,-71.266519,Billerica,MA,10 Cunningham Ln Unit 204,elementary,Parker,250267000184,Parker,2502670,best_match
42.540319,-71.263297,Billerica,MA,8 Country Ln,elementary,Ditson,250267000186,Thomas Ditson,2502670,best_match
42.579502,-71.276878,Billerica,MA,15 High St,elementary,Hajjar,250267000180,Hajjar Elementary,2502670,best_match
42.569304,-71.289367,Billerica,MA,52 Applewood Ave,elementary,Dutile,250267000179,Frederick J Dutile,2502670,best_match
42.547199,-71.225069,Billerica,MA,58 Sachem St,elementary,Ditson,250267000186,Thomas Ditson,2502670,best_match
42.592255,-71.265243,Billerica,MA,4 Carmel Dr,elementary,Hajjar,250267000180,Hajjar Elementary,2502670,best_match
42.555813,-71.217849,Billerica,MA,19 Fourth Ave,elementary,Ditson,250267000186,Thomas Ditson,2502670,best_match
42.594971,-71.265694,Billerica,MA,37R Sheldon St Unit 37R,elementary,Thomas Ditson Elementary Schoo,250267000186,Thomas Ditson,2502670,best_match
42.554409,-71.233364,Billerica,MA,53 Baldwin Rd Unit 1003,elementary,Kennedy Elementary,250267000181,John F Kennedy,2502670,distinctive_token
42.530747,-71.220336,Billerica,MA,48 Pinedale Ave,elementary,Ditson,250267000186,Thomas Ditson,2502670,best_match
42.528843,-71.226948,Billerica,MA,1 Egmont Ave,elementary,Ditson Elementary,250267000186,Thomas Ditson,2502670,distinctive_token
42.559658,-71.276172,Billerica,MA,53 River St Apt 505,elementary,Parker Elementary School,250267000184,Parker,2502670,best_match
42.588077,-71.293261,Billerica,MA,20 Franklin St,elementary,Hajjar,250267000180,Hajjar Elementary,2502670,best_match
42.568151,-71.314262,Billerica,MA,215 Rangeway Rd Unit 31,elementary,Dutile,250267000179,Frederick J Dutile,2502670,best_match
42.560553,-71.295656,Billerica,MA,298 River St,elementary,Dutile,250267000179,Frederick J Dutile,2502670,best_match
42.568889,-71.287057,Billerica,MA,28 Woodlawn Ave,elementary,Dutile,250267000179,Frederick J Dutile,2502670,best_match
42.566541,-71.290282,Billerica,MA,22 McRayne Hill Rd,elementary,Dutile,250267000179,Frederick J Dutile,2502670,best_match
42.552105,-71.272016,Billerica,MA,88 Concord Rd,elementary,Parker Elementary,250267000184,Parker,2502670,best_match
42.538146,-71.251089,Billerica,MA,30 Wyman Rd,elementary,Ditson,250267000186,Thomas Ditson,2502670,best_match
42.534426,-71.303021,Billerica,MA,10 Larsen Ln,elementary,Dutile,250267000179,Frederick J Dutile,2502670,best_match
42.540617,-71.223588,Billerica,MA,61 Cook St,elementary,Ditson Elementary School,250267000186,Thomas Ditson,2502670,distinctive_token
42.551369,-71.269649,Billerica,MA,11 Kenmar Dr Unit 10,elementary,Parker,250267000184,Parker,2502670,best_match
42.5659,-71.313238,Billerica,MA,218 Rangeway Rd Unit 292,elementary,Dutile,250267000179,Frederick J Dutile,2502670,best_match
42.55233,-71.270609,Billerica,MA,3 Kenmar Dr Unit 3,elementary,Parker,250267000184,Parker,2502670,best_match
42.551369,-71.269649,Billerica,MA,11 Kenmar Dr Unit 9,elementary,Parker,250267000184,Parker,2502670,best_match
42.019447,-71.534716,Blackstone,MA,82 Main St,elementary,Blackstone - Millville,250271500185,Millville Elementary,2502715,distinctive_token
42.020707,-71.543147,Blackstone,MA,48 Mendon St,elementary,Jfk/Mes,250271502372,John F Kennedy Elementary,2502715,slash_expand
42.018106,-71.502124,Blackstone,MA,612 Rathbun St,elementary,John F. Kennedy,250271502372,John F Kennedy Elementary,2502715,best_match
42.231007,-72.973731,Blandford,MA,136 Chester Rd,elementary,Gateway,,,,
42.174103,-73.022652,Blandford,MA,3.3 Gibbs Rd,elementary,Gateway,251332100402,Farmington River Elementary,2513321,single_school
42.162823,-72.914086,Blandford,MA,27 South St,elementary,Gateway,250516000761,Littleville Elementary School,2505160,single_school
42.229352,-72.946915,Blandford,MA,Beulah Land Rd Lot B,elementary,Gateway,,,,
42.188684,-72.931867,Blandford,MA,18 North St,elementary,Chester Elementary,250516000757,Chester Elementary,2505160,best_match
41.599227,-70.933213,Bliss Corner,MA,73 Hidden Bay Dr Unit 73,elementary,Demello,250402000544,Joseph Demello,2504020,best_match
41.596447,-70.933319,Bliss Corner,MA,69 Merrimac St Unit 1,elementary,Demello,250402000544,Joseph Demello,2504020,best_match
41.595738,-70.940414,Bliss Corner,MA,105 Rockland St,elementary,Cushman/Demello/Friends,250402002698,Andrew B. Cushman School,2504020,slash_split
41.599227,-70.933213,Bliss Corner,MA,73 Hidden Bay Dr Unit 73,elementary,Demello,250402000544,Joseph Demello,2504020,best_match
41.596447,-70.933319,Bliss Corner,MA,69 Merrimac St Unit 1,elementary,Demello,250402000544,Joseph Demello,2504020,best_match
42.455729,-71.576902,Bolton,MA,99 Corn Rd,elementary,Florence Sawyer K-8,,,,
42.412488,-71.618702,Bolton,MA,313 Berlin Rd,elementary,Florence Sawyer,,,,
42.408514,-71.61344,Bolton,MA,67 Quaker Ln,elementary,Florence Sawyer,,,,
42.454649,-71.584533,Bolton,MA,26 Corn Rd,elementary,Florence Sawyer,,,,
42.435211,-71.593469,Bolton,MA,60 Sugar Rd,elementary,Florence Sawyer,,,,
42.462242,-71.632203,Bolton,MA,158 Kettle Hole Rd,elementary,Florence Sawyer,,,,
42.430584,-71.582099,Bolton,MA,Long Hill Rd,elementary,Florence Sawyer,,,,
42.422264,-71.637187,Bolton,MA,58 Sunset Ridge Ln Unit 58,elementary,Florence Sawyer K-8,,,,
42.448618,-71.563042,Bolton,MA,592 Sugar Rd,elementary,Florence Sawyer,,,,
42.446749,-71.590301,Bolton,MA,57 Houghton Farm Ln,elementary,Florence Sawyer,,,,
42.435022,-71.576611,Bolton,MA,277 Main St,elementary,Florence Sawyer,,,,
42.405958,-71.607208,Bolton,MA,34 Wheeler Rd,elementary,Florence Sawyer,,,,
42.446391,-71.61611,Bolton,MA,99 Nourse Rd,elementary,Florence Sawyer,,,,
42.457083,-71.606166,Bolton,MA,347 Green Rd,elementary,Florence Sawyer,,,,
42.45799,-71.606888,Bolton,MA,Old Harvard Rd Lot 2,elementary,Florence Sawyer,,,,
42.456815,-71.577745,Bolton,MA,90 Corn Rd,elementary,Florence Sawyer,,,,
42.235646,-71.128358,Boston,MA,14 Forestvale Rd,elementary,Franklin D. Roosevelt K-8 Scho,,,,
42.282791,-71.169991,Boston,MA,9 Berwick St,elementary,Bps/Private,,,,
42.277892,-71.15479,Boston,MA,296 Lagrange St,elementary,Boston,250003900599,Boston Renaissance Charter Public School,2500039,best_match
42.268969,-71.170307,Boston,MA,23 Eastwood Circuit,elementary,Boston Public,250003900599,Boston Renaissance Charter Public School,2500039,best_match
42.328693,-71.091784,Boston,MA,36 Highland St,elementary,Nathan Hale,250279000295,Hale Elementary School,2502790,distinctive_token
42.271323,-71.08883,Boston,MA,9 Viking Ter,elementary,Dr. Catherine E,,,,
42.313857,-71.075157,Boston,MA,81 Wayland St,elementary,Up Academy Holland,250279000268,UP Academy Holland,2502790,best_match
42.350109,-71.043896,Boston,MA,135 Seaport Blvd Apt 1106,elementary,James F. Condo School,251005001633,Staff Sargent James J. Hill Elementary School,2510050,distinctive_token
42.272221,-71.100813,Boston,MA,22 Corman Rd,elementary,Chittick Elementary School,250279000255,Chittick Elementary School,2502790,best_match
42.279469,-71.054123,Boston,MA,118-120 Granite Ave Unit 1,elementary,Murphy,251284002565,Frederick C Murphy,2512840,best_match
42.256441,-71.12972,Boston,MA,81 Child St,elementary,Boston Public,250003900599,Boston Renaissance Charter Public School,2500039,best_match
42.258163,-71.116459,Boston,MA,102 Pierce St,elementary,Henry Grew Elementary,250279000247,Grew Elementary School,2502790,best_match
42.314085,-71.111337,Boston,MA,45 Parley Ave,elementary,Curley,,,,
42.377723,-71.050577,Boston,MA,106 Thirteenth St Unit 236,elementary,Harvard-Kent Elementary,250279000244,Harvard-Kent Elementary School,2502790,best_match
41.748152,-70.61657,Bourne,MA,29 Lafayette Ave,elementary,Bourne,250282002909,Bourne Intermediate School,2502820,best_match
41.804275,-70.54389,Bourne,MA,3 Village Green Dr Unit 3B,elementary,Bourne,250282002909,Bourne Intermediate School,2502820,best_match
41.768276,-70.538353,Bourne,MA,6 Hilltop Dr,elementary,Bourne Elementary,250282002909,Bourne Intermediate School,2502820,distinctive_token
41.792611,-70.53303,Bourne,MA,15 Clark Rd,elementary,Bourndale Elem/Bourne Intermed,250282002664,Bournedale Elementary School,2502820,distinctive_token
41.665611,-70.6166,Bourne,MA,105 Scraggy Neck Rd,elementary,Bourndale Elementary,250486000690,North Falmouth Elementary,2504860,distinctive_token
41.785016,-70.541196,Bourne,MA,1 Homestead Rd,elementary,Bourne,250282002909,Bourne Intermediate School,2502820,best_match
41.789847,-70.540857,Bourne,MA,16 Ocean Pines Dr Unit A,elementary,Bes/Bis,,,,
41.732651,-70.617782,Bourne,MA,43 Seabreeze Dr,elementary,Bourne Elem,250282002909,Bourne Intermediate School,2502820,distinctive_token
41.747773,-70.595265,Bourne,MA,12 Honora Ln Unit 12,elementary,Bourne Intermediate,250282002909,Bourne Intermediate School,2502820,best_match
41.787689,-70.561082,Bourne,MA,7 Great Pines Dr,elementary,Bournedale Elementary,250282002664,Bournedale Elementary School,2502820,best_match
41.714321,-70.59042,Bourne,MA,17 Briggs Ave,elementary,"Bes, Bis",,,,
41.728033,-70.589954,Bourne,MA,2 Candleberry Ct Unit 2,elementary,Bourne,250282002909,Bourne Intermediate School,2502820,best_match
41.743688,-70.591451,Bourne,MA,92 Sandwich Rd Unit 4D,elementary,Bourne Elementary School,250282002909,Bourne Intermediate School,2502820,distinctive_token
41.734775,-70.61906,Bourne,MA,4 Cross Rd,elementary,Bes/Bis,,,,
41.734736,-70.616895,Bourne,MA,30 Seabreeze Dr,elementary,Bourne Elementary,250282002909,Bourne Intermediate School,2502820,distinctive_token
41.778062,-70.528765,Bourne,MA,6 Luigi Ave,elementary,Bourne,250282002909,Bourne Intermediate School,2502820,best_match
41.747773,-70.595265,Bourne,MA,3 Honora Ct Unit 3,elementary,Bourne,250282002909,Bourne Intermediate School,2502820,best_match
41.769249,-70.539497,Bourne,MA,34 Hilltop Dr,elementary,Bournedale Elem,250282002664,Bournedale Elementary School,2502820,best_match
41.771431,-70.53693,Bourne,MA,51 Commonwealth Ave,elementary,Bourne Interm.,250282002909,Bourne Intermediate School,2502820,distinctive_token
41.691128,-70.598354,Bourne,MA,22 Avery Rd,elementary,Bournedale Elementary,250486000690,North Falmouth Elementary,2504860,distinctive_token
41.748214,-70.609336,Bourne,MA,10 Harrison Ave Unit 2,elementary,Bourne,250282002909,Bourne Intermediate School,2502820,best_match
41.748214,-70.609336,Bourne,MA,10 Harrison Ave Unit 3,elementary,Bourne,250282002909,Bourne Intermediate School,2502820,best_match
41.748214,-70.609336,Bourne,MA,10 Harrison Ave Unit 1,elementary,Bourne,250282002909,Bourne Intermediate School,2502820,best_match
41.748214,-70.609336,Bourne,MA,10 Harrison Ave Unit 4,elementary,Bourne,250282002909,Bourne Intermediate School,2502820,best_match
42.491318,-71.528765,Boxborough,MA,368 Hill Rd,elementary,Blanchard Memorial,250171000356,Blanchard Memorial School,2501710,best_match
42.471724,-71.534702,Boxborough,MA,324 Old Harvard Rd,elementary,Blanchard Memorial,250171000356,Blanchard Memorial School,2501710,best_match
42.504304,-71.492325,Boxborough,MA,171 Depot Rd,elementary,Blanchard Memorial,250171000356,Blanchard Memorial School,2501710,best_match
42.48814,-71.513893,Boxborough,MA,215 Middle Rd,elementary,Blanchard Memorial,250171000356,Blanchard Memorial School,2501710,best_match
42.480279,-71.490563,Boxborough,MA,78 Macintosh Ln Unit 78,elementary,Blanchard,250171000356,Blanchard Memorial School,2501710,best_match
42.493508,-71.543497,Boxborough,MA,35 Swanson Ct Apt 32D,elementary,Ab Regional,,,,
42.493508,-71.543497,Boxborough,MA,53 Swanson Ct Apt 16C,elementary,Blanchard Memorial,250171000356,Blanchard Memorial School,2501710,best_match
42.47637,-71.495195,Boxborough,MA,117 Summer Rd,elementary,Choice Of 6,,,,
42.509467,-71.513233,Boxborough,MA,41 Leonard Rd Unit 41,elementary,Blanchard,250171000356,Blanchard Memorial School,2501710,best_match
42.494157,-71.541962,Boxborough,MA,15 Spencer Rd Apt 22E,elementary,Blanchard Memorial,250171000356,Blanchard Memorial School,2501710,best_match
42.480495,-71.492126,Boxborough,MA,146 Russet Ln Unit 146,elementary,Blanchard,250171000356,Blanchard Memorial School,2501710,best_match
42.482696,-71.516029,Boxborough,MA,773 Massachusetts Ave Apt B9,elementary,Blanchard,250171000356,Blanchard Memorial School,2501710,best_match
42.469068,-71.506026,Boxborough,MA,40 Bicentenial Way,elementary,Ab Regional,,,,
42.679576,-71.002832,Boxford,MA,100 High Ridge Rd,elementary,Cole/Spofford,250288000357,Harry Lee Cole,2502880,slash_split
42.695684,-71.059722,Boxford,MA,536 Ipswich Rd,elementary,Cole/Spofford,250288000357,Harry Lee Cole,2502880,slash_split
42.644612,-70.984287,Boxford,MA,42 Lockwood Ln,elementary,Cole/Spofford,250288000357,Harry Lee Cole,2502880,slash_split
42.633319,-70.978331,Boxford,MA,7 Fuller Ln,elementary,Harry Lee Cole,250288000357,Harry Lee Cole,2502880,best_match
42.698836,-71.035248,Boxford,MA,10 Highland Rd,elementary,Cole/Spofford,250288000357,Harry Lee Cole,2502880,slash_split
42.709946,-71.054273,Boxford,MA,12 W Parish Ln,elementary,Cole/Spofford,250288000358,Spofford Pond,2502880,distinctive_token
42.698031,-71.054257,Boxford,MA,26 Mount Vernon Rd,elementary,Cole/Spofford,250288000357,Harry Lee Cole,2502880,slash_split
42.656232,-70.984903,Boxford,MA,2 Pinehurst Dr,elementary,Cole/Spofford,250288000357,Harry Lee Cole,2502880,slash_split
42.686202,-71.00734,Boxford,MA,10 Fieldstone Way,elementary,Spofford Pond,250288000358,Spofford Pond,2502880,best_match
42.647255,-70.978189,Boxford,MA,25 Haymeadow Rd,elementary,Spofford Pond School,250288000358,Spofford Pond,2502880,best_match
42.661181,-70.998578,Boxford,MA,15 Elm St,elementary,Cole/Spofford,250288000357,Harry Lee Cole,2502880,slash_split
42.703857,-71.026849,Boxford,MA,106 Spofford Rd,elementary,Cole/Spofford,250288000357,Harry Lee Cole,2502880,slash_split
42.664407,-71.017237,Boxford,MA,8 Ashland Rd,elementary,Cole/Spofford,250288000357,Harry Lee Cole,2502880,slash_split
42.70886,-71.039036,Boxford,MA,28 Deer Run Rd,elementary,Cole/Spofford,250288000357,Harry Lee Cole,2502880,slash_split
42.653,-70.970142,Boxford,MA,39 Joseph Smith Way,elementary,Cole/Spofford,250288000357,Harry Lee Cole,2502880,slash_split
42.623675,-70.982541,Boxford,MA,2 Gina Way,elementary,Cole/Spofford,250288000357,Harry Lee Cole,2502880,distinctive_token
42.6598,-70.96677,Boxford,MA,147 Bare Hill Rd,elementary,Cole/Spofford,250288000357,Harry Lee Cole,2502880,slash_split
42.66193,-71.01946,Boxford,MA,9 Towne Rd,elementary,Cole/Spofford,250288000357,Harry Lee Cole,2502880,slash_split
42.673497,-70.973295,Boxford,MA,34 Roberts Rd,elementary,Boxford Elem,,,,
42.690538,-71.008782,Boxford,MA,261 Ipswich Rd,elementary,Boxford,,,,
42.347932,-71.717677,Boylston,MA,9 Bay Path Dr,elementary,Boylston Elementary,250258002912,Boylston Elementary School,2502580,best_match
42.333182,-71.748615,Boylston,MA,183 Main St,elementary,Boylston Elem,250258002912,Boylston Elementary School,2502580,best_match
42.333182,-71.748615,Boylston,MA,183 Main St,elementary,Boylston Elem,250258002912,Boylston Elementary School,2502580,best_match
42.32932,-71.736873,Boylston,MA,211 Sewall St,elementary,Boylston Elem,250258002912,Boylston Elementary School,2502580,best_match
42.353576,-71.719433,Boylston,MA,173 Central St,elementary,Boylston Elementary,250258002912,Boylston Elementary School,2502580,best_match
42.342602,-71.73649,Boylston,MA,904 Edgebrook Dr Unit 904,elementary,Boylston Elementary School,250258002912,Boylston Elementary School,2502580,best_match
42.330044,-71.70925,Boylston,MA,Barnard Hill Rd Lot 49,elementary,Boylston Elementary,250258002912,Boylston Elementary School,2502580,best_match
42.333182,-71.748615,Boylston,MA,183 Main St,elementary,Boylston Elem,250258002912,Boylston Elementary School,2502580,best_match
42.19619,-70.983709,Braintree Town,MA,760 Liberty St,elementary,Liberty Elementary School,250294000368,Liberty,2502940,best_match
42.172514,-71.010194,Braintree Town,MA,2008 Washington St,elementary,Liberty,250294000368,Liberty,2502940,best_match
42.229397,-70.989428,Braintree Town,MA,623 Commercial St,elementary,Donald E Ross,250294000363,Donald Ross,2502940,best_match
42.168724,-70.999969,Braintree Town,MA,1740 Liberty St Unit D,elementary,Liberty (Formerly Highlands),,,,
42.22836,-71.002192,Braintree Town,MA,161 Cedar St,elementary,Flaherty,250294000367,Mary E Flaherty School,2502940,best_match
42.213946,-70.971272,Braintree Town,MA,11 Stonewood Ln,elementary,Morrison Elementary,250294000360,Archie T Morrison,2502940,distinctive_token
42.226748,-70.993374,Braintree Town,MA,16 Elmlawn Rd,elementary,Donald Ross Elementary,250294000363,Donald Ross,2502940,best_match
42.215466,-70.982845,Braintree Town,MA,45 Sun Valley Dr,elementary,Morrison,250294000360,Archie T Morrison,2502940,best_match
42.17993,-71.00911,Braintree Town,MA,23 Sheraton Ave,elementary,Highlands On Peach St,250294000365,Highlands,2502940,best_match
42.208302,-70.982258,Braintree Town,MA,363 Liberty St,elementary,Morrison,250294000360,Archie T Morrison,2502940,best_match
42.230675,-70.995949,Braintree Town,MA,146 Burroughs Rd,elementary,Ross,250294000363,Donald Ross,2502940,best_match
42.201607,-71.016957,Braintree Town,MA,12 Royal Lake Dr Apt 8,elementary,Liberty,250294000368,Liberty,2502940,best_match
42.227259,-70.977488,Braintree Town,MA,7 Somerville Ave,elementary,Donald Ross,250294000363,Donald Ross,2502940,best_match
42.184804,-70.991909,Braintree Town,MA,37 Michele Ln,elementary,Liberty,250294000368,Liberty,2502940,best_match
42.218564,-71.007493,Braintree Town,MA,49 Cochato Rd,elementary,Flaherty,250294000367,Mary E Flaherty School,2502940,best_match
42.18125,-71.010895,Braintree Town,MA,53 Park Ave,elementary,Highland,250294000365,Highlands,2502940,embedding
42.175252,-70.984189,Braintree Town,MA,73 Bradford Commons Ln Unit 73,elementary,Highland,250294000365,Highlands,2502940,embedding
42.173726,-71.016817,Braintree Town,MA,36 Woodside Ave,elementary,Highlands Elementary,250294000365,Highlands,2502940,best_match
42.194203,-70.974338,Braintree Town,MA,501 Commerce Dr Unit 1210,elementary,Liberty,250294000368,Liberty,2502940,best_match
42.207479,-71.011303,Braintree Town,MA,14 Sumner Ave,elementary,Hollis,250294002570,Hollis,2502940,best_match
42.191692,-70.984644,Braintree Town,MA,894 Liberty St Unit 10,elementary,Liberty,250294000368,Liberty,2502940,best_match
42.195169,-70.975105,Braintree Town,MA,1201 Matthew Woods Dr Unit 1201,elementary,Liberty,250294000368,Liberty,2502940,best_match
42.226165,-70.984733,Braintree Town,MA,29 Wilkins Rd,elementary,Donald Ross Elementary,250294000363,Donald Ross,2502940,best_match
42.200124,-70.99776,Braintree Town,MA,414 John Mahar Hwy Unit A209,elementary,Monatiquot,250294002789,Monatiquot Kindergarten Center,2502940,best_match
42.191692,-70.984644,Braintree Town,MA,894 Liberty St Unit 10,elementary,Liberty,250294000368,Liberty,2502940,best_match
41.738645,-70.116098,Brewster,MA,98 Leland Rd,elementary,Brewster,,,,
41.757895,-70.047426,Brewster,MA,3 Howland Cir Unit 3,elementary,Stony Brook Elementary School,250297000374,Stony Brook Elementary,2502970,best_match
41.757895,-70.047426,Brewster,MA,27 Billington Ln Unit 27,elementary,Stonybrook/Eddy,250297000841,Eddy Elementary,2502970,distinctive_token
41.757895,-70.047426,Brewster,MA,43 Trevor Ln Unit 43,elementary,Stonybrook,250297000374,Stony Brook Elementary,2502970,embedding
41.757895,-70.047426,Brewster,MA,210 Billington Ln Unit 210,elementary,Stoney/Eddy Schools,250297000841,Eddy Elementary,2502970,distinctive_token
41.752526,-70.084698,Brewster,MA,10 Park Ln,elementary,Eddy/Stony Brook,250297000374,Stony Brook Elementary,2502970,distinctive_token
41.730092,-70.091925,Brewster,MA,210 Pine Bluff Rd,elementary,Brewster,,,,
41.772764,-70.019909,Brewster,MA,5 Maple Ln,elementary,Stonybrook/Eddy,250297000841,Eddy Elementary,2502970,distinctive_token
41.750345,-70.119467,Brewster,MA,Ridgewood Dr,elementary,Stony Brook/Eddy,250297000374,Stony Brook Elementary,2502970,distinctive_token
41.769686,-70.060121,Brewster,MA,116 Bittersweet Dr,elementary,Brewster Public School,,,,
41.750345,-70.119467,Brewster,MA,Ridgewood Dr,elementary,Stony Brook/Eddy,250297000374,Stony Brook Elementary,2502970,distinctive_token
41.951572,-70.988237,Bridgewater Town,MA,246 Cross St,elementary,Williams Intermediate,250303002657,Williams Intermediate School,2503030,best_match
42.000006,-70.98469,Bridgewater Town,MA,31 High St,elementary,George H Mitche,250309002655,Manthala George Jr. School,2503090,distinctive_token
41.981417,-70.953802,Bridgewater Town,MA,391 Water St,elementary,Mitchell Elementary,250303002643,Mitchell Elementary School,2503030,best_match
41.997412,-70.971672,Bridgewater Town,MA,285 Broad St,elementary,Mitchell,250303002643,Mitchell Elementary School,2503030,embedding
41.992751,-70.982801,Bridgewater Town,MA,180 Main St Apt 1109,elementary,Mitchell,250303002643,Mitchell Elementary School,2503030,embedding
41.972939,-70.94129,Bridgewater Town,MA,339 Auburn St,elementary,George H. Mitchell,,,,
41.97995,-70.927258,Bridgewater Town,MA,2 Oldfield Rd,elementary,Mitchell,250303002643,Mitchell Elementary School,2503030,embedding
41.992751,-70.982801,Bridgewater Town,MA,180 Main St Apt 1205,elementary,Mitchell,250303002643,Mitchell Elementary School,2503030,embedding
41.96601,-70.977818,Bridgewater Town,MA,27 Brian Rd,elementary,Mitchell,250303002643,Mitchell Elementary School,2503030,best_match
42.006707,-70.967043,Bridgewater Town,MA,229 Comfort St Unit 229,elementary,Mitchell,250303002643,Mitchell Elementary School,2503030,embedding
42.000102,-70.951944,Bridgewater Town,MA,115 Arrowhead Dr,elementary,Mitchell,250303002643,Mitchell Elementary School,2503030,embedding
41.999881,-70.988003,Bridgewater Town,MA,158 Rowayne Park,elementary,Mitchell Elementary,250303002643,Mitchell Elementary School,2503030,best_match
41.967912,-70.944234,Bridgewater Town,MA,34 Pratt Ave,elementary,Mitchell,250303002643,Mitchell Elementary School,2503030,best_match
41.995267,-70.985959,Bridgewater Town,MA,120 Mary Ln Apt 3,elementary,Williams,250303002657,Williams Intermediate School,2503030,best_match
41.992751,-70.982801,Bridgewater Town,MA,180 Main St Apt 5109,elementary,George H Elem/ Williams Inter,250309002655,Manthala George Jr. School,2503090,slash_split
41.983103,-70.974926,Bridgewater Town,MA,115 Springhill Ave,elementary,Mitchell,250303002643,Mitchell Elementary School,2503030,embedding
41.951801,-71.006208,Bridgewater Town,MA,45 Spruce St,elementary,Laliberte,250303001755,Laliberte Elementary School,2503030,best_match
41.98217,-70.916033,Bridgewater Town,MA,74 Magnolia Way,elementary,Mitchell,250303002643,Mitchell Elementary School,2503030,embedding
41.979327,-71.021297,Bridgewater Town,MA,365 Elm St,elementary,Mitchell Elementary,250303002643,Mitchell Elementary School,2503030,best_match
42.101141,-72.22445,Brimfield,MA,98 Hollow Rd,elementary,Brimfield Elementary,250306000381,Brimfield Elementary,2503060,best_match
42.160748,-72.207875,Brimfield,MA,292 Warren Rd,elementary,Brimfield Elem,250306000381,Brimfield Elementary,2503060,best_match
42.155291,-72.141859,Brimfield,MA,41 Apple Rd,elementary,Brimfield,250306000381,Brimfield Elementary,2503060,best_match
42.132348,-72.154933,Brimfield,MA,79 7th St,elementary,Brimfield Elementary,250306000381,Brimfield Elementary,2503060,best_match
42.118439,-72.242595,Brimfield,MA,199 Palmer Rd,elementary,Brimfield Elem,250306000381,Brimfield Elementary,2503060,best_match
42.129304,-72.190116,Brimfield,MA,8 Oakwood Rd,elementary,Brimfield El,250306000381,Brimfield Elementary,2503060,distinctive_token
42.12567,-72.199422,Brimfield,MA,12 Hillside Dr,elementary,Brimfield Elementery,250306000381,Brimfield Elementary,2503060,distinctive_token
42.132348,-72.154933,Brimfield,MA,79 7th St,elementary,Brimfield Elementary,250306000381,Brimfield Elementary,2503060,best_match
42.161033,-72.209098,Brimfield,MA,293 Warren Rd,elementary,Brimfield Elementary,250306000381,Brimfield Elementary,2503060,best_match
42.160779,-72.20915,Brimfield,MA,291 Warren Rd,elementary,Brimfield Elem,250306000381,Brimfield Elementary,2503060,best_match
42.145483,-72.204605,Brimfield,MA,67 Tower Hill Rd,elementary,Brimfield,250306000381,Brimfield Elementary,2503060,best_match
42.109165,-71.032112,Brockton,MA,19 Mellen St,elementary,Oscar F. Raymond,250309000405,Oscar F Raymond,2503090,best_match
42.044033,-71.015182,Brockton,MA,4 Fairway Dr,elementary,Kennedy Elementry,250309000401,John F Kennedy,2503090,distinctive_token
42.109775,-71.033443,Brockton,MA,Sutton St Lot 21,elementary,Choice Of 3,,,,
42.0811,-71.039793,Brockton,MA,26 W Elm Ter,elementary,Arnone,250309000388,Dr W Arnone Community School,2503090,best_match
42.078757,-71.031893,Brockton,MA,270 Belmont Ave,elementary,Choice Of 3,,,,
42.066479,-71.036438,Brockton,MA,31 Harlan Dr,elementary,Kennedy Or Choice Of 3,250309000401,John F Kennedy,2503090,distinctive_token
42.076223,-71.055797,Brockton,MA,110 Fairview Ave,elementary,West Side Junior High,250309002655,Manthala George Jr. School,2503090,distinctive_token
42.084805,-71.03954,Brockton,MA,40 Sycamore St,elementary,Kennedy/Hancock,250309000396,Hancock,2503090,best_match
42.087704,-71.003105,Brockton,MA,34 Provost St,elementary,Mary E. Baker,250309002649,Mary E. Baker School,2503090,best_match
42.068812,-71.071394,Brockton,MA,21 Tosca Dr,elementary,Hancock,250309000396,Hancock,2503090,best_match
42.057556,-71.045155,Brockton,MA,11 Longview Rd,elementary,Kennedy,250309000401,John F Kennedy,2503090,best_match
42.059821,-71.06485,Brockton,MA,11 Shields Ave,elementary,Downey Elementary,250309000387,Downey,2503090,best_match
42.050838,-70.997802,Brockton,MA,82 Twelfth Ave,elementary,Davis School,,,,
42.086223,-71.033018,Brockton,MA,36 Poplar Rd,elementary,Arnone Community,250309000388,Dr W Arnone Community School,2503090,best_match
42.09197,-71.030169,Brockton,MA,95 Prospect Ter,elementary,Manthala George Jr.,250309002655,Manthala George Jr. School,2503090,best_match
42.054299,-71.000982,Brockton,MA,359 Plain St,elementary,Davis,,,,
42.080668,-71.037802,Brockton,MA,425 W Elm St Apt 7,elementary,Arnone,250309000388,Dr W Arnone Community School,2503090,best_match
42.092704,-71.025377,Brockton,MA,132 Huntington St,elementary,Angelo,250309001132,Louis F Angelo Elementary,2503090,best_match
42.072016,-71.018037,Brockton,MA,10 Main Street Pl,elementary,Huntington Elementary School,,,,
42.078616,-70.99857,Brockton,MA,52 Jacob St,elementary,Downey,250309000387,Downey,2503090,best_match
42.093104,-71.022483,Brockton,MA,69 Huntington St,elementary,Angelo,250309001132,Louis F Angelo Elementary,2503090,best_match
42.060831,-71.03506,Brockton,MA,56 Cottage Grove Ave,elementary,John F. Kennedy,250309000401,John F Kennedy,2503090,best_match
42.123728,-71.004616,Brockton,MA,57 Gary Rd,elementary,Brookfield Elementary,250309000386,Brookfield,2503090,best_match
42.097496,-70.995406,Brockton,MA,105 Cairn Rd,elementary,Baker School,250309002649,Mary E. Baker School,2503090,best_match
42.125365,-71.003321,Brockton,MA,79 Brookville Ave,elementary,Brookfield,250309000386,Brookfield,2503090,best_match
42.052159,-71.013959,Brockton,MA,35 Longworth Ave Unit 12,elementary,Gilmore Elementary,250309000398,Gilmore Elementary School,2503090,best_match
42.072873,-71.056428,Brockton,MA,22 Pondview Cir,elementary,Hancock,250309000396,Hancock,2503090,best_match
42.068499,-71.002084,Brockton,MA,383 Summer St,elementary,Davis Or Choice,,,,
42.093179,-71.017129,Brockton,MA,361 N Montello St,elementary,Louis F Angelo,250309001132,Louis F Angelo Elementary,2503090,best_match
42.096375,-71.000147,Brockton,MA,35 Donna St,elementary,Baker Or Brookfield Or Downey,,,,
42.052159,-71.013959,Brockton,MA,35 Longworth Ave Unit 25,elementary,Choice Of 3,,,,
42.071638,-71.030449,Brockton,MA,190 Manomet St,elementary,Arnone Community School,250309000388,Dr W Arnone Community School,2503090,best_match
42.075886,-71.021286,Brockton,MA,39 Harvard St,elementary,Arnone,250309000388,Dr W Arnone Community School,2503090,best_match
42.171702,-72.077686,Brookfield,MA,75 Allen Rd,elementary,Brookfield Elementary School,250312000413,Brookfield Elementary,2503120,best_match
42.222056,-72.102872,Brookfield,MA,16 Main St,elementary,Brookfied Elementary School,,,,
42.19761,-72.101324,Brookfield,MA,22 Rice Corner Rd,elementary,Brookfield,250312000413,Brookfield Elementary,2503120,embedding
42.204224,-72.117527,Brookfield,MA,8 Martin Rd,elementary,Brookfield,250312000413,Brookfield Elementary,2503120,embedding
42.21754,-72.097203,Brookfield,MA,10 Green St,elementary,Brookfield,250312000413,Brookfield Elementary,2503120,embedding
42.18737,-72.135063,Brookfield,MA,41 Deer Run,elementary,Dept Of Ed,,,,
42.202605,-72.073391,Brookfield,MA,1 Pine Ln,elementary,Brookfield Elementary,250312000413,Brookfield Elementary,2503120,best_match
42.214752,-72.100182,Brookfield,MA,15-17 Central St,elementary,Brookfield,250312000413,Brookfield Elementary,2503120,embedding
42.215931,-72.101955,Brookfield,MA,Main St Lot 1,elementary,Brookfied Elementary School,,,,
42.326347,-71.116755,Brookline,MA,65 Glen Rd Apt H4,elementary,Lincoln,250861001370,Lincoln-Eliot,2508610,best_match
42.340829,-71.135185,Brookline,MA,35 Westbourne Ter Apt 2,elementary,Michaeldriscoll,,,,
42.331495,-71.145681,Brookline,MA,540 Chestnut Hill Ave,elementary,Runkle,,,,
42.337679,-71.136393,Brookline,MA,16 Garrison Rd Unit 7A,elementary,John D Runkle,,,,
42.30508,-71.159395,Brookline,MA,142 Beverly Rd,elementary,Edith C. Baker,,,,
42.336288,-71.147499,Brookline,MA,1895A Beacon St Unit 1895A,elementary,Runkle,,,,
42.338102,-71.142272,Brookline,MA,1774 Beacon St Apt 6,elementary,Driscoll,,,,
42.298016,-71.152768,Brookline,MA,291 Russett Rd,elementary,Edith Baker,,,,
42.34762,-71.123128,Brookline,MA,100 Beals St,elementary,Florida Ruffin Ridley School,,,,
42.344525,-71.119268,Brookline,MA,58 Pleasant St Apt 6,elementary,Florida Ridley,,,,
42.317565,-71.13749,Brookline,MA,71 Sears Rd,elementary,Hayes,,,,
42.322713,-71.158035,Brookline,MA,401 Heath St,elementary,Hayes School,,,,
42.340222,-71.134146,Brookline,MA,1600 Beacon St Apt 902,elementary,Driscoll,,,,
42.314042,-71.141768,Brookline,MA,11 Country Rd,elementary,Roland Hayes,,,,
42.337178,-71.136794,Brookline,MA,231 Rawson Rd Apt 6,elementary,Brookline Public Schools,250002200514,Benjamin Banneker Charter Public School,2500022,distinctive_token
42.307291,-71.156524,Brookline,MA,518 Newton St,elementary,Baker,,,,
42.318029,-71.13182,Brookline,MA,63 Goddard Ave,elementary,Hayes,,,,
42.340623,-71.11882,Brookline,MA,45 Longwood Ave Apt 408,elementary,Lawrence,,,,
42.30743,-71.14921,Brookline,MA,365 Newton St,elementary,Baker,,,,
42.32654,-71.130414,Brookline,MA,108 Codman Rd,elementary,Lincoln,250861001370,Lincoln-Eliot,2508610,best_match
42.339201,-71.134091,Brookline,MA,1601 Beacon St Apt 302,elementary,Driscoll,,,,
42.319538,-71.141136,Brookline,MA,68 Clyde St,elementary,Heath,,,,
42.328195,-71.159707,Brookline,MA,144 Middlesex Rd Apt 2,elementary,Heath,,,,
42.317912,-71.133054,Brookline,MA,280 Warren St,elementary,Roland Hayes,,,,
42.335948,-71.138248,Brookline,MA,54 Regent Cir Unit 54,elementary,Runkle,,,,
42.336939,-71.147766,Brookline,MA,1896 Beacon St Apt 1,elementary,Runkle,,,,
42.336553,-71.138428,Brookline,MA,322 Tappan St Unit 2,elementary,Runkle,,,,
42.340808,-71.13351,Brookline,MA,2 Mason Ter,elementary,Driscoll,,,,
42.34531,-71.132225,Brookline,MA,197 Winchester St Unit 1,elementary,Frr / Driscoll,,,,
42.345353,-71.122425,Brookline,MA,60 Babcock St Apt 53,elementary,Ridley,,,,
42.332462,-71.118744,Brookline,MA,220-224 Washington St Unit 3,elementary,Pierce,,,,
42.337215,-71.130719,Brookline,MA,63 Winthrop Rd Unit 1,elementary,Pierce,,,,
42.341189,-71.129981,Brookline,MA,80 Mason Ter,elementary,Driscoll School,,,,
42.32321,-71.151469,Brookline,MA,40 Singletree Rd,elementary,Heath,,,,
42.334086,-71.146353,Brookline,MA,9 Willard Rd,elementary,Runkle,,,,
42.336611,-71.138447,Brookline,MA,324 Tappan St,elementary,Driscoll,,,,
42.33739,-71.139908,Brookline,MA,1731 Beacon St Apt 202,elementary,Runkle/Driscoll,,,,
42.325156,-71.13531,Brookline,MA,68 Dudley St,elementary,Heath/Lincoln (Buffer),250861001370,Lincoln-Eliot,2508610,distinctive_token
42.335152,-71.111624,Brookline,MA,551 Brookline Ave Apt 4,elementary,Lawrence,,,,
42.325269,-71.137113,Brookline,MA,128 Dudley St,elementary,Buffer Heath/Lincoln,250861001370,Lincoln-Eliot,2508610,distinctive_token
42.330871,-71.132369,Brookline,MA,50 Sumner Rd,elementary,Runkle School,,,,
42.3265,-71.127191,Brookline,MA,1 Chestnut Pl,elementary,Lincoln,250861001370,Lincoln-Eliot,2508610,best_match
42.349337,-71.113069,Brookline,MA,39 Worthington Rd,elementary,Lawrence/Frr,,,,
42.330191,-71.139599,Brookline,MA,120 Seaver St Unit B204,elementary,Runkle,,,,
42.339739,-71.127973,Brookline,MA,1471 Beacon St Unit 10PH,elementary,Driscoll,,,,
42.347928,-71.118848,Brookline,MA,201 Freeman St Apt A7,elementary,Florida Ruffin Riddley,,,,
42.338596,-71.145357,Brookline,MA,21 Englewood Ave Apt 2,elementary,Runkle Or Michael Driscoll,,,,
42.310411,-71.142772,Brookline,MA,191 Newton St,elementary,Baker/Heath,,,,
42.323681,-71.162155,Brookline,MA,1148 Boylston St,elementary,Heath,,,,
42.321882,-71.163793,Brookline,MA,629 Hammond St Unit E205,elementary,Baker/Heath,,,,
42.324863,-71.136993,Brookline,MA,140 Dudley St,elementary,Hayes/Lincoln Buffer,250861001370,Lincoln-Eliot,2508610,distinctive_token
42.30439,-71.165211,Brookline,MA,129 Rangeley Rd,elementary,Baker School,,,,
42.345748,-71.126151,Brookline,MA,18 Naples Rd,elementary,Florida Ruffin Ridley,,,,
42.341374,-71.118054,Brookline,MA,50 Longwood Ave Apt 1118,elementary,Lawrence,,,,
42.340366,-71.118975,Brookline,MA,30 Stearns Rd Apt 505,elementary,Lawrence,,,,
42.30533,-71.154456,Brookline,MA,76 Goodnough Rd,elementary,Baker,,,,
42.337244,-71.138096,Brookline,MA,56 Garrison Rd Unit 56,elementary,Runkle,,,,
42.333073,-71.116921,Brookline,MA,34 Station St Apt 3,elementary,Pierce,,,,
42.339224,-71.116469,Brookline,MA,83 Francis St Apt 5,elementary,Amos A. Lawrence School,,,,
42.335979,-71.112,Brookline,MA,23 Netherlands Rd Apt 1,elementary,Lawrence,,,,
42.348547,-71.120628,Brookline,MA,157 Babcock St Apt 2,elementary,Ridley,,,,
42.339115,-71.124199,Brookline,MA,79 Park St Apt 3,elementary,Pierce,,,,
42.322962,-71.155579,Brookline,MA,331 Heath St,elementary,Heath,,,,
42.349846,-71.125748,Brookline,MA,177 Thorndike St Unit 1,elementary,Ridley,,,,
42.325695,-71.118446,Brookline,MA,57 Highland Rd Unit 59,elementary,Lincoln,250861001370,Lincoln-Eliot,2508610,best_match
42.343574,-71.118571,Brookline,MA,12 James St Unit B,elementary,Florida Ruffin Ridley,,,,
42.34762,-71.123128,Brookline,MA,100 Beals St,elementary,Florida Ruffin Ridley School,,,,
42.327078,-71.122302,Brookline,MA,50 Franklin St,elementary,William H Lincoln School,,,,
42.33438,-71.117683,Brookline,MA,19 Linden St,elementary,Pierce,,,,
42.330286,-71.115509,Brookline,MA,33 Pond Ave Apt 915,elementary,Pierce/Lincoln,250861001370,Lincoln-Eliot,2508610,distinctive_token
42.338231,-71.141721,Brookline,MA,1762 Beacon St Unit 4,elementary,Driscoll/Runkle,,,,
42.331318,-71.123242,Brookline,MA,50 Cameron St Unit 50,elementary,Pierce/Lincoln,250861001370,Lincoln-Eliot,2508610,distinctive_token
42.34075,-71.117972,Brookline,MA,63 Longwood Ave Apt 2,elementary,Pierce/Lawrence,,,,
42.33739,-71.139908,Brookline,MA,1731 Beacon St Apt 915,elementary,Runkle/Driscoll,,,,
42.341223,-71.114766,Brookline,MA,14 Marshal St Unit 1,elementary,Lawrence,,,,
42.346336,-71.121278,Brookline,MA,95 Babcock St,elementary,Ridley,,,,
42.325275,-71.141017,Brookline,MA,40 Heath Hill St,elementary,Hayes,,,,
42.344982,-71.115479,Brookline,MA,7 Parkman St Apt 1,elementary,Lawrence (Ridley Buffer),,,,
42.339802,-71.125061,Brookline,MA,80 Vernon St Unit 1B,elementary,Pierce,,,,
42.326424,-71.154407,Brookline,MA,130 Fairway Rd,elementary,Heath,,,,
42.330286,-71.115509,Brookline,MA,99 Pond Ave Apt 417,elementary,Pierce,,,,
42.347485,-71.125031,Brookline,MA,123 Fuller St Unit B,elementary,Florida Ruffin Ridley,,,,
42.33739,-71.139908,Brookline,MA,1731 Beacon St Apt 520,elementary,Runkle/Driscoll,,,,
42.330286,-71.115509,Brookline,MA,44 Washington St Apt 206,elementary,Pierce/Lincoln,250861001370,Lincoln-Eliot,2508610,distinctive_token
42.322431,-71.131503,Brookline,MA,185 Warren St,elementary,Hayes/Lincoln,250861001370,Lincoln-Eliot,2508610,distinctive_token
42.341882,-71.137986,Brookline,MA,9 Bartlett Cres Unit 1,elementary,Driscoll,,,,
42.350845,-71.120667,Brookline,MA,21 Crowninshield Rd Unit 21,elementary,Ruffin Ridley,,,,
42.341537,-71.117188,Brookline,MA,135 Saint Paul St Unit 5,elementary,Lawrence,,,,
42.331108,-71.15365,Brookline,MA,520 Clinton Rd,elementary,Hayes,,,,
42.340623,-71.11882,Brookline,MA,45 Longwood Ave Apt 707,elementary,Lawrence,,,,
42.334086,-71.146353,Brookline,MA,9 Willard Rd,elementary,Runkle,,,,
42.339739,-71.127973,Brookline,MA,1471 Beacon St Apt 1,elementary,Driscoll Ridley,,,,
42.330982,-71.120019,Brookline,MA,98 Boylston St Apt 2,elementary,Pierce,,,,
42.326491,-71.12526,Brookline,MA,68 Chestnut St Apt 2,elementary,Lincoln,250861001370,Lincoln-Eliot,2508610,best_match
42.320416,-71.131516,Brookline,MA,39 Cottage St,elementary,Roland Hayes,,,,
42.333714,-71.115967,Brookline,MA,58 Kent St Apt 404,elementary,Pierce,,,,
42.340829,-71.135185,Brookline,MA,33 Westbourne Ter Apt 3,elementary,Driscoll School,,,,
42.330286,-71.115509,Brookline,MA,77 Pond Ave Apt 901,elementary,Pierce/ Lincoln,250861001370,Lincoln-Eliot,2508610,distinctive_token
42.330286,-71.115509,Brookline,MA,44 Washington St Apt 605,elementary,Pierce/Lincoln,250861001370,Lincoln-Eliot,2508610,distinctive_token
42.338274,-71.113807,Brookline,MA,21 Kent Sq Unit 2,elementary,Lawrence,,,,
42.320416,-71.131516,Brookline,MA,39 Cottage St,elementary,Roland Hayes,,,,
42.330286,-71.115509,Brookline,MA,77 Pond Ave Apt 612,elementary,Pierce/Lincoln,250861001370,Lincoln-Eliot,2508610,distinctive_token
42.331909,-71.131038,Brookline,MA,101 Sumner Rd Unit 1,elementary,Pierce,,,,
42.331177,-71.122673,Brookline,MA,8 Leverett St Unit 4,elementary,Lincoln/Pierce Buffer,250861001370,Lincoln-Eliot,2508610,distinctive_token
42.325959,-71.125815,Brookline,MA,22 Chestnut Pl Apt 306,elementary,Lincoln,250861001370,Lincoln-Eliot,2508610,best_match
42.333714,-71.115967,Brookline,MA,58 Kent St Apt 403,elementary,Pierce,,,,
42.318395,-71.140734,Brookline,MA,Sears Rd,elementary,Hayes,,,,
42.337621,-71.132222,Brookline,MA,91 University Rd Apt 2,elementary,Driscoll,,,,
42.350222,-71.122029,Brookline,MA,53 Winslow Rd,elementary,K-8 Florida Ruffin Ridley,,,,
42.604693,-72.761813,Buckland,MA,30 E Buckland Rd,elementary,Buckshlb Elementary,,,,
42.580175,-72.812784,Buckland,MA,55 Orcutt Hill Rd,elementary,Buck/Shlb,,,,
42.578604,-72.756269,Buckland,MA,120 Bray Rd,elementary,Buckland Shelburne Elementary,250799000424,Buckland-Shelburne Regional,2507990,distinctive_token
42.520565,-71.219123,Burlington,MA,11 Saint Marys Rd,elementary,Pine Glen,250324000432,Pine Glen Elementary,2503240,best_match
42.496917,-71.196253,Burlington,MA,26 Arlington Rd,elementary,Francis Wyman,250324000844,Francis Wyman Elementary,2503240,best_match
42.472075,-71.204208,Burlington,MA,9 Eugene Rd,elementary,Memorial Elem,250324000431,Memorial,2503240,best_match
42.513986,-71.224592,Burlington,MA,4 Eastern Ave,elementary,Francis Wyman Elementary,250324000844,Francis Wyman Elementary,2503240,best_match
42.533391,-71.19715,Burlington,MA,32 Westwood St,elementary,Fox Hill,250324000427,Fox Hill,2503240,best_match
42.504931,-71.184256,Burlington,MA,10 Locust St,elementary,Memorial,250324000431,Memorial,2503240,best_match
42.507579,-71.180906,Burlington,MA,9 Sparhawk Dr,elementary,Memorial Elementry,250324000431,Memorial,2503240,best_match
42.519472,-71.197113,Burlington,MA,179 Fox Hill Rd,elementary,Fox Hill Elementary,250324000427,Fox Hill,2503240,best_match
42.49206,-71.17763,Burlington,MA,6 Fairlawn Ave,elementary,Check W Supt,,,,
42.494852,-71.18417,Burlington,MA,30 Keans Rd,elementary,Memorial Elementary,250324000431,Memorial,2503240,best_match
42.499024,-71.18026,Burlington,MA,106 Winn St,elementary,Memorial,250324000431,Memorial,2503240,best_match
42.508342,-71.169436,Burlington,MA,129 Pearl St,elementary,Memorial,250324000431,Memorial,2503240,best_match
42.494248,-71.174849,Burlington,MA,2 Frances Rd,elementary,Memorial,250324000431,Memorial,2503240,best_match
42.510206,-71.226724,Burlington,MA,4 Foster Rd,elementary,Francis Wyman,250324000844,Francis Wyman Elementary,2503240,best_match
42.50413,-71.201556,Burlington,MA,29 Bedford St,elementary,Francis Wyman,250324000844,Francis Wyman Elementary,2503240,best_match
42.53769,-71.19892,Burlington,MA,10 Lisa St,elementary,Fox Hill School,250324000427,Fox Hill,2503240,best_match
42.492363,-71.211703,Burlington,MA,18 James St,elementary,Francis Wyman,250324000844,Francis Wyman Elementary,2503240,best_match
42.512046,-71.202315,Burlington,MA,235 Cambridge St Unit 202,elementary,Pine Glen,250324000432,Pine Glen Elementary,2503240,best_match
42.497979,-71.206183,Burlington,MA,22 Marrett Rd,elementary,Pine Glenn,250324000432,Pine Glen Elementary,2503240,distinctive_token
42.537188,-71.199912,Burlington,MA,5 Lisa St,elementary,Fox Hill,250324000427,Fox Hill,2503240,best_match
42.49206,-71.17763,Burlington,MA,6 Fairlawn Ave,elementary,Check W Supt,,,,
42.519102,-71.195341,Burlington,MA,23 Patriot Rd,elementary,Fox Hill,250324000427,Fox Hill,2503240,best_match
42.502072,-71.227091,Burlington,MA,134 Bedford St,elementary,Francis Wyman,250324000844,Francis Wyman Elementary,2503240,best_match
42.476511,-71.203049,Burlington,MA,3B Reserve Way Unit 3B,elementary,Francis Wyman,250324000844,Francis Wyman Elementary,2503240,best_match
42.513738,-71.204085,Burlington,MA,6 Arthur Woods Ave,elementary,Pine Glen,250324000432,Pine Glen Elementary,2503240,best_match
42.499379,-71.205573,Burlington,MA,17 Maud Graham Cir,elementary,Francis Wyman,250324000844,Francis Wyman Elementary,2503240,best_match
42.506475,-71.186679,Burlington,MA,174 Winn St,elementary,Memorial,250324000431,Memorial,2503240,best_match
42.501611,-71.210208,Burlington,MA,18 Druid Hill Ave,elementary,Francis Wyman,250324000844,Francis Wyman Elementary,2503240,best_match
42.498896,-71.21908,Burlington,MA,13 Hallmark Gdn Unit 1,elementary,Francis Wyman Elementary,250324000844,Francis Wyman Elementary,2503240,best_match
42.509003,-71.226074,Burlington,MA,1A Highland Way,elementary,Francis Wyman,250324000844,Francis Wyman Elementary,2503240,best_match
42.528914,-71.203685,Burlington,MA,7 Alcine Ln,elementary,Pine Glen,250324000432,Pine Glen Elementary,2503240,best_match
42.507727,-71.229818,Burlington,MA,12 Corcoran Rd,elementary,Francis Wyman,250324000844,Francis Wyman Elementary,2503240,best_match
41.748152,-70.61657,Buzzards Bay,MA,29 Lafayette Ave,elementary,Bourne,250282002909,Bourne Intermediate School,2502820,best_match
41.747773,-70.595265,Buzzards Bay,MA,12 Honora Ln Unit 12,elementary,Bourne Intermediate,250282002909,Bourne Intermediate School,2502820,best_match
41.748513,-70.629183,Buzzards Bay,MA,8 Onset Ave,elementary,Wareham Elementary,250282002664,Bournedale Elementary School,2502820,distinctive_token
41.747773,-70.595265,Buzzards Bay,MA,3 Honora Ct Unit 3,elementary,Bourne,250282002909,Bourne Intermediate School,2502820,best_match
41.748214,-70.609336,Buzzards Bay,MA,10 Harrison Ave Unit 2,elementary,Bourne,250282002909,Bourne Intermediate School,2502820,best_match
41.748214,-70.609336,Buzzards Bay,MA,10 Harrison Ave Unit 3,elementary,Bourne,250282002909,Bourne Intermediate School,2502820,best_match
41.748214,-70.609336,Buzzards Bay,MA,10 Harrison Ave Unit 1,elementary,Bourne,250282002909,Bourne Intermediate School,2502820,best_match
41.748214,-70.609336,Buzzards Bay,MA,10 Harrison Ave Unit 4,elementary,Bourne,250282002909,Bourne Intermediate School,2502820,best_match
42.369529,-71.089776,Cambridge,MA,17 Michael Way,elementary,Kennedy-Longfellow,250327000444,Kennedy-Longfellow,2503270,best_match
42.39214,-71.136986,Cambridge,MA,312 Rindge Ave Apt 1,elementary,Peabody,250327000447,Peabody,2503270,best_match
42.377604,-71.147835,Cambridge,MA,1 Aberdeen Way Ste 115,elementary,Cambridge Public School,250002200514,Benjamin Banneker Charter Public School,2500022,distinctive_token
42.367939,-71.104599,Cambridge,MA,23-25 Inman St,elementary,Cambridge Public Schools,250002200514,Benjamin Banneker Charter Public School,2500022,distinctive_token
42.365472,-71.077583,Cambridge,MA,10 Rogers St Apt 227,elementary,Kennedy,250327000444,Kennedy-Longfellow,2503270,embedding
42.370888,-71.093231,Cambridge,MA,11 Lincoln,elementary,Martin Luther King Jr,250327000443,Martin Luther King Jr.,2503270,best_match
42.370399,-71.07776,Cambridge,MA,17 Otis St Unit 105,elementary,Kennedy-Longfellow,250327000444,Kennedy-Longfellow,2503270,best_match
42.183503,-71.122768,Canton,MA,6 Wentworth Rd,elementary,Hansen,,,,
42.157961,-71.081851,Canton,MA,480 York St,elementary,Hanson,,,,
42.178911,-71.099289,Canton,MA,85 York St,elementary,Hansen,,,,
42.187103,-71.128502,Canton,MA,29 Old Coach Rd,elementary,Hanson,,,,
42.155322,-71.159167,Canton,MA,37 Grand St,elementary,Kennedy,250330000454,John F Kennedy,2503300,best_match
42.191769,-71.119036,Canton,MA,4 Ponkapoag Way,elementary,Hansen Elementary,251125001858,Helen Hansen Elementary,2511250,best_match
42.141136,-71.161243,Canton,MA,59 Trayer Rd,elementary,Kennedy,250330000454,John F Kennedy,2503300,best_match
42.170709,-71.148973,Canton,MA,203 Chapman St,elementary,Jfk Elementary,250993002596,J F Kennedy Elementary,2509930,abbrev_expand
42.165166,-71.126805,Canton,MA,62 Pleasant Cir,elementary,Luce Elementary,250330000452,Dean S Luce,2503300,distinctive_token
42.195665,-71.135408,Canton,MA,41 Algonquin Rd,elementary,Hansen,250330000455,Lt Peter M Hansen,2503300,best_match
42.148533,-71.146834,Canton,MA,42 Messinger St Unit 42,elementary,Dean S. Luce,250330000452,Dean S Luce,2503300,best_match
42.188164,-71.098797,Canton,MA,16 Harrison Rd,elementary,Hanson,,,,
42.166682,-71.14083,Canton,MA,1115 Washington St,elementary,Kennedy,250330000454,John F Kennedy,2503300,best_match
42.177007,-71.145702,Canton,MA,10 Cedarcrest Rd,elementary,Kennedy,250330000454,John F Kennedy,2503300,best_match
42.148774,-71.145011,Canton,MA,3 Walnut Knls,elementary,Luce,250330000452,Dean S Luce,2503300,best_match
42.147934,-71.099284,Canton,MA,35 Indian Woods Way Unit 35,elementary,Hansen,,,,
42.151396,-71.128109,Canton,MA,862 Pleasant St,elementary,Luce,250330000452,Dean S Luce,2503300,best_match
42.15617,-71.144968,Canton,MA,717 Washington St Unit E,elementary,Kennedy,250330000454,John F Kennedy,2503300,best_match
42.149484,-71.122691,Canton,MA,15 Sapphire Cir Lot 3,elementary,Dean S. Luce,250330000452,Dean S Luce,2503300,best_match
42.159394,-71.084468,Canton,MA,448 York St,elementary,Lt Peter M Hansen,250330000455,Lt Peter M Hansen,2503300,best_match
42.183008,-71.089672,Canton,MA,30 Horseshoe Ln,elementary,Hansen,250330000455,Lt Peter M Hansen,2503300,best_match
42.175411,-71.154116,Canton,MA,50 Cedarcrest Rd,elementary,John F. Kennedy Elementary,250330000454,John F Kennedy,2503300,best_match
42.154109,-71.134095,Canton,MA,8 Casey St,elementary,Luce,250330000452,Dean S Luce,2503300,best_match
42.154779,-71.144708,Canton,MA,24 Forge Pond Unit B,elementary,Luce,250330000452,Dean S Luce,2503300,best_match
42.151185,-71.141566,Canton,MA,149 Bolivar St Apt B2,elementary,Luce,250330000452,Dean S Luce,2503300,best_match
42.149213,-71.141146,Canton,MA,207 Mechanic St Unit 207,elementary,Dean S. Luce,250330000452,Dean S Luce,2503300,best_match
42.15331,-71.151635,Canton,MA,90 Neponset St Apt 1001,elementary,Luce Kennedy,250330000452,Dean S Luce,2503300,distinctive_token
42.147643,-71.140942,Canton,MA,5 Sapphire Cir Lot 4,elementary,Dean S. Luce,250330000452,Dean S Luce,2503300,best_match
42.185466,-71.096881,Canton,MA,980 Randolph St,elementary,Hanson,,,,
42.15416,-71.150261,Canton,MA,75 Neponset St Unit 75,elementary,Kennedy School,250330000454,John F Kennedy,2503300,best_match
42.14573,-71.122086,Canton,MA,54 Will Dr Unit 87,elementary,Luce,250330000452,Dean S Luce,2503300,best_match
42.159896,-71.134589,Canton,MA,79 Prospect St,elementary,Luce,250330000452,Dean S Luce,2503300,best_match
42.147643,-71.140942,Canton,MA,20 Sapphire Cir Lot 2,elementary,Dean S. Luce,250330000452,Dean S Luce,2503300,best_match
42.148533,-71.146834,Canton,MA,42 Messinger St Unit 42,elementary,Dean S. Luce,250330000452,Dean S Luce,2503300,best_match
42.160168,-71.142348,Canton,MA,6 Audubon Way Unit 6,elementary,Luce,250330000452,Dean S Luce,2503300,best_match
42.149198,-71.130126,Canton,MA,23 Pine St Unit K,elementary,Luce,250330000452,Dean S Luce,2503300,best_match
42.164011,-71.079211,Canton,MA,3 Stonewood Dr,elementary,Hansen,,,,
42.186591,-71.148469,Canton,MA,210 Dedham St,elementary,Kennedy,250330000454,John F Kennedy,2503300,best_match
42.159893,-71.141922,Canton,MA,20 Audubon Way Apt 102,elementary,Luce,250330000452,Dean S Luce,2503300,best_match
42.159893,-71.141922,Canton,MA,20 Audubon Way Apt 310,elementary,Luce,250330000452,Dean S Luce,2503300,best_match
42.513835,-71.362461,Carlisle,MA,122 Russell St,elementary,Carlsile School,,,,
42.517027,-71.35886,Carlisle,MA,16 Garrison Way Unit 16,elementary,Carlisle,,,,
42.507422,-71.325595,Carlisle,MA,366 River Rd,elementary,Carlisle School,,,,
42.539694,-71.324177,Carlisle,MA,63 Old East St,elementary,Carlisle,,,,
42.549328,-71.315877,Carlisle,MA,1159 North Rd,elementary,Carlisle,,,,
42.514942,-71.372988,Carlisle,MA,167 South St,elementary,Carlsile School,,,,
42.539584,-71.382142,Carlisle,MA,50 Carlisle Pines Dr,elementary,Carlsile School,,,,
42.526768,-71.322612,Carlisle,MA,125 Craigie Cir,elementary,Carlisle,,,,
42.529214,-71.349299,Carlisle,MA,5 Lowell St Unit 5,elementary,Carlisle,,,,
42.53413,-71.3689,Carlisle,MA,58 Johnson Rd,elementary,Carlisle,,,,
42.517027,-71.35886,Carlisle,MA,16 Garrison Way Unit 16,elementary,Carlisle,,,,
42.53469,-71.35011,Carlisle,MA,225 Lowell St,elementary,Carlisle,,,,
42.548976,-71.328951,Carlisle,MA,400 Rutland St,elementary,Carlsile School,,,,
42.53469,-71.35011,Carlisle,MA,225 Lowell St,elementary,Carlisle,,,,
42.53469,-71.35011,Carlisle,MA,225 Lowell St,elementary,Carlisle Public School,,,,
42.511772,-71.332245,Carlisle,MA,19 Birch Ln Unit 19,elementary,Carlisle Complex,,,,
42.504415,-71.321661,Carlisle,MA,389 River Rd,elementary,Carlisle Campus,,,,
42.516807,-71.376561,Carlisle,MA,Heald Rd,elementary,Carlisle,,,,
42.537852,-71.33282,Carlisle,MA,78 Carroll Dr,elementary,Carlisle Complex,,,,
42.522299,-71.380414,Carlisle,MA,Judy Farm Rd,elementary,Carlisle,,,,
42.544103,-71.322841,Carlisle,MA,3 Oak Knoll Rd,elementary,Carlsile School,,,,
42.504415,-71.321661,Carlisle,MA,389 River Rd,elementary,Carlisle Campus,,,,
42.511772,-71.332245,Carlisle,MA,19 Birch Ln Unit 19,elementary,Carlisle Complex,,,,
42.533869,-71.394285,Carlisle,MA,75 West St,elementary,Carlisle Public,,,,
41.85558,-70.758533,Carver,MA,40 S Main St,elementary,Carver Elementary,250336002661,Carver Elementary School,2503360,best_match
41.888868,-70.780407,Carver,MA,46A Crystal Lake Dr,elementary,Carver Elementary,250336002661,Carver Elementary School,2503360,best_match
41.896693,-70.744883,Carver,MA,99 S Meadow Rd,elementary,Carver Elementary,250336002661,Carver Elementary School,2503360,best_match
41.857562,-70.757173,Carver,MA,28 S Main St,elementary,Carver Elementary,250336002661,Carver Elementary School,2503360,best_match
41.82667,-70.736248,Carver,MA,5 Cheryl Ln,elementary,Carver Elementary,250336002661,Carver Elementary School,2503360,best_match
41.889873,-70.739668,Carver,MA,55-9 South Meadow Vlg,elementary,Carver Elementary,250336002661,Carver Elementary School,2503360,best_match
41.936028,-70.784248,Carver,MA,86 High St Unit 1,elementary,Carver Elementary,250336002661,Carver Elementary School,2503360,best_match
41.936028,-70.784248,Carver,MA,86 High St Unit 2,elementary,Carver Elementary,250336002661,Carver Elementary School,2503360,best_match
41.936028,-70.784248,Carver,MA,86 High St Unit 1,elementary,Carver Elementary,250336002661,Carver Elementary School,2503360,best_match
41.936028,-70.784248,Carver,MA,86 High St Unit 2,elementary,Carver Elementary,250336002661,Carver Elementary School,2503360,best_match
41.858734,-70.740636,Carver,MA,Ohana Way Lot 2,elementary,Carver Elementary,250336002661,Carver Elementary School,2503360,best_match
42.078793,-70.649294,Cedar Crest,MA,122 Beach St,elementary,Governor Edward Winslow,250735001140,Gov Edward Winslow,2507350,distinctive_token
42.078457,-70.657993,Cedar Crest,MA,245 Careswell St,elementary,Gov Winslow,250735001140,Gov Edward Winslow,2507350,best_match
42.076099,-70.667392,Cedar Crest,MA,39 Everett St,elementary,Winslow,250735001140,Gov Edward Winslow,2507350,best_match
42.616356,-72.837813,Charlemont,MA,552 S River Rd,elementary,Hawlemont,250600000869,Hawlemont Regional,2506000,best_match
42.663634,-72.895958,Charlemont,MA,520 Legate Hill Rd,elementary,Hawlemont,250600000869,Hawlemont Regional,2506000,best_match
42.640313,-72.903616,Charlemont,MA,62 Schaefer Way,elementary,Hawlemont,250600000869,Hawlemont Regional,2506000,best_match
42.656563,-72.93493,Charlemont,MA,20 Rowe Rd,elementary,Hawlemont,250600000869,Hawlemont Regional,2506000,best_match
42.623768,-72.882567,Charlemont,MA,14 E Hawley Rd,elementary,Hawlemont,250600000869,Hawlemont Regional,2506000,best_match
42.622238,-72.756638,Charlemont,MA,2151 Route 2,elementary,Hawlemont Regional Elementary,250799000424,Buckland-Shelburne Regional,2507990,distinctive_token
42.6291,-72.889837,Charlemont,MA,2153 Route 2,elementary,Hawlemont Regional Elementary,250600000869,Hawlemont Regional,2506000,best_match
42.622936,-72.757088,Charlemont,MA,2155 Route 2,elementary,Hawlemont Regional Elementary,250799000424,Buckland-Shelburne Regional,2507990,distinctive_token
42.134397,-72.001366,Charlton,MA,84 Southbridge Rd,elementary,Charlton Elementary School,250436000585,Charlton Elementary,2504360,best_match
42.099437,-71.977315,Charlton,MA,73 E Baylies Rd,elementary,Charlton Elem,250436000585,Charlton Elementary,2504360,best_match
42.169424,-71.978228,Charlton,MA,193 Center Depot Rd,elementary,Charlton Elementary,250436000585,Charlton Elementary,2504360,best_match
42.143338,-71.943693,Charlton,MA,36 Old Worcester Rd,elementary,Per Board Of Education,,,,
42.120227,-71.91692,Charlton,MA,180 Oxford Rd,elementary,Charlton Elementary,250436000585,Charlton Elementary,2504360,best_match
42.103688,-71.950972,Charlton,MA,18 Ramshorn Rd,elementary,Heritage School,250436002518,Heritage School,2504360,best_match
42.17087,-71.977674,Charlton,MA,203 Center Depot Rd,elementary,Charlton Elementary School,250436000585,Charlton Elementary,2504360,best_match
42.090601,-71.919862,Charlton,MA,16 Lindsey Ln,elementary,Heritage School,250436002518,Heritage School,2504360,best_match
42.125081,-71.919436,Charlton,MA,11B Colicum Dr,elementary,Heritage School,250436002518,Heritage School,2504360,best_match
42.157234,-71.992917,Charlton,MA,45 Hollywood Dr,elementary,Char Elem/ Heritage,250436002518,Heritage School,2504360,best_match
42.120353,-71.983743,Charlton,MA,130 Burlingame Rd,elementary,Charlton Elementary,250436000585,Charlton Elementary,2504360,best_match
42.180655,-72.010119,Charlton,MA,25 Casey Rd,elementary,Charlton Es/ Heritage,250436000585,Charlton Elementary,2504360,distinctive_token
42.153248,-71.99331,Charlton,MA,68 Brookfield Rd Unit 102,elementary,Heritage,250436002518,Heritage School,2504360,best_match
42.117976,-71.947254,Charlton,MA,112 Bond Rd,elementary,Charlton Elementary School,250436000585,Charlton Elementary,2504360,best_match
42.100843,-71.978771,Charlton,MA,1 McIntyre Rd,elementary,Charlton Elementary,250436000585,Charlton Elementary,2504360,best_match
42.120637,-72.029107,Charlton,MA,64 Number 10 Schoolhouse Rd,elementary,Charlton Elem,250436000585,Charlton Elementary,2504360,best_match
42.161215,-71.998451,Charlton,MA,5 Osgood Rd,elementary,Heritage,250436002518,Heritage School,2504360,best_match
42.108646,-71.995286,Charlton,MA,57 Pumpkin Ln,elementary,Charlton Elementary,250436000585,Charlton Elementary,2504360,best_match
42.090888,-71.970421,Charlton,MA,Saundersdale Rd Lot 2,elementary,Charlton Elem,250436000585,Charlton Elementary,2504360,best_match
42.145155,-71.962532,Charlton,MA,Northside Rd Lot 8,elementary,Char. Elem/ Her,250436000585,Charlton Elementary,2504360,distinctive_token
42.157703,-71.942902,Charlton,MA,21 Brackett Hill Rd,elementary,Charlton Elem/ Heritage,250436000585,Charlton Elementary,2504360,distinctive_token
42.106187,-71.903965,Charlton,MA,12 McKinstry Dr,elementary,Heritage,250436002518,Heritage School,2504360,best_match
42.182545,-71.917723,Charlton,MA,6 Marrissa Cir,elementary,Charlton Elementary,250436000585,Charlton Elementary,2504360,best_match
42.172689,-71.924829,Charlton,MA,39 Hycrest Rd,elementary,Charlton,250436000585,Charlton Elementary,2504360,best_match
42.129373,-72.027936,Charlton,MA,74 Hill Rd Unit A,elementary,Heritage School,250436002518,Heritage School,2504360,best_match
42.089313,-71.950661,Charlton,MA,Baker Pond Rd Lot C,elementary,Char Elementary,,,,
42.144184,-72.007584,Charlton,MA,68 74 Sturbridge Rd,elementary,Charlton Elem.,250436000585,Charlton Elementary,2504360,best_match
42.175111,-71.977852,Charlton,MA,Curtis Hill Rd,elementary,Charlton Elementary School,250436000585,Charlton Elementary,2504360,best_match
41.675367,-69.990508,Chatham,MA,268 Barn Hill Rd,elementary,Chatham,250054400469,Chatham Elementary School,2500544,best_match
41.674605,-69.994925,Chatham,MA,50 Pine Ridge Rd,elementary,Chatham,250054400469,Chatham Elementary School,2500544,best_match
41.699134,-69.971732,Chatham,MA,41 Court St,elementary,Chatham,250054400469,Chatham Elementary School,2500544,best_match
41.679219,-69.958678,Chatham,MA,15 Shattuck Pl Unit 15,elementary,Chatham,250054400469,Chatham Elementary School,2500544,best_match
41.683412,-69.964042,Chatham,MA,739 Main St Unit 739,elementary,Chatham,250054400469,Chatham Elementary School,2500544,best_match
41.694162,-69.9771,Chatham,MA,55 Winterset Dr,elementary,Chatham,250054400469,Chatham Elementary School,2500544,best_match
41.666214,-69.954998,Chatham,MA,3 Oyster Dr,elementary,Chatham,250054400469,Chatham Elementary School,2500544,best_match
41.674511,-69.982828,Chatham,MA,70 Judges Way,elementary,Chatham,250054400469,Chatham Elementary School,2500544,best_match
41.675932,-69.998278,Chatham,MA,38 Indian Trl,elementary,Chatham,250054400469,Chatham Elementary School,2500544,best_match
41.688032,-70.024807,Chatham,MA,58 Tirrells Way,elementary,Chatham,250054400469,Chatham Elementary School,2500544,best_match
41.670436,-69.979342,Chatham,MA,60 Harbor Hill Rd,elementary,Chatham,250054400469,Chatham Elementary School,2500544,best_match
41.669416,-69.971251,Chatham,MA,15 Windy Hill Way,elementary,Chatham,250054400469,Chatham Elementary School,2500544,best_match
41.670054,-69.976363,Chatham,MA,330 Champlain Rd,elementary,Chatham,250054400469,Chatham Elementary School,2500544,best_match
42.627142,-71.382856,Chelmsford,MA,16 Edgelawn Ave,elementary,Harrington,250351000474,Charles D Harrington,2503510,best_match
42.599438,-71.366423,Chelmsford,MA,7 Clover Hill Dr,elementary,Byam School,250351000472,Byam School,2503510,best_match
42.62117,-71.402696,Chelmsford,MA,185 Main St,elementary,Harrington Elementary,250351000474,Charles D Harrington,2503510,distinctive_token
42.639372,-71.389236,Chelmsford,MA,10 Marinel Ave,elementary,Harrington Elementary,250351000474,Charles D Harrington,2503510,distinctive_token
42.570679,-71.374926,Chelmsford,MA,18 Proctor Rd,elementary,Byam,250351000472,Byam School,2503510,best_match
42.614325,-71.339699,Chelmsford,MA,10 Dorrance St,elementary,Center Elementary School,250351001300,Center Elementary School,2503510,best_match
42.574585,-71.341183,Chelmsford,MA,17 Parlee Rd,elementary,South Row Elementary School,250351000480,South Row,2503510,best_match
42.64792,-71.398494,Chelmsford,MA,9 Cross St Apt 7,elementary,Harrington,250351000474,Charles D Harrington,2503510,best_match
42.604516,-71.35476,Chelmsford,MA,74 North Rd,elementary,Center Elementary School,250351001300,Center Elementary School,2503510,best_match
42.644374,-71.394031,Chelmsford,MA,30 Dunshire Dr,elementary,Harrington Elementary,250351000474,Charles D Harrington,2503510,distinctive_token
42.580718,-71.341374,Chelmsford,MA,4 Mill Rd,elementary,South Row,250351000480,South Row,2503510,best_match
42.614325,-71.339699,Chelmsford,MA,10 Dorrance St,elementary,Center,,,,
42.616596,-71.39862,Chelmsford,MA,14 Naylor Ave,elementary,Harrington Elementary School,250351000474,Charles D Harrington,2503510,distinctive_token
42.61934,-71.394986,Chelmsford,MA,61 Jordan St,elementary,Harrington,250351000474,Charles D Harrington,2503510,best_match
42.572096,-71.379882,Chelmsford,MA,19 Maple Rd,elementary,Byam,250351000472,Byam School,2503510,best_match
42.5683,-71.368875,Chelmsford,MA,75 Proctor Rd,elementary,Byam,250351000472,Byam School,2503510,best_match
42.579817,-71.389911,Chelmsford,MA,360 Littleton Rd Unit A1,elementary,Byam Elementary,250351000472,Byam School,2503510,best_match
42.569391,-71.35577,Chelmsford,MA,77 Old Stage Rd,elementary,South Row,250351000480,South Row,2503510,best_match
42.621516,-71.404425,Chelmsford,MA,8 Barry Dr,elementary,Harrington Elementary School,250351000474,Charles D Harrington,2503510,distinctive_token
42.612739,-71.375048,Chelmsford,MA,40 Grandview Rd,elementary,Center Elementary,250351001300,Center Elementary School,2503510,best_match
42.569774,-71.378114,Chelmsford,MA,2 Purcell Dr,elementary,Byam,250351000472,Byam School,2503510,best_match
42.609628,-71.342468,Chelmsford,MA,29 Stedman St,elementary,Center,,,,
42.610402,-71.339352,Chelmsford,MA,5 Sylvan Ave,elementary,Center Elementary,250351001300,Center Elementary School,2503510,best_match
42.611039,-71.337335,Chelmsford,MA,230 Chelmsford St,elementary,Center,,,,
42.63234,-71.396838,Chelmsford,MA,15 Kiberd Dr,elementary,"Center, Byam, S Row,Harrington",250351000474,Charles D Harrington,2503510,distinctive_token
42.646605,-71.384376,Chelmsford,MA,139 Wellman Ave Unit 139,elementary,Harrington,250351000474,Charles D Harrington,2503510,best_match
42.616596,-71.39862,Chelmsford,MA,14 Naylor Ave,elementary,Harrington Elementary School,250351000474,Charles D Harrington,2503510,distinctive_token
42.646605,-71.384376,Chelmsford,MA,215 Wellman Ave Unit 215,elementary,Harrington,250351000474,Charles D Harrington,2503510,best_match
42.608744,-71.329077,Chelmsford,MA,37 Glen Ave Unit 15,elementary,Center Elementary School,250351001300,Center Elementary School,2503510,best_match
42.591172,-71.398005,Chelmsford,MA,8 Galloway Rd,elementary,Byam Elementary,250351000472,Byam School,2503510,best_match
42.645195,-71.393716,Chelmsford,MA,3 Pailet Dr Apt 7,elementary,Harrington,250351000474,Charles D Harrington,2503510,best_match
42.615512,-71.359404,Chelmsford,MA,9 Claude Rd,elementary,Center Elementary,250351001300,Center Elementary School,2503510,best_match
42.579817,-71.389911,Chelmsford,MA,360 Littleton Rd Unit H5,elementary,Parker,250267000184,Parker,2502670,best_match
42.592566,-71.370886,Chelmsford,MA,175 Littleton Rd Unit A2,elementary,Byam Elementary School,250351000472,Byam School,2503510,best_match
42.625439,-71.383186,Chelmsford,MA,29 Lamplighter Ln,elementary,Harrington,250351000474,Charles D Harrington,2503510,best_match
42.631088,-71.409477,Chelmsford,MA,3 Doris Dr,elementary,Harrington Elementary School,250351000474,Charles D Harrington,2503510,distinctive_token
42.408752,-71.032936,Chelsea,MA,67 Cook Ave,elementary,"Hooks,Sokolowski,Kelly,Berkowi",,,,
42.398872,-71.02742,Chelsea,MA,21 John St,elementary,Check W/ Supt,,,,
42.38876,-71.049854,Chelsea,MA,26 Breakwater Dr Unit 26,elementary,Shurtleff Early,250354000235,Shurtleff Early Childhood,2503540,best_match
42.400941,-71.01347,Chelsea,MA,427 Crescent Ave,elementary,Chelsea Public Schools,250002200514,Benjamin Banneker Charter Public School,2500022,distinctive_token
42.389135,-71.025623,Chelsea,MA,175 Cottage St Apt 504,elementary,Sokolowski,250354000859,Frank M Sokolowski Elementary,2503540,best_match
42.398545,-71.021731,Chelsea,MA,60 Dudley St Apt 32,elementary,Chelsea Public,250002200514,Benjamin Banneker Charter Public School,2500022,distinctive_token
42.388408,-71.040515,Chelsea,MA,40 Williams St Apt C,elementary,Shurtleff,250354000235,Shurtleff Early Childhood,2503540,best_match
42.398549,-71.021542,Chelsea,MA,60 Dudley St Apt 25,elementary,Mary C. Burke Element. Complex,,,,
42.398886,-71.021741,Chelsea,MA,60 Dudley St Apt 322,elementary,Chelsea Public,250002200514,Benjamin Banneker Charter Public School,2500022,distinctive_token
42.393164,-71.035783,Chelsea,MA,230 Chestnut St,elementary,Joseph A. Brown School,251089001732,Benjamin G Brown,2510890,distinctive_token
42.401025,-71.019935,Chelsea,MA,254 Spencer Ave Apt 5,elementary,Berkowitz Elementary,250354000847,William A Berkowitz Elementary,2503540,best_match
42.547616,-73.180219,Cheshire,MA,40 Willow Cove Rd,elementary,Hoosac Valley Elementary,250816002887,Lanesborough Elementary,2508160,distinctive_token
42.57135,-73.15535,Cheshire,MA,477 State Rd,elementary,Hoosac Valley Elementary,250178000023,Hoosac Valley Elementary School,2501780,best_match
42.562788,-73.193737,Cheshire,MA,192 Curran Rd,elementary,Hoosac Valley Elementary,250816002887,Lanesborough Elementary,2508160,distinctive_token
42.568749,-73.157877,Cheshire,MA,335 North St,elementary,Hoosac Valley Elementary,250178000023,Hoosac Valley Elementary School,2501780,best_match
42.533864,-73.183519,Cheshire,MA,47 Ingalls Rd,elementary,Hoosac Valley Elementary,250816002887,Lanesborough Elementary,2508160,distinctive_token
42.566929,-73.144196,Cheshire,MA,31 2nd Ave,elementary,Hoosac Valley Elementary,250178000023,Hoosac Valley Elementary School,2501780,best_match
42.568749,-73.157877,Cheshire,MA,335 North St,elementary,Hoosac Valley Elementary,250178000023,Hoosac Valley Elementary School,2501780,best_match
42.563944,-73.145344,Cheshire,MA,174 Wells Rd,elementary,Hoosac Valley Elementary,250178000023,Hoosac Valley Elementary School,2501780,best_match
42.567242,-73.14801,Cheshire,MA,7 Third Ave,elementary,Hoosac Valley Elementary,250178000023,Hoosac Valley Elementary School,2501780,best_match
42.563022,-73.153129,Cheshire,MA,115 Main St,elementary,Hoosac Valley Elementary,250178000023,Hoosac Valley Elementary School,2501780,best_match
42.521086,-73.184951,Cheshire,MA,222 Brough Rd,elementary,Hoosac Valley Elementary,250816002887,Lanesborough Elementary,2508160,distinctive_token
42.578757,-73.161225,Cheshire,MA,Outlook Ave,elementary,Hoosac Valley Elementary,250178000023,Hoosac Valley Elementary School,2501780,best_match
42.570654,-73.127672,Cheshire,MA,487 Jenks Rd,elementary,Hoosac Valley Elementary,250178000023,Hoosac Valley Elementary School,2501780,best_match
42.58543,-73.086666,Cheshire,MA,Stewart White Rd Lot 9E,elementary,Hoosac Valley Elementary,250178000023,Hoosac Valley Elementary School,2501780,best_match
42.555022,-73.174214,Cheshire,MA,Horns Beach Rd,elementary,Hoosac Valley Elementary,250816002887,Lanesborough Elementary,2508160,distinctive_token
42.417159,-72.835779,Chesterfield,MA,54 Bray Rd,elementary,Hingham Element,250001401275,New Hingham Regional Elementary,2500014,distinctive_token
42.383939,-72.830423,Chesterfield,MA,3 Stage Rd,elementary,New Hingham,250001401275,New Hingham Regional Elementary,2500014,best_match
42.40749,-72.841016,Chesterfield,MA,Pynchon Rd,elementary,New Hingham,250001401275,New Hingham Regional Elementary,2500014,best_match
42.183863,-72.618922,Chicopee,MA,126 Warregan St,elementary,Per Ed,,,,
42.184673,-72.601152,Chicopee,MA,32 Wilmont St,elementary,Lambert-Lavoie Elementary,250366000501,Lambert-Lavoie,2503660,best_match
42.186986,-72.600805,Chicopee,MA,56 Montville St Unit 56,elementary,Lambert-Lavoie,250366000501,Lambert-Lavoie,2503660,best_match
42.184148,-72.567774,Chicopee,MA,27 Bostwick Ln,elementary,Bowie Elementary School,250366000493,Bowie,2503660,best_match
42.197734,-72.551552,Chicopee,MA,75 Outer Dr Unit 75,elementary,Bowie Memorial School,250366000493,Bowie,2503660,best_match
42.165678,-72.568014,Chicopee,MA,239 Fuller Rd,elementary,Barry,250366000489,Barry,2503660,best_match
42.148678,-72.565208,Chicopee,MA,11-13 Chateaugay St,elementary,As Per Bd. Of Education,251113002853,Early Childhood Education Center,2511130,distinctive_token
42.153825,-72.571972,Chicopee,MA,140 Ruskin St,elementary,Chicopee Public Schools,251113002723,Springfield Public Day Elementary School,2511130,distinctive_token
42.14414,-72.611499,Chicopee,MA,7 Park St,elementary,Patrick E. Bowe School,250366000492,Bowe,2503660,best_match
42.199382,-72.568034,Chicopee,MA,98 Greenpoint Cir,elementary,Bowie Elementary,250366000493,Bowie,2503660,best_match
42.189534,-72.562608,Chicopee,MA,68 Honeysuckle Dr Unit 68,elementary,Chicopee,,,,
42.174059,-72.617466,Chicopee,MA,55 Empire St Unit 11,elementary,Selser Memorial,250366000504,Streiber Memorial School,2503660,distinctive_token
42.169537,-72.595972,Chicopee,MA,30 Dickinson St,elementary,Barry School,250366000489,Barry,2503660,best_match
41.324552,-70.766898,Chilmark,MA,18 Point Inner Way,elementary,Chilmark,250004300508,Chilmark Elementary,2500043,best_match
41.308118,-70.771635,Chilmark,MA,18 Spruce Gate Rd,elementary,Chilmark,250004300508,Chilmark Elementary,2500043,best_match
41.364006,-70.687358,Chilmark,MA,132 South Rd,elementary,Chilmark Elementary,250004300508,Chilmark Elementary,2500043,best_match
41.396767,-70.710704,Chilmark,MA,35 S Bowl Rd,elementary,Chilmark,250004300508,Chilmark Elementary,2500043,best_match
42.711895,-73.097505,Clarksburg,MA,77 Middle Rd,elementary,Clarksburg,,,,
42.710701,-73.107851,Clarksburg,MA,457 N Eagle St,elementary,Clarksburg,,,,
42.71061,-73.111294,Clarksburg,MA,418 N Houghton St,elementary,Clarksburg,,,,
42.728875,-73.114007,Clarksburg,MA,427 West Rd,elementary,Clarksburg,,,,
42.710203,-73.10614,Clarksburg,MA,31 Millard Ave,elementary,Clarksburg,,,,
42.710743,-73.111191,Clarksburg,MA,420 N Houghton St,elementary,Clarksburg,,,,
42.41799,-71.678665,Clinton,MA,65 Prescott St,elementary,Clinton Elem,250375002379,Clinton Elementary,2503750,best_match
42.412239,-71.6889,Clinton,MA,94 Summit St Unit 2,elementary,Clinton Elem,250375002379,Clinton Elementary,2503750,best_match
42.412476,-71.672903,Clinton,MA,349 Oak St,elementary,Clinton Elementary School,250375002379,Clinton Elementary,2503750,best_match
42.426566,-71.682504,Clinton,MA,520 High St Unit 7,elementary,Grades 5 Through 8,,,,
42.406792,-71.682644,Clinton,MA,5-7 Oak St,elementary,Clinton Elementary School,250375002379,Clinton Elementary,2503750,best_match
42.429613,-71.667174,Clinton,MA,511 Ridgefield Cir Unit 511B,elementary,Clinton,250375002379,Clinton Elementary,2503750,best_match
42.427905,-71.694826,Clinton,MA,227 Greeley St,elementary,C.E.S.,,,,
42.415949,-71.662925,Clinton,MA,289 Chace St Unit B,elementary,Clinton Elementary School,250375002379,Clinton Elementary,2503750,best_match
42.39728,-71.670573,Clinton,MA,1202 Hazelwood Way Unit 1202,elementary,Clinton Element,250375002379,Clinton Elementary,2503750,distinctive_token
42.417688,-71.688095,Clinton,MA,6 Nelson St Unit 6,elementary,C.E.S.,,,,
42.431802,-71.67403,Clinton,MA,11 Eileen Ave,elementary,Clinton Elementary,250375002379,Clinton Elementary,2503750,best_match
42.420833,-71.697466,Clinton,MA,155 Fitch Rd,elementary,Clinton Elem,250375002379,Clinton Elementary,2503750,best_match
42.421851,-71.681615,Clinton,MA,216 Walnut St,elementary,Clinton Elementary,250375002379,Clinton Elementary,2503750,best_match
42.39728,-71.670573,Clinton,MA,308 Sprucewood Ln Unit 308,elementary,Clinton Elem.,250375002379,Clinton Elementary,2503750,best_match
42.39728,-71.670573,Clinton,MA,705 Southwood Ln Unit 705,elementary,Clinton Elementary,250375002379,Clinton Elementary,2503750,best_match
42.426218,-71.676275,Clinton,MA,5 Nathan Dr,elementary,Clinton Elementary,250375002379,Clinton Elementary,2503750,best_match
42.421638,-71.688843,Clinton,MA,55 Sterling St Apt 305,elementary,Clinton Elem,250375002379,Clinton Elementary,2503750,best_match
42.41824,-71.684583,Clinton,MA,129 High St,elementary,Clinton Elem,250375002379,Clinton Elementary,2503750,best_match
42.39728,-71.670573,Clinton,MA,2311 Briarwood Vlg Unit 2311,elementary,Clinton Elem.,250375002379,Clinton Elementary,2503750,best_match
42.39728,-71.670573,Clinton,MA,806 Ledgewood Way Unit 806,elementary,Clinton Elementary,250375002379,Clinton Elementary,2503750,best_match
42.421638,-71.688843,Clinton,MA,55 Sterling St Apt 112,elementary,Clinton Elem,250375002379,Clinton Elementary,2503750,best_match
42.333834,-71.376729,Cochituate,MA,15 Woodland Rd,elementary,Happy Hollow,251221002008,Happy Hollow School,2512210,best_match
42.332596,-71.344899,Cochituate,MA,6 Brewster Rd,elementary,Loker,251221000153,Loker School,2512210,best_match
42.334098,-71.372885,Cochituate,MA,10 Mayflower Path,elementary,Happy Hollow,251221002008,Happy Hollow School,2512210,best_match
42.334532,-71.36807,Cochituate,MA,13 Park Ln,elementary,Happy Hollow,251221002008,Happy Hollow School,2512210,best_match
42.33535,-71.337141,Cochituate,MA,93 Hillside Dr Unit 93,elementary,Wayland,,,,
42.329069,-71.366895,Cochituate,MA,5 Crest Rd,elementary,Happy Hollow,251221002008,Happy Hollow School,2512210,best_match
42.326416,-71.377959,Cochituate,MA,190 W Plain St,elementary,Happy Hollow,251221002008,Happy Hollow School,2512210,best_match
42.338631,-71.358631,Cochituate,MA,226 Cochituate Rd,elementary,Happy Hollow,251221002008,Happy Hollow School,2512210,best_match
42.327806,-71.378102,Cochituate,MA,203 W Plain St,elementary,Happy Hollow Or Loker,251221002008,Happy Hollow School,2512210,distinctive_token
42.33535,-71.337141,Cochituate,MA,51 Hillside Dr Unit 51,elementary,Wayland Grade School,,,,
42.324486,-71.372624,Cochituate,MA,125 W Plain St,elementary,Happy Hollow,251221002008,Happy Hollow School,2512210,best_match
42.324285,-71.344813,Cochituate,MA,389 Commonwealth Rd,elementary,Locker School,,,,
42.263013,-70.825776,Cohasset,MA,520 Jerusalem Rd Apt 1A,elementary,Cohasset,,,,
42.252796,-70.79174,Cohasset,MA,41 Hobart Ln,elementary,Joseph Osgood,250378000520,Joseph Osgood,2503780,best_match
42.259678,-70.842178,Cohasset,MA,792-A Jerusalem Rd,elementary,Osgood,250378000520,Joseph Osgood,2503780,best_match
42.227735,-70.815693,Cohasset,MA,255 Pond St,elementary,Osgood - Deerhill,250378000520,Joseph Osgood,2503780,distinctive_token
42.254373,-70.810744,Cohasset,MA,20 Nichols Rd,elementary,Osgood,250378000520,Joseph Osgood,2503780,best_match
42.255047,-70.802826,Cohasset,MA,131 Nichols Rd,elementary,Osgood/Deer Hill,250378000519,Deer Hill,2503780,best_match
42.235636,-70.818872,Cohasset,MA,29 Chittenden Ln Unit 29,elementary,Osgood,250378000520,Joseph Osgood,2503780,best_match
42.241481,-70.812663,Cohasset,MA,115 Sohier St,elementary,Joseph Osgood & Deer Hill,250378000520,Joseph Osgood,2503780,embedding
42.226966,-70.802566,Cohasset,MA,17 Walnut Hill Ln,elementary,Osgood/Dh,250378000520,Joseph Osgood,2503780,distinctive_token
42.224088,-70.804542,Cohasset,MA,181 Beechwood St,elementary,Osgood School,250378000520,Joseph Osgood,2503780,best_match
42.240082,-70.795433,Cohasset,MA,87 Elm St Unit 321,elementary,Osgood/Deer Hil,250378000520,Joseph Osgood,2503780,slash_split
42.23001,-70.811516,Cohasset,MA,169 Pond St,elementary,Osgood/Deer Hill,250378000519,Deer Hill,2503780,best_match
42.228414,-70.797705,Cohasset,MA,10 Heritage Ln,elementary,Osgood/Deer Hil,250378000520,Joseph Osgood,2503780,slash_split
42.239525,-70.81646,Cohasset,MA,175 Sohier St,elementary,Osgood,250378000520,Joseph Osgood,2503780,best_match
42.260254,-70.819967,Cohasset,MA,54 Rust Way,elementary,Osgood School & Deer Hill,250378000519,Deer Hill,2503780,best_match
42.225044,-70.790268,Cohasset,MA,392 S Main St,elementary,Deer Hill/Osgood,250378000519,Deer Hill,2503780,best_match
42.244644,-70.82552,Cohasset,MA,33 Cedar Acres Ln,elementary,Deer Hill,250378000519,Deer Hill,2503780,best_match
42.255124,-70.802764,Cohasset,MA,131 Nichols Rd Unit 6,elementary,Osgood/Deer Hill,250378000519,Deer Hill,2503780,best_match
42.225728,-70.805222,Cohasset,MA,45 Hemlock Way,elementary,Osgood/Deer Hill,250378000519,Deer Hill,2503780,best_match
42.222055,-70.795239,Cohasset,MA,75 Brewster Rd,elementary,Osgood / Deer Hill,250378000519,Deer Hill,2503780,best_match
42.236485,-70.798792,Cohasset,MA,147 S Main St,elementary,Deer Hill And Osgood,250378000519,Deer Hill,2503780,best_match
42.705289,-72.686965,Colrain,MA,66 Reils Ln,elementary,Colrain Central,250799000425,Colrain Central,2507990,best_match
42.453178,-71.358036,Concord,MA,269 Sudbury Rd,elementary,Willard,250384000526,Willard,2503840,best_match
42.454754,-71.40397,Concord,MA,51 Damon St,elementary,Thoreau,250384000525,Thoreau,2503840,best_match
42.452817,-71.397839,Concord,MA,175 Central St,elementary,Thoreau,250384000525,Thoreau,2503840,best_match
42.425989,-71.373594,Concord,MA,1465 Sudbury Rd,elementary,Willard,250384000526,Willard,2503840,best_match
42.430077,-71.365621,Concord,MA,85 The Valley Rd,elementary,Willard,250384000526,Willard,2503840,best_match
42.450654,-71.41227,Concord,MA,1832 Main St,elementary,Thoreau,250384000525,Thoreau,2503840,best_match
42.457598,-71.383296,Concord,MA,3 Concord Greene Unit 3,elementary,Willard,250384000526,Willard,2503840,best_match
42.48045,-71.343559,Concord,MA,819 and 825 Monument St,elementary,Alcott,250384000521,Alcott,2503840,best_match
42.455516,-71.410919,Concord,MA,165 Old Stow Rd,elementary,Thoreau,250384000525,Thoreau,2503840,best_match
42.452858,-71.389175,Concord,MA,132 Cottage St,elementary,Willard,250384000526,Willard,2503840,best_match
42.436303,-71.406297,Concord,MA,53 Spring Rd,elementary,Willard,250384000526,Willard,2503840,best_match
42.467268,-71.346281,Concord,MA,38 Ripley Hill Rd,elementary,Alcott,250384000521,Alcott,2503840,best_match
42.492085,-71.390444,Concord,MA,784 Strawberry Hill Rd,elementary,Thoreau Elementary,250384000525,Thoreau,2503840,best_match
42.43004,-71.376797,Concord,MA,20 Powder Mill Rd,elementary,Willard Elementary,250384000526,Willard,2503840,best_match
42.457717,-71.358859,Concord,MA,32 Thoreau St Unit 32,elementary,Alcott,250384000521,Alcott,2503840,best_match
42.501797,-71.330724,Concord,MA,1722 Monument St,elementary,Alcott,250384000521,Alcott,2503840,best_match
42.455962,-71.371311,Concord,MA,653 Main St,elementary,Thoreau,250384000525,Thoreau,2503840,best_match
42.473899,-71.387593,Concord,MA,60 Lanes End,elementary,Thoreau,250384000525,Thoreau,2503840,best_match
42.44718,-71.41316,Concord,MA,62 Edgewood Rd,elementary,Thoreau,250384000525,Thoreau,2503840,best_match
42.466599,-71.325023,Concord,MA,68 Dalton Rd,elementary,Alcott,250384000521,Alcott,2503840,best_match
42.46954,-71.382906,Concord,MA,127 Lee Dr,elementary,Thoreau,250384000525,Thoreau,2503840,best_match
42.450378,-71.412598,Concord,MA,1844 Main St,elementary,Thoreau,250384000525,Thoreau,2503840,best_match
42.424869,-71.384362,Concord,MA,32 Fern St,elementary,Willard,250384000526,Willard,2503840,best_match
42.471152,-71.331151,Concord,MA,105 Prescott Rd,elementary,Alcott,250384000521,Alcott,2503840,best_match
42.498429,-71.338985,Concord,MA,215 Monument Farm Rd,elementary,Alcott,250384000521,Alcott,2503840,best_match
42.454803,-71.361125,Concord,MA,88 Southfield Rd,elementary,Thoreau,250384000525,Thoreau,2503840,best_match
42.463913,-71.364232,Concord,MA,29 Willard Cmn,elementary,Willard,250384000526,Willard,2503840,best_match
42.461649,-71.336725,Concord,MA,23 Revolutionary Rd,elementary,Alcott,250384000521,Alcott,2503840,best_match
42.458745,-71.347386,Concord,MA,70 Lexington Rd,elementary,Alcott,250384000521,Alcott,2503840,best_match
42.430189,-71.389188,Concord,MA,56 Seymour St,elementary,Willard,250384000526,Willard,2503840,best_match
42.465053,-71.364279,Concord,MA,343 Nashawtuc Rd,elementary,Willard,250384000526,Willard,2503840,best_match
42.458984,-71.344525,Concord,MA,152 Partridge Ln,elementary,Alcott,250384000521,Alcott,2503840,best_match
42.442119,-71.388268,Concord,MA,135 Williams Rd,elementary,Willard,250384000526,Willard,2503840,best_match
42.453943,-71.378616,Concord,MA,56 Old Marlboro Rd,elementary,Willard,250384000526,Willard,2503840,best_match
42.474276,-71.389291,Concord,MA,94 College Rd,elementary,Thoreau,250384000525,Thoreau,2503840,best_match
42.451589,-71.413045,Concord,MA,1814 Main St,elementary,Thoreau,250384000525,Thoreau,2503840,best_match
42.474833,-71.323492,Concord,MA,65 Mallard Dr,elementary,Alcott,250384000521,Alcott,2503840,best_match
42.452259,-71.412445,Concord,MA,39 Winslow St,elementary,Thoreau,250384000525,Thoreau,2503840,best_match
42.45439,-71.403424,Concord,MA,189 Conant St Unit 189,elementary,Thoreau,250384000525,Thoreau,2503840,best_match
42.457241,-71.384479,Concord,MA,14 Concord Greene Unit 8,elementary,Willard,250384000526,Willard,2503840,best_match
42.434783,-71.400791,Concord,MA,38 Blueberry Ln,elementary,Willard,250384000526,Willard,2503840,best_match
42.45845,-71.353765,Concord,MA,46 Sudbury Rd,elementary,Alcott,250384000521,Alcott,2503840,best_match
42.476444,-71.401352,Concord,MA,25 Black Horse Pl Unit 25,elementary,Thoreau,250384000525,Thoreau,2503840,best_match
42.45831,-71.352256,Concord,MA,25 Stow St,elementary,Alcott,250384000521,Alcott,2503840,best_match
42.469243,-71.374355,Concord,MA,308 Musterfield Rd,elementary,Willard,250384000526,Willard,2503840,best_match
42.478055,-71.395733,Concord,MA,518 Annursnac Hill Rd,elementary,Thoreau,250384000525,Thoreau,2503840,best_match
42.458562,-71.407894,Concord,MA,297 Laws Brook Rd,elementary,Thoreau Elementary,250384000525,Thoreau,2503840,best_match
42.450377,-71.412597,Concord,MA,1844 Main St Unit 1,elementary,Thoreau,250384000525,Thoreau,2503840,best_match
42.460188,-71.371162,Concord,MA,263 Elm St,elementary,Willard,250384000526,Willard,2503840,best_match
42.431345,-71.384251,Concord,MA,244 Powder Mill Rd,elementary,Willard,250384000526,Willard,2503840,best_match
42.46069,-71.336251,Concord,MA,51 Revolutionary Rd,elementary,Alcott Elementary,250384000521,Alcott,2503840,best_match
42.45439,-71.403424,Concord,MA,189 Conant St Unit 189,elementary,Thoreau,250384000525,Thoreau,2503840,best_match
42.46961,-71.322459,Concord,MA,22 Hatch Farm Ln Unit 22,elementary,Alcott,250384000521,Alcott,2503840,best_match
42.455906,-71.353156,Concord,MA,150 Hubbard St Unit B,elementary,Alcott,250384000521,Alcott,2503840,best_match
42.460716,-71.374095,Concord,MA,42 Crescent Rd,elementary,Willard,250384000526,Willard,2503840,best_match
42.462016,-71.37774,Concord,MA,161 Crescent Rd,elementary,Willard,250384000526,Willard,2503840,best_match
42.456578,-71.359567,Concord,MA,89 Grant St,elementary,Willard,250384000526,Willard,2503840,best_match
42.453733,-71.353337,Concord,MA,24 Fielding St,elementary,Alcott Elementary,250384000521,Alcott,2503840,best_match
42.456968,-71.398534,Concord,MA,54 Maple St,elementary,Thoreau,250384000525,Thoreau,2503840,best_match
42.420467,-71.385582,Concord,MA,40 Rookery Ln Unit 5,elementary,Willard,250384000526,Willard,2503840,best_match
42.420818,-71.386673,Concord,MA,72 Rookery Ln Unit 3,elementary,Willard,250384000526,Willard,2503840,best_match
42.458323,-71.372014,Concord,MA,93 Nashoba Rd,elementary,Willard,250384000526,Willard,2503840,best_match
42.430393,-71.378009,Concord,MA,18B Powder Mill Rd,elementary,Willard Elementary,250384000526,Willard,2503840,best_match
42.420628,-71.386093,Concord,MA,56 Rookery Ln Unit 4,elementary,Willard,250384000526,Willard,2503840,best_match
42.476094,-71.386188,Concord,MA,18 Isaac Davis Rd,elementary,Thoreau,250384000525,Thoreau,2503840,best_match
42.452568,-71.348991,Concord,MA,353 Thoreau St,elementary,Alcott,250384000521,Alcott,2503840,best_match
42.453188,-71.349609,Concord,MA,180 Laurel St,elementary,Alcott,250384000521,Alcott,2503840,best_match
42.476444,-71.401352,Concord,MA,25 Black Horse Pl Unit 25,elementary,Thoreau,250384000525,Thoreau,2503840,best_match
42.434419,-71.368654,Concord,MA,136 Holden Wood Rd,elementary,Willard,250384000526,Willard,2503840,best_match
42.507016,-72.709449,Conway,MA,87 Ashfield Rd,elementary,Conway Grammar School,250390000528,Conway Grammar,2503900,best_match
42.481254,-72.663676,Conway,MA,40 Whately Glen Rd,elementary,Conway Elem.,250390000528,Conway Grammar,2503900,distinctive_token
42.541217,-72.691841,Conway,MA,288 Truce Rd,elementary,Conway Elementary,250390000528,Conway Grammar,2503900,distinctive_token
42.51397,-72.667406,Conway,MA,Boyden Rd,elementary,Conway,250390000528,Conway Grammar,2503900,best_match
42.276045,-71.521604,Cordaville,MA,2 Watkins Ln,elementary,Finn / Woodward,251098001761,Mary E Finn School,2510980,slash_split
42.267152,-71.535462,Cordaville,MA,45 Highland St,elementary,Finn / Neary,251098001761,Mary E Finn School,2510980,distinctive_token
42.273533,-71.513936,Cordaville,MA,39 Darlene Dr,elementary,Finn/Neary/Wdwd,251098001761,Mary E Finn School,2510980,distinctive_token
42.277124,-71.516436,Cordaville,MA,8 Ted Ln,elementary,Finn/Neary/Woodward,251098001761,Mary E Finn School,2510980,slash_split
42.264684,-71.542681,Cordaville,MA,18 Wood St,elementary,Finn / Woodward / Neary,251098001761,Mary E Finn School,2510980,slash_split
42.28099,-71.502955,Cordaville,MA,2 Garrison Ln,elementary,Finn/Neary/Wood,251098001761,Mary E Finn School,2510980,distinctive_token
42.481438,-73.158394,Dalton,MA,70 Franklin St,elementary,Craneville,250339000462,Craneville,2503390,best_match
42.474576,-73.148593,Dalton,MA,24 Mountain View Ter,elementary,Craneville,250339000462,Craneville,2503390,best_match
42.462248,-73.176031,Dalton,MA,51 Patricia Ave,elementary,Craneville,250339000462,Craneville,2503390,best_match
42.47779,-73.17646,Dalton,MA,93 Pine St,elementary,Craneville,250339000462,Craneville,2503390,best_match
42.453406,-73.188791,Dalton,MA,18 Elaine Ave,elementary,Craneville,250339000462,Craneville,2503390,best_match
42.472867,-73.155819,Dalton,MA,40 Depot St,elementary,Craneville,250339000462,Craneville,2503390,best_match
42.47448,-73.155628,Dalton,MA,1 Riverview Dr,elementary,Craneville,250339000462,Craneville,2503390,best_match
42.465029,-73.175192,Dalton,MA,147 Patricia Ave,elementary,Craneville,250339000462,Craneville,2503390,best_match
42.463426,-73.179343,Dalton,MA,97 Elmore Dr,elementary,Craneville,250339000462,Craneville,2503390,best_match
42.47779,-73.17646,Dalton,MA,93 Pine St,elementary,Craneville,250339000462,Craneville,2503390,best_match
42.475343,-73.154136,Dalton,MA,45 Otis Ave,elementary,Craneville,250339000462,Craneville,2503390,best_match
42.475582,-73.158379,Dalton,MA,60 North St Apt 18,elementary,Craneville,250339000462,Craneville,2503390,best_match
42.475582,-73.158379,Dalton,MA,60 North St Apt 16,elementary,Craneville,250339000462,Craneville,2503390,best_match
42.477576,-73.165492,Dalton,MA,187 High St,elementary,Craneville,250339000462,Craneville,2503390,best_match
42.417635,-73.197388,Dalton,MA,408 Washington Mountain Rd,elementary,Craneville,250339000462,Craneville,2503390,best_match
42.475467,-73.167124,Dalton,MA,94 1st St,elementary,Craneville,250339000462,Craneville,2503390,best_match
42.47448,-73.155628,Dalton,MA,1 Riverview Dr,elementary,Craneville,250339000462,Craneville,2503390,best_match
42.477657,-73.175554,Dalton,MA,169 Park Ave,elementary,Craneville,250339000462,Craneville,2503390,best_match
42.481601,-73.161355,Dalton,MA,20 Prospect St,elementary,Craneville,250339000462,Craneville,2503390,best_match
42.456247,-73.177881,Dalton,MA,127 Pinecrest Dr,elementary,Craneville,250339000462,Craneville,2503390,best_match
42.453465,-73.186876,Dalton,MA,29 Norwich Dr,elementary,Craneville,250339000462,Craneville,2503390,best_match
42.429823,-73.194652,Dalton,MA,45 Washington Mountain Rd,elementary,Craneville,250339000462,Craneville,2503390,best_match
42.486114,-73.132842,Dalton,MA,163 Cleveland Rd,elementary,Craneville,250339000462,Craneville,2503390,best_match
42.467393,-73.186495,Dalton,MA,Crane Ave Ste 2,elementary,Craneville,250339000462,Craneville,2503390,best_match
42.48506,-73.156024,Dalton,MA,35 Bruce Dr,elementary,Craneville,250339000462,Craneville,2503390,best_match
42.467401,-73.186345,Dalton,MA,Crane Ave Ste 1,elementary,Craneville,250339000462,Craneville,2503390,best_match
42.477483,-73.164728,Dalton,MA,177 High St,elementary,Craneville,250339000462,Craneville,2503390,best_match
42.587943,-70.929704,Danvers,MA,12 Colby Rd,elementary,Thorpe Elementary,250399000538,Willis E Thorpe,2503990,distinctive_token
42.572083,-70.949697,Danvers,MA,236 Maple St,elementary,Great Oak,250399000531,Great Oak,2503990,best_match
42.558768,-70.926933,Danvers,MA,18 Hardy St,elementary,Riverside,250399000536,Riverside,2503990,best_match
42.582012,-70.927284,Danvers,MA,99 Burley St,elementary,Thorpe School,250399000538,Willis E Thorpe,2503990,best_match
42.572904,-70.947665,Danvers,MA,217 Maple St,elementary,Highlands/Great Oak,250399000532,Highlands,2503990,slash_split
42.569882,-70.927223,Danvers,MA,12 Burley Farm Rd,elementary,Thorpe Elementary School,250399000538,Willis E Thorpe,2503990,distinctive_token
42.558742,-70.943506,Danvers,MA,57 Sylvan St Apt 3F,elementary,Great Oak/ Highlands,250399000531,Great Oak,2503990,slash_split
42.572454,-70.931289,Danvers,MA,26 N Shetland Rd,elementary,Thorpe,250399000538,Willis E Thorpe,2503990,best_match
42.575738,-70.950648,Danvers,MA,9 College Pond Dr,elementary,Ivan G. Smith,250399000534,Ivan G Smith,2503990,best_match
42.549024,-70.917452,Danvers,MA,45 Riverside St,elementary,Riverside,250399000536,Riverside,2503990,best_match
42.565309,-70.953966,Danvers,MA,146 Hobart St,elementary,Great Oak,250399000531,Great Oak,2503990,best_match
42.592374,-70.942803,Danvers,MA,4 Pentucket Ln,elementary,Smith & St Marys,250399000534,Ivan G Smith,2503990,distinctive_token
42.598804,-70.963676,Danvers,MA,200 North St Lot 23B,elementary,Smith,250399000534,Ivan G Smith,2503990,best_match
42.554421,-70.915199,Danvers,MA,59 Riverview Ave,elementary,Riverside Elementary,250399000536,Riverside,2503990,best_match
42.558907,-70.922928,Danvers,MA,109-111 Liberty St,elementary,Riverside,250399000536,Riverside,2503990,best_match
42.563679,-70.924988,Danvers,MA,19 Edmunds Cove Rd Unit 19,elementary,Riverside Elementary,250399000536,Riverside,2503990,best_match
42.548681,-70.917438,Danvers,MA,31 Bates St,elementary,Riverside,250399000536,Riverside,2503990,best_match
42.543771,-70.920004,Danvers,MA,173 Water St,elementary,Riverside,250399000536,Riverside,2503990,best_match
42.556131,-70.924349,Danvers,MA,166 High St,elementary,Riverside,250399000536,Riverside,2503990,best_match
42.569179,-70.924994,Danvers,MA,17 Stafford Rd,elementary,Thorpe Elementary,250399000538,Willis E Thorpe,2503990,distinctive_token
42.565399,-70.951609,Danvers,MA,129 Hobart St,elementary,Highlands,250399000532,Highlands,2503990,best_match
42.560819,-70.954336,Danvers,MA,137 Holten St,elementary,Highland School,,,,
42.582667,-70.934962,Danvers,MA,8 Riding Club Rd,elementary,Smith,250399000534,Ivan G Smith,2503990,best_match
42.531868,-70.992485,Danvers,MA,96 Newbury St Unit 9B,elementary,Ivan G Smith,250399000534,Ivan G Smith,2503990,best_match
42.563679,-70.924988,Danvers,MA,19 Edmunds Cove Rd,elementary,Riverside Elementary,250399000536,Riverside,2503990,best_match
41.652962,-71.040984,Dartmouth,MA,56 Lakeside Ave,elementary,Potter,250402000542,George H Potter,2504020,best_match
41.635783,-71.040381,Dartmouth,MA,10 Carousel Ter,elementary,Quinn,250402002028,James M. Quinn School,2504020,best_match
41.652785,-70.992371,Dartmouth,MA,17 Green Dr,elementary,Potter,250402000542,George H Potter,2504020,best_match
41.599227,-70.933213,Dartmouth,MA,73 Hidden Bay Dr Unit 73,elementary,Demello,250402000544,Joseph Demello,2504020,best_match
41.594683,-70.941851,Dartmouth,MA,774 Dartmouth St,elementary,Demello,250402000544,Joseph Demello,2504020,best_match
41.596447,-70.933319,Dartmouth,MA,69 Merrimac St Unit 1,elementary,Demello,250402000544,Joseph Demello,2504020,best_match
41.602316,-70.952025,Dartmouth,MA,220 Rockland St,elementary,Demello,250402000544,Joseph Demello,2504020,best_match
41.622393,-70.96645,Dartmouth,MA,8 Tenley Ave,elementary,James M Quinn School,250402002028,James M. Quinn School,2504020,best_match
41.593963,-70.950847,Dartmouth,MA,28 Wilson St,elementary,Demello/Cushman/Friends,250402000544,Joseph Demello,2504020,slash_split
41.595738,-70.940414,Dartmouth,MA,105 Rockland St,elementary,Cushman/Demello/Friends,250402002698,Andrew B. Cushman School,2504020,slash_split
41.599227,-70.933213,Dartmouth,MA,73 Hidden Bay Dr Unit 73,elementary,Demello,250402000544,Joseph Demello,2504020,best_match
41.609767,-70.98091,Dartmouth,MA,824 Tucker Rd,elementary,Quinn,250402002028,James M. Quinn School,2504020,best_match
41.645639,-70.991464,Dartmouth,MA,36 S Brown St,elementary,George H. Potter,250402000542,George H Potter,2504020,best_match
41.570592,-70.954729,Dartmouth,MA,788 Smith Neck Rd,elementary,Joseph De Mello,250402000544,Joseph Demello,2504020,distinctive_token
41.639792,-70.983286,Dartmouth,MA,260 State Rd,elementary,George H. Potter,250402000542,George H Potter,2504020,best_match
41.58979,-70.945181,Dartmouth,MA,16 Prospect St,elementary,Demello/Friends,250402000544,Joseph Demello,2504020,distinctive_token
41.642561,-70.971199,Dartmouth,MA,40 Golf St,elementary,James M Quinn,250402002028,James M. Quinn School,2504020,best_match
41.596447,-70.933319,Dartmouth,MA,69 Merrimac St Unit 1,elementary,Demello,250402000544,Joseph Demello,2504020,best_match
41.612079,-70.984427,Dartmouth,MA,61 Bayberry Ln Unit 61,elementary,Quinn,250402002028,James M. Quinn School,2504020,best_match
41.624992,-70.975845,Dartmouth,MA,6 Strathmore Rd,elementary,James M. Quinn,250402002028,James M. Quinn School,2504020,best_match
41.641736,-71.02591,Dartmouth,MA,37 Maine Ave Unit 37,elementary,Potter,250402000542,George H Potter,2504020,best_match
41.618861,-70.965121,Dartmouth,MA,18 Stratford Dr,elementary,Quinn School,250402002028,James M. Quinn School,2504020,best_match
41.582349,-70.981866,Dartmouth,MA,3 Brightman Ln,elementary,Demello School,250402000544,Joseph Demello,2504020,best_match
42.271199,-71.175664,Dedham,MA,31 Charlesbank Rd,elementary,Riverdale,250405000554,Riverdale,2504050,best_match
42.265394,-71.182794,Dedham,MA,11 Aspen Ct,elementary,Riverdale,250405000554,Riverdale,2504050,best_match
42.266954,-71.178185,Dedham,MA,37 Riverview St,elementary,Riverdale Elementary School,250405000554,Riverdale,2504050,best_match
42.251503,-71.149066,Dedham,MA,9 Charity Ln,elementary,Ecec/Avery Elementary,250405000546,Avery,2504050,best_match
42.230724,-71.138963,Dedham,MA,2 Leominster Rd,elementary,Greenlodge,250405000550,Greenlodge,2504050,best_match
42.229292,-71.155604,Dedham,MA,32 Greenlodge St,elementary,Greenlodge Elementary,250405000550,Greenlodge,2504050,best_match
42.227002,-71.158348,Dedham,MA,34 Judith Cir,elementary,Greenlodge,250405000550,Greenlodge,2504050,best_match
42.236886,-71.162975,Dedham,MA,724 East St,elementary,Oakdale,250405000552,Oakdale,2504050,best_match
42.234618,-71.159347,Dedham,MA,72 Elmwood Ave,elementary,Oakdale Elem.,250405000552,Oakdale,2504050,best_match
42.22945,-71.159198,Dedham,MA,5 Walters Ave,elementary,Greenlodge,250405000550,Greenlodge,2504050,best_match
42.273666,-71.177092,Dedham,MA,47 Bayard St,elementary,Riverdale,250405000554,Riverdale,2504050,best_match
42.235934,-71.168354,Dedham,MA,15 Mills St,elementary,Oakdale,250405000552,Oakdale,2504050,best_match
42.234647,-71.147213,Dedham,MA,105 Crane St,elementary,Greenlodge Elem,250405000550,Greenlodge,2504050,best_match
42.266479,-71.177574,Dedham,MA,20 Riverview St,elementary,Riverdale,250405000554,Riverdale,2504050,best_match
42.236103,-71.152645,Dedham,MA,71 Circuit Rd,elementary,Oakdale Elementary,250405000552,Oakdale,2504050,best_match
42.230656,-71.137672,Dedham,MA,110 Hooper Rd Unit 110,elementary,Greenlodge,250405000550,Greenlodge,2504050,best_match
42.229933,-71.140989,Dedham,MA,30 Hooper Rd,elementary,Greenlodge Elementary,250405000550,Greenlodge,2504050,best_match
42.251541,-71.193423,Dedham,MA,20 Shuttleworth Pl,elementary,Riverdale,250405000554,Riverdale,2504050,best_match
42.245329,-71.15123,Dedham,MA,36 N Stone Mill Dr Unit 1224,elementary,Avery,250405000546,Avery,2504050,best_match
42.230527,-71.151821,Dedham,MA,93 Alden St,elementary,Greenlodge,250405000550,Greenlodge,2504050,best_match
42.244518,-71.150511,Dedham,MA,122 Milton St Unit 122,elementary,Avery Element,250405000546,Avery,2504050,best_match
42.25041,-71.216363,Dedham,MA,4 Jackson Pond Rd Unit 4,elementary,Riverdale,250405000554,Riverdale,2504050,best_match
42.252825,-71.182408,Dedham,MA,570 Bridge St,elementary,Riverdale,250405000554,Riverdale,2504050,best_match
42.253306,-71.153107,Dedham,MA,49 Greenhood St,elementary,Avery Elementary,250405000546,Avery,2504050,best_match
42.258331,-71.213244,Dedham,MA,175 Schoolmaster Ln,elementary,Riverdale Elementary,250405000554,Riverdale,2504050,best_match
42.243948,-71.158294,Dedham,MA,51 Fulton St,elementary,Avery,250405000546,Avery,2504050,best_match
42.247141,-71.199766,Dedham,MA,262 Meadowbrook Rd,elementary,Riverdale,250405000554,Riverdale,2504050,best_match
42.251603,-71.194033,Dedham,MA,35 Shuttleworth Pl,elementary,Riverdale,250405000554,Riverdale,2504050,best_match
42.244518,-71.150511,Dedham,MA,122 Milton St Unit 122,elementary,Avery Element,250405000546,Avery,2504050,best_match
42.273041,-71.176408,Dedham,MA,173 Vine Rock St,elementary,Riverdale,250405000554,Riverdale,2504050,best_match
42.235092,-71.163708,Dedham,MA,255 Madison St,elementary,Oakdale,250405000552,Oakdale,2504050,best_match
42.227255,-71.140583,Dedham,MA,34 Trenton Rd,elementary,Greenlodge,250405000550,Greenlodge,2504050,best_match
42.246517,-71.154898,Dedham,MA,31 Walnut St,elementary,Avery,250405000546,Avery,2504050,best_match
42.231473,-71.138705,Dedham,MA,50 Lancaster Rd,elementary,Greenlodge,250405000550,Greenlodge,2504050,best_match
42.25041,-71.216363,Dedham,MA,4 Jackson Pond Rd Unit 4,elementary,Riverdale,250405000554,Riverdale,2504050,best_match
42.247549,-71.200693,Dedham,MA,250 Meadowbrook Rd,elementary,Riverdale,250405000554,Riverdale,2504050,best_match
42.26955,-71.177458,Dedham,MA,82 Needham St,elementary,Riverdale,250405000554,Riverdale,2504050,best_match
42.228728,-71.160263,Dedham,MA,34 Preston St,elementary,Greenlodge Elem,250405000550,Greenlodge,2504050,best_match
42.248573,-71.166542,Dedham,MA,427-429 High St,elementary,Avery,250405000546,Avery,2504050,best_match
42.246676,-71.165454,Dedham,MA,50 Clark St,elementary,Avery,250405000546,Avery,2504050,best_match
42.234816,-71.145975,Dedham,MA,135 Crane St,elementary,Oakdale,250405000552,Oakdale,2504050,best_match
42.247247,-71.155573,Dedham,MA,30 High St Apt 209,elementary,Avery,250405000546,Avery,2504050,best_match
42.253236,-71.216943,Dedham,MA,7 Schoolmaster Ln,elementary,Riverdale,250405000554,Riverdale,2504050,best_match
42.250778,-71.194341,Dedham,MA,132 Westfield St,elementary,Riverdale,250405000554,Riverdale,2504050,best_match
42.258128,-71.176638,Dedham,MA,47 Bingham Ave,elementary,Riverdale,250405000554,Riverdale,2504050,best_match
42.247247,-71.155573,Dedham,MA,40 High St Apt 205,elementary,Avery,250405000546,Avery,2504050,best_match
42.252961,-71.197789,Dedham,MA,250 Westfield St,elementary,Riverdale,250405000554,Riverdale,2504050,best_match
42.254043,-71.153589,Dedham,MA,24 Greenhood St,elementary,Avery,250405000546,Avery,2504050,best_match
42.499489,-72.617149,Deerfield,MA,34 Plain Rd E,elementary,Deerfield Elementary,250408000049,Deerfield Elementary,2504080,best_match
42.50058,-72.634592,Deerfield,MA,54 Sawmill Plain Rd,elementary,Deerfield Elementary,250408000049,Deerfield Elementary,2504080,best_match
42.487713,-72.605598,Deerfield,MA,151 N Main St,elementary,Deerfield Elementary,250408000049,Deerfield Elementary,2504080,best_match
42.500051,-72.635813,Deerfield,MA,49 Sawmill Plain Rd,elementary,Deerfield Elem,250408000049,Deerfield Elementary,2504080,best_match
42.522712,-72.606215,Deerfield,MA,392 Greenfield Rd,elementary,Deerfield Elementary,250408000049,Deerfield Elementary,2504080,best_match
42.471219,-72.606461,Deerfield,MA,31 West St,elementary,Deerfield,250408000049,Deerfield Elementary,2504080,best_match
42.550644,-72.619835,Deerfield,MA,271 Lower Rd,elementary,Deerfield Elementary,250408000049,Deerfield Elementary,2504080,best_match
42.501831,-72.632974,Deerfield,MA,124 Plain Rd W,elementary,Deerfield Elem.,250408000049,Deerfield Elementary,2504080,best_match
42.511528,-72.636171,Deerfield,MA,6 Duncan Dr Unit B,elementary,Deerfield Elementary,250408000049,Deerfield Elementary,2504080,best_match
42.469683,-72.595854,Deerfield,MA,89 Sugarloaf St,elementary,Deerfield Elementary,250408000049,Deerfield Elementary,2504080,best_match
42.554275,-72.626493,Deerfield,MA,240 Upper Rd,elementary,Deerfield Elementary,250408000049,Deerfield Elementary,2504080,best_match
42.497716,-72.636041,Deerfield,MA,Wequamps Dr Lot 56,elementary,Deerfield Elem,250408000049,Deerfield Elementary,2504080,best_match
42.488879,-72.60139,Deerfield,MA,17 Captain Lathrop Dr,elementary,Deerfield Elementary,250408000049,Deerfield Elementary,2504080,best_match
42.498607,-72.635109,Deerfield,MA,Wequamps Dr Lot 55,elementary,Deerfield Elem,250408000049,Deerfield Elementary,2504080,best_match
42.483985,-72.604829,Deerfield,MA,117 N Main St,elementary,Deerfield Ele,250408000049,Deerfield Elementary,2504080,distinctive_token
41.686982,-70.150457,Dennis,MA,3 Jennifer Ln,elementary,Ezra Baker,250414000559,Ezra H Baker Innovation School,2504140,best_match
41.653672,-70.168992,Dennis,MA,10 Uncle Stephens Rd,elementary,Ezra Baker,250414000559,Ezra H Baker Innovation School,2504140,best_match
41.670099,-70.156922,Dennis,MA,75 Old Main St,elementary,Ezra Baker,250414000559,Ezra H Baker Innovation School,2504140,best_match
41.654769,-70.128064,Dennis,MA,15 Beach Pine Rd,elementary,Dennis,,,,
41.674886,-70.140193,Dennis,MA,19 Aunt Debbys Rd,elementary,Dennis,,,,
41.720323,-70.195191,Dennis,MA,59 Route 6A Unit 22-1,elementary,Ezra H Baker,250414000559,Ezra H Baker Innovation School,2504140,best_match
41.723862,-70.154404,Dennis,MA,12 Fairway Dr,elementary,Ezra Baker Elementary School,250414000559,Ezra H Baker Innovation School,2504140,distinctive_token
41.66987,-70.129714,Dennis,MA,174 Upper County Rd Apt 2-5,elementary,Ezra Baker,250414000559,Ezra H Baker Innovation School,2504140,best_match
41.654769,-70.128064,Dennis Port,MA,15 Beach Pine Rd,elementary,Dennis,,,,
41.674886,-70.140193,Dennis Port,MA,19 Aunt Debbys Rd,elementary,Dennis,,,,
41.66987,-70.129714,Dennis Port,MA,174 Upper County Rd Apt 2-5,elementary,Ezra Baker,250414000559,Ezra H Baker Innovation School,2504140,best_match
42.542019,-71.623154,Devens,MA,92 Grant Rd Unit B,elementary,Harvard,,,,
42.54385,-71.605527,Devens,MA,2 Adams Cir,elementary,Harvard,,,,
42.542678,-71.606003,Devens,MA,25 Adams Cir Unit B,elementary,Harvard,,,,
42.540831,-71.610427,Devens,MA,5 Powell St Unit B,elementary,Harvard,,,,
42.542678,-71.606003,Devens,MA,27 Adams Cir Unit A,elementary,Harvard,,,,
41.836968,-71.117588,Dighton,MA,1159 Somerset Ave,elementary,Dighton Elementary,250420002427,Dighton Elementary,2504200,best_match
41.805473,-71.132543,Dighton,MA,489 Hart St,elementary,Dighton,250420002427,Dighton Elementary,2504200,best_match
41.795825,-71.166381,Dighton,MA,2800 Anderson Dr,elementary,Dighton Elementary,250420002427,Dighton Elementary,2504200,best_match
41.838737,-71.120319,Dighton,MA,1020 Somerset Ave Unit 15,elementary,Dighton Elementary,250420002427,Dighton Elementary,2504200,best_match
41.840704,-71.138357,Dighton,MA,7 Maris Ln,elementary,Dighton Elementary,250420002427,Dighton Elementary,2504200,best_match
41.841569,-71.138218,Dighton,MA,23 Maris Ln,elementary,Dighton Elementary,250420002427,Dighton Elementary,2504200,best_match
41.864783,-71.132411,Dighton,MA,263 Summer St,elementary,Dighton,250420002427,Dighton Elementary,2504200,best_match
41.863937,-71.17865,Dighton,MA,2103 Wheeler St,elementary,Dighton Elementary School,250420002427,Dighton Elementary,2504200,best_match
42.038433,-71.726286,Douglas,MA,36 Crescent Ln,elementary,Douglas,,,,
42.071962,-71.724253,Douglas,MA,35 West St,elementary,Douglas,,,,
42.090722,-71.788821,Douglas,MA,18 Lakeshore Dr,elementary,Douglas Elementary,251140001879,Sutton Elementary,2511400,distinctive_token
42.050833,-71.686871,Douglas,MA,203 Maple St,elementary,Douglas Primary/Elementry Sch.,250423002798,Douglas Primary School,2504230,best_match
42.067954,-71.710268,Douglas,MA,41 Martin Rd,elementary,Douglas,,,,
42.067952,-71.710265,Douglas,MA,43 Martin Rd,elementary,Douglas,,,,
42.047042,-71.717382,Douglas,MA,126 Yew St,elementary,Douglas Primary/Elementary,250423002798,Douglas Primary School,2504230,distinctive_token
42.084622,-71.718252,Douglas,MA,6 Spring St,elementary,Douglas,,,,
42.043247,-71.727826,Douglas,MA,10 Essex St,elementary,Douglas Elementary School,250423002791,Douglas Elementary School,2504230,best_match
42.02978,-71.714071,Douglas,MA,104 Vine St,elementary,Douglas,,,,
42.057299,-71.69978,Douglas,MA,2 Isabella Dr,elementary,Douglas,,,,
42.261884,-71.299969,Dover,MA,70 Main St,elementary,Chickering,250426000573,Chickering,2504260,best_match
42.217635,-71.313147,Dover,MA,11 Fox Run Rd,elementary,Chickering,250426000573,Chickering,2504260,best_match
42.25746,-71.290676,Dover,MA,7 Circle Dr,elementary,Chickering,250426000573,Chickering,2504260,best_match
42.254686,-71.234841,Dover,MA,4 Wilsons Way,elementary,Chickering,250426000573,Chickering,2504260,best_match
42.222007,-71.275077,Dover,MA,26 Woodridge Rd,elementary,Chickering,250426000573,Chickering,2504260,best_match
42.248224,-71.273872,Dover,MA,4 Park Ave,elementary,Chickering,250426000573,Chickering,2504260,best_match
42.207459,-71.261739,Dover,MA,153 Walpole St,elementary,Chickering,250426000573,Chickering,2504260,best_match
42.246044,-71.288112,Dover,MA,47 Springdale Ave,elementary,Chickering,250426000573,Chickering,2504260,best_match
42.219503,-71.295954,Dover,MA,5 Hamlins Xing,elementary,Chickering,250426000573,Chickering,2504260,best_match
42.225576,-71.326027,Dover,MA,123 Farm St,elementary,Chickering,250426000573,Chickering,2504260,best_match
42.255779,-71.281686,Dover,MA,15 Juniper Ln,elementary,Chickering,250426000573,Chickering,2504260,best_match
42.251499,-71.264646,Dover,MA,150 Dedham St,elementary,Chickering,250426000573,Chickering,2504260,best_match
42.248704,-71.278344,Dover,MA,11 Haven St,elementary,Chickering,250426000573,Chickering,2504260,best_match
42.21928,-71.26783,Dover,MA,1 Betsy Ln,elementary,Chickering,250426000573,Chickering,2504260,best_match
42.256344,-71.263226,Dover,MA,55 Willow St,elementary,Chickering,250426000573,Chickering,2504260,best_match
42.237669,-71.272317,Dover,MA,25 Bretton Rd,elementary,Chickering,250426000573,Chickering,2504260,best_match
42.219341,-71.311811,Dover,MA,25 Donnelly Dr,elementary,Chickering,250426000573,Chickering,2504260,best_match
42.206622,-71.265604,Dover,MA,9 Schaffner Ln,elementary,Chickering Elementary,250426000573,Chickering,2504260,best_match
42.242197,-71.32193,Dover,MA,8 Greystone Rd,elementary,Chickering,250426000573,Chickering,2504260,best_match
42.2258,-71.274403,Dover,MA,26 Valley Rd,elementary,Chickering,250426000573,Chickering,2504260,best_match
42.258318,-71.283147,Dover,MA,62 Claybrook Rd,elementary,Chickering,250426000573,Chickering,2504260,best_match
42.271601,-71.303753,Dover,MA,9 Buttercup Ln,elementary,Chickering,250426000573,Chickering,2504260,best_match
42.252991,-71.260521,Dover,MA,181 Dedham St,elementary,Chickering,250426000573,Chickering,2504260,best_match
42.672006,-71.301158,Dracut,MA,38 Montaup Ave,elementary,Greenmont,250432000582,Greenmont Avenue,2504320,best_match
42.671055,-71.321455,Dracut,MA,20 Stevens St,elementary,George Englesby Elementary,250432002822,George H. Englesby Elementary School,2504320,best_match
42.686901,-71.364187,Dracut,MA,77 Valley Rd,elementary,Brookside,250432000578,Brookside Elementary,2504320,best_match
42.68299,-71.369371,Dracut,MA,651 Nashua Rd,elementary,Dracut,,,,
42.663049,-71.291464,Dracut,MA,10 Hazelwood Ave Unit 2,elementary,Dracut Public Schools,250666002815,Lawrence Family Public Academy,2506660,distinctive_token
42.68151,-71.372974,Dracut,MA,33 Park Ter,elementary,Brookside Elementary,250432000578,Brookside Elementary,2504320,best_match
42.686095,-71.361625,Dracut,MA,23 Valley Rd,elementary,Brookside,250432000578,Brookside Elementary,2504320,best_match
42.692413,-71.359754,Dracut,MA,75 I St,elementary,Call Supt,,,,
42.652275,-71.286247,Dracut,MA,100 Merrimack Ave Unit 117,elementary,Joseph A. Campbell Elementary,250432000583,Joseph A Campbell Elementary,2504320,best_match
42.731559,-71.260133,Dracut,MA,67 Hidden Rd,elementary,Joseph Campbell,250432000583,Joseph A Campbell Elementary,2504320,best_match
42.676628,-71.343914,Dracut,MA,74 Tennis Plaza Rd Unit 31,elementary,Brookside,250432000578,Brookside Elementary,2504320,best_match
42.664291,-71.341476,Dracut,MA,109 Navy Yard Rd,elementary,Englesby,250432002822,George H. Englesby Elementary School,2504320,best_match
42.679752,-71.335845,Dracut,MA,98 Turgeon Ave,elementary,Brookside Elementary School,250432000578,Brookside Elementary,2504320,best_match
42.673041,-71.311728,Dracut,MA,14 Wesley St,elementary,Greenmont Elementary,250432000582,Greenmont Avenue,2504320,distinctive_token
42.692178,-71.279596,Dracut,MA,51 Tamarack Rd,elementary,Joseph A Campbell,250432000583,Joseph A Campbell Elementary,2504320,best_match
42.68786,-71.293642,Dracut,MA,103 Meadow Creek Dr,elementary,Campbell Elementary,250432000583,Joseph A Campbell Elementary,2504320,best_match
42.680914,-71.339722,Dracut,MA,30 Springdale Rd,elementary,George Englesby,250432002822,George H. Englesby Elementary School,2504320,best_match
42.672905,-71.365813,Dracut,MA,20 Greenlawn Ave,elementary,Englesby Elementary,250432002822,George H. Englesby Elementary School,2504320,best_match
42.659919,-71.25895,Dracut,MA,55 Grant St,elementary,Joseph A. Campbell Elementary,250432000583,Joseph A Campbell Elementary,2504320,best_match
42.667789,-71.315963,Dracut,MA,25 Tobey Rd Unit 55,elementary,George High Englesby,250432002822,George H. Englesby Elementary School,2504320,distinctive_token
42.67946,-71.291424,Dracut,MA,315 Broadway Rd Unit 7,elementary,Campbell,250432000583,Joseph A Campbell Elementary,2504320,best_match
42.664227,-71.294914,Dracut,MA,650 Robbins Ave Apt 39,elementary,Greenmont Avenue Elementary,250432000582,Greenmont Avenue,2504320,best_match
42.684415,-71.361117,Dracut,MA,25 Charles St,elementary,Brookside Elementary,250432000578,Brookside Elementary,2504320,best_match
42.675079,-71.306473,Dracut,MA,1544 Bridge St,elementary,Greenmont Ave,250432000582,Greenmont Avenue,2504320,distinctive_token
42.679632,-71.309609,Dracut,MA,50 Frank St Unit 50,elementary,Greenmont,250432000582,Greenmont Avenue,2504320,best_match
42.662052,-71.272349,Dracut,MA,822 Methuen St Unit 822,elementary,Joseph A Campbell Elementary,250432000583,Joseph A Campbell Elementary,2504320,best_match
42.060967,-71.917329,Dudley,MA,20 Brentwood Dr,elementary,Dudley Elementary,250436000588,Dudley Elementary,2504360,best_match
42.043997,-71.977277,Dudley,MA,152 Southbridge Rd,elementary,Per Board Of Education,,,,
42.045832,-71.896881,Dudley,MA,72 W Main St,elementary,Public/Parochial,,,,
42.090022,-71.894495,Dudley,MA,368 Dudley Oxford Rd,elementary,Dudley Elementary,250436000588,Dudley Elementary,2504360,best_match
42.04257,-71.924283,Dudley,MA,41 Dudley Hill Rd,elementary,Mason,250436000590,Mason Road School,2504360,best_match
42.039098,-71.971715,Dudley,MA,108 Southbridge Rd,elementary,Dudley-Charlton Regional Dist.,251101001763,Charlton Street,2511010,distinctive_token
42.043834,-71.904724,Dudley,MA,Mason Rd,elementary,Dudley Elementary,250436000588,Dudley Elementary,2504360,best_match
42.026681,-71.956294,Dudley,MA,25 Quinebaug Rd,elementary,Mason Elem School,250436000590,Mason Road School,2504360,distinctive_token
42.047385,-71.981907,Dudley,MA,192 Southbridge Rd,elementary,Mason Rd,250436000590,Mason Road School,2504360,distinctive_token
42.664016,-71.489785,Dunstable,MA,67 Parkhurst St,elementary,Swallow Union,250550000806,Swallow/Union School,2505500,best_match
42.660323,-71.505772,Dunstable,MA,69 Hall St,elementary,Swallow Union,250550000806,Swallow/Union School,2505500,best_match
42.668054,-71.50644,Dunstable,MA,4 Upton St,elementary,Swallow Union,250550000806,Swallow/Union School,2505500,best_match
42.676676,-71.49827,Dunstable,MA,54 Depot St,elementary,Swallow Union Elementary,250550000806,Swallow/Union School,2505500,best_match
42.009359,-70.710364,Duxbury,MA,21 Hicks Point Rd,elementary,Chandler/Alden,250441000968,Alden School,2504410,best_match
42.025783,-70.728517,Duxbury,MA,453 Elm St,elementary,Chandler / Alden,250441000968,Alden School,2504410,best_match
42.047099,-70.735639,Duxbury,MA,16 Vine St,elementary,Chandler,250441000593,Chandler Elementary,2504410,best_match
42.019946,-70.671791,Duxbury,MA,160 Marshall St,elementary,Chandler/Alden,250441000968,Alden School,2504410,best_match
42.013149,-70.706509,Duxbury,MA,23 Puritan Way,elementary,Chandler/ Alden,250441000968,Alden School,2504410,best_match
42.045308,-70.725004,Duxbury,MA,831 Mayflower St,elementary,Chandler,250441000593,Chandler Elementary,2504410,best_match
42.055243,-70.772864,Duxbury,MA,249 High St,elementary,Chandler/Alden,250441000593,Chandler Elementary,2504410,distinctive_token
42.024057,-70.741528,Duxbury,MA,68 Trout Farm Ln,elementary,Chandler/Alden,250441000968,Alden School,2504410,best_match
42.036214,-70.746304,Duxbury,MA,20 Lacoss Rd,elementary,Chandler/Alden,250441000968,Alden School,2504410,best_match
42.044333,-70.751246,Duxbury,MA,42 Dana Ct,elementary,Chandler & Alden,250441000968,Alden School,2504410,best_match
42.028737,-70.691318,Duxbury,MA,173 Meetinghouse Rd,elementary,Chandler & Alden Elementary,250441000593,Chandler Elementary,2504410,embedding
42.046073,-70.672302,Duxbury,MA,644 Washington St,elementary,Chandler/Alden,250441000968,Alden School,2504410,best_match
42.047099,-70.735639,Duxbury,MA,16 Vine St,elementary,Chandler,250441000593,Chandler Elementary,2504410,best_match
42.057415,-70.748959,Duxbury,MA,459 Union Bridge Rd,elementary,Chandler/ Alden,250441000968,Alden School,2504410,best_match
42.007344,-70.720295,Duxbury,MA,100 Parks St Apt 18,elementary,Chandler,250441000593,Chandler Elementary,2504410,best_match
42.028099,-70.738376,Duxbury,MA,254 Kingstown Way,elementary,Chandler,250441000593,Chandler Elementary,2504410,best_match
42.050079,-70.667354,Duxbury,MA,39 Bay Pond Rd,elementary,Chandler/Alden,250441000968,Alden School,2504410,best_match
42.007344,-70.720295,Duxbury,MA,100 Parks St Apt 35,elementary,Chandler Elementary,250441000593,Chandler Elementary,2504410,best_match
42.011583,-70.721551,Duxbury,MA,56 Bay Farm Rd Unit 56,elementary,Chandler,250441000593,Chandler Elementary,2504410,best_match
42.042501,-70.691849,Duxbury,MA,25 Hounds Ditch Ln,elementary,Chandler,250441000593,Chandler Elementary,2504410,best_match
42.026428,-70.675939,Duxbury,MA,153 Washington St,elementary,Chandler,250441000593,Chandler Elementary,2504410,best_match
42.10062,-70.738994,Duxbury,MA,5 Snowy Owl Cir,elementary,Chandler/Alden,250441000968,Alden School,2504410,best_match
42.028106,-70.678572,Duxbury,MA,65 Partridge Rd,elementary,Chandler/Alden,250441000968,Alden School,2504410,best_match
42.02809,-70.675685,Duxbury,MA,190 Washington St,elementary,Alden,250441000968,Alden School,2504410,best_match
42.043348,-70.755638,Duxbury,MA,600 Summer St Apt 17,elementary,Chandler,250441000593,Chandler Elementary,2504410,best_match
42.024762,-70.692662,Duxbury,MA,180 Chestnut St,elementary,Chandler/Alden,250441000968,Alden School,2504410,best_match
42.045101,-70.746591,Duxbury,MA,34 Pioneer Dr,elementary,Chandler Elementary,250441000593,Chandler Elementary,2504410,best_match
42.05679,-70.716453,Duxbury,MA,1 Boxwood Ln,elementary,Chandler,250441000593,Chandler Elementary,2504410,best_match
42.016316,-70.713295,Duxbury,MA,10 Flint Locke Dr,elementary,Chandler/Alden,250441000968,Alden School,2504410,best_match
42.041562,-70.671402,Duxbury,MA,535 Washington St,elementary,Chandler/Alden,250441000968,Alden School,2504410,best_match
42.00614,-70.716708,Duxbury,MA,735 Bay Rd,elementary,Chandler,250441000593,Chandler Elementary,2504410,best_match
42.019446,-70.706203,Duxbury,MA,372 Tremont St,elementary,Chandler/Alden,250441000968,Alden School,2504410,best_match
42.018944,-70.681943,Duxbury,MA,104 Standish St,elementary,Chandler,250441000593,Chandler Elementary,2504410,best_match
42.010072,-70.721589,Duxbury,MA,26 Bay Farm Rd Unit 26,elementary,Chandler/ Alden,250441000968,Alden School,2504410,best_match
42.046418,-70.689485,Duxbury,MA,6 Cooper Hill Rd,elementary,Chandler,250441000593,Chandler Elementary,2504410,best_match
42.052665,-70.691772,Duxbury,MA,1327 Tremont St,elementary,Chandler,250441000593,Chandler Elementary,2504410,best_match
42.030029,-70.689888,Duxbury,MA,18 James Rd,elementary,Chandler/Alden,250441000968,Alden School,2504410,best_match
42.052941,-70.709486,Duxbury,MA,28 Teakettle Ln,elementary,Chandler Elementary,250441000593,Chandler Elementary,2504410,best_match
42.034086,-70.681354,Duxbury,MA,7 Christmas Tree Way,elementary,Chandler & Alden,250441000968,Alden School,2504410,best_match
42.016794,-70.712105,Duxbury,MA,1 Flint Locke Dr,elementary,Chandler/Alden,250441000968,Alden School,2504410,best_match
42.029241,-70.700285,Duxbury,MA,85 Heritage Ln,elementary,Chandler Elementary & Alden,,,,
42.050926,-70.740976,Duxbury,MA,50 Lewis Farm Rd,elementary,Chandler,250441000593,Chandler Elementary,2504410,best_match
42.046841,-70.686539,Duxbury,MA,Two Railroad Ave Unit 2,elementary,Chandler & Alden,250441000968,Alden School,2504410,best_match
42.050461,-70.688023,Duxbury,MA,19 Saltmeadow Ln,elementary,Chandler,250441000593,Chandler Elementary,2504410,best_match
42.0576,-70.686409,Duxbury,MA,87 Duck Hill Rd,elementary,Chandler/Alden,250441000968,Alden School,2504410,best_match
42.047211,-70.686539,Duxbury,MA,Two Railroad Ave Unit 9,elementary,Chandler & Alden,250441000968,Alden School,2504410,best_match
42.046909,-70.68615,Duxbury,MA,Two Railroad Ave Unit 1,elementary,Chandler & Alden,250441000968,Alden School,2504410,best_match
42.047211,-70.686539,Duxbury,MA,Two Railroad Ave Unit 10,elementary,Chandler & Alden,250441000968,Alden School,2504410,best_match
42.046841,-70.686539,Duxbury,MA,Two Railroad Ave Unit 8,elementary,Chandler & Alden,250441000968,Alden School,2504410,best_match
42.058892,-70.974424,East Bridgewater,MA,710 Summer St,elementary,Central,250444000596,Central,2504440,best_match
42.004461,-70.901632,East Bridgewater,MA,155 Ousamequin Pnes,elementary,Central Elementary School,250444000596,Central,2504440,best_match
42.029928,-70.937095,East Bridgewater,MA,10 Kathy Ln,elementary,Gordon Mitchell,250444000976,Gordon W. Mitchell School,2504440,best_match
42.055233,-70.966411,East Bridgewater,MA,80 Northridge Dr,elementary,Central Elementary,250444000596,Central,2504440,best_match
42.055022,-70.976283,East Bridgewater,MA,563 Summer St,elementary,Central/Mitchell,250444000596,Central,2504440,best_match
42.059823,-70.913966,East Bridgewater,MA,652 Oak St,elementary,Gwmes,,,,
42.04367,-70.934516,East Bridgewater,MA,841 Union St,elementary,Gordon W Mitchell,250444000976,Gordon W. Mitchell School,2504440,best_match
42.007706,-70.939061,East Bridgewater,MA,102 W Pond St,elementary,Central Elementary School,250444000596,Central,2504440,best_match
42.032569,-70.954176,East Bridgewater,MA,98 Hobart St,elementary,Eb Central,250444000596,Central,2504440,best_match
42.040451,-70.913027,East Bridgewater,MA,20 Country Farm Rd,elementary,Central,250444000596,Central,2504440,best_match
42.044699,-70.929535,East Bridgewater,MA,142 Walnut St,elementary,Central K-2,250444000596,Central,2504440,best_match
42.01978,-70.918245,East Bridgewater,MA,1761 Washington St,elementary,Central,250444000596,Central,2504440,best_match
42.038047,-70.958626,East Bridgewater,MA,62 Old Bedford Rd,elementary,Central,250444000596,Central,2504440,best_match
42.000107,-70.912181,East Bridgewater,MA,28 Douglas Dr Unit 28,elementary,Central Elementary School,250444000596,Central,2504440,best_match
42.173387,-72.064067,East Brookfield,MA,473 W Sturbridge Rd,elementary,East Brookfield,250312000413,Brookfield Elementary,2503120,distinctive_token
42.208434,-72.02963,East Brookfield,MA,453 Howe St,elementary,East Brookfield Elementary,250000201766,East Brookfield Elementary,2500002,best_match
42.231075,-72.031049,East Brookfield,MA,E Main St Lot 97/99,elementary,East Brookfield,250000201766,East Brookfield Elementary,2500002,best_match
42.071962,-71.724253,East Douglas,MA,35 West St,elementary,Douglas,,,,
42.067954,-71.710268,East Douglas,MA,41 Martin Rd,elementary,Douglas,,,,
42.067952,-71.710265,East Douglas,MA,43 Martin Rd,elementary,Douglas,,,,
42.084622,-71.718252,East Douglas,MA,6 Spring St,elementary,Douglas,,,,
41.627204,-70.581635,East Falmouth,MA,47 Galleon Dr,elementary,North Falmouth,250486000690,North Falmouth Elementary,2504860,best_match
41.557179,-70.562494,East Falmouth,MA,400 Davisville Rd,elementary,East Falmouth,250486000685,East Falmouth Elementary,2504860,best_match
41.606687,-70.53947,East Falmouth,MA,223 Plum Hollow Rd,elementary,North Falmouth Elementary,250486000685,East Falmouth Elementary,2504860,distinctive_token
41.590941,-70.583501,East Falmouth,MA,25 Deepwood Dr,elementary,Morse Pond,,,,
41.628797,-70.583427,East Falmouth,MA,35 Braeburn Ct,elementary,North Falmouth,250486000690,North Falmouth Elementary,2504860,best_match
41.574461,-70.554965,East Falmouth,MA,23 Penny Royal Ln,elementary,East Falmouth,250486000685,East Falmouth Elementary,2504860,best_match
41.628067,-70.587011,East Falmouth,MA,19 Wheelhouse Cir,elementary,North Falmouth,250486000690,North Falmouth Elementary,2504860,best_match
41.602533,-70.612539,East Falmouth,MA,35 Durham Dr,elementary,Morse Pond School,,,,
41.626356,-70.600167,East Falmouth,MA,272 Falmouth Woods Rd,elementary,Falmouth,250486000690,North Falmouth Elementary,2504860,best_match
42.075737,-72.514745,East Longmeadow,MA,36 Helen Cir,elementary,Mapleshade,250450000604,Mapleshade,2504500,best_match
42.069342,-72.482275,East Longmeadow,MA,35 Cross Meadow Rd,elementary,Meadowbrook,250450000605,Meadow Brook,2504500,embedding
42.082044,-72.481902,East Longmeadow,MA,315 Porter Rd,elementary,Mapleshade,250450000604,Mapleshade,2504500,best_match
42.046825,-72.503577,East Longmeadow,MA,440 Prospect St,elementary,Mountain View School,250450000606,Mountain View,2504500,best_match
42.075137,-72.502557,East Longmeadow,MA,234 Mapleshade Ave,elementary,Mapleshade,250450000604,Mapleshade,2504500,best_match
42.052528,-72.484795,East Longmeadow,MA,53 Hampden Rd,elementary,Meadowbrook And Mountain View,250450000606,Mountain View,2504500,best_match
42.048773,-72.471171,East Longmeadow,MA,28 Parker St,elementary,Mountainview,250450000606,Mountain View,2504500,embedding
42.079005,-72.499191,East Longmeadow,MA,107 Colony Dr,elementary,Mapleshade,250450000604,Mapleshade,2504500,best_match
42.080978,-72.538551,East Longmeadow,MA,655 N Main St,elementary,Meadow Brook Ele,250450000605,Meadow Brook,2504500,best_match
42.075471,-72.487201,East Longmeadow,MA,580 Parker St,elementary,Meadowbrook,250450000605,Meadow Brook,2504500,embedding
42.081913,-72.487442,East Longmeadow,MA,84 Greenwich Rd,elementary,Meadowbrook,250450000605,Meadow Brook,2504500,embedding
42.036787,-72.460145,East Longmeadow,MA,6 Brynmawr Dr,elementary,Meadowbrook,250450000605,Meadow Brook,2504500,embedding
42.673216,-71.553062,East Pepperell,MA,7 Joan St,elementary,Varnum Brook,250879002281,Varnum Brook,2508790,best_match
42.66513,-71.551535,East Pepperell,MA,95 Lowell Rd Unit 1,elementary,Varnum Brook,250879002281,Varnum Brook,2508790,best_match
42.66513,-71.551535,East Pepperell,MA,95 Lowell Rd Unit 1,elementary,Varnum Brook,250879002281,Varnum Brook,2508790,best_match
41.740348,-70.423586,East Sandwich,MA,7 Linden Rd,elementary,Forestdale | Oak Ridge Schools,251047002535,Oak Ridge,2510470,best_match
41.735909,-70.438651,East Sandwich,MA,18 Old County Rd,elementary,Sandwich,,,,
41.716965,-70.434367,East Sandwich,MA,9 Fairfield Dr,elementary,Oak Ridge School 3-6 1.2 Mi,251047002535,Oak Ridge,2510470,best_match
41.73315,-70.451763,East Sandwich,MA,2 Marie Ln,elementary,Oak Ridge,251047002535,Oak Ridge,2510470,best_match
41.737936,-70.427389,East Sandwich,MA,507 Route 6A Apt 9,elementary,Oak Ridge,251047002535,Oak Ridge,2510470,best_match
41.735724,-70.451873,East Sandwich,MA,23 Manor Dr,elementary,Oak Ridge,251047002535,Oak Ridge,2510470,best_match
41.758494,-70.463021,East Sandwich,MA,70 Salt Marsh Rd Unit A,elementary,Forestdale,251047002857,Forestdale School,2510470,best_match
41.863451,-69.995256,Eastham,MA,50 Silver Oak Rd,elementary,Eastham Elementary School,250453000607,Eastham Elementary,2504530,best_match
41.842756,-69.996368,Eastham,MA,5 Weir Rd,elementary,Eastham,250453000607,Eastham Elementary,2504530,best_match
41.863451,-69.995256,Eastham,MA,50 Silver Oak Rd,elementary,Eastham Elementary School,250453000607,Eastham Elementary,2504530,best_match
42.284975,-72.620095,Easthampton Town,MA,8 Underwood Ave,elementary,Mountain View,,,,
42.249956,-72.680233,Easthampton Town,MA,6 W Park Dr,elementary,Mountain View School,,,,
42.248555,-72.681891,Easthampton Town,MA,39 Westview Ter,elementary,Mountain View School,,,,
42.252167,-72.656481,Easthampton Town,MA,8 Richardson Cir,elementary,Mountain View,,,,
42.251975,-72.682012,Easthampton Town,MA,19 Westview Ter,elementary,Mountain View Easthampton,,,,
42.270603,-72.691442,Easthampton Town,MA,138 West St,elementary,Mountain View,,,,
42.232724,-72.680421,Easthampton Town,MA,50 Phelps St,elementary,Mountain View,,,,
42.261759,-72.675615,Easthampton Town,MA,12 Ward Ave,elementary,Mountainview,,,,
42.254138,-72.679365,Easthampton Town,MA,183 Park St,elementary,Mountainview,,,,
42.275368,-72.650544,Easthampton Town,MA,78 Ferry St,elementary,Mountain View,,,,
42.266785,-72.657105,Easthampton Town,MA,28 Admiral St,elementary,Mountain View School,,,,
42.276115,-72.696799,Easthampton Town,MA,13 Carillon Cir,elementary,Mountain View,,,,
42.2691,-72.661192,Easthampton Town,MA,12 Johnson Ave,elementary,Mountainview,,,,
42.276534,-72.715442,Easthampton Town,MA,5 Torrey St,elementary,Mountain View School,,,,
42.274986,-72.653488,Easthampton Town,MA,10-12 Oakdale Pl,elementary,Mountain View,,,,
42.2247,-72.67894,Easthampton Town,MA,46 Pomeroy St,elementary,Mountain View,,,,
42.230868,-72.669161,Easthampton Town,MA,12 Camelot Ln,elementary,Mt. View,,,,
42.075312,-71.110226,Easton,MA,35 Vineyard Pl,elementary,Blanche Ames,250462000624,Blanche A. Ames Elementary School,2504620,best_match
42.011089,-71.142738,Easton,MA,27 Walden Dr,elementary,Blanche A / Richardson Olmsted,250462000983,Richardson Olmsted School,2504620,best_match
42.073159,-71.108847,Easton,MA,29 Canton St,elementary,Blanche Ames,250462000624,Blanche A. Ames Elementary School,2504620,best_match
42.062607,-71.096025,Easton,MA,46 Seaver St,elementary,Blanche Ames,250462000624,Blanche A. Ames Elementary School,2504620,best_match
41.995833,-71.100992,Easton,MA,165 Howard St,elementary,Blanche Ames,250462000624,Blanche A. Ames Elementary School,2504620,best_match
42.048634,-71.140465,Easton,MA,4 Turner Ln,elementary,Blanche Ames,250462000624,Blanche A. Ames Elementary School,2504620,best_match
42.065757,-71.113255,Easton,MA,44 Prudence Crandall Ln Unit 44,elementary,Blanche Ames,250462000624,Blanche A. Ames Elementary School,2504620,best_match
42.037507,-71.097298,Easton,MA,418 Center St,elementary,Blanche Ames & R/O,250462000624,Blanche A. Ames Elementary School,2504620,distinctive_token
42.021519,-71.065975,Easton,MA,1 Driftwood Dr,elementary,Blanche Ames,250462000624,Blanche A. Ames Elementary School,2504620,best_match
42.033512,-71.096918,Easton,MA,21 Kennedy Cir,elementary,Blanche Ames/Ro,250462000624,Blanche A. Ames Elementary School,2504620,distinctive_token
42.064584,-71.100059,Easton,MA,16 Williams St,elementary,Ames / Olmstead,250462000624,Blanche A. Ames Elementary School,2504620,distinctive_token
42.003679,-71.097005,Easton,MA,91 Howard St,elementary,Easton Elementary School,250462000624,Blanche A. Ames Elementary School,2504620,distinctive_token
42.016616,-71.11281,Easton,MA,47 Symphony Dr,elementary,Blanche Ames/Ro,250462000624,Blanche A. Ames Elementary School,2504620,distinctive_token
42.048319,-71.134978,Easton,MA,19 Scott Dr,elementary,Blanche Ames,250462000624,Blanche A. Ames Elementary School,2504620,best_match
42.006699,-71.10791,Easton,MA,202R Prospect St,elementary,Center,250444000596,Central,2504440,embedding
42.085109,-71.104412,Easton,MA,9 Riverside Ter,elementary,Blanche Ames,250462000624,Blanche A. Ames Elementary School,2504620,best_match
42.065428,-71.101027,Easton,MA,143 Main St,elementary,Blanche Ames,250462000624,Blanche A. Ames Elementary School,2504620,best_match
42.043719,-71.160627,Easton,MA,5 Baron Dr,elementary,Blanche Ames,250462000624,Blanche A. Ames Elementary School,2504620,best_match
42.073895,-71.12456,Easton,MA,22 Flyaway Pond Dr,elementary,Blanche Ames,250462000624,Blanche A. Ames Elementary School,2504620,best_match
42.011583,-71.109589,Easton,MA,23 Lullaby Ln,elementary,Blanche Ames,250462000624,Blanche A. Ames Elementary School,2504620,best_match
42.072331,-71.108373,Easton,MA,21 Canton St,elementary,Blanche Ames,250462000624,Blanche A. Ames Elementary School,2504620,best_match
42.021031,-71.100595,Easton,MA,23 Cornerstone Dr,elementary,Center,250444000596,Central,2504440,embedding
42.012357,-71.063905,Easton,MA,41 Foundry St Apt 15-3,elementary,Blanche Ames,250462000624,Blanche A. Ames Elementary School,2504620,best_match
42.009716,-71.07045,Easton,MA,108 Foundry St,elementary,Center School,,,,
42.050365,-71.090294,Easton,MA,8 Island Ct Unit 407,elementary,Blanch Ames,250462000624,Blanche A. Ames Elementary School,2504620,distinctive_token
42.071626,-71.139829,Easton,MA,10 Mountain Rd,elementary,Blanche Ames,250462000624,Blanche A. Ames Elementary School,2504620,best_match
42.047181,-71.108205,Easton,MA,40 Summer St,elementary,Blanche Ames,250462000624,Blanche A. Ames Elementary School,2504620,best_match
42.088208,-71.084996,Easton,MA,10 Clara Howard Way,elementary,Blanche Ames/Ro,250462000624,Blanche A. Ames Elementary School,2504620,distinctive_token
42.014697,-71.064574,Easton,MA,65 Village St Unit 65,elementary,Center School,,,,
42.036345,-71.075571,Easton,MA,14 Nancy Rd Apt 6,elementary,Moreau Hall,,,,
42.008794,-71.06779,Easton,MA,489 Turnpike St Apt 5-6,elementary,Blanche Ames / Olmstead,250462000624,Blanche A. Ames Elementary School,2504620,distinctive_token
42.014301,-71.065521,Easton,MA,93 Village St Unit 93,elementary,Blanche Ames Elementary,250462000624,Blanche A. Ames Elementary School,2504620,best_match
42.02327,-71.131638,Easton,MA,23 Cutter Dr,elementary,Easton Public,,,,
42.049149,-71.113611,Easton,MA,73 Summer St,elementary,Blanche A. Ames,250462000624,Blanche A. Ames Elementary School,2504620,best_match
41.391254,-70.512952,Edgartown,MA,56 N Summer St,elementary,Edgartown School,,,,
41.355378,-70.504378,Edgartown,MA,24 Katama Bay View Rd,elementary,Edgartown,,,,
41.397239,-70.567474,Edgartown,MA,5 Candlemaker Cir,elementary,Edgartown School,,,,
41.371132,-70.571083,Edgartown,MA,10 and 12 Boldwater Rd,elementary,Edgartown,,,,
41.381918,-70.524136,Edgartown,MA,2 Noras Ln,elementary,Edgartown,,,,
41.40004,-70.56797,Edgartown,MA,11 Boylston Dr,elementary,Edgartown School,,,,
41.38773,-70.518354,Edgartown,MA,49 High St,elementary,Edgartown School,,,,
41.383345,-70.530542,Edgartown,MA,24 Beetle Swamp Rd,elementary,Edgartown,,,,
42.186872,-73.423884,Egremont,MA,10 Baldwin Hill Rd,elementary,SBRSD,,,,
42.166587,-73.447934,Egremont,MA,5 Taconic Ln,elementary,SBRSD,,,,
42.171849,-73.46122,Egremont,MA,236 Hillsdale Rd,elementary,SBRSD,,,,
42.156068,-73.432332,Egremont,MA,42 MT Washington Rd,elementary,SBRSD,,,,
42.157192,-73.475688,Egremont,MA,210 Mount Washington Rd,elementary,SBRSD,,,,
42.163719,-73.435928,Egremont,MA,4 Terra Ferma Dr,elementary,SBRSD,,,,
42.184699,-73.427127,Egremont,MA,25 Baldwin Hill Rd,elementary,SBRSD,,,,
42.165047,-73.437317,Egremont,MA,138 Hillsdale Rd,elementary,Sbrsd,,,,
42.189941,-73.429451,Egremont,MA,171 Egremont Plain Rd,elementary,S. Egremont Village,251104001778,South Egremont,2511040,best_match
42.141946,-73.456779,Egremont,MA,18 Hilltop Rd,elementary,SBRSD,,,,
42.196254,-73.439378,Egremont,MA,9 Prospect Lake Rd,elementary,SBRSD,,,,
42.189941,-73.429451,Egremont,MA,171 Egremont Plain Rd,elementary,SBRSD,,,,
42.143549,-73.409278,Egremont,MA,89 Undermountain Rd,elementary,SBRSD,,,,
42.186686,-73.41696,Egremont,MA,124 Egremont Plain Rd,elementary,Allendale,,,,
42.160867,-73.420649,Egremont,MA,18 Baldwin Hill Rd,elementary,SBRSD,,,,
42.165047,-73.437317,Egremont,MA,138 Hillsdale Rd,elementary,SBRSD,,,,
42.159437,-73.410933,Egremont,MA,10 Sheffield Rd,elementary,SBRSD,,,,
42.189941,-73.429451,Egremont,MA,171 Egremont Plain Rd,elementary,S. Egremont Village,251104001778,South Egremont,2511040,best_match
42.181801,-73.458115,Egremont,MA,71 Blunt Rd,elementary,SBRSD,,,,
42.21675,-73.458635,Egremont,MA,59 Whites Hill Rd,elementary,SBRSD,,,,
42.164249,-73.435677,Egremont,MA,2 Terra Ferma Dr,elementary,SBRSD,,,,
42.629486,-72.404808,Erving,MA,221 North St,elementary,Erving Elementary,250471000626,Erving Elementary,2504710,best_match
42.586188,-72.486451,Erving,MA,3 Northfield Rd,elementary,Erving Elementary,250471000626,Erving Elementary,2504710,best_match
42.600012,-72.400958,Erving,MA,5 W Main St,elementary,Erving,250471000626,Erving Elementary,2504710,best_match
42.615521,-70.812922,Essex,MA,44 Lakeshore Dr,elementary,Essex,250006700627,Essex Elementary,2500067,best_match
42.611807,-70.805683,Essex,MA,10 Coral Hill Rd,elementary,Essex Elem,250006700627,Essex Elementary,2500067,best_match
42.629116,-70.772286,Essex,MA,157 Main St,elementary,Essex Elem,250006700627,Essex Elementary,2500067,best_match
42.646212,-70.81261,Essex,MA,100 Choate St,elementary,Essex Elementary,250006700627,Essex Elementary,2500067,best_match
42.623596,-70.769119,Essex,MA,31 Forest Ave,elementary,Mersd,,,,
42.638004,-70.759555,Essex,MA,51 Lebaron Rd,elementary,Essex,250006700627,Essex Elementary,2500067,best_match
42.652519,-70.79953,Essex,MA,199 John Wise Ave,elementary,Essex Elementary School,250006700627,Essex Elementary,2500067,best_match
42.633806,-70.794059,Essex,MA,Belcher St,elementary,Essex Elementary,250006700627,Essex Elementary,2500067,best_match
42.622899,-70.772005,Essex,MA,90 Southern Ave Unit 90,elementary,Essex Elem,250006700627,Essex Elementary,2500067,best_match
42.409527,-71.060874,Everett,MA,76 Baldwin Ave,elementary,Maddy English,,,,
42.409136,-71.059054,Everett,MA,68 Linden St Apt 49,elementary,Devens School,250279000304,Dever Elementary School,2502790,embedding
42.404146,-71.05133,Everett,MA,11 Winter Street St,elementary,"K Thru 8, Sumner Whitter",,,,
42.411778,-71.039503,Everett,MA,19 Elsie St,elementary,Webster,250477002118,Webster School,2504770,best_match
42.404724,-71.054273,Everett,MA,38 Revere St,elementary,Everett High,250279000227,Everett Elementary School,2502790,distinctive_token
42.404402,-71.050814,Everett,MA,4 Winter St,elementary,George Keverian,250354000858,George F. Kelly Elementary,2503540,distinctive_token
42.403282,-71.065521,Everett,MA,13-15 Heath St,elementary,Check W/ Supt,,,,
42.406598,-71.054167,Everett,MA,30 Chelsea St Apt 804,elementary,Sumner Whittier,,,,
42.408202,-71.044594,Everett,MA,33 Nichols St,elementary,Keverian,,,,
42.406718,-71.058921,Everett,MA,17 Tufts Ave,elementary,Sumner G. Whittier School,,,,
42.406718,-71.058921,Everett,MA,17 Tufts Ave,elementary,Sumner G. Whittier School,,,,
42.415225,-71.03784,Everett,MA,42 Freeman Ave,elementary,Webster School,250477002118,Webster School,2504770,best_match
42.412777,-71.054226,Everett,MA,8 Walnut St Apt 28,elementary,Webster/Summer,250477002118,Webster School,2504770,best_match
42.404972,-71.06498,Everett,MA,66 Tileston St Unit 7,elementary,Keverian School,,,,
42.413239,-71.048182,Everett,MA,29 Oakland Ave,elementary,Parlin,,,,
42.411246,-71.056933,Everett,MA,15 Dean St,elementary,Parlin,,,,
42.404972,-71.06498,Everett,MA,66 Tileston St Unit 9,elementary,Keverian School,,,,
42.416802,-71.057828,Everett,MA,170 Bradford St Unit 3,elementary,Lafayette School,,,,
42.404972,-71.06498,Everett,MA,66 Tileston St Unit 5,elementary,Keverian School,,,,
42.404972,-71.06498,Everett,MA,66 Tileston St Unit 101,elementary,Keverian School,,,,
42.404427,-71.061844,Everett,MA,9 Carter St,elementary,Pioneer Charter,250002200514,Benjamin Banneker Charter Public School,2500022,distinctive_token
41.663559,-70.905152,Fairhaven,MA,24 Jesse St,elementary,East Fairhaven Elementary,250480000640,East Fairhaven,2504800,best_match
41.646321,-70.90558,Fairhaven,MA,256 Green St,elementary,Leroy L. Wood Elementary,250480000645,Leroy Wood,2504800,best_match
41.650261,-70.851877,Fairhaven,MA,20 Kane St,elementary,East Fairhaven Elementary,250480000640,East Fairhaven,2504800,best_match
41.629491,-70.892944,Fairhaven,MA,Morey Ln,elementary,Fairahven,,,,
41.613773,-70.866749,Fairhaven,MA,1 Smugglers Rd,elementary,Wood School,250480000645,Leroy Wood,2504800,best_match
41.650135,-70.847513,Fairhaven,MA,21 Forestview Dr,elementary,East Fairhaven,250480000640,East Fairhaven,2504800,best_match
41.63374,-70.898818,Fairhaven,MA,73 Chestnut St,elementary,Leroy Wood,250480000645,Leroy Wood,2504800,best_match
41.63502,-70.905611,Fairhaven,MA,16 Middle St,elementary,Rogers,,,,
41.646147,-70.867834,Fairhaven,MA,604 Ocean Mdws Unit 604,elementary,East Fairhaven,250480000640,East Fairhaven,2504800,best_match
41.642438,-70.906652,Fairhaven,MA,Huttleston Ave,elementary,East Fairhaven,250480000640,East Fairhaven,2504800,best_match
41.613126,-70.865101,Fairhaven,MA,8 Sunset Beach Rd,elementary,Wood,250480000645,Leroy Wood,2504800,best_match
41.66097,-70.90908,Fairhaven,MA,39 Veranda Ave,elementary,Leroy Wood,250480000645,Leroy Wood,2504800,best_match
41.679217,-71.179655,Fall River,MA,724 Woodman St,elementary,Carlton Viveiros Elementary,250483002644,Carlton M. Viveiros Elementary School,2504830,best_match
41.7053,-71.149233,Fall River,MA,533 Locust St Apt 4,elementary,Westall,,,,
41.723531,-71.125741,Fall River,MA,793 Montgomery St,elementary,Tansey,250483000665,James Tansey,2504830,best_match
41.705857,-71.129924,Fall River,MA,106 David St,elementary,Spencer Borden,250483000679,Spencer Borden,2504830,best_match
41.752316,-71.122009,Fall River,MA,4234 N Main St Apt 208,elementary,North End Elementary,250483001780,North End Elementary,2504830,best_match
41.705364,-71.149193,Fall River,MA,533 Locust St Apt 8,elementary,Westall,,,,
41.691342,-71.12451,Fall River,MA,229 Concord St,elementary,Mary Fonseca Elementary,250483002650,Mary Fonseca Elementary School,2504830,best_match
41.738641,-71.111209,Fall River,MA,134 Hathaway Commons Rd,elementary,Spencer-Borden,250483000679,Spencer Borden,2504830,best_match
41.708331,-71.14258,Fall River,MA,615 Robeson St,elementary,Letourneau Elementary,250483002656,Letourneau Elementary School,2504830,best_match
41.70965,-71.150262,Fall River,MA,216 Prospect St,elementary,Spencer Borden Elem,250483000679,Spencer Borden,2504830,best_match
41.722651,-71.122978,Fall River,MA,201 Montgomery Cir,elementary,Spencer Borden,250483000679,Spencer Borden,2504830,best_match
41.706716,-71.148789,Fall River,MA,528 Cherry St Unit C4,elementary,Mary Fonseca Elementary School,250483002650,Mary Fonseca Elementary School,2504830,best_match
41.696947,-71.129644,Fall River,MA,1443 Bedford St,elementary,Mary Fonseca Elementary,250483002650,Mary Fonseca Elementary School,2504830,best_match
41.691073,-71.177129,Fall River,MA,670 Bay St,elementary,Carlton M Viveiros,250483002644,Carlton M. Viveiros Elementary School,2504830,best_match
41.683517,-71.171996,Fall River,MA,8 Princeton Cir,elementary,Viveiros,250483002644,Carlton M. Viveiros Elementary School,2504830,best_match
41.728988,-71.136031,Fall River,MA,1810 Highland Ave Apt 4A,elementary,Tansey,250483000665,James Tansey,2504830,best_match
41.686413,-71.165319,Fall River,MA,135 Vale St Apt 16,elementary,Henry Lord Community School,,,,
41.683789,-71.143557,Fall River,MA,883 Grinnell St,elementary,Atlantis Char.,,,,
41.708984,-71.150459,Fall River,MA,556 High St,elementary,Mary L. Fonseca Elementary,250483002650,Mary Fonseca Elementary School,2504830,best_match
41.703583,-71.150046,Fall River,MA,501 Pine St,elementary,James Tansey Elementary School,250483000665,James Tansey,2504830,best_match
41.685266,-71.146977,Fall River,MA,721 Cambridge St Unit B,elementary,Greene,250483000684,William S Greene,2504830,best_match
41.727476,-71.134281,Fall River,MA,Dexter St,elementary,North End,250483001780,North End Elementary,2504830,best_match
41.762914,-71.105725,Fall River,MA,5455 N Main St Apt 4D,elementary,Silvia Elementary,,,,
41.723576,-71.140537,Fall River,MA,87 Stowe St,elementary,James Tansey Elementary,250483000665,James Tansey,2504830,best_match
41.695145,-71.157883,Fall River,MA,526 3rd St,elementary,Carlton M. Viveiros,250483002644,Carlton M. Viveiros Elementary School,2504830,best_match
41.627204,-70.581635,Falmouth,MA,47 Galleon Dr,elementary,North Falmouth,250486000690,North Falmouth Elementary,2504860,best_match
41.560902,-70.58805,Falmouth,MA,57 Oak St,elementary,Teaticket,250486000691,Teaticket,2504860,best_match
41.55022,-70.597183,Falmouth,MA,69 Jericho Path,elementary,Mullen Hall,250486000689,Mullen-Hall,2504860,best_match
41.608423,-70.626197,Falmouth,MA,55 Ridgeview Dr,elementary,North Falmouth Elementary,250486000690,North Falmouth Elementary,2504860,best_match
41.557179,-70.562494,Falmouth,MA,400 Davisville Rd,elementary,East Falmouth,250486000685,East Falmouth Elementary,2504860,best_match
41.574294,-70.580815,Falmouth,MA,9 E Harbor Cir,elementary,Teaticket Elem,250486000691,Teaticket,2504860,best_match
41.606687,-70.53947,Falmouth,MA,223 Plum Hollow Rd,elementary,North Falmouth Elementary,250486000685,East Falmouth Elementary,2504860,distinctive_token
41.549025,-70.6134,Falmouth,MA,112 Shore St,elementary,Mullen-Hall Elementary School,250486000689,Mullen-Hall,2504860,best_match
41.553435,-70.609273,Falmouth,MA,480 Main St Unit 15,elementary,Mullen Hall,250486000689,Mullen-Hall,2504860,best_match
41.590941,-70.583501,Falmouth,MA,25 Deepwood Dr,elementary,Morse Pond,,,,
41.628797,-70.583427,Falmouth,MA,35 Braeburn Ct,elementary,North Falmouth,250486000690,North Falmouth Elementary,2504860,best_match
41.574937,-70.631774,Falmouth,MA,72 Loop Rd,elementary,Mullen Hall Elementary School,250486000689,Mullen-Hall,2504860,best_match
41.574461,-70.554965,Falmouth,MA,23 Penny Royal Ln,elementary,East Falmouth,250486000685,East Falmouth Elementary,2504860,best_match
41.545655,-70.600714,Falmouth,MA,10 Vesper Ave,elementary,Mullen Hall,250486000689,Mullen-Hall,2504860,best_match
41.628067,-70.587011,Falmouth,MA,19 Wheelhouse Cir,elementary,North Falmouth,250486000690,North Falmouth Elementary,2504860,best_match
41.645494,-70.642386,Falmouth,MA,47 Anchorage Rd,elementary,North Falmouth,250486000690,North Falmouth Elementary,2504860,best_match
42.125259,-72.103749,Fiskdale,MA,7 Evergreen Ln,elementary,Burgess,251131001870,Burgess Elementary,2511310,best_match
42.599027,-71.787801,Fitchburg,MA,29 Rinnock Rd,elementary,Mckay Elementary,250489002775,McKay Elementary School,2504890,best_match
42.611961,-71.812728,Fitchburg,MA,983 Rindge Rd,elementary,Mckay,250489002775,McKay Elementary School,2504890,best_match
42.57284,-71.818795,Fitchburg,MA,274 Clarendon St,elementary,Reingold Elementary School,250489000702,Reingold Elementary,2504890,best_match
42.607119,-71.798444,Fitchburg,MA,49 Richardson Rd,elementary,Crocker Elementary School,250489000696,Crocker Elementary,2504890,best_match
42.575912,-71.812798,Fitchburg,MA,50 Frankfort St Unit 3,elementary,South Street,250489002469,South Street Early Learning Center,2504890,best_match
42.63418,-71.817149,Fitchburg,MA,410 Billings Rd,elementary,Crocker Elementary School,250489000696,Crocker Elementary,2504890,best_match
42.571903,-71.809768,Fitchburg,MA,20 George St,elementary,South Street Elementary School,250489002469,South Street Early Learning Center,2504890,distinctive_token
42.577595,-71.835281,Fitchburg,MA,50 Grand St,elementary,Reingold,250489000702,Reingold Elementary,2504890,best_match
42.561081,-71.83728,Fitchburg,MA,34 Mountain Laurel Ln Unit 34,elementary,Reingold Elem,250489000702,Reingold Elementary,2504890,best_match
42.558995,-71.807438,Fitchburg,MA,491 Mount Elam Rd,elementary,South Street Elementary,250489002469,South Street Early Learning Center,2504890,distinctive_token
42.566627,-71.803534,Fitchburg,MA,34 Jeffrey St,elementary,South Street Elementary,250489002469,South Street Early Learning Center,2504890,distinctive_token
42.594972,-71.787403,Fitchburg,MA,509 North St,elementary,Mckay Elementary,250489002775,McKay Elementary School,2504890,best_match
42.590499,-71.804771,Fitchburg,MA,141 Mechanic St,elementary,Crocker Elementary School,250489000696,Crocker Elementary,2504890,best_match
42.58896,-71.800552,Fitchburg,MA,10 Nutting St,elementary,Crocker,250489000696,Crocker Elementary,2504890,best_match
42.574951,-71.802528,Fitchburg,MA,9-11 Warren St,elementary,Fitchburg Public Schools,,,,
42.578811,-71.83583,Fitchburg,MA,7 Terrace Pl,elementary,Crocker,250489000696,Crocker Elementary,2504890,best_match
42.586429,-71.79816,Fitchburg,MA,8 Jay St,elementary,Crocker Elementary School,250489000696,Crocker Elementary,2504890,best_match
42.590431,-71.802193,Fitchburg,MA,149 High St,elementary,South Street,250489002469,South Street Early Learning Center,2504890,best_match
42.590459,-71.797374,Fitchburg,MA,168 Mount Vernon St,elementary,Crocker Elementary,250489000696,Crocker Elementary,2504890,best_match
42.585298,-71.795605,Fitchburg,MA,118 Blossom St,elementary,Crocker,250489000696,Crocker Elementary,2504890,best_match
42.585164,-71.782409,Fitchburg,MA,15 Redman Pl,elementary,Mckay,250489002775,McKay Elementary School,2504890,best_match
42.577052,-71.782709,Fitchburg,MA,251 Boutelle St,elementary,Fitchburg Public Schools,,,,
42.58736,-71.806122,Fitchburg,MA,10 Prospect St,elementary,Memorial,250879000621,Spaulding Memorial,2508790,best_match
42.556531,-71.793543,Fitchburg,MA,66 Swan Ave,elementary,Reingold,250489000702,Reingold Elementary,2504890,best_match
42.574145,-71.820442,Fitchburg,MA,86 Edwards St,elementary,Reingold School,250489000702,Reingold Elementary,2504890,best_match
42.577446,-71.81658,Fitchburg,MA,259 Beech St,elementary,Reingold,250489000702,Reingold Elementary,2504890,best_match
42.55765,-71.794871,Fitchburg,MA,122 Swan Ave,elementary,South Street School,250489002469,South Street Early Learning Center,2504890,best_match
42.569917,-71.803666,Fitchburg,MA,111 Seneca St,elementary,South St. Elementary,250489002469,South Street Early Learning Center,2504890,distinctive_token
42.571739,-71.790291,Fitchburg,MA,55 Canton St,elementary,Mckay,250489002775,McKay Elementary School,2504890,best_match
42.579438,-71.818348,Fitchburg,MA,22 Plymouth St,elementary,Reingold Elementary School,250489000702,Reingold Elementary,2504890,best_match
42.666875,-73.04221,Florida,MA,9 S County Rd,elementary,Gabriel Abbott Mem.,,,,
42.668656,-73.049418,Florida,MA,N Central Shaft Rd,elementary,Gabriel Abbott Mem.,,,,
42.720143,-73.028398,Florida,MA,174 Tilda Hill Rd,elementary,Gabriel Abbott Mem.,,,,
42.693888,-73.021009,Florida,MA,29 Moores Rd,elementary,Gabriel Abbott Mem.,,,,
41.679322,-70.530626,Forestdale,MA,1 Pebble Path,elementary,Forestdale School,251047002857,Forestdale School,2510470,best_match
41.687547,-70.521345,Forestdale,MA,8 Racoon Ln,elementary,Forestdale,251047002857,Forestdale School,2510470,best_match
42.073341,-71.239996,Foxborough,MA,2 Margaret Rd,elementary,Burrill/ Yelle,,,,
42.079604,-71.244635,Foxborough,MA,30 Creighton Ave,elementary,Igo Elementary,250495000724,Vincent M Igo Elementary,2504950,best_match
42.335242,-71.437625,Framingham,MA,1083 Edgell Rd,elementary,Hemenway Elem,250498000721,Hemenway,2504980,best_match
42.316297,-71.425873,Framingham,MA,67 Leigh St,elementary,Dunning Elementary,250498000716,Charlotte A Dunning,2504980,distinctive_token
42.333593,-71.403659,Framingham,MA,15 Michael Rd,elementary,Potter Rd/ Hemingway,250498000731,Potter Road,2504980,distinctive_token
42.335127,-71.427111,Framingham,MA,8 Sloane Dr,elementary,Henenway Elementary,,,,
42.297234,-71.452926,Framingham,MA,1321 Worcester Rd Apt 303,elementary,Brophy Elementary,250498000714,Brophy,2504980,best_match
42.332083,-71.461606,Framingham,MA,1059 Grove St,elementary,King,250498002823,King Elementary School,2504980,best_match
42.326913,-71.451158,Framingham,MA,301 Winch St,elementary,Hemenway Elementary,250498000721,Hemenway,2504980,best_match
42.286703,-71.445426,Framingham,MA,175 Edgewater Dr,elementary,Brophy Elementary School,250498000714,Brophy,2504980,best_match
42.320341,-71.393532,Framingham,MA,13 Hamilton St,elementary,Mary E. Stapleton Elementary,250498000726,Mary E Stapleton Elementary,2504980,best_match
42.273236,-71.40242,Framingham,MA,154 2nd St Apt 111,elementary,Harmony Grove,250498000734,Harmony Grove Elementary,2504980,best_match
42.306945,-71.407838,Framingham,MA,6 Ruth Dr,elementary,Parent Info Center,250732001368,Early Childhood Center,2507320,distinctive_token
42.267987,-71.402425,Framingham,MA,9 Weld St Apt 19,elementary,Harmony Grove Elementary,250498000734,Harmony Grove Elementary,2504980,best_match
42.318669,-71.450315,Framingham,MA,576 Grove St,elementary,Brophy Elementary School,250498000714,Brophy,2504980,best_match
42.3095,-71.412075,Framingham,MA,5 Summer Ln,elementary,Charlotte Dunning,250498000716,Charlotte A Dunning,2504980,best_match
42.319094,-71.451412,Framingham,MA,616 Grove St,elementary,Brophy,250498000714,Brophy,2504980,best_match
42.321354,-71.419688,Framingham,MA,8 Fairbrook Rd,elementary,Hemenway,250498000721,Hemenway,2504980,best_match
42.336906,-71.44969,Framingham,MA,15 Carter Dr,elementary,Schl Chc,,,,
42.309302,-71.422259,Framingham,MA,61 Indian Head Rd,elementary,Dunning Elementary School,250498000716,Charlotte A Dunning,2504980,distinctive_token
42.320478,-71.459406,Framingham,MA,5 Baiting Brook Rd Unit 5,elementary,Framingham,,,,
42.316724,-71.428744,Framingham,MA,51 Higgins Rd,elementary,Framingham,,,,
42.270217,-71.419007,Framingham,MA,308 Hollis St,elementary,Barbieri,250498000727,Barbieri Elementary,2504980,best_match
42.271121,-71.414161,Framingham,MA,92 Alexander St,elementary,Woodrow Wilson,,,,
42.285122,-71.403569,Framingham,MA,66 Bishop Dr Unit 66,elementary,Paul Barbieri Jr,250498000727,Barbieri Elementary,2504980,distinctive_token
42.278265,-71.453414,Framingham,MA,2 William J Hts,elementary,Mccarthy,250498000728,Miriam F McCarthy School,2504980,best_match
42.267987,-71.402425,Framingham,MA,15 Weld St Apt 24,elementary,Framingham,,,,
42.299352,-71.412666,Framingham,MA,46 Cochituate Rd Apt 201,elementary,Framingham Has,,,,
42.289925,-71.404884,Framingham,MA,369 Grant St Apt 1,elementary,Parent Choice,,,,
42.293018,-71.461608,Framingham,MA,1500 Worcester Rd Apt 308,elementary,Brophy Elementary School,250498000714,Brophy,2504980,best_match
42.272192,-71.425927,Framingham,MA,13 Hilton St,elementary,Harmony Grove,250498000734,Harmony Grove Elementary,2504980,best_match
42.269596,-71.403477,Framingham,MA,7 Weld St Apt 50,elementary,Framingham,,,,
42.328565,-71.404139,Framingham,MA,75 Nicholas Rd Apt G,elementary,Mary E Stapleton,250498000726,Mary E Stapleton Elementary,2504980,best_match
42.269596,-71.403477,Framingham,MA,9 Weld St Apt 15,elementary,Woodrow Wilson Elementary,,,,
42.308558,-71.480209,Framingham,MA,987 Pleasant St,elementary,Brophy Elementary School,250498000714,Brophy,2504980,best_match
42.269596,-71.403477,Framingham,MA,9 Weld St Apt 14,elementary,Woodrow Wilson Elementary,,,,
42.328565,-71.404139,Framingham,MA,81 Nicholas Rd Apt H,elementary,Mary E Stapleto,250498000726,Mary E Stapleton Elementary,2504980,distinctive_token
42.328565,-71.404139,Framingham,MA,79 Nicholas Rd Apt H,elementary,Mary E Stapleto,250498000726,Mary E Stapleton Elementary,2504980,distinctive_token
42.093898,-71.393141,Franklin Town,MA,3 Vintage Way,elementary,Lincoln Elementary Schools,,,,
42.093769,-71.436492,Franklin Town,MA,46 Conlyn Ave,elementary,Washington Street Complex,250501000741,Oak Street Elementary,2505010,distinctive_token
42.125225,-71.39509,Franklin Town,MA,5 Shepard Rd,elementary,Lincoln St,,,,
42.06866,-71.393557,Franklin Town,MA,6 Lockewood Dr,elementary,Washington Street School,250501000741,Oak Street Elementary,2505010,distinctive_token
42.084928,-71.404754,Franklin Town,MA,204 School St,elementary,Davis Thayer,,,,
42.121748,-71.390852,Franklin Town,MA,225 Daniels St,elementary,Elementary - 4,,,,
42.112114,-71.377955,Franklin Town,MA,10 Homes Ave,elementary,Lincoln,,,,
42.084999,-71.379961,Franklin Town,MA,5 Magnolia Dr Unit 5,elementary,Washington St K-5,,,,
42.067587,-71.447175,Franklin Town,MA,59 Oxford Dr,elementary,Washington St,,,,
42.101881,-71.429034,Franklin Town,MA,4 Jimmy St,elementary,Lincoln Street,250501000741,Oak Street Elementary,2505010,distinctive_token
42.120301,-71.39422,Franklin Town,MA,68 Oliver Pond Cir Unit 55,elementary,Jfk Memorial,250501000740,J F Kennedy Memorial,2505010,abbrev_expand
42.114277,-71.408191,Franklin Town,MA,64 Deerview Way,elementary,Lincoln Street,250501000741,Oak Street Elementary,2505010,distinctive_token
42.123949,-71.379571,Franklin Town,MA,71 Silver Fox Rd,elementary,Lincoln Street Elementary,250501000741,Oak Street Elementary,2505010,distinctive_token
42.083096,-71.431861,Franklin Town,MA,120 Stone Ridge Rd Unit 120,elementary,Washington Street,250501000741,Oak Street Elementary,2505010,distinctive_token
42.099304,-71.388178,Franklin Town,MA,Longhill Rd Lot A,elementary,Lincoln St,,,,
42.085407,-71.402382,Franklin Town,MA,120 Union St Unit 1,elementary,Davis Thayer,,,,
42.088115,-71.380103,Franklin Town,MA,300 Chestnut St,elementary,Lincoln St Elementary,,,,
42.081078,-71.393829,Franklin Town,MA,90 E Central St Apt 304,elementary,Washington,,,,
42.079405,-71.396456,Franklin Town,MA,44 Winter St,elementary,Washington St Complex,250501000741,Oak Street Elementary,2505010,abbrev_expand
42.108461,-71.379275,Franklin Town,MA,169 Brook St,elementary,Keller,250501001694,Helen Keller Elementary,2505010,best_match
42.093773,-71.426353,Franklin Town,MA,81 Oliver Pond Cir Unit 8,elementary,Jfk Memorial,250501000740,J F Kennedy Memorial,2505010,abbrev_expand
42.055382,-71.434512,Franklin Town,MA,Spring St Lot 2,elementary,Washington,,,,
42.098306,-71.411416,Franklin Town,MA,2 Angelo Way,elementary,Lincoln Elementary,,,,
42.13402,-71.390279,Franklin Town,MA,4 Fuller Pl,elementary,Lincoln Elementary,,,,
42.056953,-71.451207,Franklin Town,MA,241 Prospect St,elementary,Washington Elementary,,,,
42.094063,-71.426483,Franklin Town,MA,89 Oliver Pond Cir Unit 4,elementary,Jfk Memorial,250501000740,J F Kennedy Memorial,2505010,abbrev_expand
42.07644,-71.392811,Franklin Town,MA,127 Kings St Unit 304,elementary,Parmenter,250501002519,Parmenter,2505010,best_match
42.110709,-71.385491,Franklin Town,MA,622 Lisa Ln,elementary,Keller,250501001694,Helen Keller Elementary,2505010,best_match
42.120857,-71.39468,Franklin Town,MA,90 Oliver Pond Cir Unit 43,elementary,Jfk Memorial,250501000740,J F Kennedy Memorial,2505010,abbrev_expand
42.055655,-71.434342,Franklin Town,MA,Spring St Lot 1,elementary,Washington,,,,
42.124808,-71.39913,Franklin Town,MA,734 Lincoln St,elementary,Keller,250501001694,Helen Keller Elementary,2505010,best_match
42.121092,-71.394074,Franklin Town,MA,85 Oliver Pond Cir Unit 6,elementary,Jfk Memorial,250501000740,J F Kennedy Memorial,2505010,abbrev_expand
42.122825,-71.415172,Franklin Town,MA,15 Winthrop Dr,elementary,Lincoln Street,250501000741,Oak Street Elementary,2505010,distinctive_token
42.120801,-71.393592,Franklin Town,MA,77 Oliver Pond Cir Unit 10,elementary,Jfk Memorial,250501000740,J F Kennedy Memorial,2505010,abbrev_expand
42.12087,-71.39368,Franklin Town,MA,79 Oliver Pond Cir Unit 9,elementary,Jfk Memorial,250501000740,J F Kennedy Memorial,2505010,abbrev_expand
42.120706,-71.394433,Franklin Town,MA,80 Oliver Pond Cir Unit 59,elementary,Jfk Memorial,250501000740,J F Kennedy Memorial,2505010,abbrev_expand
42.121161,-71.394359,Franklin Town,MA,91 Oliver Pond Cir Unit 3,elementary,Jfk Memorial,250501000740,J F Kennedy Memorial,2505010,abbrev_expand
41.799535,-71.031374,Freetown,MA,8 Rebecca Rd,elementary,Freetown Elementary School,250507002735,Freetown Elementary School,2505070,best_match
41.766374,-70.986959,Freetown,MA,92 Chace Rd,elementary,Freetown Elementary School,250507002735,Freetown Elementary School,2505070,best_match
41.794525,-71.075165,Freetown,MA,39 Water St,elementary,Freetown Elementary School,250507002735,Freetown Elementary School,2505070,best_match
41.79603,-71.070665,Freetown,MA,6 Hadley Heights Way,elementary,Freetown Elementary School,250507002735,Freetown Elementary School,2505070,best_match
41.725757,-71.005302,Freetown,MA,163 Quanapoag Rd,elementary,Freetown,250507002735,Freetown Elementary School,2505070,best_match
41.775591,-70.941752,Freetown,MA,21 Beech Bluff Rd,elementary,Freetown Elementary,250507002735,Freetown Elementary School,2505070,best_match
41.785698,-70.952407,Freetown,MA,6 Gerard Ave,elementary,Freetown Elementary School,250507002735,Freetown Elementary School,2505070,best_match
41.797746,-71.080656,Freetown,MA,11 Jeffrey Ln,elementary,Freetown Elementary K-3,250507002735,Freetown Elementary School,2505070,best_match
41.754581,-70.942652,Freetown,MA,4 Clermont Way,elementary,Freetown Elem/ George R Austin,250507002735,Freetown Elementary School,2505070,best_match
41.799183,-71.019487,Freetown,MA,11C H Clark Dr,elementary,Freetown Elementary,250507002735,Freetown Elementary School,2505070,best_match
41.732859,-70.969255,Freetown,MA,19 Quanapoag Rd,elementary,Freetown Elementary School,250507002735,Freetown Elementary School,2505070,best_match
41.714458,-71.010902,Freetown,MA,9 Cottle Ln,elementary,Freetown Elementary,250507002735,Freetown Elementary School,2505070,best_match
41.764715,-70.950096,Freetown,MA,118 County Rd,elementary,Freetown Elementary,250507002735,Freetown Elementary School,2505070,best_match
41.809158,-71.02836,Freetown,MA,8 Dunham Rd,elementary,Freetown/Austin Intermediate,250507002735,Freetown Elementary School,2505070,distinctive_token
41.783994,-71.068401,Freetown,MA,36 High St,elementary,Freetown Elementary Prek3,250507002735,Freetown Elementary School,2505070,best_match
41.786347,-71.075583,Freetown,MA,24 Alexandra Dr,elementary,Freetown Elementary School,250507002735,Freetown Elementary School,2505070,best_match
41.754791,-71.000958,Freetown,MA,13 King Philip Way,elementary,Freetown Elemen,250507002735,Freetown Elementary School,2505070,distinctive_token
41.786249,-71.0715,Freetown,MA,12 Alexandra Dr,elementary,Freetown Elementary School,250507002735,Freetown Elementary School,2505070,best_match
42.574737,-71.974941,Gardner,MA,3 Highfield Rd,elementary,Gardner Elementary School,250513000750,Gardner Elementary School,2505130,best_match
42.578085,-71.984505,Gardner,MA,35 Cedar St Apt 6,elementary,Gardner,250513000750,Gardner Elementary School,2505130,best_match
42.553695,-71.98005,Gardner,MA,54 Charles St,elementary,Gardner Elementary,250513000750,Gardner Elementary School,2505130,best_match
42.536881,-71.978264,Gardner,MA,688 Whitney St,elementary,Gardner Elementary,250513000750,Gardner Elementary School,2505130,best_match
42.581601,-71.976159,Gardner,MA,53 Ridgewood Ln Apt 16,elementary,Gardner,250513000750,Gardner Elementary School,2505130,best_match
42.573701,-71.990595,Gardner,MA,53 Peabody St,elementary,Gardner Elementary School,250513000750,Gardner Elementary School,2505130,best_match
42.552045,-71.977556,Gardner,MA,61 Lovewell St,elementary,Gardner Elementary,250513000750,Gardner Elementary School,2505130,best_match
42.577428,-71.986765,Gardner,MA,83 Chestnut St,elementary,Gardner Elementary School,250513000750,Gardner Elementary School,2505130,best_match
42.571182,-71.984626,Gardner,MA,353 Chestnut St,elementary,Gardner Elementary School,250513000750,Gardner Elementary School,2505130,best_match
42.572734,-71.992686,Gardner,MA,205 Pine St,elementary,Gardner Elementary School,250513000750,Gardner Elementary School,2505130,best_match
42.570831,-71.991951,Gardner,MA,287 Pine St,elementary,Gardner,250513000750,Gardner Elementary School,2505130,best_match
42.573611,-71.963089,Gardner,MA,17 Foster Ct,elementary,Gardner Elementary,250513000750,Gardner Elementary School,2505130,best_match
42.735759,-71.006574,Georgetown,MA,23 Old Jacobs Rd,elementary,Penn Brook,250522000765,Penn Brook,2505220,best_match
42.723368,-70.990352,Georgetown,MA,41 E Main St,elementary,Penn Brook,250522000765,Penn Brook,2505220,best_match
42.718922,-70.997784,Georgetown,MA,6 Londonderry Ln,elementary,Penn Brook,250522000765,Penn Brook,2505220,best_match
42.727586,-71.006172,Georgetown,MA,105 Lakeshore Dr,elementary,Penn Brook Elementary,250522000765,Penn Brook,2505220,best_match
42.721108,-70.967095,Georgetown,MA,11 Marlboro Rd,elementary,Penn Brook,250522000765,Penn Brook,2505220,best_match
42.726411,-71.004417,Georgetown,MA,83 Lakeshore Dr,elementary,Penn Brook,250522000765,Penn Brook,2505220,best_match
42.743551,-70.975064,Georgetown,MA,113 Thurlow St,elementary,Penn Brook,250522000765,Penn Brook,2505220,best_match
42.71187,-71.006512,Georgetown,MA,41 Baldpate Rd,elementary,Georgetown Elem,250522000766,Perley Elementary,2505220,distinctive_token
42.723005,-70.994142,Georgetown,MA,17 Andover St Apt 2,elementary,Perley,250522000766,Perley Elementary,2505220,best_match
42.746177,-70.948546,Georgetown,MA,14 Web Rd,elementary,Penn Brook,250522000765,Penn Brook,2505220,best_match
42.72779,-70.9948,Georgetown,MA,85 W Main St,elementary,Georgetown,,,,
42.74478,-70.974058,Georgetown,MA,109 Thurlow St,elementary,Penn Brook Elementary,250522000765,Penn Brook,2505220,best_match
42.721908,-70.969369,Georgetown,MA,27 Searle St,elementary,Perley,250522000766,Perley Elementary,2505220,best_match
42.631342,-72.516215,Gill,MA,223 Main Rd,elementary,Gill Elementary School,250527002382,Gill Elementary,2505270,best_match
42.652308,-72.473835,Gill,MA,464 Main Rd,elementary,Gill Elementary,250527002382,Gill Elementary,2505270,best_match
42.611595,-72.501616,Gill,MA,31 Pisgah Mountain Rd,elementary,Gill Elementary,250527002382,Gill Elementary,2505270,best_match
42.617435,-70.646049,Gloucester,MA,38R Bass Ave,elementary,Veterans Elementary,250528000780,Veterans Memorial,2505280,distinctive_token
42.615556,-70.662097,Gloucester,MA,80 Prospect St Unit 7,elementary,East Vets,250528000771,East Gloucester Elementary,2505280,distinctive_token
42.656916,-70.675261,Gloucester,MA,65 Leonard St,elementary,Plum Cove,250528000877,Plum Cove School,2505280,best_match
42.672733,-70.664795,Gloucester,MA,6 MT Locust Pl Unit 2,elementary,Plum Cove,250528000877,Plum Cove School,2505280,best_match
42.646028,-70.701919,Gloucester,MA,7 Sea Fox Ln,elementary,West Parish,250528000781,West Parish,2505280,best_match
42.594736,-70.682316,Gloucester,MA,69 Dolliver Neck Rd,elementary,East Veterans,,,,
42.615225,-70.648288,Gloucester,MA,65 E Main St Apt 3,elementary,East Veterans Elementary,250528000771,East Gloucester Elementary,2505280,embedding
42.613055,-70.674502,Gloucester,MA,32 Blynman Ave,elementary,East Veterans,,,,
42.624024,-70.673891,Gloucester,MA,25 Poplar St,elementary,Beaman Elementary,,,,
42.601656,-70.654616,Gloucester,MA,28 Eastern Point Rd,elementary,East Vets,250528000771,East Gloucester Elementary,2505280,distinctive_token
42.646967,-70.702289,Gloucester,MA,8 Schooner Rdg,elementary,West Parish,250528000781,West Parish,2505280,best_match
42.572978,-70.713549,Gloucester,MA,35 Shore Rd,elementary,West Parish,250528000781,West Parish,2505280,best_match
42.659974,-70.677135,Gloucester,MA,77 Norwood Hts,elementary,Plum Cove,250528000877,Plum Cove School,2505280,best_match
42.679159,-70.657744,Gloucester,MA,12 Andrews St,elementary,Plum Cove,250528000877,Plum Cove School,2505280,best_match
42.651296,-70.669241,Gloucester,MA,31 Dennison St,elementary,Plum Cove,250528000877,Plum Cove School,2505280,best_match
42.600062,-70.654035,Gloucester,MA,7 Lighthouse Way,elementary,East Veterans,,,,
42.64712,-70.695058,Gloucester,MA,178 Atlantic St,elementary,West Parish,250528000781,West Parish,2505280,best_match
42.601656,-70.654616,Gloucester,MA,28 Eastern Point Rd,elementary,East Vets,250528000771,East Gloucester Elementary,2505280,distinctive_token
42.610682,-70.669435,Gloucester,MA,4 Lewis Ct,elementary,Beeman Memorial,250528000770,Beeman Memorial,2505280,best_match
42.628614,-70.678796,Gloucester,MA,3 Pirmi Ln Unit 4,elementary,Beeman,250528000770,Beeman Memorial,2505280,best_match
42.615623,-70.691314,Gloucester,MA,24 Cobblestone Ln Unit 603,elementary,West Parish,250528000781,West Parish,2505280,best_match
42.620134,-70.749664,Gloucester,MA,79 Woodman St,elementary,West Parish,250528000781,West Parish,2505280,best_match
42.636051,-70.679054,Gloucester,MA,10 Hudson Rd,elementary,Plum Cove,250528000877,Plum Cove School,2505280,best_match
42.618453,-70.660463,Gloucester,MA,36 Warner St,elementary,Veteran's East,250528000771,East Gloucester Elementary,2505280,distinctive_token
42.587872,-70.661112,Gloucester,MA,5 Elm Ave,elementary,East Veterans,,,,
42.612774,-70.661415,Gloucester,MA,191 Main St Unit 2A,elementary,East Veterans,,,,
42.636063,-70.731071,Gloucester,MA,7 Leaman Dr,elementary,Beaman,,,,
42.600661,-70.654295,Gloucester,MA,5 Grapevine Rd,elementary,East Veterans,,,,
42.589585,-70.659402,Gloucester,MA,3 Toronto Ave,elementary,East Gloucester,250528000771,East Gloucester Elementary,2505280,best_match
42.652861,-70.694625,Gloucester,MA,4 Crane Way,elementary,West Parish,250528000781,West Parish,2505280,best_match
42.613417,-70.661384,Gloucester,MA,196 Main St Unit 2,elementary,East Veterans,,,,
42.628614,-70.678796,Gloucester,MA,3 Pirmi Ln Unit 1,elementary,Beeman,250528000770,Beeman Memorial,2505280,best_match
42.625309,-70.629761,Gloucester,MA,6-8 Joppa Way,elementary,East Veterans,,,,
42.408834,-72.796384,Goshen,MA,28 Birch Rd,elementary,New Hingham,250001401275,New Hingham Regional Elementary,2500014,best_match
42.443436,-72.796623,Goshen,MA,18 W Shore Dr,elementary,New Hingham,250001401275,New Hingham Regional Elementary,2500014,best_match
42.187595,-71.701205,Grafton,MA,4 Powerline Dr,elementary,South Grafton Elementary,250537000788,South Grafton Elementary,2505370,best_match
42.169764,-71.647269,Grafton,MA,46 Tulip Cir Unit 46,elementary,Grafton,250537000788,South Grafton Elementary,2505370,best_match
42.168146,-71.651378,Grafton,MA,16 Seaver Farm Ln,elementary,South Grafton Elementary,250537000788,South Grafton Elementary,2505370,best_match
42.199229,-71.687592,Grafton,MA,18 Bruce St,elementary,South Grafton/Millbury St,251323002219,Grafton Street,2513230,abbrev_expand
42.201448,-71.681533,Grafton,MA,49 South St,elementary,North Street,250537002754,North Street Elementary School,2505370,best_match
42.20364,-71.686935,Grafton,MA,14 South St,elementary,Grafton,251323002219,Grafton Street,2513230,embedding
42.219992,-71.680771,Grafton,MA,85 North St,elementary,North St Elementary,250537002754,North Street Elementary School,2505370,abbrev_expand
42.177248,-71.677866,Grafton,MA,26 Summerfield Dr Unit 17,elementary,Sges,,,,
42.176823,-71.691674,Grafton,MA,11 Sampson St Unit 11,elementary,South Grafton Elementary,250537000788,South Grafton Elementary,2505370,best_match
42.227713,-71.657807,Grafton,MA,25 Valley View Dr,elementary,Nges,,,,
42.169764,-71.647269,Grafton,MA,48 Tulip Cir Unit 48,elementary,Sges,,,,
42.234447,-71.677168,Grafton,MA,36 Magnolia Ln,elementary,North Grafton,250537000787,North Grafton Elementary,2505370,best_match
42.237978,-71.655209,Grafton,MA,17 Stoneybrook Rd,elementary,North Street Elementary School,250537002754,North Street Elementary School,2505370,best_match
42.175938,-71.698784,Grafton,MA,66 Fisherville Ter Unit 0,elementary,Sges,,,,
42.220524,-71.725975,Grafton,MA,32 Samuel Dr Unit 1008,elementary,Grafton,251323002219,Grafton Street,2513230,embedding
42.17588,-71.697723,Grafton,MA,53 Fisherville Ter Unit 0,elementary,Sges,,,,
42.175968,-71.69854,Grafton,MA,64 Fisherville Ter Unit 0,elementary,Sges,,,,
42.17601,-71.699654,Grafton,MA,81 Fisherville Ter Unit 0,elementary,Sges,,,,
42.175968,-71.699051,Grafton,MA,80 Fisherville Ter Unit 0,elementary,Sges,,,,
42.175568,-71.699211,Grafton,MA,79 Fisherville Ter Unit 0,elementary,Sges,,,,
42.175568,-71.699211,Grafton,MA,77 Fisherville Ter Unit 0,elementary,Sges,,,,
42.274803,-72.470943,Granby,MA,23 School St,elementary,East Meadow,250540000789,East Meadow,2505400,best_match
42.238943,-72.461695,Granby,MA,110 Munsing Rdg,elementary,East Meadow,250540000789,East Meadow,2505400,best_match
42.280008,-72.519657,Granby,MA,172 Porter St,elementary,East Meadow,250540000789,East Meadow,2505400,best_match
42.288451,-72.535642,Granby,MA,33 Granby Hts Unit 33,elementary,East Meadow School,250540000789,East Meadow,2505400,best_match
42.258314,-72.530519,Granby,MA,79 West St,elementary,East Meadow,250540000789,East Meadow,2505400,best_match
42.288451,-72.535642,Granby,MA,24 Granby Hts Unit 24,elementary,East Meadow School,250540000789,East Meadow,2505400,best_match
42.288451,-72.535642,Granby,MA,12 Granby Hts Unit 12,elementary,East,250540000789,East Meadow,2505400,best_match
42.264633,-72.459516,Granby,MA,Chicopee St Lot 3,elementary,East Meadow,250540000789,East Meadow,2505400,best_match
42.237284,-72.53676,Granby,MA,0 Lot B-7 E State Map 15 Lot B7,elementary,East Meadow,250540000789,East Meadow,2505400,best_match
42.264477,-72.459416,Granby,MA,Chicopee St Lot 3,elementary,Granby,,,,
42.231788,-73.355544,Great Barrington,MA,54 Division St,elementary,Muddy Brook Reg.,250253001999,Muddy Brook Regional Elementary School,2502530,best_match
42.241444,-73.333981,Great Barrington,MA,11 Muddy Brook Cir,elementary,Muddy Brook Reg.,250253001999,Muddy Brook Regional Elementary School,2502530,best_match
42.19002,-73.311811,Great Barrington,MA,15 Monument Valley Rd,elementary,Muddy Brook Reg.,250253001999,Muddy Brook Regional Elementary School,2502530,best_match
42.254223,-73.368095,Great Barrington,MA,211 Cottage St,elementary,Muddy Brook Reg.,250253001999,Muddy Brook Regional Elementary School,2502530,best_match
42.196425,-73.356549,Great Barrington,MA,155 East St,elementary,Muddy Brook Reg.,250253001999,Muddy Brook Regional Elementary School,2502530,best_match
42.251472,-73.361565,Great Barrington,MA,15 Cone Ave,elementary,Muddy Brook Reg.,250253001999,Muddy Brook Regional Elementary School,2502530,best_match
42.220842,-73.397699,Great Barrington,MA,276 Division St,elementary,Muddy Brook Reg.,250253001999,Muddy Brook Regional Elementary School,2502530,best_match
42.205909,-73.342667,Great Barrington,MA,34 Fairview Ter,elementary,Muddy Brook Reg.,250253001999,Muddy Brook Regional Elementary School,2502530,best_match
42.186393,-73.310565,Great Barrington,MA,3 Lake Buel Rd,elementary,Muddy Brook Reg.,250253001999,Muddy Brook Regional Elementary School,2502530,best_match
42.163719,-73.435928,Great Barrington,MA,4 Terra Ferma Dr,elementary,SBRSD,,,,
42.193623,-73.369164,Great Barrington,MA,80 Taconic Ave,elementary,Muddy Brook Reg.,250253001999,Muddy Brook Regional Elementary School,2502530,best_match
42.180081,-73.391153,Great Barrington,MA,1 Cornwall Dr,elementary,Muddy Brook Reg.,250253001999,Muddy Brook Regional Elementary School,2502530,best_match
42.24181,-73.356297,Great Barrington,MA,298 Park St,elementary,Muddy Brook Reg.,250253001999,Muddy Brook Regional Elementary School,2502530,best_match
42.257196,-73.370175,Great Barrington,MA,43 Hart St,elementary,Muddy Brook Reg.,250253001999,Muddy Brook Regional Elementary School,2502530,best_match
42.208927,-73.341911,Great Barrington,MA,9 Stanley Dr,elementary,Muddy Brook Reg.,250253001999,Muddy Brook Regional Elementary School,2502530,best_match
42.17921,-73.362782,Great Barrington,MA,783 Main St,elementary,Muddy Brook Reg.,250253001999,Muddy Brook Regional Elementary School,2502530,best_match
42.19518,-73.402563,Great Barrington,MA,74 Seekonk Cross Rd,elementary,Muddy Brook Reg.,250253001999,Muddy Brook Regional Elementary School,2502530,best_match
42.231923,-73.323126,Great Barrington,MA,233 Monument Valley Rd,elementary,Muddy Brook Reg.,250253001999,Muddy Brook Regional Elementary School,2502530,best_match
42.202469,-73.351045,Great Barrington,MA,153 State Rd,elementary,Muddy Brook Reg.,250253001999,Muddy Brook Regional Elementary School,2502530,best_match
42.231383,-73.385566,Great Barrington,MA,237 Long Pond Rd,elementary,Muddy Brook Reg.,250253001999,Muddy Brook Regional Elementary School,2502530,best_match
42.184589,-73.369202,Great Barrington,MA,165 Maple Ave Apt D,elementary,Muddy Brook Reg.,250253001999,Muddy Brook Regional Elementary School,2502530,best_match
42.195618,-73.399226,Great Barrington,MA,77 Seekonk Cross Rd,elementary,Muddy Brook Reg.,250253001999,Muddy Brook Regional Elementary School,2502530,best_match
42.253654,-73.369163,Great Barrington,MA,9 Forest Row Unit 9,elementary,Muddy Brook Reg.,250253001999,Muddy Brook Regional Elementary School,2502530,best_match
42.253024,-73.37476,Great Barrington,MA,386 N Plain Rd,elementary,Muddy Brook Reg,250253001999,Muddy Brook Regional Elementary School,2502530,best_match
42.191565,-73.355234,Great Barrington,MA,25 Pine St,elementary,NM Central,251104001775,New Marlborough Central,2511040,distinctive_token
42.193684,-73.365793,Great Barrington,MA,39 Castle St,elementary,Muddy Brook Reg.,250253001999,Muddy Brook Regional Elementary School,2502530,best_match
42.209821,-73.347301,Great Barrington,MA,8 Stillwell St,elementary,Muddy Brook Reg.,250253001999,Muddy Brook Regional Elementary School,2502530,best_match
42.180249,-73.392062,Great Barrington,MA,18 Egremont Plain Rd,elementary,Muddy Brook Reg.,250253001999,Muddy Brook Regional Elementary School,2502530,best_match
42.185116,-73.36985,Great Barrington,MA,148 Maple Ave Unit 12,elementary,Muddy Brook Reg.,250253001999,Muddy Brook Regional Elementary School,2502530,best_match
42.209389,-73.342149,Great Barrington,MA,20 Cooper Rd,elementary,Muddy Brook Reg.,250253001999,Muddy Brook Regional Elementary School,2502530,best_match
42.193623,-73.369164,Great Barrington,MA,80 Taconic Ave Apt 12,elementary,Muddy Brook Reg.,250253001999,Muddy Brook Regional Elementary School,2502530,best_match
42.194434,-73.373701,Great Barrington,MA,10 Berkshire Heights Rd,elementary,Muddy Brook Reg.,250253001999,Muddy Brook Regional Elementary School,2502530,best_match
42.216319,-73.365351,Great Barrington,MA,27 Hemlock Hill Rd,elementary,Muddy Brook Reg.,250253001999,Muddy Brook Regional Elementary School,2502530,best_match
42.243004,-73.374207,Great Barrington,MA,321 N Plain Rd,elementary,Muddy Brook Reg.,250253001999,Muddy Brook Regional Elementary School,2502530,best_match
42.21013,-73.324425,Great Barrington,MA,127 Monument Valley Rd,elementary,Muddy Brook Reg.,250253001999,Muddy Brook Regional Elementary School,2502530,best_match
42.182742,-73.374473,Great Barrington,MA,260 Maple Ave,elementary,Muddy Brook Reg.,250253001999,Muddy Brook Regional Elementary School,2502530,best_match
42.215372,-73.357385,Great Barrington,MA,9 Abbey Hill Dr,elementary,Muddy Brook Reg.,250253001999,Muddy Brook Regional Elementary School,2502530,best_match
42.200359,-73.359138,Great Barrington,MA,88-90 Main St,elementary,Muddy Brook Reg.,250253001999,Muddy Brook Regional Elementary School,2502530,best_match
42.254189,-73.364693,Great Barrington,MA,402 Park St,elementary,Muddy Brook Reg.,250253001999,Muddy Brook Regional Elementary School,2502530,best_match
42.193623,-73.369164,Great Barrington,MA,80 Taconic Ave Apt 2,elementary,Muddy Brook Reg.,250253001999,Muddy Brook Regional Elementary School,2502530,best_match
42.217824,-73.395997,Great Barrington,MA,275 Division St,elementary,Muddy Brook Reg.,250253001999,Muddy Brook Regional Elementary School,2502530,best_match
42.18653,-73.367103,Great Barrington,MA,53 Mahaiwe St,elementary,Muddy Brook Reg.,250253001999,Muddy Brook Regional Elementary School,2502530,best_match
42.23152,-73.353502,Great Barrington,MA,Division St,elementary,Muddy Brook Reg.,250253001999,Muddy Brook Regional Elementary School,2502530,best_match
42.181157,-73.390952,Great Barrington,MA,3 Cornwall Dr,elementary,Muddy Brook Reg.,250253001999,Muddy Brook Regional Elementary School,2502530,best_match
42.196216,-73.369606,Great Barrington,MA,14 Prospect St,elementary,Muddy Brook Reg.,250253001999,Muddy Brook Regional Elementary School,2502530,best_match
42.186391,-73.394694,Great Barrington,MA,134 Hurlburt Rd,elementary,Muddy Brook Reg.,250253001999,Muddy Brook Regional Elementary School,2502530,best_match
42.143549,-73.409278,Great Barrington,MA,89 Undermountain Rd,elementary,SBRSD,,,,
42.199223,-73.36825,Great Barrington,MA,119 Hollenbeck Ave,elementary,Muddy Brook Reg.,250253001999,Muddy Brook Regional Elementary School,2502530,best_match
42.17617,-73.275758,Great Barrington,MA,85 Pixley Rd,elementary,Muddy Brook Reg.,250253001999,Muddy Brook Regional Elementary School,2502530,best_match
42.193623,-73.369164,Great Barrington,MA,80 Taconic Ave Apt 8,elementary,Muddy Brook Reg.,250253001999,Muddy Brook Regional Elementary School,2502530,best_match
42.251477,-73.376717,Great Barrington,MA,11 Wyantenuck St,elementary,Muddy Brook Reg.,250253001999,Muddy Brook Regional Elementary School,2502530,best_match
42.253513,-73.364265,Great Barrington,MA,392-394 Park St,elementary,Muddy Brook Reg.,250253001999,Muddy Brook Regional Elementary School,2502530,best_match
42.184589,-73.369202,Great Barrington,MA,165 Maple Ave,elementary,Muddy Brook Reg.,250253001999,Muddy Brook Regional Elementary School,2502530,best_match
42.185817,-73.304516,Great Barrington,MA,418 Monterey Rd,elementary,Muddy Brook Reg.,250253001999,Muddy Brook Regional Elementary School,2502530,best_match
42.200359,-73.359138,Great Barrington,MA,88-90 Main St,elementary,Muddy Brook Elemetary,250253001999,Muddy Brook Regional Elementary School,2502530,distinctive_token
42.244901,-73.364948,Great Barrington,MA,71 Van Deusenville Rd,elementary,Muddy Brook Reg.,250253001999,Muddy Brook Regional Elementary School,2502530,best_match
42.197495,-73.358215,Great Barrington,MA,60 Cottage St,elementary,Muddy Brook Reg.,250253001999,Muddy Brook Regional Elementary School,2502530,best_match
42.180879,-73.392479,Great Barrington,MA,153 Hurlburt Rd,elementary,Muddy Brook Reg.,250253001999,Muddy Brook Regional Elementary School,2502530,best_match
42.253024,-73.37476,Great Barrington,MA,386 N Plain Rd,elementary,Muddy Brook Reg.,250253001999,Muddy Brook Regional Elementary School,2502530,best_match
42.254128,-73.366562,Great Barrington,MA,133 Front St,elementary,Muddy Brook Reg.,250253001999,Muddy Brook Regional Elementary School,2502530,best_match
42.237018,-73.379087,Great Barrington,MA,250 Long Pond Rd,elementary,Contact Agent,,,,
42.237018,-73.379087,Great Barrington,MA,250 Long Pond Rd,elementary,Muddy Brook Reg.,250253001999,Muddy Brook Regional Elementary School,2502530,best_match
42.202196,-73.349777,Great Barrington,MA,185 State Rd,elementary,Muddy Brook Reg.,250253001999,Muddy Brook Regional Elementary School,2502530,best_match
42.224406,-73.402588,Great Barrington,MA,164 Alford Rd,elementary,Muddy Brook Reg.,250253001999,Muddy Brook Regional Elementary School,2502530,best_match
42.216688,-73.372771,Great Barrington,MA,Christian Hill Rd,elementary,Muddy Brook Reg.,250253001999,Muddy Brook Regional Elementary School,2502530,best_match
42.21491,-73.378401,Great Barrington,MA,5 Thrushwood Ln,elementary,Muddy Brook Reg.,250253001999,Muddy Brook Regional Elementary School,2502530,best_match
42.215155,-73.378603,Great Barrington,MA,7 Thrushwood Ln,elementary,Muddy Brook Reg.,250253001999,Muddy Brook Regional Elementary School,2502530,best_match
42.203009,-73.365483,Great Barrington,MA,Lake Mansfield Rd,elementary,Muddy Brook Reg.,250253001999,Muddy Brook Regional Elementary School,2502530,best_match
42.195975,-73.369013,Great Barrington,MA,11 Prospect St,elementary,Muddy Brook Reg.,250253001999,Muddy Brook Regional Elementary School,2502530,best_match
42.164249,-73.435677,Great Barrington,MA,2 Terra Ferma Dr,elementary,SBRSD,,,,
42.201916,-73.349548,Great Barrington,MA,185B State Rd,elementary,Muddy Brook Reg.,250253001999,Muddy Brook Regional Elementary School,2502530,best_match
42.202196,-73.349777,Great Barrington,MA,185A State Rd,elementary,Muddy Brook Reg.,250253001999,Muddy Brook Regional Elementary School,2502530,best_match
42.584584,-72.60904,Greenfield,MA,22 Conway Dr,elementary,Newton Street,250549002578,Newton School,2505490,best_match
42.571564,-72.592812,Greenfield,MA,427-429 Deerfield St,elementary,Greenfield,,,,
42.630175,-72.569254,Greenfield,MA,59 Lovers Ln,elementary,Varies,,,,
42.592466,-72.588849,Greenfield,MA,43 Madison Cir,elementary,Federal Street K-4,250549002577,Federal Street School,2505490,best_match
42.584793,-72.604176,Greenfield,MA,33 Power Sq,elementary,Greenfield,,,,
42.596167,-72.619156,Greenfield,MA,243 Colrain Rd,elementary,Greenfield,,,,
42.603424,-72.612005,Greenfield,MA,344 Conway St,elementary,Newton St. K-4,250549002578,Newton School,2505490,best_match
42.574711,-72.596373,Greenfield,MA,132 Briar Way Unit 132,elementary,Federal Elementary,250549002577,Federal Street School,2505490,distinctive_token
42.590215,-72.60718,Greenfield,MA,98 Conway St,elementary,Newton Elem,250549002578,Newton School,2505490,best_match
42.649377,-72.570374,Greenfield,MA,12 Barton Hts,elementary,Greenfield,,,,
42.580905,-72.627461,Greenfield,MA,167 S Shelburne Rd,elementary,Newton St.,250549002578,Newton School,2505490,best_match
42.623634,-72.635246,Greenfield,MA,36 Green River Rd,elementary,Newton St. K-4,250549002578,Newton School,2505490,best_match
42.581913,-72.616283,Greenfield,MA,76 Laurel St Unit A,elementary,Greenfield,,,,
42.584714,-72.595538,Greenfield,MA,52 Prospect St Unit A,elementary,Federal St Elementary,250549002577,Federal Street School,2505490,distinctive_token
42.580905,-72.627461,Greenfield,MA,167 S Shelburne Rd,elementary,Newton St.,250549002578,Newton School,2505490,best_match
42.600441,-72.603878,Greenfield,MA,303 Chapman St,elementary,Select Or Private,,,,
42.590387,-72.608704,Greenfield,MA,24 Phillips St,elementary,Elementary,,,,
42.579254,-72.597878,Greenfield,MA,77 Washington St,elementary,Greenfield,,,,
42.58598,-72.610953,Greenfield,MA,30 Mohawk Trl,elementary,Newton Street,250549002578,Newton School,2505490,best_match
42.590937,-72.595961,Greenfield,MA,22 Union St,elementary,Federal Street K-4,250549002577,Federal Street School,2505490,best_match
42.618569,-71.570298,Groton,MA,185 Hollis St,elementary,Florence Roche,250550000808,Florence Roche School,2505500,best_match
42.604454,-71.526949,Groton,MA,148 Lost Lake Dr,elementary,Florence Roche,250550000808,Florence Roche School,2505500,best_match
42.616468,-71.545302,Groton,MA,431 Martins Pond Rd,elementary,Florence Roche,250550000808,Florence Roche School,2505500,best_match
42.610788,-71.542683,Groton,MA,22 Chamberlains Mill Ln,elementary,Florence Roche,250550000808,Florence Roche School,2505500,best_match
42.587275,-71.501931,Groton,MA,18 Acorn Path,elementary,Florence Roche School,250550000808,Florence Roche School,2505500,best_match
42.632526,-71.508675,Groton,MA,486 Old Dunstable Rd,elementary,Florence Roche,250550000808,Florence Roche School,2505500,best_match
42.611132,-71.621999,Groton,MA,165 Pepperell Rd,elementary,Florence Roche,250550000808,Florence Roche School,2505500,best_match
42.621124,-71.593338,Groton,MA,91 Gratuity Rd Unit A,elementary,Florence Roche,250550000808,Florence Roche School,2505500,best_match
42.613944,-71.572302,Groton,MA,96 Hollis St,elementary,Florence Roche,250550000808,Florence Roche School,2505500,best_match
42.637175,-71.507276,Groton,MA,551 Old Dunstable Rd,elementary,Florence Roche,250550000808,Florence Roche School,2505500,best_match
42.601722,-71.62155,Groton,MA,85 W Main St,elementary,Florence Roche,250550000808,Florence Roche School,2505500,best_match
42.578283,-71.512354,Groton,MA,6 New Pond Rd,elementary,Florence Roche,250550000808,Florence Roche School,2505500,best_match
42.611159,-71.629883,Groton,MA,26 Bradley Dr Unit C,elementary,Florence Roche,250550000808,Florence Roche School,2505500,best_match
42.588001,-71.529865,Groton,MA,64 Lakeside Dr,elementary,Florence Roche,250550000808,Florence Roche School,2505500,best_match
42.609359,-71.61404,Groton,MA,204 Hill Rd,elementary,Florence Roche School,250550000808,Florence Roche School,2505500,best_match
42.624632,-71.572577,Groton,MA,42 Sheple Ln Unit 8,elementary,Florence Roche Elementary,250550000808,Florence Roche School,2505500,best_match
42.63126,-71.570309,Groton,MA,70 Legacy Ln Unit B,elementary,Florence Roche,250550000808,Florence Roche School,2505500,best_match
42.624632,-71.572577,Groton,MA,42 Sheple Ln Unit 8,elementary,Florence Roche Elementary,250550000808,Florence Roche School,2505500,best_match
42.643073,-71.531126,Groton,MA,153 Raddin Rd,elementary,Florence Roche,250550000808,Florence Roche School,2505500,best_match
42.611159,-71.629883,Groton,MA,22 Bradley Dr Unit D,elementary,Groton Dunst,,,,
42.602975,-71.513107,Groton,MA,25 Whitney Pond Rd,elementary,Florence Roche School,250550000808,Florence Roche School,2505500,best_match
42.646898,-71.565966,Groton,MA,29 Northwoods Rd,elementary,Florence Roche,250550000808,Florence Roche School,2505500,best_match
42.578879,-71.531223,Groton,MA,15 Oriole Dr,elementary,Florence Roche,250550000808,Florence Roche School,2505500,best_match
42.623776,-71.565468,Groton,MA,85 Chicopee Row,elementary,Florence Roche,250550000808,Florence Roche School,2505500,best_match
42.618983,-71.50163,Groton,MA,338 Cow Pond Brook Rd,elementary,Florence Roche,250550000808,Florence Roche School,2505500,best_match
42.761009,-71.031873,Groveland,MA,35 Elm Park,elementary,Bagnal,,,,
42.749506,-71.021714,Groveland,MA,5 Apple Blossom Way,elementary,Bagnall,250945000403,Elmer S Bagnall,2509450,best_match
42.763396,-71.026726,Groveland,MA,19 King St,elementary,Pentucket Regional Hs,250597001169,Pentucket Lake Elementary,2505970,distinctive_token
42.761473,-71.017898,Groveland,MA,4 Alpha Rd,elementary,Bagnall,250945000403,Elmer S Bagnall,2509450,best_match
42.730952,-71.040603,Groveland,MA,24 Uptack Rd,elementary,Bagnall,250945000403,Elmer S Bagnall,2509450,best_match
42.7809,-71.01778,Groveland,MA,16 Merrimack River Rd,elementary,Bagnall,250945000403,Elmer S Bagnall,2509450,best_match
42.759583,-71.035216,Groveland,MA,358 Main St,elementary,Bagnall,250945000403,Elmer S Bagnall,2509450,best_match
42.763946,-71.028641,Groveland,MA,260 Main St,elementary,Bagnall,250945000403,Elmer S Bagnall,2509450,best_match
42.737578,-71.031432,Groveland,MA,865 Salem St,elementary,Bagnall,250945000403,Elmer S Bagnall,2509450,best_match
42.738195,-71.0318,Groveland,MA,866 Salem St,elementary,Bagnall,250945000403,Elmer S Bagnall,2509450,best_match
42.759472,-71.01358,Groveland,MA,27 Rollins St Unit B,elementary,Bagnall,250945000403,Elmer S Bagnall,2509450,best_match
42.757245,-71.029237,Groveland,MA,6 Highland Ave,elementary,Dr. Elmer S.Bagnall Elementary,250945000403,Elmer S Bagnall,2509450,best_match
42.763927,-71.031808,Groveland,MA,285 Main St,elementary,Bagnell,,,,
42.75428,-71.016174,Groveland,MA,6 Katie Ln,elementary,Bagnall,250945000403,Elmer S Bagnall,2509450,best_match
42.759472,-71.01358,Groveland,MA,27 Rollins St Unit A,elementary,Bagnall,250945000403,Elmer S Bagnall,2509450,best_match
42.72609,-71.037765,Groveland,MA,47 Uptack Rd,elementary,Bagnall,250945000403,Elmer S Bagnall,2509450,best_match
42.757042,-71.028298,Groveland,MA,11 Highland Ave,elementary,Elmer S Bagnall,250945000403,Elmer S Bagnall,2509450,best_match
42.744761,-71.021172,Groveland,MA,5 Pandora Dr,elementary,Bagnall,250945000403,Elmer S Bagnall,2509450,best_match
42.754142,-71.016857,Groveland,MA,4 Katie Ln,elementary,Bagnall,250945000403,Elmer S Bagnall,2509450,best_match
42.301804,-72.599775,Hadley,MA,120 Hockanum Rd,elementary,Hadley Elementary,250558000879,Hadley Elementary,2505580,best_match
42.346935,-72.56715,Hadley,MA,9 Mill Valley Rd,elementary,Hadley Elementary,250558000879,Hadley Elementary,2505580,best_match
42.391918,-72.574425,Hadley,MA,277 River Dr,elementary,Hadley Elementary School,250558000879,Hadley Elementary,2505580,best_match
42.011589,-70.842827,Halifax,MA,7 Holly St,elementary,Halifax Elem,250561000815,Halifax Elementary,2505610,best_match
42.00909,-70.829083,Halifax,MA,58 Chestnut Rd,elementary,Halifax,250561000815,Halifax Elementary,2505610,best_match
41.988251,-70.864049,Halifax,MA,15 Carver St,elementary,Halifax Elementary,250561000815,Halifax Elementary,2505610,best_match
42.011493,-70.842343,Halifax,MA,19 Wamsutta Ave,elementary,Halifax,250561000815,Halifax Elementary,2505610,best_match
42.005292,-70.829263,Halifax,MA,9 Ash Rd,elementary,Halifax Elementary,250561000815,Halifax Elementary,2505610,best_match
42.004039,-70.83382,Halifax,MA,11 Baker St,elementary,Halifax Element,250561000815,Halifax Elementary,2505610,distinctive_token
42.024051,-70.894837,Halifax,MA,196 Hudson St,elementary,Halifax Elementary,250561000815,Halifax Elementary,2505610,best_match
41.99139,-70.848758,Halifax,MA,2 Country Club Dr,elementary,Halifax Elementary,250561000815,Halifax Elementary,2505610,best_match
42.021701,-70.823478,Halifax,MA,295 Oak St,elementary,Halifax Elementary,250561000815,Halifax Elementary,2505610,best_match
42.008674,-70.835449,Halifax,MA,6 Heron Rd,elementary,Halifax Elementary,250561000815,Halifax Elementary,2505610,best_match
42.001228,-70.855596,Halifax,MA,34 Thirteenth Ave,elementary,Halifax Elementary,250561000815,Halifax Elementary,2505610,best_match
41.986106,-70.85109,Halifax,MA,139 Fairway Dr,elementary,Halifax Elementary,250561000815,Halifax Elementary,2505610,best_match
41.999987,-70.873758,Halifax,MA,103 Cranberry Dr,elementary,Halifax Elementary,250561000815,Halifax Elementary,2505610,best_match
41.976565,-70.905135,Halifax,MA,2 Bourne Dr,elementary,Halifax Elementary,250561000815,Halifax Elementary,2505610,best_match
42.011744,-70.832906,Halifax,MA,474 Twin Lakes Dr Unit 474,elementary,Halifax,250561000815,Halifax Elementary,2505610,best_match
42.000358,-70.853203,Halifax,MA,26 Hillside Ave,elementary,Halifax Elementary,250561000815,Halifax Elementary,2505610,best_match
42.022595,-70.893275,Halifax,MA,3 Pasture Ln,elementary,Halifax,250561000815,Halifax Elementary,2505610,best_match
41.971075,-70.849298,Halifax,MA,73 Franklin St,elementary,Halifax Elementary School,250561000815,Halifax Elementary,2505610,best_match
41.971175,-70.850508,Halifax,MA,67 Franklin St,elementary,Halifax,250561000815,Halifax Elementary,2505610,best_match
41.994343,-70.841645,Halifax,MA,6 Lydon Ln Unit C1,elementary,Halifax,250561000815,Halifax Elementary,2505610,best_match
41.99672,-70.871328,Halifax,MA,61 Stoney Weir Rd,elementary,Halifax Elementary,250561000815,Halifax Elementary,2505610,best_match
42.017198,-70.824876,Halifax,MA,36 Marilyn Way,elementary,Halifax Elementary School,250561000815,Halifax Elementary,2505610,best_match
42.001208,-70.854782,Halifax,MA,154 Lingan St,elementary,Halifax Elementary,250561000815,Halifax Elementary,2505610,best_match
42.625624,-70.884136,Hamilton,MA,229 Highland St,elementary,"Cutler, Buker, Winthrop",,,,
42.610684,-70.864366,Hamilton,MA,55 Fox Run Rd,elementary,Winthrop,250567000821,Winthrop School,2505670,best_match
42.615207,-70.891477,Hamilton,MA,27 Leigh Rd,elementary,Hwrsd,,,,
42.627661,-70.875361,Hamilton,MA,159 Woodland Mead,elementary,Cutler,250567000818,Cutler School,2505670,best_match
42.606088,-70.845602,Hamilton,MA,99 Essex St,elementary,Hamilton Wenham,,,,
42.60931,-70.871018,Hamilton,MA,49 Walnut Rd,elementary,Hamilton,,,,
42.61781,-70.823456,Hamilton,MA,2 Spingler Dr,elementary,Winthrop School,250567000821,Winthrop School,2505670,best_match
42.614063,-70.876583,Hamilton,MA,71 Union St,elementary,Winthrop/Cutler/Buker,250567000818,Cutler School,2505670,slash_split
42.615793,-70.815995,Hamilton,MA,224 Echo Cove Rd,elementary,Winthrop,250567000821,Winthrop School,2505670,best_match
42.614977,-70.866585,Hamilton,MA,2 Patton Dr,elementary,Hamilton Wenham,,,,
42.615191,-70.891776,Hamilton,MA,315 Lake Dr,elementary,Cutler School,250567000818,Cutler School,2505670,best_match
42.607074,-70.816142,Hamilton,MA,21 Beech St,elementary,Hamilton-Wenham,,,,
42.06148,-72.424272,Hampden,MA,390 Main St,elementary,Green Meadows,,,,
42.081313,-72.434215,Hampden,MA,338 Wilbraham Rd,elementary,Hampden Or Wilbraham,,,,
42.086507,-72.434482,Hampden,MA,412 Wilbraham Rd,elementary,Green Meadows,,,,
42.572063,-73.291027,Hancock,MA,194 Whitman Rd,elementary,Hancock,250576000826,Hancock Elementary,2505760,best_match
42.566229,-73.278811,Hancock,MA,420 Brodie Mountain Rd,elementary,Hancock,250576000826,Hancock Elementary,2505760,best_match
42.592482,-73.319503,Hancock,MA,400 Rathbun Rd,elementary,Hancock,250576000826,Hancock Elementary,2505760,best_match
42.55032,-73.291412,Hancock,MA,37 Corey Rd Unit 516,elementary,Hancock,250576000826,Hancock Elementary,2505760,best_match
42.555242,-73.292171,Hancock,MA,37 Corey Rd Unit 845,elementary,Hancock,250576000826,Hancock Elementary,2505760,best_match
42.55032,-73.291412,Hancock,MA,37 Corey Rd Unit 721,elementary,Hancock,250576000826,Hancock Elementary,2505760,best_match
42.554126,-73.289721,Hancock,MA,825 Thatcher House,elementary,Hancock,250576000826,Hancock Elementary,2505760,best_match
42.55032,-73.291412,Hancock,MA,37 Corey Rd Unit 218,elementary,Hancock,250576000826,Hancock Elementary,2505760,best_match
42.55032,-73.291412,Hancock,MA,37 Corey Rd Unit 521,elementary,Hancock,250576000826,Hancock Elementary,2505760,best_match
42.555242,-73.292171,Hancock,MA,37 Corey Rd Unit 812,elementary,Hancock,250576000826,Hancock Elementary,2505760,best_match
42.55032,-73.291412,Hancock,MA,37 Corey Rd Unit 426,elementary,Hancock,250576000826,Hancock Elementary,2505760,best_match
42.55032,-73.291412,Hancock,MA,37 Corey Rd Unit 716,elementary,Hancock,250576000826,Hancock Elementary,2505760,best_match
42.55032,-73.291412,Hancock,MA,37 Corey Rd Unit 532,elementary,Hancock,250576000826,Hancock Elementary,2505760,best_match
42.152136,-70.874278,Hanover,MA,72 Beckford Farm Rd,elementary,Cedar/Center,250579000827,Cedar Elementary,2505790,distinctive_token
42.114654,-70.85535,Hanover,MA,799 Hanover St,elementary,Cedar & Center,,,,
42.097392,-70.881633,Hanover,MA,45 Tilden Ln,elementary,Cedar/Center,250579000827,Cedar Elementary,2505790,distinctive_token
42.12287,-70.869381,Hanover,MA,114 Longwater Dr,elementary,Cedar - Center,,,,
42.113058,-70.807816,Hanover,MA,111 Washington St,elementary,Center,250579000828,Center Elementary,2505790,best_match
42.116229,-70.856665,Hanover,MA,17 Hammer Hook Dr,elementary,Cedar,250579000827,Cedar Elementary,2505790,best_match
42.117124,-70.811192,Hanover,MA,31 Broadway,elementary,Cedar/Center,250579000827,Cedar Elementary,2505790,slash_split
42.106291,-70.827008,Hanover,MA,17 Saddle Ln,elementary,Center Elementary,250579000828,Center Elementary,2505790,best_match
42.124712,-70.870315,Hanover,MA,40 Longwater Dr,elementary,Cedar / Center,250579000827,Cedar Elementary,2505790,slash_split
42.107748,-70.875004,Hanover,MA,87 School St,elementary,Cedar/Center,250579000827,Cedar Elementary,2505790,distinctive_token
42.109191,-70.851304,Hanover,MA,9 Cervelli Farm Dr,elementary,"Cedar, Center",,,,
42.107913,-70.879286,Hanover,MA,31 Osprey Ln,elementary,Center Elementary,250579000828,Center Elementary,2505790,best_match
42.096077,-70.858585,Hanover,MA,65 Richard Dr,elementary,Center Elementary School,250579000828,Center Elementary,2505790,best_match
42.121006,-70.859621,Hanover,MA,286 Mayflower Cir,elementary,Center School,250579000828,Center Elementary,2505790,best_match
42.109191,-70.851304,Hanover,MA,37 Cervelli Farm Dr,elementary,"Cedar, Center",,,,
42.128003,-70.876073,Hanover,MA,85 Maple Ave,elementary,Cedar,250579000827,Cedar Elementary,2505790,best_match
42.109191,-70.851304,Hanover,MA,38 Cervelli Farm Dr,elementary,"Cedar, Center",,,,
42.149256,-70.879061,Hanover,MA,25 Buffum Rd,elementary,Cedar/Center,250579000827,Cedar Elementary,2505790,distinctive_token
42.107353,-70.81083,Hanover,MA,89 River Rd,elementary,Cedar Prek-1/ Center 2-4,250579000827,Cedar Elementary,2505790,slash_split
42.109191,-70.851304,Hanover,MA,16 Cervelli Farm Dr,elementary,"Cedar, Center",,,,
42.109191,-70.851304,Hanover,MA,28 Cervelli Farm Dr,elementary,"Cedar, Center",,,,
42.075681,-70.882418,Hanson,MA,28 Spring St,elementary,Indian Head,251293001497,Indian Head,2512930,best_match
42.064679,-70.849531,Hanson,MA,315 Maquan St,elementary,Indian Head,251293001497,Indian Head,2512930,best_match
42.070491,-70.857854,Hanson,MA,252 Gorwin Dr,elementary,Indian Head,251293001497,Indian Head,2512930,best_match
42.086665,-70.893498,Hanson,MA,544 Spring St,elementary,Indian Head Elementary School,251293001497,Indian Head,2512930,best_match
42.089722,-70.851638,Hanson,MA,58 Carriage Rd,elementary,Indian Head,251293001497,Indian Head,2512930,best_match
42.041018,-70.845389,Hanson,MA,158 Bay State Cir,elementary,Indian Head,251293001497,Indian Head,2512930,best_match
42.064573,-70.852034,Hanson,MA,243 Maquan St,elementary,Indian Head,251293001497,Indian Head,2512930,best_match
42.033995,-70.860424,Hanson,MA,275 Reed St,elementary,Indian Head,251293001497,Indian Head,2512930,best_match
42.086931,-70.846586,Hanson,MA,7 Elm Pl,elementary,Indian Head,251293001497,Indian Head,2512930,best_match
42.072535,-70.871848,Hanson,MA,31 Stonebridge Dr Unit 31,elementary,Indian Head,251293001497,Indian Head,2512930,best_match
42.075182,-70.89954,Hanson,MA,321 Birchbark Dr,elementary,Indian Head,251293001497,Indian Head,2512930,best_match
42.058861,-70.896889,Hanson,MA,50 Sawmill Ln Unit 5,elementary,Indian Head School,251293001497,Indian Head,2512930,best_match
42.080038,-70.894276,Hanson,MA,867 Whitman St,elementary,Indian Head,251293001497,Indian Head,2512930,best_match
42.086566,-70.891546,Hanson,MA,17 Hayford Trl Unit 12,elementary,Indian Head,251293001497,Indian Head,2512930,best_match
42.303025,-72.210529,Hardwick,MA,120 High St,elementary,Hardwick,250000102398,Hardwick Elementary,2500001,best_match
42.393734,-72.187979,Hardwick,MA,1107 Jackson Rd,elementary,Quabbin School District,,,,
42.356523,-72.201201,Hardwick,MA,45 Sessions Rd,elementary,Hardwick Elementary,250000102398,Hardwick Elementary,2500001,best_match
42.332407,-72.204168,Hardwick,MA,Turkey St,elementary,Hardwick Elementary,250000102398,Hardwick Elementary,2500001,best_match
42.332407,-72.204168,Hardwick,MA,Turkey St,elementary,Hardwick Elementary,250000102398,Hardwick Elementary,2500001,best_match
42.366052,-72.177296,Hardwick,MA,Clapp Rd 0 Rd N,elementary,Hardwick Elementary,250000102398,Hardwick Elementary,2500001,best_match
42.473608,-71.601784,Harvard,MA,64 Woodside Rd,elementary,Hildreth,250588000839,Hildreth Elementary School,2505880,best_match
42.500682,-71.59563,Harvard,MA,67 Still River Rd,elementary,Hildreth,250588000839,Hildreth Elementary School,2505880,best_match
42.485609,-71.578021,Harvard,MA,105 Slough Rd,elementary,Hildreth,250588000839,Hildreth Elementary School,2505880,best_match
42.489014,-71.619837,Harvard,MA,230 Still River Rd,elementary,Hildreth Elementary Pk-5th,250588000839,Hildreth Elementary School,2505880,best_match
42.505763,-71.560037,Harvard,MA,41 Pinnacle Rd,elementary,Hildreth,250588000839,Hildreth Elementary School,2505880,best_match
42.515759,-71.585725,Harvard,MA,117 Ayer Rd,elementary,Hildreth,250588000839,Hildreth Elementary School,2505880,best_match
42.526964,-71.583422,Harvard,MA,35 Lancaster County Rd Unit 7A,elementary,Hildreth,250588000839,Hildreth Elementary School,2505880,best_match
42.423138,-71.825662,Harvard,MA,20 Hynes Ln,elementary,Hildreth,,,,
42.542019,-71.623154,Harvard,MA,92 Grant Rd Unit B,elementary,Harvard,,,,
42.540517,-71.565472,Harvard,MA,79 Ann Lee Rd,elementary,Hildreth,250588000839,Hildreth Elementary School,2505880,best_match
42.501017,-71.581448,Harvard,MA,13 Old Littleton Rd,elementary,Hildreth Elementary School,250588000839,Hildreth Elementary School,2505880,best_match
42.488849,-71.578795,Harvard,MA,84 Slough Rd,elementary,Hildreth,250588000839,Hildreth Elementary School,2505880,best_match
42.462781,-71.560715,Harvard,MA,3 Pine Hill Way Unit 3,elementary,Hildreth,250588000839,Hildreth Elementary School,2505880,best_match
42.498754,-71.574772,Harvard,MA,43 Oak Hill Rd,elementary,Hildreth Elementary School,250588000839,Hildreth Elementary School,2505880,best_match
42.511868,-71.607638,Harvard,MA,68 Prospect Hill Rd,elementary,Hildreth,250588000839,Hildreth Elementary School,2505880,best_match
42.54385,-71.605527,Harvard,MA,2 Adams Cir,elementary,Harvard,,,,
42.487997,-71.59236,Harvard,MA,70 Warren Ave,elementary,Hildreth,250588000839,Hildreth Elementary School,2505880,best_match
42.548428,-71.573682,Harvard,MA,5 Baldwin Ct Unit 5,elementary,Hildreth,250588000839,Hildreth Elementary School,2505880,best_match
42.53369,-71.586544,Harvard,MA,57 Old Mill Rd,elementary,Hildreth,250588000839,Hildreth Elementary School,2505880,best_match
42.548428,-71.573682,Harvard,MA,7 Baldwin Ct Unit 7,elementary,Hildreth,250588000839,Hildreth Elementary School,2505880,best_match
42.462791,-71.561372,Harvard,MA,6 Pine Hill Way Unit B,elementary,Hildreth Elementary,250588000839,Hildreth Elementary School,2505880,best_match
42.533593,-71.566478,Harvard,MA,45 S Shaker Rd,elementary,Hildreth,250588000839,Hildreth Elementary School,2505880,best_match
42.495597,-71.582132,Harvard,MA,236-1 Bolton Rd,elementary,Hildreth Elementary School,250588000839,Hildreth Elementary School,2505880,best_match
42.526964,-71.583422,Harvard,MA,35 Lancaster County Rd Unit 7A,elementary,Hildreth,250588000839,Hildreth Elementary School,2505880,best_match
42.542678,-71.606003,Harvard,MA,25 Adams Cir Unit B,elementary,Harvard,,,,
42.540831,-71.610427,Harvard,MA,5 Powell St Unit B,elementary,Harvard,,,,
42.542678,-71.606003,Harvard,MA,27 Adams Cir Unit A,elementary,Harvard,,,,
42.512695,-71.605585,Harvard,MA,54 Prospect Hill Rd,elementary,Hildreth,250588000839,Hildreth Elementary School,2505880,best_match
41.671254,-70.04062,Harwich,MA,2 Brettwood Rd,elementary,Harwich,250054400840,Harwich Elementary School,2500544,best_match
41.685984,-70.081558,Harwich,MA,643 Main St,elementary,Harwich Elem School,250054400840,Harwich Elementary School,2500544,best_match
41.668543,-70.101514,Harwich,MA,231 Route 28 Apt 2,elementary,Harwich Elem,250054400840,Harwich Elementary School,2500544,best_match
41.685984,-70.081558,Harwich Center,MA,643 Main St,elementary,Harwich Elem School,250054400840,Harwich Elementary School,2500544,best_match
41.671254,-70.04062,Harwich Port,MA,2 Brettwood Rd,elementary,Harwich,250054400840,Harwich Elementary School,2500544,best_match
42.400088,-72.606148,Hatfield,MA,2 Cronin Hill Rd,elementary,Hatfield Elem,250594000843,Hatfield Elementary,2505940,best_match
42.377593,-72.632821,Hatfield,MA,74 West St,elementary,Hatfield Elementary,250594000843,Hatfield Elementary,2505940,best_match
42.368012,-72.601157,Hatfield,MA,15 Main St,elementary,Hatfield Elementary,250594000843,Hatfield Elementary,2505940,best_match
42.397933,-72.612615,Hatfield,MA,74 N Hatfield Rd,elementary,Hatfield,250594000843,Hatfield Elementary,2505940,best_match
42.389165,-72.606947,Hatfield,MA,Straits Rd,elementary,Hatfield,250594000843,Hatfield Elementary,2505940,best_match
42.805558,-71.01208,Haverhill,MA,755 E Broadway,elementary,Golden Hill,250597000296,Golden Hill,2505970,best_match
42.764606,-71.040332,Haverhill,MA,35 Lackey St,elementary,Silver,250597000299,Silver Hill Elementary School,2505970,best_match
42.768888,-71.072566,Haverhill,MA,2 Elmwood Ave,elementary,Bradford Elementry,250597001168,Bradford Elementary,2505970,distinctive_token
42.762987,-71.036797,Haverhill,MA,637 Riverside Ave Apt 15,elementary,(Consult District),,,,
42.790013,-71.08712,Haverhill,MA,451 Primrose St,elementary,Walnut Square Elementary,250597000867,Walnut Square,2505970,best_match
42.809319,-71.090564,Haverhill,MA,440 North Ave Apt 19,elementary,Walnut Square Elementary,250597000867,Walnut Square,2505970,best_match
42.796313,-71.090036,Haverhill,MA,15 Ringgold St,elementary,Walnut Square,250597000867,Walnut Square,2505970,best_match
42.763744,-71.070255,Haverhill,MA,160 Salem St Apt 201,elementary,Bradford,250597001168,Bradford Elementary,2505970,best_match
42.772998,-71.084237,Haverhill,MA,62 Washington St Apt 9,elementary,Tilton Elementary,250597000866,Tilton,2505970,best_match
42.767478,-71.108263,Haverhill,MA,715 River St,elementary,Bartlett Kindergarten Center,,,,
42.781319,-71.074799,Haverhill,MA,31-33 Ashland Unit 2,elementary,Tilton,250597000866,Tilton,2505970,best_match
42.769966,-71.05751,Haverhill,MA,250-252 Boardman St,elementary,Golden Hill,250597000296,Golden Hill,2505970,best_match
42.811053,-71.096179,Haverhill,MA,213 Brickett Hill Cir Unit 213,elementary,Pentucket Lake,250597001169,Pentucket Lake Elementary,2505970,best_match
42.7958,-71.132374,Haverhill,MA,37 Beechwood Dr,elementary,Tilton Elemetary,250597000866,Tilton,2505970,best_match
42.799173,-71.130713,Haverhill,MA,43 Juniper Wood Dr,elementary,Tilton,250597000866,Tilton,2505970,best_match
42.784413,-71.095846,Haverhill,MA,21 Kathy Dr Unit 21,elementary,Tilton Elementary School,250597000866,Tilton,2505970,best_match
42.798709,-71.129284,Haverhill,MA,26 Juniper Wood Dr,elementary,Silver Hill Elementary School,250597000299,Silver Hill Elementary School,2505970,best_match
42.763338,-71.077284,Haverhill,MA,15 Academy Ave,elementary,Bradford Elementary,250597001168,Bradford Elementary,2505970,best_match
42.799155,-71.130445,Haverhill,MA,41 Juniper Wood Dr,elementary,Silver Hill Elementary School,250597000299,Silver Hill Elementary School,2505970,best_match
42.777485,-71.093155,Haverhill,MA,97-99 Blaisdell St Unit 1,elementary,Dr. Paul C. Nettle School,,,,
42.804556,-71.095141,Haverhill,MA,44 Hanscom Ave,elementary,Walnut Square Elementary,250597000867,Walnut Square,2505970,best_match
42.761343,-71.048978,Haverhill,MA,9 Munroe St,elementary,Golden Hill Elementary,250597000296,Golden Hill,2505970,best_match
42.775406,-71.133341,Haverhill,MA,43 Dale St Unit 43,elementary,Tilton Elementary School,250597000866,Tilton,2505970,best_match
42.769866,-71.051494,Haverhill,MA,41 Linwood St,elementary,Golden Hill,250597000296,Golden Hill,2505970,best_match
42.809624,-71.092237,Haverhill,MA,440 North Ave Apt 280,elementary,Walnut Square Elementary,250597000867,Walnut Square,2505970,best_match
42.79391,-71.083789,Haverhill,MA,649 Main St,elementary,Walnut Square Elementary,250597000867,Walnut Square,2505970,best_match
42.808717,-71.052094,Haverhill,MA,30 Benham St,elementary,Tilton School,250597000866,Tilton,2505970,best_match
42.781879,-71.07395,Haverhill,MA,98 Webster St,elementary,Golden Hill Elementary,250597000296,Golden Hill,2505970,best_match
42.786194,-71.037994,Haverhill,MA,477-479 Kenoza St,elementary,Tilton Elementary School,250597000866,Tilton,2505970,best_match
42.7675,-71.041631,Haverhill,MA,2 Glenwood Cir,elementary,Golden Hill Elementary School,250597000296,Golden Hill,2505970,best_match
42.822914,-71.053017,Haverhill,MA,374 Brandy Brow Rd,elementary,Walnut Square Elementary,250597000867,Walnut Square,2505970,best_match
42.746435,-71.107834,Haverhill,MA,2 H St Unit 2,elementary,Bradford Elementary,250597001168,Bradford Elementary,2505970,best_match
42.793209,-71.112402,Haverhill,MA,29 W Laurier St,elementary,Multiple,,,,
42.782548,-71.072099,Haverhill,MA,47 Highland Ave,elementary,Golden Hill,250597000296,Golden Hill,2505970,best_match
42.782038,-71.098421,Haverhill,MA,104 Brook St Unit 104,elementary,Tilton,250597000866,Tilton,2505970,best_match
42.785835,-71.13381,Haverhill,MA,61 Clement Ct Unit 61,elementary,Silver Hill,250597000299,Silver Hill Elementary School,2505970,best_match
42.767564,-71.050406,Haverhill,MA,249 Groveland St,elementary,Golden Hill Elementary School,250597000296,Golden Hill,2505970,best_match
42.75777,-71.104245,Haverhill,MA,4 Scarlet Cir,elementary,Bradford Elementary,250597001168,Bradford Elementary,2505970,best_match
42.785835,-71.13381,Haverhill,MA,132 W Meadow Rd Apt 9,elementary,Tilton Elementary,250597000866,Tilton,2505970,best_match
42.773468,-71.092651,Haverhill,MA,13-1/2 Grove St,elementary,Tilton Elementary K-4,250597000866,Tilton,2505970,best_match
42.809319,-71.090564,Haverhill,MA,440 North Ave Apt 164,elementary,Walnut Square Elementary,250597000867,Walnut Square,2505970,best_match
42.759965,-71.077891,Haverhill,MA,21 Conover Way Unit 21,elementary,Bradford,250597001168,Bradford Elementary,2505970,best_match
42.78909,-71.129279,Haverhill,MA,25 Morningside Dr,elementary,Silverhood,,,,
42.782669,-71.078453,Haverhill,MA,117-119 Portland St,elementary,Pentucket Lake Elementary,250597001169,Pentucket Lake Elementary,2505970,best_match
42.780097,-71.083169,Haverhill,MA,82 Franklin St Unit 82,elementary,Golden Hill Elementary School,250597000296,Golden Hill,2505970,best_match
42.785622,-71.078127,Haverhill,MA,6 Columbia Ter,elementary,Pentucket Lake,250597001169,Pentucket Lake Elementary,2505970,best_match
42.589499,-72.910868,Hawley,MA,92 Middle Rd,elementary,Hawlemont,250600000869,Hawlemont Regional,2506000,best_match
42.605138,-72.914973,Hawley,MA,90 W Hawley Rd,elementary,Hawlemont,250600000869,Hawlemont Regional,2506000,best_match
42.670464,-72.791703,Heath,MA,34 Deer Run Path,elementary,Rowe Elementary,251023001649,Rowe Elementary,2510230,best_match
42.228009,-70.885335,Hingham,MA,424 Main St,elementary,East,250609002671,East Elementary School,2506090,best_match
42.23134,-70.887411,Hingham,MA,223 Central St,elementary,East Elementary,250609002671,East Elementary School,2506090,best_match
42.227431,-70.893387,Hingham,MA,36 Smith Rd,elementary,Plymouth River,250609000873,Plymouth River,2506090,best_match
42.244402,-70.890266,Hingham,MA,59 Cottage St,elementary,Foster,250609000876,Wm L Foster Elementary,2506090,best_match
42.251211,-70.87477,Hingham,MA,5 Bare Cove Ln,elementary,East School,250609002671,East Elementary School,2506090,best_match
42.200951,-70.868092,Hingham,MA,8 Maryknoll Dr,elementary,East Elementary,250609002671,East Elementary School,2506090,best_match
42.243916,-70.886658,Hingham,MA,11 Ship St,elementary,Foster,250609000876,Wm L Foster Elementary,2506090,best_match
42.170302,-70.9029,Hingham,MA,22 Harvest Ln,elementary,South Elementary,250609000874,South Elementary,2506090,best_match
42.24078,-70.892774,Hingham,MA,126 South St,elementary,Foster Elementary School,250609000876,Wm L Foster Elementary,2506090,best_match
42.22008,-70.914745,Hingham,MA,33 Volusia Rd,elementary,Plymouth River Hingham,250609000873,Plymouth River,2506090,best_match
42.212275,-70.893262,Hingham,MA,94 High St,elementary,Plymouth River,250609000873,Plymouth River,2506090,best_match
42.209511,-70.896834,Hingham,MA,6 Blackhorse Ln,elementary,Plymouth River School,250609000873,Plymouth River,2506090,best_match
42.239775,-70.895966,Hingham,MA,19 Hersey St,elementary,Plymouth River,250609000873,Plymouth River,2506090,best_match
42.251036,-70.923647,Hingham,MA,10 Shipyard Dr Apt 513,elementary,Foster,250609000876,Wm L Foster Elementary,2506090,best_match
42.260451,-70.913799,Hingham,MA,9 Beach Rd,elementary,Foster,250609000876,Wm L Foster Elementary,2506090,best_match
42.244529,-70.892741,Hingham,MA,37 Lincoln St,elementary,Foster,250609000876,Wm L Foster Elementary,2506090,best_match
42.213013,-70.903727,Hingham,MA,2 Berkley Cir,elementary,Plymouth River,250609000873,Plymouth River,2506090,best_match
42.25475,-70.899391,Hingham,MA,53 Governor Long Rd,elementary,Foster,250609000876,Wm L Foster Elementary,2506090,best_match
42.253357,-70.893305,Hingham,MA,161 Otis St,elementary,Foster,250609000876,Wm L Foster Elementary,2506090,best_match
42.260423,-70.900937,Hingham,MA,48 Whiton Ave,elementary,Foster,250609000876,Wm L Foster Elementary,2506090,best_match
42.232941,-70.876495,Hingham,MA,30 Spring St,elementary,East School,250609002671,East Elementary School,2506090,best_match
42.202908,-70.871927,Hingham,MA,136 S Pleasant St,elementary,East Elementary School,250609002671,East Elementary School,2506090,best_match
42.218004,-70.868234,Hingham,MA,189 Union St,elementary,East,250609002671,East Elementary School,2506090,best_match
42.201298,-70.889259,Hingham,MA,15 Pioneer Rd,elementary,South,250609000874,South Elementary,2506090,best_match
42.201481,-70.898524,Hingham,MA,168 Cushing St,elementary,South School Elementary,250609000874,South Elementary,2506090,best_match
42.181574,-70.90018,Hingham,MA,215 Gardner St,elementary,South Elementary,250609000874,South Elementary,2506090,best_match
42.228485,-70.909114,Hingham,MA,156 Fort Hill St,elementary,Plymouh River,250609000873,Plymouth River,2506090,distinctive_token
42.238084,-70.896793,Hingham,MA,23 Del Prete Dr,elementary,Foster,250609000876,Wm L Foster Elementary,2506090,best_match
42.181652,-70.905817,Hingham,MA,491 Cushing St,elementary,South Elementary,250609000874,South Elementary,2506090,best_match
42.258219,-70.910697,Hingham,MA,141 Wompatuck Rd,elementary,Foster,250609000876,Wm L Foster Elementary,2506090,best_match
42.232545,-70.909594,Hingham,MA,14 Isaac Sprague Dr,elementary,Plymouth River,250609000873,Plymouth River,2506090,best_match
42.208639,-70.889301,Hingham,MA,1 Grist Mill Ln,elementary,Plymouth River,250609000873,Plymouth River,2506090,best_match
42.261029,-70.902102,Hingham,MA,12 Howard Rd,elementary,Foster Elementary School,250609000876,Wm L Foster Elementary,2506090,best_match
42.248294,-70.863383,Hingham,MA,108 Kilby St,elementary,East Elementary,250609002671,East Elementary School,2506090,best_match
42.22853,-70.879154,Hingham,MA,29 Pleasant St,elementary,East,250609002671,East Elementary School,2506090,best_match
42.198147,-70.884975,Hingham,MA,10 Independence Ln,elementary,South,250609000874,South Elementary,2506090,best_match
42.243309,-70.853728,Hingham,MA,150 Chief Justice Cushing Hwy,elementary,East,250609002671,East Elementary School,2506090,best_match
42.221743,-70.888137,Hingham,MA,31 Myers Farm Rd,elementary,Plymouth River,250609000873,Plymouth River,2506090,best_match
42.250082,-70.871032,Hingham,MA,3 Evergreen Ln,elementary,East,250609002671,East Elementary School,2506090,best_match
42.259123,-70.910813,Hingham,MA,50 Kimball Beach Rd,elementary,Foster Elementary,250609000876,Wm L Foster Elementary,2506090,best_match
42.252937,-70.915604,Hingham,MA,110 Uss Buckley,elementary,Foster,250609000876,Wm L Foster Elementary,2506090,best_match
42.240856,-70.920095,Hingham,MA,3302 Tuckers Ln Unit 3302,elementary,Plymouth River,250609000873,Plymouth River,2506090,best_match
42.194896,-70.873994,Hingham,MA,7 Amber Rd,elementary,South Elementary,250609000874,South Elementary,2506090,best_match
42.171514,-70.899765,Hingham,MA,371 Gardner St,elementary,South School,250609000874,South Elementary,2506090,best_match
42.253948,-70.868321,Hingham,MA,10 Boulder Glen Rd,elementary,East,250609002671,East Elementary School,2506090,best_match
42.251036,-70.923647,Hingham,MA,10 Shipyard Dr Apt 303,elementary,Foster,250609000876,Wm L Foster Elementary,2506090,best_match
42.227508,-70.860891,Hingham,MA,130 Popes Ln,elementary,East,250609002671,East Elementary School,2506090,best_match
42.261373,-70.911328,Hingham,MA,93 Kimball Beach Rd,elementary,Foster,250609000876,Wm L Foster Elementary,2506090,best_match
42.182793,-70.905364,Hingham,MA,25 Whiting Ln Unit 25,elementary,South,250609000874,South Elementary,2506090,best_match
42.251036,-70.923647,Hingham,MA,10 Shipyard Dr Apt 511,elementary,Foster,250609000876,Wm L Foster Elementary,2506090,best_match
42.254746,-70.902697,Hingham,MA,19 Planters Field Ln,elementary,Foster,250609000876,Wm L Foster Elementary,2506090,best_match
42.251036,-70.923647,Hingham,MA,10 Shipyard Dr Apt 313,elementary,Foster,250609000876,Wm L Foster Elementary,2506090,best_match
42.210679,-70.88982,Hingham,MA,85 Tower Rd,elementary,Plymouth River,250609000873,Plymouth River,2506090,best_match
42.200412,-70.898942,Hingham,MA,200 Cushing St,elementary,Plymouth River,250609000873,Plymouth River,2506090,best_match
42.244463,-70.923247,Hingham,MA,41 Backriver Rd Unit 41,elementary,Plymouth River,250609000873,Plymouth River,2506090,best_match
42.25052,-70.912993,Hingham,MA,16 Bradley Woods Dr,elementary,Foster,250609000876,Wm L Foster Elementary,2506090,best_match
42.244419,-70.894958,Hingham,MA,54 Lincoln St,elementary,Foster,250609000876,Wm L Foster Elementary,2506090,best_match
42.210349,-70.906748,Hingham,MA,17 Berkley Cir,elementary,Plymouth River,250609000873,Plymouth River,2506090,best_match
42.251036,-70.923647,Hingham,MA,10 Shipyard Dr Apt 314,elementary,Foster,250609000876,Wm L Foster Elementary,2506090,best_match
42.219295,-70.871968,Hingham,MA,22 Floret Cir Unit 22,elementary,East Elementary,250609002671,East Elementary School,2506090,best_match
42.223355,-70.912408,Hingham,MA,4 Quail Run,elementary,Plymouth River,250609000873,Plymouth River,2506090,best_match
42.182793,-70.905364,Hingham,MA,14 Whiting Ln Unit 14,elementary,South Elementary,250609000874,South Elementary,2506090,best_match
42.198772,-70.896322,Hingham,MA,12 Stagecoach Rd,elementary,South Elementary,250609000874,South Elementary,2506090,best_match
42.227147,-70.899227,Hingham,MA,1 Brewer Way,elementary,Plymouth River,250609000873,Plymouth River,2506090,best_match
42.201632,-70.912242,Hingham,MA,45 Clubhouse Dr,elementary,Plymouth River,250609000873,Plymouth River,2506090,best_match
42.182793,-70.905364,Hingham,MA,14 Whiting Ln,elementary,South Elementary,250609000874,South Elementary,2506090,best_match
42.25986,-70.912195,Hingham,MA,199 Wompatuck Rd,elementary,Foster Elementary,250609000876,Wm L Foster Elementary,2506090,best_match
42.257342,-70.909888,Hingham,MA,111 Wompatuck Rd,elementary,Foster,250609000876,Wm L Foster Elementary,2506090,best_match
42.243497,-70.921313,Hingham,MA,13 Beals Cove Rd Apt F,elementary,Foster Elementary,250609000876,Wm L Foster Elementary,2506090,best_match
42.252937,-70.915604,Hingham,MA,110 Uss Buckley Unit 2405,elementary,Foster,250609000876,Wm L Foster Elementary,2506090,best_match
42.201632,-70.912242,Hingham,MA,45 Clubhouse Dr Unit 45,elementary,Plymouth River,250609000873,Plymouth River,2506090,best_match
42.201632,-70.912242,Hingham,MA,47 Black Rock Dr Unit 47,elementary,Plymouth River,250609000873,Plymouth River,2506090,best_match
42.25479,-70.858497,Hingham,MA,8 Ringbolt Rd,elementary,East Elementary,250609002671,East Elementary School,2506090,best_match
42.258558,-70.899944,Hingham,MA,7 Howe St,elementary,Foster,250609000876,Wm L Foster Elementary,2506090,best_match
42.252937,-70.916306,Hingham,MA,103 Buckley Pl Unit 2502,elementary,Foster,250609000876,Wm L Foster Elementary,2506090,best_match
42.251036,-70.923647,Hingham,MA,10 Shipyard Dr Apt 212,elementary,Foster,250609000876,Wm L Foster Elementary,2506090,best_match
42.201632,-70.912242,Hingham,MA,14 Black Rock Dr Unit 14,elementary,Plymouth River,250609000873,Plymouth River,2506090,best_match
42.196356,-70.889258,Hingham,MA,36 Independence Ln,elementary,South,250609000874,South Elementary,2506090,best_match
42.244693,-70.913895,Hingham,MA,16 Rhodes Pl Unit 16,elementary,Foster,250609000876,Wm L Foster Elementary,2506090,best_match
42.218304,-70.894083,Hingham,MA,8 Paolo Rd,elementary,Plymouth River,250609000873,Plymouth River,2506090,best_match
42.219295,-70.871968,Hingham,MA,22 Floret Cir Unit 22,elementary,East Elementary,250609002671,East Elementary School,2506090,best_match
42.201632,-70.912242,Hingham,MA,14 Black Rock Dr,elementary,Plymouth River,250609000873,Plymouth River,2506090,best_match
42.201632,-70.912242,Hingham,MA,47 Black Rock Dr Unit 47,elementary,Plymouth River,250609000873,Plymouth River,2506090,best_match
42.450512,-73.082789,Hinsdale,MA,221 Ashmere Rd,elementary,Kittredge,250339000465,Kittredge,2503390,best_match
42.402195,-73.122589,Hinsdale,MA,14 Alice Dr,elementary,Kittredge,250339000465,Kittredge,2503390,best_match
42.429995,-73.099559,Hinsdale,MA,500 Creamery Rd,elementary,Kittredge,250339000465,Kittredge,2503390,best_match
42.429995,-73.099559,Hinsdale,MA,500 Creamery Rd,elementary,Kittredge,250339000465,Kittredge,2503390,best_match
42.44329,-73.086737,Hinsdale,MA,46 Linden Ln,elementary,Kittredge,250339000465,Kittredge,2503390,best_match
42.452781,-73.080538,Hinsdale,MA,26 Bear Hill Rd,elementary,Kittredge,250339000465,Kittredge,2503390,best_match
42.437047,-73.123049,Hinsdale,MA,53 South St,elementary,Kittredge,250339000465,Kittredge,2503390,best_match
42.450062,-73.090767,Hinsdale,MA,275 Pine Cone Ln,elementary,Kittredge,250339000465,Kittredge,2503390,best_match
42.429656,-73.128121,Hinsdale,MA,Rose Dr,elementary,Kittredge,250339000465,Kittredge,2503390,best_match
42.447045,-73.081553,Hinsdale,MA,48 Canterbury Ln,elementary,Kittredge,250339000465,Kittredge,2503390,best_match
42.450062,-73.090767,Hinsdale,MA,275 Pine Cone Ln,elementary,Kittredge,250339000465,Kittredge,2503390,best_match
42.448341,-73.081458,Hinsdale,MA,36 Tamarack Rd,elementary,Kittredge,250339000465,Kittredge,2503390,best_match
42.358953,-73.064421,Hinsdale,MA,Hawk Rd,elementary,Kittredge,250339000465,Kittredge,2503390,best_match
42.448143,-73.08219,Hinsdale,MA,19 Cove Ln,elementary,Kittredge,250339000465,Kittredge,2503390,best_match
42.473941,-73.104534,Hinsdale,MA,Forest Hill Dr,elementary,Kittredge,250339000465,Kittredge,2503390,best_match
42.444507,-73.116364,Hinsdale,MA,5 Watson Rd,elementary,Kittredge,250339000465,Kittredge,2503390,best_match
42.443942,-73.088301,Hinsdale,MA,Peru Rd,elementary,Kittredge,250339000465,Kittredge,2503390,best_match
42.13849,-71.017134,Holbrook,MA,40 Border Rd,elementary,John F Kennedy,250615000880,John F Kennedy,2506150,best_match
42.13452,-71.006545,Holbrook,MA,33 Quincy St,elementary,John F. Kennedy Elementary,250615000880,John F Kennedy,2506150,best_match
42.144659,-71.015272,Holbrook,MA,76 E Shore Rd,elementary,John F Kennedy Elementary,250615000880,John F Kennedy,2506150,best_match
42.142055,-71.003413,Holbrook,MA,39 Marion St,elementary,Holbrook K-12,,,,
42.146843,-71.013904,Holbrook,MA,42 Fern Rd,elementary,Jfk Elementary,250993002596,J F Kennedy Elementary,2509930,abbrev_expand
42.145408,-70.992714,Holbrook,MA,640 Plymouth St,elementary,John F. Kennedy Elementary,250615000880,John F Kennedy,2506150,best_match
42.355133,-71.837585,Holden,MA,476 Wachusett St,elementary,Mayo,251188001488,Leroy E.Mayo,2511880,best_match
42.393826,-71.850991,Holden,MA,24 Piccadilly Cir,elementary,Davis Hill Elementary,251188001607,Davis Hill Elementary,2511880,best_match
42.317093,-71.846899,Holden,MA,21 Cranbrook Dr,elementary,Dawson,251188000884,Dawson,2511880,best_match
42.361258,-71.862583,Holden,MA,50 Rolling Ridge Rd,elementary,Davis Hill Elementary,251188001607,Davis Hill Elementary,2511880,best_match
42.325539,-71.842816,Holden,MA,7 Village Green Ln,elementary,Dawson,251188000884,Dawson,2511880,best_match
42.322233,-71.821695,Holden,MA,13 Fairchild Dr,elementary,Mayo,251188001488,Leroy E.Mayo,2511880,best_match
42.344012,-71.845889,Holden,MA,32 Crestview Dr,elementary,Dawson,251188000884,Dawson,2511880,best_match
42.330455,-71.849297,Holden,MA,6 Lexington Cir,elementary,Dawson,251188000884,Dawson,2511880,best_match
42.329415,-71.810296,Holden,MA,10 Birch Ave,elementary,Mayo Elementary School,251188001488,Leroy E.Mayo,2511880,distinctive_token
42.367479,-71.868144,Holden,MA,280 Quinapoxet St,elementary,Davis Hill,251188001607,Davis Hill Elementary,2511880,best_match
42.352485,-71.864478,Holden,MA,26 Lovell Rd,elementary,Davis Hill,251188001607,Davis Hill Elementary,2511880,best_match
42.339498,-71.877379,Holden,MA,130 Mixter Rd,elementary,Dawson,251188000884,Dawson,2511880,best_match
42.315605,-71.831416,Holden,MA,8 Cedar Rd,elementary,Mayo,251188001488,Leroy E.Mayo,2511880,best_match
42.340198,-71.85599,Holden,MA,144 Bailey Rd,elementary,Dawson,251188000884,Dawson,2511880,best_match
42.366017,-71.854878,Holden,MA,101 Cimarron Ln,elementary,Davis Hill Elementary,251188001607,Davis Hill Elementary,2511880,best_match
42.352936,-71.870099,Holden,MA,1348 Main St Apt 2,elementary,Davis Hill,251188001607,Davis Hill Elementary,2511880,best_match
42.391708,-71.873123,Holden,MA,396 Elmwood Ave,elementary,Davis Hill Elementary,251188001607,Davis Hill Elementary,2511880,best_match
42.351684,-71.856903,Holden,MA,48 Phillips Rd Unit 12,elementary,Davis Hill Elementary,251188001607,Davis Hill Elementary,2511880,best_match
42.331342,-71.854179,Holden,MA,160 Twinbrooke Dr,elementary,Dawson,251188000884,Dawson,2511880,best_match
42.341763,-71.85187,Holden,MA,57 Pine Tree Rd Unit 57,elementary,Dawson,251188000884,Dawson,2511880,best_match
42.347006,-71.859488,Holden,MA,47 Bancroft Rd,elementary,Dawson,251188000884,Dawson,2511880,best_match
42.327639,-71.856791,Holden,MA,122 Fox Hill Dr,elementary,Dawson,251188000884,Dawson,2511880,best_match
42.341779,-71.851943,Holden,MA,73 Pine Tree Rd Unit 73,elementary,Dawson,251188000884,Dawson,2511880,best_match
42.358484,-71.852464,Holden,MA,263 Highland St,elementary,Davis Hill,251188001607,Davis Hill Elementary,2511880,best_match
42.341777,-71.851934,Holden,MA,71 Pine Tree Rd Unit 71,elementary,Dawson,251188000884,Dawson,2511880,best_match
42.341775,-71.851925,Holden,MA,69 Pine Tree Rd Unit 69,elementary,Dawson,251188000884,Dawson,2511880,best_match
42.342027,-71.851598,Holden,MA,24 Pine Tree Rd Unit 24,elementary,Dawson,251188000884,Dawson,2511880,best_match
42.342025,-71.851589,Holden,MA,22 Pine Tree Rd Unit 22,elementary,Dawson,251188000884,Dawson,2511880,best_match
42.037382,-72.149367,Holland,MA,392 Mashapaug Rd,elementary,Holland Elem,250621000889,Holland Elementary,2506210,best_match
42.035072,-72.147182,Holland,MA,430 Mashapaug Rd,elementary,Holland Elementary School,250621000889,Holland Elementary,2506210,best_match
42.047145,-72.153218,Holland,MA,271 Mashapaug Rd,elementary,Holland,250621000889,Holland Elementary,2506210,best_match
42.039303,-72.155676,Holland,MA,47 Sandy Beach Rd,elementary,Holland,250621000889,Holland Elementary,2506210,best_match
42.032858,-72.151091,Holland,MA,31 Pine Tree Dr,elementary,Holland Elementary School,250621000889,Holland Elementary,2506210,best_match
42.046433,-72.158577,Holland,MA,6 Roberts Park Rd,elementary,Holland,250621000889,Holland Elementary,2506210,best_match
42.046467,-72.159098,Holland,MA,2 Roberts Park Rd,elementary,Holland,250621000889,Holland Elementary,2506210,best_match
42.063016,-72.178036,Holland,MA,164 Stafford Rd,elementary,Holland Elementary,250621000889,Holland Elementary,2506210,best_match
42.061187,-72.178451,Holland,MA,189 Stafford Rd,elementary,Holland,250621000889,Holland Elementary,2506210,best_match
42.046387,-72.158179,Holland,MA,12 Roberts Park Rd,elementary,Holland,250621000889,Holland Elementary,2506210,best_match
42.050629,-72.158005,Holland,MA,241 Mashapaug Rd,elementary,Holland,250621000889,Holland Elementary,2506210,best_match
42.05088,-72.161638,Holland,MA,Union Rd,elementary,Holland,250621000889,Holland Elementary,2506210,best_match
42.039829,-72.160153,Holland,MA,124 Old County Rd,elementary,Holland Elementary,250621000889,Holland Elementary,2506210,best_match
42.218078,-71.439928,Holliston,MA,361 Winter St,elementary,Placntno/Miller,250624001302,Miller School,2506240,best_match
42.212384,-71.459348,Holliston,MA,25 Erin Way,elementary,Placentino/Miller,250624001302,Miller School,2506240,best_match
42.215494,-71.428527,Holliston,MA,54 Jarr Brook Rd,elementary,Placentino,250624001172,Placentino Elementary,2506240,best_match
42.196379,-71.427573,Holliston,MA,73 Water St,elementary,Placentino/Miller,250624001302,Miller School,2506240,best_match
42.202159,-71.39796,Holliston,MA,15 Bullard St,elementary,Plac/Mill,,,,
42.197672,-71.428193,Holliston,MA,79 Union St,elementary,Placentino/Miller,250624001302,Miller School,2506240,best_match
42.178034,-71.450155,Holliston,MA,58 Wedgewood Dr,elementary,Sam Placentino Miller School,250624001302,Miller School,2506240,best_match
42.159484,-71.472695,Holliston,MA,85 Fisher St,elementary,Plac/Miller,250624001302,Miller School,2506240,best_match
42.186383,-71.458828,Holliston,MA,16 Kingsbury Dr,elementary,Placentino,250624001172,Placentino Elementary,2506240,best_match
42.194914,-71.459842,Holliston,MA,53 Louis St,elementary,Sam Placentino Elementary Scho,250624001172,Placentino Elementary,2506240,best_match
42.181209,-71.459005,Holliston,MA,45 Johnson Dr,elementary,Placentino/Miller,250624001302,Miller School,2506240,best_match
42.179281,-71.433344,Holliston,MA,10 Timber Ledge Dr,elementary,Placentino/Miller,250624001302,Miller School,2506240,best_match
42.198261,-71.431283,Holliston,MA,865 Washington St,elementary,Placentino/Miller,250624001302,Miller School,2506240,best_match
42.198326,-71.431252,Holliston,MA,865 Washington St,elementary,Placentino/Miller,250624001302,Miller School,2506240,best_match
42.192165,-71.478108,Holliston,MA,10 Winston Rd,elementary,Placcentino/Miller,250624001302,Miller School,2506240,best_match
42.196174,-71.418001,Holliston,MA,228 Norfolk St Unit 228,elementary,Plac/Mill,,,,
42.207001,-71.462334,Holliston,MA,105 Bonney Dr,elementary,Placentino/Mill,250624001172,Placentino Elementary,2506240,distinctive_token
42.21105,-71.465188,Holliston,MA,147 N Mill St,elementary,Miller,250624001302,Miller School,2506240,best_match
42.196174,-71.418001,Holliston,MA,228 Norfolk St Unit 228,elementary,Plac/Mill,,,,
42.182511,-71.463157,Holliston,MA,15 Saddle Ridge Rd,elementary,Placentino/Miller,250624001302,Miller School,2506240,best_match
42.23155,-71.447142,Holliston,MA,31 Robert Rd,elementary,Placentino,250624001172,Placentino Elementary,2506240,best_match
42.205552,-71.466365,Holliston,MA,23 Bonney Dr,elementary,Placentino / Miller,250624001302,Miller School,2506240,best_match
42.162618,-71.474119,Holliston,MA,1 Fisher St,elementary,Placentino/Mill,250624001172,Placentino Elementary,2506240,distinctive_token
42.21175,-72.606356,Holyoke,MA,14 Arbor Way Apt B,elementary,Kelly Elementary,250627000904,Kelly Elementary,2506270,best_match
42.223505,-72.641548,Holyoke,MA,199 Bemis Rd,elementary,Lt Clayre Sullivan Elementary,,,,
42.20422,-72.599991,Holyoke,MA,116-118 West St,elementary,Dr. Marcella R. Kelly School,250627000904,Kelly Elementary,2506270,distinctive_token
42.215614,-72.619495,Holyoke,MA,47 Taylor St,elementary,Per Board Of Education,251113002853,Early Childhood Education Center,2511130,distinctive_token
42.194477,-72.634766,Holyoke,MA,89-91 Hitchcock St,elementary,Holyoke,,,,
42.116509,-71.535814,Hopedale,MA,42 Laurelwood Dr Unit 42,elementary,Memorial,,,,
42.117132,-71.535355,Hopedale,MA,206 Laurelwood Dr Unit 206,elementary,Memorial,,,,
42.130492,-71.54719,Hopedale,MA,57 Bancroft Park,elementary,Memorial,,,,
42.13282,-71.534402,Hopedale,MA,6 Steel Rd,elementary,Memorial,,,,
42.11391,-71.509311,Hopedale,MA,272 S Main St,elementary,Memorial Elementary,,,,
42.132093,-71.557505,Hopedale,MA,12 Whitney Rd,elementary,Memorial,,,,
42.130492,-71.54719,Hopedale,MA,57 Bancroft Park Unit 57,elementary,Memorial,,,,
42.121255,-71.528339,Hopedale,MA,9 Gannett Way,elementary,Memorial Elementary,,,,
42.199087,-71.571365,Hopkinton,MA,4 Dicarlo Rd,elementary,"Elmwood, Marathon, Hopkins",250633000919,Elmwood,2506330,best_match
42.225456,-71.516246,Hopkinton,MA,3 Pike St,elementary,"Marathon,Elmwood,Hopkins",250633000919,Elmwood,2506330,best_match
42.228677,-71.527775,Hopkinton,MA,15 Mount Auburn St,elementary,Hopkins Elementary,,,,
42.262704,-71.527907,Hopkinton,MA,31 Forest Ln Unit 31,elementary,By Grade,,,,
42.241201,-71.582765,Hopkinton,MA,5 Longwood Dr,elementary,Maraelmhopkins,,,,
42.209989,-71.474848,Hopkinton,MA,14 Hidden Brick Rd,elementary,Mara;elmwd;hpkns,,,,
42.214932,-71.486593,Hopkinton,MA,28 S Mill St,elementary,"Marathon, Elmwood, Or Hopkins",250633000919,Elmwood,2506330,best_match
42.251332,-71.514198,Hopkinton,MA,21 Birkdale Ln Unit 21,elementary,Elmw/Mrthn/Hopkins,,,,
42.206065,-71.582374,Hopkinton,MA,10 Andrea Dr,elementary,"Marathon, Elmwood & Hopkins",250633000919,Elmwood,2506330,best_match
42.222268,-71.487158,Hopkinton,MA,10 N Mill St,elementary,Mthn/Elmwd/Hpkn,,,,
42.215788,-71.595928,Hopkinton,MA,23 Falcon Ridge Dr,elementary,Marthn/Elmw/Hop,,,,
42.197968,-71.519952,Hopkinton,MA,40 Granite St,elementary,Maraelmhopkins,,,,
42.221001,-71.58224,Hopkinton,MA,9 Wescott Dr,elementary,Maraelmhopkins,,,,
42.205353,-71.500442,Hopkinton,MA,7 Kimball Rd,elementary,"Marathon,Elmwood,Hopkins",250633000919,Elmwood,2506330,best_match
42.223532,-71.524138,Hopkinton,MA,44 Pleasant St,elementary,Maraelmhopkins,,,,
42.206752,-71.571345,Hopkinton,MA,39 School St,elementary,Maraelmhopkins,,,,
42.24168,-71.590681,Hopkinton,MA,23 Longwood Dr,elementary,Elmw/Mrthn/Hopkins,,,,
42.212124,-71.562361,Hopkinton,MA,2 Country Way,elementary,Mara/Elm/Hopkin,,,,
42.222755,-71.524219,Hopkinton,MA,9 Montana Rd,elementary,Maraelmhopkins,,,,
42.222475,-71.516331,Hopkinton,MA,65 Hayden Rowe St,elementary,Mara;elm;hpkns,,,,
42.201436,-71.572009,Hopkinton,MA,12 Dicarlo Rd,elementary,Hopkins,,,,
42.265724,-71.530324,Hopkinton,MA,30 Lincoln St,elementary,Marathon / Elmwood / Hopkins,250633000919,Elmwood,2506330,best_match
42.26104,-71.560838,Hopkinton,MA,211 Saddle Hill Rd,elementary,Mara;elm;hpkns,,,,
42.260631,-71.541057,Hopkinton,MA,17 Highcroft Way Unit 17,elementary,"Marathon, Elmwo",250633000918,Marathon Elementary School,2506330,distinctive_token
42.200497,-71.497661,Hopkinton,MA,3 Bowker Rd,elementary,Mara;elm;hpkns,,,,
42.232907,-71.520039,Hopkinton,MA,21 Walcott Valley Dr Unit 21,elementary,Mrthn/Elmw/Hopkins,,,,
42.241343,-71.580463,Hopkinton,MA,14 Spring St,elementary,Marathon School,250633000918,Marathon Elementary School,2506330,best_match
42.233088,-71.494636,Hopkinton,MA,39 Frostpane Ln Unit 39,elementary,Marathon,250633000918,Marathon Elementary School,2506330,best_match
42.253489,-71.537831,Hopkinton,MA,4 Summit Way,elementary,Center/Elmwood/Hopkins,250633000919,Elmwood,2506330,best_match
42.22304,-71.48799,Hopkinton,MA,6 N Mill St,elementary,"Marathon,Elmwood,Hopkins",250633000919,Elmwood,2506330,best_match
42.233088,-71.494636,Hopkinton,MA,11 Crispwater Way Unit 11,elementary,Maraelmhopkins,,,,
42.265111,-71.527199,Hopkinton,MA,Lincoln St Lot 8,elementary,Marthn/Elm/Hopk,,,,
42.203169,-71.50576,Hopkinton,MA,13 Davenport Ln Unit 13,elementary,Marathon Elementary,250633000918,Marathon Elementary School,2506330,best_match
42.258497,-71.567442,Hopkinton,MA,150 Fruit St,elementary,Mara/Elm/Hopks,,,,
42.248703,-71.50736,Hopkinton,MA,22 Locust Ln Unit 22,elementary,Hopkinton E,250633002043,Hopkinton Pre-School,2506330,distinctive_token
42.214383,-71.52874,Hopkinton,MA,60 Chamberlain St,elementary,Maraelmhopkins,,,,
42.243732,-71.503334,Hopkinton,MA,2 Poplar Ln Unit 2,elementary,Marathon,250633000918,Marathon Elementary School,2506330,best_match
42.263726,-71.534243,Hopkinton,MA,1 Honeybee Pass,elementary,Marathon/Elmwood,250633000919,Elmwood,2506330,best_match
42.24424,-71.55113,Hopkinton,MA,7 Daniel Shays Rd,elementary,Hopkinton,250633002043,Hopkinton Pre-School,2506330,best_match
42.227498,-71.581784,Hopkinton,MA,8 Donna Pass,elementary,Marathon/Elmwood/Hopkins,250633000919,Elmwood,2506330,best_match
42.212879,-71.475062,Hopkinton,MA,6 Ledgestone Dr,elementary,"Marathon, Elmwood, Hopkins",250633000919,Elmwood,2506330,best_match
42.199069,-71.521568,Hopkinton,MA,14 Greystone Ln,elementary,Mara/Elm/Hopkins,,,,
42.265087,-71.526485,Hopkinton,MA,Lincoln St Lot 6,elementary,Martin/Elm/Hopk,,,,
42.209971,-71.527329,Hopkinton,MA,51 Chamberlain St,elementary,"Marathon,Elmwood,Hopkins",250633000919,Elmwood,2506330,best_match
42.205021,-71.552826,Hopkinton,MA,35 Downey,elementary,Maraelmhopkins,,,,
42.230049,-71.554971,Hopkinton,MA,1 Whisper Way,elementary,Mrthn/Elmw/Hopk,,,,
42.203169,-71.50576,Hopkinton,MA,13 Davenport Ln Unit 13,elementary,Marathon Elementary,250633000918,Marathon Elementary School,2506330,best_match
42.248399,-71.50516,Hopkinton,MA,25 Spruce St Unit 25,elementary,Marathon,250633000918,Marathon Elementary School,2506330,best_match
42.254223,-73.368095,Housatonic,MA,211 Cottage St,elementary,Muddy Brook Reg.,250253001999,Muddy Brook Regional Elementary School,2502530,best_match
42.251472,-73.361565,Housatonic,MA,15 Cone Ave,elementary,Muddy Brook Reg.,250253001999,Muddy Brook Regional Elementary School,2502530,best_match
42.24181,-73.356297,Housatonic,MA,298 Park St,elementary,Muddy Brook Reg.,250253001999,Muddy Brook Regional Elementary School,2502530,best_match
42.257196,-73.370175,Housatonic,MA,43 Hart St,elementary,Muddy Brook Reg.,250253001999,Muddy Brook Regional Elementary School,2502530,best_match
42.253654,-73.369163,Housatonic,MA,9 Forest Row Unit 9,elementary,Muddy Brook Reg.,250253001999,Muddy Brook Regional Elementary School,2502530,best_match
42.243004,-73.374207,Housatonic,MA,321 N Plain Rd,elementary,Muddy Brook Reg.,250253001999,Muddy Brook Regional Elementary School,2502530,best_match
42.254189,-73.364693,Housatonic,MA,402 Park St,elementary,Muddy Brook Reg.,250253001999,Muddy Brook Regional Elementary School,2502530,best_match
42.251477,-73.376717,Housatonic,MA,11 Wyantenuck St,elementary,Muddy Brook Reg.,250253001999,Muddy Brook Regional Elementary School,2502530,best_match
42.253513,-73.364265,Housatonic,MA,392-394 Park St,elementary,Muddy Brook Reg.,250253001999,Muddy Brook Regional Elementary School,2502530,best_match
42.244901,-73.364948,Housatonic,MA,71 Van Deusenville Rd,elementary,Muddy Brook Reg.,250253001999,Muddy Brook Regional Elementary School,2502530,best_match
42.254128,-73.366562,Housatonic,MA,133 Front St,elementary,Muddy Brook Reg.,250253001999,Muddy Brook Regional Elementary School,2502530,best_match
42.47628,-71.954419,Hubbardston,MA,11 Navajo St,elementary,Hubbardston Center School K-5,250000102399,Hubbardston Center,2500001,best_match
42.482943,-71.946337,Hubbardston,MA,41 Penobscott Ave,elementary,Center,250000102399,Hubbardston Center,2500001,best_match
42.469242,-72.039072,Hubbardston,MA,17 Mayo Rd,elementary,Hubb Center,250000102399,Hubbardston Center,2500001,distinctive_token
42.491661,-71.947918,Hubbardston,MA,9 Adams Rd,elementary,Center K-5,250000102399,Hubbardston Center,2500001,distinctive_token
42.385246,-71.518942,Hudson,MA,92 Brook St,elementary,Forest Avenue,250639000925,Forest Avenue Elementary,2506390,best_match
42.394075,-71.493123,Hudson,MA,17 Rock Ave,elementary,Forest Ave,250639000925,Forest Avenue Elementary,2506390,distinctive_token
42.399868,-71.556257,Hudson,MA,65 Bennett St,elementary,Mulready,250639000924,Mulready Elementary,2506390,best_match
42.379949,-71.532726,Hudson,MA,106 Causeway St,elementary,Forest,250639000925,Forest Avenue Elementary,2506390,best_match
42.39578,-71.556288,Hudson,MA,10 Dean St,elementary,Mulready,250639000924,Mulready Elementary,2506390,best_match
42.376267,-71.584105,Hudson,MA,111 Brigham St Unit 11B,elementary,C A Farley Elementary,250639000922,C A Farley,2506390,best_match
42.395796,-71.556694,Hudson,MA,29 Bennett St,elementary,Mulready,250639000924,Mulready Elementary,2506390,best_match
42.388564,-71.548974,Hudson,MA,8 Birchwood Rd,elementary,Forest,250639000925,Forest Avenue Elementary,2506390,best_match
42.399195,-71.553177,Hudson,MA,55 Priest St,elementary,Mulready,250639000924,Mulready Elementary,2506390,best_match
42.375305,-71.569977,Hudson,MA,12 Forbes Rd,elementary,Farley,250639000922,C A Farley,2506390,best_match
42.402296,-71.556995,Hudson,MA,251 Cox St,elementary,Mulready,250639000924,Mulready Elementary,2506390,best_match
42.397476,-71.573002,Hudson,MA,66 Warner St,elementary,Farley,250639000922,C A Farley,2506390,best_match
42.393646,-71.546614,Hudson,MA,425 Main St Unit 11B,elementary,Forest Ave,250639000925,Forest Avenue Elementary,2506390,distinctive_token
42.40371,-71.565475,Hudson,MA,200 Manning St Apt 27C,elementary,C. A. Farley Elementary School,250639000922,C A Farley,2506390,best_match
42.38428,-71.581224,Hudson,MA,14 Indian Farm Rd,elementary,Farley,250639000922,C A Farley,2506390,best_match
42.39578,-71.556288,Hudson,MA,10 Dean St,elementary,Mulready,250639000924,Mulready Elementary,2506390,best_match
42.379171,-71.543925,Hudson,MA,21 Michigan Dr,elementary,Forest,250639000925,Forest Avenue Elementary,2506390,best_match
42.300728,-70.895313,Hull,MA,1 Commodore Ct Apt 104,elementary,Lillian M Jacobs Elementary,250642000932,Lillian M Jacobs,2506420,best_match
42.295415,-70.880033,Hull,MA,65 F St,elementary,Jacobs Elem,250642000932,Lillian M Jacobs,2506420,distinctive_token
42.267977,-70.848163,Hull,MA,40 Oceanside Dr Unit 40,elementary,Lillian M Jacobs Elementary,250642000932,Lillian M Jacobs,2506420,best_match
42.309254,-70.883574,Hull,MA,64 Point Allerton Ave,elementary,Jacobs Elementary,250642000932,Lillian M Jacobs,2506420,distinctive_token
42.28442,-70.874371,Hull,MA,3 Lincoln St,elementary,Lillian M. Jacobs,250642000932,Lillian M Jacobs,2506420,best_match
42.305662,-70.8974,Hull,MA,1092 Nantasket Ave,elementary,Jacobs,250642000932,Lillian M Jacobs,2506420,best_match
42.277378,-70.886932,Hull,MA,78 Clifton Ave,elementary,Jacobs,250642000932,Lillian M Jacobs,2506420,best_match
42.293369,-70.883518,Hull,MA,15 D St,elementary,Jacobs Elementry,250642000932,Lillian M Jacobs,2506420,distinctive_token
42.267778,-70.845301,Hull,MA,48 Valley Beach Ave Apt 3,elementary,Lillian M. Jacobs,250642000932,Lillian M Jacobs,2506420,best_match
42.280068,-70.874839,Hull,MA,84 Newport Rd,elementary,Jacobs,250642000932,Lillian M Jacobs,2506420,best_match
42.264682,-70.853378,Hull,MA,22 Wyola Rd,elementary,Lilian M Jacobs,250642000932,Lillian M Jacobs,2506420,distinctive_token
42.266892,-70.840304,Hull,MA,179 Atlantic Ave,elementary,Jacobs Elementary,250642000932,Lillian M Jacobs,2506420,distinctive_token
42.266848,-70.853904,Hull,MA,15 Park Ave Unit 103,elementary,Jacobs,250642000932,Lillian M Jacobs,2506420,best_match
42.300315,-70.882036,Hull,MA,44 P St,elementary,Jacobs,250642000932,Lillian M Jacobs,2506420,best_match
42.306835,-70.883612,Hull,MA,2 Bluff Rd,elementary,Jacobs,250642000932,Lillian M Jacobs,2506420,best_match
42.274421,-70.86362,Hull,MA,17 Sagamore Ter,elementary,Jacobs School,250642000932,Lillian M Jacobs,2506420,best_match
42.305921,-70.904263,Hull,MA,1169 Nantasket Ave Apt 2,elementary,Jacobs,250642000932,Lillian M Jacobs,2506420,best_match
42.279576,-70.874794,Hull,MA,67 Newport Rd,elementary,Jacobs,250642000932,Lillian M Jacobs,2506420,best_match
42.267977,-70.848163,Hull,MA,63 Oceanside Dr Unit 63,elementary,Lillian Jacobs,250642000932,Lillian M Jacobs,2506420,best_match
42.260934,-70.862295,Hull,MA,182 George Washington Blvd,elementary,Lillian Jacobs,250642000932,Lillian M Jacobs,2506420,best_match
42.292716,-70.883441,Hull,MA,9 C St,elementary,Jacobs,250642000932,Lillian M Jacobs,2506420,best_match
42.301302,-70.910628,Hull,MA,43 Andrew Ave,elementary,Lillian M. Jacobs School,250642000932,Lillian M Jacobs,2506420,best_match
42.267977,-70.848163,Hull,MA,25 Oceanside Dr Unit 25,elementary,Lilian Jacobs,250642000932,Lillian M Jacobs,2506420,distinctive_token
42.305501,-70.908259,Hull,MA,4 Harbor View Rd,elementary,Jacobs,250642000932,Lillian M Jacobs,2506420,best_match
42.302631,-70.911,Hull,MA,28 Western Ave,elementary,Jacobs School,250642000932,Lillian M Jacobs,2506420,best_match
42.266668,-70.844639,Hull,MA,9 Meade Ave Unit 1,elementary,Hull,,,,
42.265944,-70.843325,Hull,MA,Seaview Ave,elementary,Lilian Jacobs,250642000932,Lillian M Jacobs,2506420,distinctive_token
42.26727,-70.848881,Hull,MA,1 Longbeach Ave Apt 201,elementary,Jacobs Elementry,250642000932,Lillian M Jacobs,2506420,distinctive_token
42.264527,-70.84482,Hull,MA,26 School St Apt 7,elementary,Lilian M Jacobs,250642000932,Lillian M Jacobs,2506420,distinctive_token
42.27221,-70.860373,Hull,MA,7 Bay St Unit 3,elementary,Jacobs Elem & Middle School,250642000932,Lillian M Jacobs,2506420,distinctive_token
42.308591,-70.884133,Hull,MA,46 Holbrook Ave,elementary,Hull Elementary,250609000876,Wm L Foster Elementary,2506090,distinctive_token
42.26311,-70.867126,Hull,MA,202 N Truro St,elementary,Jacobs,250642000932,Lillian M Jacobs,2506420,best_match
42.294427,-70.882659,Hull,MA,34 F St,elementary,Jacobs,250642000932,Lillian M Jacobs,2506420,best_match
42.294427,-70.882659,Hull,MA,34 F St,elementary,Jacobs,250642000932,Lillian M Jacobs,2506420,best_match
42.380207,-72.97859,Huntington,MA,43-A River Rd,elementary,Chester,250516000757,Chester Elementary,2505160,best_match
42.235995,-72.875815,Huntington,MA,2 Pleasant St,elementary,Littleville,250516000761,Littleville Elementary School,2505160,best_match
42.688078,-70.845102,Ipswich,MA,13 Town Farm Rd,elementary,Doyon,250648000936,Paul F Doyon Memorial,2506480,best_match
42.68053,-70.833908,Ipswich,MA,15 Green St Apt 4,elementary,Winthrop,250648000939,Winthrop,2506480,best_match
42.689103,-70.849,Ipswich,MA,117 High St Apt 2,elementary,Doyon,250648000936,Paul F Doyon Memorial,2506480,best_match
42.708463,-70.811674,Ipswich,MA,21 N Ridge Rd,elementary,Winthrop,250648000939,Winthrop,2506480,best_match
42.692723,-70.903571,Ipswich,MA,15 James Rd,elementary,Paul F Doyon Elementary,250648000936,Paul F Doyon Memorial,2506480,distinctive_token
42.668668,-70.835606,Ipswich,MA,6 Essex Rd Unit 15,elementary,Winthrop,250648000939,Winthrop,2506480,best_match
42.70968,-70.806473,Ipswich,MA,63 N Ridge Rd,elementary,Ipswich,,,,
42.686004,-70.843753,Ipswich,MA,83 High St Unit 4,elementary,Paul F. Doyon Memorial School,250648000936,Paul F Doyon Memorial,2506480,best_match
42.693571,-70.908654,Ipswich,MA,43 Country Club Way,elementary,Winthrop/Doyon,250648000939,Winthrop,2506480,best_match
42.65601,-70.810401,Ipswich,MA,6 Northgate Rd,elementary,Ipswich,,,,
42.682166,-70.847948,Ipswich,MA,16 Appleton Park Apt B3,elementary,Paul F Doyon Memorial,250648000936,Paul F Doyon Memorial,2506480,best_match
42.693571,-70.908654,Ipswich,MA,43 Country Club Way Unit 43,elementary,Winthrop/Doyon,250648000939,Winthrop,2506480,best_match
42.69216,-70.890957,Ipswich,MA,18 Southpoint Ln,elementary,Winthrop School,250648000939,Winthrop,2506480,best_match
42.667249,-70.831568,Ipswich,MA,29 Heartbreak Rd,elementary,Winthrop Elementary,250648000939,Winthrop,2506480,best_match
42.700119,-70.793593,Ipswich,MA,6 Alamo Rd,elementary,Winthrop,250648000939,Winthrop,2506480,best_match
42.691127,-70.84631,Ipswich,MA,24 Primrose Ln Unit 24,elementary,Doyon,250648000936,Paul F Doyon Memorial,2506480,best_match
42.682038,-70.844105,Ipswich,MA,13 Brown St,elementary,Winthrop,250648000939,Winthrop,2506480,best_match
42.682038,-70.844105,Ipswich,MA,13 Brown St,elementary,Winthrop,250648000939,Winthrop,2506480,best_match
42.017647,-70.779201,Kingston,MA,6 Stonewall Ter,elementary,Kes/Kis,,,,
41.981182,-70.746066,Kingston,MA,25 Indian Pond Rd,elementary,Kingston Elem,250654000943,Kingston Elementary,2506540,best_match
41.997131,-70.730422,Kingston,MA,38 Summer St,elementary,Kingston Elem.,250654000943,Kingston Elementary,2506540,best_match
41.993228,-70.755943,Kingston,MA,20 Nelson St,elementary,Kingston Es/Kingston Int.,,,,
41.991821,-70.768156,Kingston,MA,103 Wapping Rd,elementary,Kingston Intermediate,250654001531,Kingston Intermediate,2506540,best_match
41.967728,-70.761355,Kingston,MA,20 Ortolani Cir,elementary,Kingston Elementary,250654000943,Kingston Elementary,2506540,best_match
41.982427,-70.773833,Kingston,MA,73 Ring Rd,elementary,Kingston,,,,
41.969551,-70.766902,Kingston,MA,16 Deer Run Rd,elementary,Kingston Elementary School,250654000943,Kingston Elementary,2506540,best_match
41.999387,-70.728435,Kingston,MA,9 Maple St,elementary,Kingston Elementary,250654000943,Kingston Elementary,2506540,best_match
42.001232,-70.77942,Kingston,MA,15 Village Path,elementary,Kingston Elementary,250654000943,Kingston Elementary,2506540,best_match
41.99811,-70.754363,Kingston,MA,2 Clinton Ter,elementary,Kes/Kis,,,,
41.982753,-70.758869,Kingston,MA,71 Fountain Knoll Ln,elementary,Kingston Elementary,250654000943,Kingston Elementary,2506540,best_match
41.993657,-70.700895,Kingston,MA,23 Chilton Ave,elementary,Kes/Kis,,,,
41.813371,-71.028984,Lakeville,MA,1 Hawthorne St,elementary,Assawompsett Elementary,250507002735,Freetown Elementary School,2505070,distinctive_token
41.819366,-70.982092,Lakeville,MA,19 S Kingman St,elementary,"Assawompset, Austin",250507002739,Assawompset Elementary School,2505070,distinctive_token
41.807519,-70.957303,Lakeville,MA,9 Morrison Way,elementary,Assawompsett,250507002739,Assawompset Elementary School,2505070,embedding
41.81964,-70.920163,Lakeville,MA,39 Nachaomet Rd,elementary,Assawompsett,250507002739,Assawompset Elementary School,2505070,embedding
41.846637,-70.930082,Lakeville,MA,123 Nelsons Grove Rd,elementary,Assawompsett,250507002739,Assawompset Elementary School,2505070,embedding
41.795989,-70.956567,Lakeville,MA,198 County St,elementary,Assawompsett Elementary,250507002739,Assawompset Elementary School,2505070,embedding
41.872068,-70.962385,Lakeville,MA,8 Johnson Dr,elementary,Assawompset,250507002739,Assawompset Elementary School,2505070,best_match
41.844852,-70.952749,Lakeville,MA,46 Old Powder House Rd,elementary,Assawompset,250507002739,Assawompset Elementary School,2505070,best_match
41.819935,-70.956524,Lakeville,MA,13 Cherry St,elementary,Assawompsett,250507002739,Assawompset Elementary School,2505070,embedding
41.809576,-70.926449,Lakeville,MA,2 Furlong Cir,elementary,Assawompset Elementary School,250507002739,Assawompset Elementary School,2505070,best_match
41.821133,-70.993084,Lakeville,MA,133 S Pickens St,elementary,Assawompset,250507002739,Assawompset Elementary School,2505070,best_match
41.876119,-70.919433,Lakeville,MA,25 Riverside Dr Unit 25,elementary,Assawompsett,250507002739,Assawompset Elementary School,2505070,embedding
41.862827,-70.948916,Lakeville,MA,91 Crooked Ln,elementary,Assawompset,250507002739,Assawompset Elementary School,2505070,best_match
41.835236,-71.0048,Lakeville,MA,2 Howard Ln,elementary,Assawompset,250507002739,Assawompset Elementary School,2505070,best_match
41.79642,-70.934331,Lakeville,MA,16 Norfolk St,elementary,Assawompset,250507002739,Assawompset Elementary School,2505070,best_match
41.843425,-70.984093,Lakeville,MA,61 Montgomery St,elementary,Assawompset,250507002739,Assawompset Elementary School,2505070,best_match
41.828666,-71.007674,Lakeville,MA,32 County St,elementary,Assawompsett,250507002739,Assawompset Elementary School,2505070,embedding
41.796683,-70.985999,Lakeville,MA,7 Sears Island Dr,elementary,Assawompsett Elementary,250507002735,Freetown Elementary School,2505070,distinctive_token
41.874132,-70.91897,Lakeville,MA,8 Bernards Way Unit 8,elementary,Assawompset,250507002739,Assawompset Elementary School,2505070,best_match
41.816588,-70.988662,Lakeville,MA,102 County St,elementary,Assawompsett Elementary,250507002739,Assawompset Elementary School,2505070,distinctive_token
41.830166,-70.969381,Lakeville,MA,43 Panettieri Dr,elementary,Assawompset Elementary School,250507002739,Assawompset Elementary School,2505070,best_match
41.856174,-70.967463,Lakeville,MA,80 Lebaron Blvd Unit 4,elementary,Assawompset Elementary,250507002739,Assawompset Elementary School,2505070,best_match
41.856953,-70.965633,Lakeville,MA,9 Bunker Ln,elementary,Assawompset Elementary School,250507002739,Assawompset Elementary School,2505070,best_match
41.818679,-71.02604,Lakeville,MA,37 Malbone St,elementary,Assawompsett,250507002739,Assawompset Elementary School,2505070,embedding
42.434596,-71.702754,Lancaster,MA,78 Poulin Dr,elementary,Mary Rowlandson Elementary,250831000948,Mary Rowlandson Elementary,2508310,best_match
42.468401,-71.667927,Lancaster,MA,16 Burbank Ln,elementary,Mary Rowlandson,250831000948,Mary Rowlandson Elementary,2508310,best_match
42.42686,-71.702866,Lancaster,MA,70 Sterling St,elementary,Mary Rowlandson Elementary,250831000948,Mary Rowlandson Elementary,2508310,best_match
42.445654,-71.71252,Lancaster,MA,148 Mary Catherine Dr,elementary,Mary Rowlandson,250831000948,Mary Rowlandson Elementary,2508310,best_match
42.514153,-71.663704,Lancaster,MA,12 Meditation Ln Unit 10B,elementary,Mary Rowlandson,250831000948,Mary Rowlandson Elementary,2508310,best_match
42.510863,-71.676709,Lancaster,MA,18 Fuller Ave,elementary,Rowlandson Elementary,250831000948,Mary Rowlandson Elementary,2508310,best_match
42.469565,-71.68027,Lancaster,MA,1394 Main St,elementary,Mary Rowlandson Public School,250831000948,Mary Rowlandson Elementary,2508310,distinctive_token
42.444099,-71.684151,Lancaster,MA,307 Main St,elementary,Mary Rowlandson Elementary,250831000948,Mary Rowlandson Elementary,2508310,best_match
42.474134,-71.69808,Lancaster,MA,228 Devonshire Way,elementary,Mary Rowlandson,250831000948,Mary Rowlandson Elementary,2508310,best_match
42.432318,-71.706341,Lancaster,MA,54 S Meadow Rd,elementary,Mary Rowlandson,250831000948,Mary Rowlandson Elementary,2508310,best_match
42.513685,-71.679281,Lancaster,MA,65 Fire Rd 7,elementary,Mary Rowlandson,250831000948,Mary Rowlandson Elementary,2508310,best_match
42.572063,-73.291027,Lanesborough,MA,194 Whitman Rd,elementary,Hancock,250576000826,Hancock Elementary,2505760,best_match
42.555363,-73.237442,Lanesborough,MA,451 Williamstown Rd,elementary,Lanesboro,,,,
42.493775,-73.236923,Lanesborough,MA,8 Baker St,elementary,Lanesboro,,,,
42.504257,-73.24588,Lanesborough,MA,28 National St,elementary,Lanesboro,,,,
42.556496,-73.251859,Lanesborough,MA,167 Bailey Rd,elementary,Lanesboro,,,,
42.502236,-73.245926,Lanesborough,MA,51 Imperial St,elementary,Lanesboro,,,,
42.500811,-73.245758,Lanesborough,MA,70 Sunrise St,elementary,Lanesboro,,,,
42.493611,-73.235803,Lanesborough,MA,28 Baker St,elementary,Lanesboro,,,,
42.519775,-73.267838,Lanesborough,MA,87 Old Orebed Rd,elementary,Lanesboro,,,,
42.494759,-73.200574,Lanesborough,MA,688 Cheshire Rd,elementary,Lanesboro,,,,
42.513588,-73.246155,Lanesborough,MA,86 Miner Rd,elementary,Lanesboro,,,,
42.493988,-73.238107,Lanesborough,MA,757 S Main St,elementary,Lanesboro,,,,
42.500626,-73.256782,Lanesborough,MA,Iroquois St,elementary,Lanesboro,,,,
42.506572,-73.254588,Lanesborough,MA,29 Grove Ave,elementary,Lanesboro,,,,
42.504229,-73.246861,Lanesborough,MA,112-140 C St,elementary,Lanesboro,,,,
42.500327,-73.256835,Lanesborough,MA,Wabasso St,elementary,Lanesboro,,,,
42.545429,-73.249245,Lanesborough,MA,23 Silver St,elementary,Lanesboro,,,,
42.500566,-73.256753,Lanesborough,MA,33 Iroquois St,elementary,Lanesboro,,,,
42.498102,-73.258047,Lanesborough,MA,11 Opeechee St,elementary,Lanesboro,,,,
42.501446,-73.265731,Lanesborough,MA,Balance Rock Rd,elementary,Lanesboro,,,,
42.496914,-73.256836,Lanesborough,MA,233 Narragansett Ave,elementary,Lanesboro,,,,
42.530627,-73.199108,Lanesborough,MA,350 Old Cheshire Rd,elementary,Lanesboro,,,,
42.519822,-73.238987,Lanesborough,MA,10 Goodell Rd,elementary,Lanesboro,,,,
42.496914,-73.256836,Lanesborough,MA,233 Narragansett Ave,elementary,Lanesboro,,,,
42.562077,-73.249605,Lanesborough,MA,210 Bailey Rd,elementary,Lanesboro,,,,
42.511298,-73.261841,Lanesborough,MA,10 Park Dr,elementary,Lanesboro,,,,
42.514899,-73.246674,Lanesborough,MA,80 Miner Rd,elementary,Lanesboro,,,,
42.4922,-73.217169,Lanesborough,MA,Partridge Rd Lot 1-4,elementary,Lanesboro,,,,
42.700305,-71.146185,Lawrence,MA,62 Greenfield St,elementary,John Breen,250666000730,John Breen School,2506660,best_match
42.703006,-71.186281,Lawrence,MA,13 Endicott St,elementary,Bruce,,,,
42.688294,-71.167944,Lawrence,MA,16 Beaconsfield St,elementary,Robert Frost Elementary,250666002433,Robert Frost,2506660,best_match
42.678195,-71.183805,Lawrence,MA,15 Westwood Ter,elementary,Frost Elementary,250666002433,Robert Frost,2506660,distinctive_token
42.715454,-71.142065,Lawrence,MA,17 Brookline St,elementary,Edward F. Parthum Elementary,250666001627,Edward F. Parthum,2506660,best_match
42.715769,-71.165566,Lawrence,MA,15 Bunkerhill St,elementary,James F. Hennessey Elementary,250666000958,James F Hennessey,2506660,best_match
42.687325,-71.170523,Lawrence,MA,46 S Bowdoin St,elementary,Robert Frost,250666002433,Robert Frost,2506660,best_match
42.687859,-71.177016,Lawrence,MA,115 Beacon Ave Apt A,elementary,Frost,250666002433,Robert Frost,2506660,best_match
42.697388,-71.174812,Lawrence,MA,263-265 Water St,elementary,Public,250666002815,Lawrence Family Public Academy,2506660,best_match
42.713863,-71.155602,Lawrence,MA,192 Union St,elementary,Leahy,250666000956,Francis M Leahy,2506660,best_match
42.716164,-71.167755,Lawrence,MA,172-174 Park St,elementary,John K. Tarbox School,250666002477,John K Tarbox,2506660,best_match
42.242388,-71.913753,Leicester,MA,93 Pine St,elementary,Memorial,,,,
42.246987,-71.878879,Leicester,MA,30 Second St,elementary,Per Board Of Education,,,,
42.216137,-71.913994,Leicester,MA,488 Pleasant St,elementary,Leicester Elem.,250672000971,Leicester Elementary,2506720,best_match
42.240706,-71.906581,Leicester,MA,10 Wesley Dr,elementary,Leicester Elementary,250672000971,Leicester Elementary,2506720,best_match
42.232414,-71.908882,Leicester,MA,306 Pleasant St,elementary,Leicester Memorial Elementary,250672000971,Leicester Elementary,2506720,best_match
42.235938,-71.907818,Leicester,MA,250 Pleasant St,elementary,Leicester Es,,,,
42.23045,-71.931582,Leicester,MA,89 Charles St,elementary,Leicester Elementary,250672000971,Leicester Elementary,2506720,best_match
42.277531,-71.923894,Leicester,MA,164 White Birch St,elementary,Leicester Elem,250672000971,Leicester Elementary,2506720,best_match
42.217327,-71.916298,Leicester,MA,11 King Street Ext,elementary,Primary School,,,,
42.245396,-71.903216,Leicester,MA,963 Main St,elementary,Leicester Elementary,250672000971,Leicester Elementary,2506720,best_match
42.24604,-71.903656,Leicester,MA,963 Main St Apt 1,elementary,Leicester Elementary,250672000971,Leicester Elementary,2506720,best_match
42.394137,-73.253842,Lenox,MA,178 New Lenox Rd,elementary,Morris,250675000979,Morris,2506750,best_match
42.345428,-73.277901,Lenox,MA,165 Kemble St Unit 18,elementary,Morris,250675000979,Morris,2506750,best_match
42.356203,-73.254898,Lenox,MA,369 Housatonic St,elementary,Morris,250675000979,Morris,2506750,best_match
42.332375,-73.287231,Lenox,MA,349 Old Stockbridge Rd,elementary,Morris,250675000979,Morris,2506750,best_match
42.360656,-73.285547,Lenox,MA,19 Cliffwood St,elementary,Morris,250675000979,Morris,2506750,best_match
42.352568,-73.296138,Lenox,MA,90 Hawthorne St,elementary,Morris,250675000979,Morris,2506750,best_match
42.36171,-73.278832,Lenox,MA,38 Hubbard St,elementary,Morris,250675000979,Morris,2506750,best_match
42.358638,-73.265183,Lenox,MA,8 Stoneledge Rd,elementary,Morris,250675000979,Morris,2506750,best_match
42.362651,-73.280849,Lenox,MA,15 Hubbard St,elementary,Morris,250675000979,Morris,2506750,best_match
42.335302,-73.2664,Lenox,MA,2 Rose Bank Dr,elementary,Morris,250675000979,Morris,2506750,best_match
42.374833,-73.30054,Lenox,MA,399 Under Mountain Rd,elementary,Morris,250675000979,Morris,2506750,best_match
42.392532,-73.268837,Lenox,MA,8 Rolling Unit 1,elementary,Morris,250675000979,Morris,2506750,best_match
42.400131,-73.269081,Lenox,MA,405 Pittsfield Rd Lot F2,elementary,Morris,250675000979,Morris,2506750,best_match
42.354643,-73.279325,Lenox,MA,9 Bolton Dr,elementary,Morris,250675000979,Morris,2506750,best_match
42.396684,-73.253316,Lenox,MA,181 New Lenox Rd,elementary,Morris,250675000979,Morris,2506750,best_match
42.378979,-73.279671,Lenox,MA,28 Evergreen Trl Unit 28,elementary,Morris,250675000979,Morris,2506750,best_match
42.356858,-73.273329,Lenox,MA,18 Willow Ln,elementary,Morris,250675000979,Morris,2506750,best_match
42.337036,-73.254723,Lenox,MA,14 Fairway Dr,elementary,Morris,250675000979,Morris,2506750,best_match
42.355276,-73.256173,Lenox,MA,360 Housatonic St,elementary,Morris,250675000979,Morris,2506750,best_match
42.401989,-73.264134,Lenox,MA,37 Holmes Rd,elementary,Morris,250675000979,Morris,2506750,best_match
42.358091,-73.266626,Lenox,MA,5 Stoneledge Rd,elementary,Morris,250675000979,Morris,2506750,best_match
42.394669,-73.268257,Lenox,MA,3 Rolling Unit 2,elementary,Morris,250675000979,Morris,2506750,best_match
42.371922,-73.267397,Lenox,MA,130 E Dugway Rd,elementary,Morris,250675000979,Morris,2506750,best_match
42.372398,-73.275661,Lenox,MA,20 E Dugway Rd,elementary,Morris,250675000979,Morris,2506750,best_match
42.365812,-73.263153,Lenox,MA,63 Sherwood Dr,elementary,Morris,250675000979,Morris,2506750,best_match
42.329871,-73.266697,Lenox,MA,286 Lee Rd,elementary,Morris,250675000979,Morris,2506750,best_match
42.39384,-73.237249,Lenox,MA,359 New Lenox Rd,elementary,Morris,250675000979,Morris,2506750,best_match
42.335327,-73.269092,Lenox,MA,154 Plunkett St,elementary,Morris,250675000979,Morris,2506750,best_match
42.360039,-73.264282,Lenox,MA,200 Hubbard St,elementary,Morris,250675000979,Morris,2506750,best_match
42.372089,-73.264122,Lenox,MA,166 Dugway Rd,elementary,Morris,250675000979,Morris,2506750,best_match
42.359587,-73.310353,Lenox,MA,109 Under Mountain Rd,elementary,Morris,250675000979,Morris,2506750,best_match
42.370829,-73.263611,Lenox,MA,20 Sullivan Ln,elementary,Morris,250675000979,Morris,2506750,best_match
42.334522,-73.263885,Lenox,MA,3A Coldbrooke Dr,elementary,Morris,250675000979,Morris,2506750,best_match
42.384369,-73.272514,Lenox,MA,18 Highcrest Rd,elementary,Morris,250675000979,Morris,2506750,best_match
42.355476,-73.279457,Lenox,MA,5 Morgan Mnr Apt 8,elementary,Morris,250675000979,Morris,2506750,best_match
42.395927,-73.253777,Lenox,MA,178 New Lenox Rd Lot 2,elementary,Morris,250675000979,Morris,2506750,best_match
42.347458,-73.26458,Lenox,MA,15 Wexford Ct Unit 33,elementary,Morris,250675000979,Morris,2506750,best_match
42.354624,-73.283035,Lenox,MA,2 Kemble St,elementary,Morris,250675000979,Morris,2506750,best_match
42.332375,-73.287231,Lenox,MA,349 Old Stockbridge Rd,elementary,Morris,250675000979,Morris,2506750,best_match
42.355687,-73.276116,Lenox,MA,137 Housatonic St,elementary,Morris,250675000979,Morris,2506750,best_match
42.337036,-73.254723,Lenox,MA,14 Fairway Dr,elementary,Morris,250675000979,Morris,2506750,best_match
42.568998,-71.743693,Leominster,MA,15 Norman Pl,elementary,Johnny Appleseed,250678000985,Johnny Appleseed,2506780,best_match
42.556439,-71.744468,Leominster,MA,1012 Main St,elementary,Johnny Appleseed,250678000985,Johnny Appleseed,2506780,best_match
42.533167,-71.791372,Leominster,MA,288 Granite St,elementary,Northwest School,250678000988,Northwest,2506780,best_match
42.568342,-71.748097,Leominster,MA,75 Norwood Ave,elementary,Johnny Appleseed,250678000985,Johnny Appleseed,2506780,best_match
42.52292,-71.767237,Leominster,MA,148 Pond St,elementary,Northwest,250678000988,Northwest,2506780,best_match
42.553959,-71.775955,Leominster,MA,608 Abbott Ave,elementary,Northwest Elementary,250678000988,Northwest,2506780,best_match
42.543247,-71.761146,Leominster,MA,22 Fruit St,elementary,Northwest Elementary School,250678000988,Northwest,2506780,best_match
42.536576,-71.783728,Leominster,MA,109 Country Ln,elementary,Northwest Elementary,250678000988,Northwest,2506780,best_match
42.567209,-71.754382,Leominster,MA,48 Sargent Ave,elementary,Johnny Appleseed Elementary,250678000985,Johnny Appleseed,2506780,best_match
42.505506,-71.771453,Leominster,MA,48 Anthony Rd,elementary,Fall Brook Elementary,250678000981,Fall Brook,2506780,best_match
42.526466,-71.768572,Leominster,MA,27 Elm St,elementary,Northwest Elmentary,250678000988,Northwest,2506780,best_match
42.541775,-71.738519,Leominster,MA,593 Main St Unit LL1,elementary,Johnny Applesee,250678000985,Johnny Appleseed,2506780,distinctive_token
42.549474,-71.728078,Leominster,MA,21 Joslin St,elementary,Johnny Appleseed,250678000985,Johnny Appleseed,2506780,best_match
42.497329,-71.761492,Leominster,MA,40 Biscayne St,elementary,Fallbrook,250678000981,Fall Brook,2506780,embedding
42.55787,-71.734663,Leominster,MA,81 Causeway Ter,elementary,Johnny Appleseed,250678000985,Johnny Appleseed,2506780,best_match
42.511609,-71.763885,Leominster,MA,134 Avon St,elementary,Fall Brook,250678000981,Fall Brook,2506780,best_match
42.506265,-71.748337,Leominster,MA,20 Abbey Rd Apt 101,elementary,Northwest Elementary,250678000988,Northwest,2506780,best_match
42.53415,-71.759433,Leominster,MA,51 Belmont Rd,elementary,Northwest Elementary,250678000988,Northwest,2506780,best_match
42.552326,-71.740272,Leominster,MA,25 Thomas Pl,elementary,Johnny Appleseed,250678000985,Johnny Appleseed,2506780,best_match
42.52776,-71.759377,Leominster,MA,54 N Main St Ste 56,elementary,Northwest Elementary School,250678000988,Northwest,2506780,best_match
42.516767,-71.773935,Leominster,MA,22 Woodside Ave,elementary,Fall Brook,250678000981,Fall Brook,2506780,best_match
42.512522,-71.745214,Leominster,MA,27 Elm Hill Ave,elementary,Fall Brook/Samoset,250678000981,Fall Brook,2506780,best_match
42.451754,-72.494418,Leverett,MA,42 Shutesbury Rd,elementary,Leverett,250681000992,Leverett Elementary,2506810,best_match
42.512631,-72.485773,Leverett,MA,2 Laurel Hill Dr,elementary,Leverett,250681000992,Leverett Elementary,2506810,best_match
42.512131,-72.480499,Leverett,MA,36 Laurel Hill Dr,elementary,Leverett Elem,250681000992,Leverett Elementary,2506810,best_match
42.488948,-72.509922,Leverett,MA,247 Montague Rd,elementary,Leverett,250681000992,Leverett Elementary,2506810,best_match
42.509797,-72.492305,Leverett,MA,10 Hannabrooke Dr,elementary,Leverett,250681000992,Leverett Elementary,2506810,best_match
42.417434,-71.227326,Lexington,MA,310 Concord Ave,elementary,Lexington,250684002829,Lexington Children's Place,2506840,best_match
42.464266,-71.207888,Lexington,MA,590 Lowell St,elementary,Lexington,250684002829,Lexington Children's Place,2506840,best_match
42.467653,-71.207633,Lexington,MA,661 Lowell St Unit 16,elementary,Fiske,250684000996,Fiske,2506840,best_match
42.462198,-71.209297,Lexington,MA,23 Burroughs Rd,elementary,Fiske,250684000996,Fiske,2506840,best_match
42.428986,-71.193797,Lexington,MA,10 Cummings Ave,elementary,Hastings Elementary,250684000473,Maria Hastings,2506840,distinctive_token
42.41927,-71.214925,Lexington,MA,255 Worthen Rd E,elementary,Bowman,250684000994,Bowman,2506840,best_match
42.443752,-71.198645,Lexington,MA,144 Maple St,elementary,Harrington,250684000998,Harrington,2506840,best_match
42.44986,-71.23299,Lexington,MA,1949 Massachusetts Ave,elementary,Maria Hastings,250684000473,Maria Hastings,2506840,best_match
42.423179,-71.194974,Lexington,MA,4 Daniels St,elementary,Bowman,250684000994,Bowman,2506840,best_match
42.417549,-71.221871,Lexington,MA,32 Webster Rd,elementary,Lexington,250684002829,Lexington Children's Place,2506840,best_match
42.442275,-71.200605,Lexington,MA,114 Maple St,elementary,Harrington,250684000998,Harrington,2506840,best_match
42.47904,-71.253014,Lexington,MA,6 Hazel Rd,elementary,Estabrook,250684001000,Joseph Estabrook,2506840,best_match
42.444166,-71.195293,Lexington,MA,281 Lowell St,elementary,Lexington,250684002829,Lexington Children's Place,2506840,best_match
42.452612,-71.253429,Lexington,MA,21 Constitution Rd,elementary,Hastings,250684000473,Maria Hastings,2506840,best_match
42.436195,-71.208627,Lexington,MA,20 Maple St,elementary,Harrington,250684000998,Harrington,2506840,best_match
42.449328,-71.207271,Lexington,MA,1 Battleview Cir,elementary,Harrington,250684000998,Harrington,2506840,best_match
42.45641,-71.225198,Lexington,MA,6 Juniper Pl,elementary,Fiske,250684000996,Fiske,2506840,best_match
42.478509,-71.251358,Lexington,MA,36 Fifer Ln Unit 36,elementary,Estabrook,250684001000,Joseph Estabrook,2506840,best_match
42.428316,-71.195425,Lexington,MA,59 Fottler Ave,elementary,Harrington Elem,250684000998,Harrington,2506840,best_match
42.451918,-71.248936,Lexington,MA,21 Balfour St,elementary,Hastings,250684000473,Maria Hastings,2506840,best_match
42.450735,-71.244177,Lexington,MA,92 Hill St,elementary,Hastings,250684000473,Maria Hastings,2506840,best_match
42.453927,-71.220532,Lexington,MA,6 Oakmount Cir,elementary,Fiske,250684000996,Fiske,2506840,best_match
42.43393,-71.215341,Lexington,MA,25 Richard Rd,elementary,Bowman,250684000994,Bowman,2506840,best_match
42.486775,-71.240476,Lexington,MA,223 Grove St,elementary,Estabrook,250684001000,Joseph Estabrook,2506840,best_match
42.473799,-71.261554,Lexington,MA,75 Westview St,elementary,Estabrook,250684001000,Joseph Estabrook,2506840,best_match
42.432133,-71.243003,Lexington,MA,34 Spring St,elementary,Bridge,250684000995,Bridge,2506840,best_match
42.422863,-71.209885,Lexington,MA,17 Linc Cole Ln Unit 17,elementary,Lexington,250684002829,Lexington Children's Place,2506840,best_match
42.452296,-71.253994,Lexington,MA,22 Constitution Rd,elementary,Hastings,250684000473,Maria Hastings,2506840,best_match
42.438765,-71.202905,Lexington,MA,145 Emerson Gardens Rd Unit 145,elementary,Harrington,250684000998,Harrington,2506840,best_match
42.470462,-71.231473,Lexington,MA,7 Diamond Rd,elementary,Estabrook,250684001000,Joseph Estabrook,2506840,best_match
42.427099,-71.245048,Lexington,MA,9 Woodcliffe Rd,elementary,Bridge,250684000995,Bridge,2506840,best_match
42.455318,-71.233353,Lexington,MA,93 Bedford St Unit 104,elementary,Hastings,250684000473,Maria Hastings,2506840,best_match
42.455318,-71.233353,Lexington,MA,93 Bedford St Unit 103,elementary,Hastings,250684000473,Maria Hastings,2506840,best_match
42.428871,-71.199131,Lexington,MA,7 Norton Rd,elementary,Harrington,250684000998,Harrington,2506840,best_match
42.439673,-71.248215,Lexington,MA,242 Lincoln St,elementary,Bridge Elemetary,250684000995,Bridge,2506840,best_match
42.422742,-71.22968,Lexington,MA,34 Blossomcrest Rd,elementary,Lexington,250684002829,Lexington Children's Place,2506840,best_match
42.427052,-71.20783,Lexington,MA,12 Fern St,elementary,Bowman,250684000994,Bowman,2506840,best_match
42.449457,-71.253645,Lexington,MA,6 Revolutionary Rd,elementary,Hastings,250684000473,Maria Hastings,2506840,best_match
42.463855,-71.229562,Lexington,MA,18 Victory Garden Way,elementary,Joseph Estabrook Elementary,250684001000,Joseph Estabrook,2506840,best_match
42.443204,-71.254544,Lexington,MA,36 Roosevelt Rd Unit 36,elementary,Hastings,250684000473,Maria Hastings,2506840,best_match
42.457227,-71.227217,Lexington,MA,4 Adams St,elementary,Fiske,250684000996,Fiske,2506840,best_match
42.447242,-71.191516,Lexington,MA,22 Tyler Rd,elementary,Harrington,250684000998,Harrington,2506840,best_match
42.482895,-71.249116,Lexington,MA,101 Winter St,elementary,Estabrook,250684001000,Joseph Estabrook,2506840,best_match
42.459201,-71.218524,Lexington,MA,13 Seaborn Pl Unit 13,elementary,Fiske,250684000996,Fiske,2506840,best_match
42.444182,-71.224705,Lexington,MA,15 Winthrop Rd,elementary,Hastings,250684000473,Maria Hastings,2506840,best_match
42.428604,-71.242158,Lexington,MA,29 Woodcliffe Rd,elementary,Lexington,250684002829,Lexington Children's Place,2506840,best_match
42.438337,-71.233187,Lexington,MA,292 Waltham St,elementary,Bridge,250684000995,Bridge,2506840,best_match
42.446352,-71.205204,Lexington,MA,58 Solomon Pierce Rd,elementary,Harrington,250684000998,Harrington,2506840,best_match
42.418279,-71.210053,Lexington,MA,4 Great Rock Rd,elementary,Bowman,250684000994,Bowman,2506840,best_match
42.419719,-71.229571,Lexington,MA,5 April Ln Apt 33,elementary,Bowman,250684000994,Bowman,2506840,best_match
42.439728,-71.247286,Lexington,MA,232 Lincoln St,elementary,Bridge Elementary,250684000995,Bridge,2506840,best_match
42.434205,-71.220657,Lexington,MA,122 Marrett Rd,elementary,Lexington,250684002829,Lexington Children's Place,2506840,best_match
42.45487,-71.222471,Lexington,MA,72 Meriam St,elementary,Fiske,250684000996,Fiske,2506840,best_match
42.45956,-71.206099,Lexington,MA,38 Courtyard Pl Unit 38,elementary,Fiske,250684000996,Fiske,2506840,best_match
42.438765,-71.202905,Lexington,MA,119 Emerson Gardens Rd Unit 119,elementary,Harrington,250684000998,Harrington,2506840,best_match
42.458513,-71.221658,Lexington,MA,8 Porter Ln,elementary,Fiske,250684000996,Fiske,2506840,best_match
42.470904,-71.240301,Lexington,MA,22 Wyman Rd,elementary,Esterbrook Elementray,,,,
42.484516,-71.242363,Lexington,MA,18 Heritage Dr,elementary,Estabrook,250684001000,Joseph Estabrook,2506840,best_match
42.431674,-71.254157,Lexington,MA,36 Journeys End Ln Unit 13,elementary,Bridge,250684000995,Bridge,2506840,best_match
42.422298,-71.209302,Lexington,MA,3 Linc Cole Ln,elementary,Lexington,250684002829,Lexington Children's Place,2506840,best_match
42.444563,-71.224426,Lexington,MA,11 Winthrop Rd,elementary,Hastings,250684000473,Maria Hastings,2506840,best_match
42.418059,-71.221216,Lexington,MA,26 Webster Rd,elementary,Lexington,250684002829,Lexington Children's Place,2506840,best_match
42.455893,-71.260743,Lexington,MA,15 Conestoga Rd,elementary,Hastings,250684000473,Maria Hastings,2506840,best_match
42.417582,-71.228076,Lexington,MA,320 Concord Ave,elementary,Bowman,250684000994,Bowman,2506840,best_match
42.431436,-71.243218,Lexington,MA,1 Munroe Rd,elementary,Bridge,250684000995,Bridge,2506840,best_match
42.442227,-71.227302,Lexington,MA,42 Winthrop Rd,elementary,Hastings,250684000473,Maria Hastings,2506840,best_match
42.456586,-71.199641,Lexington,MA,19 Douglas Rd,elementary,Fiske,250684000996,Fiske,2506840,best_match
42.474164,-71.244185,Lexington,MA,30 Calvin St,elementary,Estabrook,250684001000,Joseph Estabrook,2506840,best_match
42.425482,-71.201793,Lexington,MA,50 Oak St,elementary,Bowman Elementary,250684000994,Bowman,2506840,best_match
42.428713,-71.214816,Lexington,MA,42 Buckman Dr,elementary,Lexington Public,250684002829,Lexington Children's Place,2506840,distinctive_token
42.470377,-71.238437,Lexington,MA,31 Wyman Rd,elementary,Estabrook Elementary,250684001000,Joseph Estabrook,2506840,distinctive_token
42.439439,-71.217626,Lexington,MA,10 Eliot Rd,elementary,Lexington,250684002829,Lexington Children's Place,2506840,best_match
42.455318,-71.233353,Lexington,MA,93 Bedford St Unit 101,elementary,Hastings,250684000473,Maria Hastings,2506840,best_match
42.482819,-71.234284,Lexington,MA,52 Turning Mill Rd,elementary,Estabrook,250684001000,Joseph Estabrook,2506840,best_match
42.432672,-71.186663,Lexington,MA,11 Crescent Hill Ave,elementary,Harrington,250684000998,Harrington,2506840,best_match
42.473344,-71.244732,Lexington,MA,15 Calvin St,elementary,Estabrook,250684001000,Joseph Estabrook,2506840,best_match
42.450858,-71.251933,Lexington,MA,30 Harbell St,elementary,Hastings,250684000473,Maria Hastings,2506840,best_match
42.472628,-71.224693,Lexington,MA,167 Burlington St,elementary,Estabrook,250684001000,Joseph Estabrook,2506840,best_match
42.460345,-71.243221,Lexington,MA,4 Augustus Rd,elementary,Estabrook,250684001000,Joseph Estabrook,2506840,best_match
42.452929,-71.222574,Lexington,MA,55 Meriam St,elementary,Fiske,250684000996,Fiske,2506840,best_match
42.468515,-71.235493,Lexington,MA,99 Blake Rd,elementary,Estabrook,250684001000,Joseph Estabrook,2506840,best_match
42.462312,-71.216426,Lexington,MA,7 Burnham Rd,elementary,Fiske,250684000996,Fiske,2506840,best_match
42.429481,-71.246823,Lexington,MA,89 Spring St,elementary,Bridge Elementary,250684000995,Bridge,2506840,best_match
42.415389,-71.220558,Lexington,MA,5 Walnut St,elementary,Bowman,250684000994,Bowman,2506840,best_match
42.420719,-71.217611,Lexington,MA,241 Worthen Rd E,elementary,Bowman,250684000994,Bowman,2506840,best_match
42.430162,-71.244869,Lexington,MA,70 Spring St,elementary,Bridge,250684000995,Bridge,2506840,best_match
42.431438,-71.254417,Lexington,MA,36 Journeys End Ln,elementary,Bridge,250684000995,Bridge,2506840,best_match
42.455318,-71.233353,Lexington,MA,93 Bedford St Unit 308,elementary,Hastings,250684000473,Maria Hastings,2506840,best_match
42.4317,-71.213528,Lexington,MA,3 Watson Rd,elementary,Bowman,250684000994,Bowman,2506840,best_match
42.482624,-71.250613,Lexington,MA,1 Cushing St,elementary,Estabrook,250684001000,Joseph Estabrook,2506840,best_match
42.445352,-71.247297,Lexington,MA,22 Nickerson Rd,elementary,Hastings Elementry,250684000473,Maria Hastings,2506840,distinctive_token
42.457024,-71.236736,Lexington,MA,6 Manning St,elementary,Hastings,250684000473,Maria Hastings,2506840,best_match
42.438641,-71.239988,Lexington,MA,3 Effie Pl,elementary,Bridge,250684000995,Bridge,2506840,best_match
42.455318,-71.233353,Lexington,MA,93 Bedford St Unit 201,elementary,Hastings,250684000473,Maria Hastings,2506840,best_match
42.461297,-71.214819,Lexington,MA,8 Brown Rd,elementary,Fiske,250684000996,Fiske,2506840,best_match
42.45956,-71.206099,Lexington,MA,38 Courtyard Pl,elementary,Fiske,250684000996,Fiske,2506840,best_match
42.672103,-72.624032,Leyden,MA,53 S Schoolhouse Rd,elementary,Bernardston Elementary K-6,250960002612,Bernardston Elementary,2509600,best_match
42.656522,-72.615659,Leyden,MA,164 Greenfield Rd,elementary,Bernardston Elementary,250960002612,Bernardston Elementary,2509600,best_match
42.688236,-72.629619,Leyden,MA,660 Greenfield Rd,elementary,Leyden,,,,
42.397097,-71.322528,Lincoln,MA,20 Stonehedge Rd,elementary,Smith,,,,
42.414404,-71.322748,Lincoln,MA,140 Lincoln Rd Apt 218,elementary,Smith,,,,
42.411422,-71.355025,Lincoln,MA,235 Aspen Cir Unit 235,elementary,Lincoln Campus,,,,
42.449009,-71.290765,Lincoln,MA,190 Bedford Rd,elementary,Hanscom Primary School,250690001009,Hanscom Primary,2506900,best_match
42.445596,-71.314333,Lincoln,MA,22 Old Cambridge Tpke,elementary,Lincoln,,,,
42.448121,-71.29746,Lincoln,MA,6 Brooks Hill Rd,elementary,Lincoln,,,,
42.432514,-71.284068,Lincoln,MA,96 Lexington Rd,elementary,Lincoln Complex,,,,
42.42265,-71.306316,Lincoln,MA,22 Lincoln Rd,elementary,Lincoln School,250861001370,Lincoln-Eliot,2508610,best_match
42.440961,-71.328788,Lincoln,MA,30 Goose Pond Rd,elementary,Lincoln Comples,,,,
42.440854,-71.296133,Lincoln,MA,11 Juniper Ridge Rd,elementary,Smith,,,,
42.420343,-71.28062,Lincoln,MA,8 Stratford Way,elementary,Lincoln Public,251311002165,Lincoln Elementary,2513110,embedding
42.431103,-71.285929,Lincoln,MA,89 Lexington Rd,elementary,Lincoln,,,,
42.448177,-71.291216,Lincoln,MA,184 Bedford Rd,elementary,Lincoln School,251311002165,Lincoln Elementary,2513110,embedding
42.422437,-71.278149,Lincoln,MA,141 Trapelo Rd,elementary,Smith,,,,
42.431103,-71.285929,Lincoln,MA,89 Lexington Rd,elementary,Lincoln,,,,
42.427141,-71.280764,Lincoln,MA,61 Page Rd,elementary,Lincoln,,,,
42.532645,-71.453801,Littleton,MA,32 Shaker Ln,elementary,Shaker/Russell,250696001014,Shaker Lane Elementary,2506960,slash_split
42.570936,-71.500737,Littleton,MA,2 Nashoba Trl,elementary,Shaker Lane,250696001014,Shaker Lane Elementary,2506960,best_match
42.531577,-71.487553,Littleton,MA,86 Foster St,elementary,Shaker Lane/Russell Street,250696001014,Shaker Lane Elementary,2506960,distinctive_token
42.538208,-71.507157,Littleton,MA,45 King St,elementary,Littleton Public,,,,
42.537378,-71.466082,Littleton,MA,150 Goldsmith St,elementary,Russell St,250696001013,Russell St Elementary,2506960,best_match
42.556304,-71.501713,Littleton,MA,2 Spartan Arrow Rd,elementary,Shaker/Russell,250696001014,Shaker Lane Elementary,2506960,slash_split
42.520894,-71.444424,Littleton,MA,5 Cobb Ln,elementary,Shaker Lane Elementary School,250696001014,Shaker Lane Elementary,2506960,best_match
42.561281,-71.496114,Littleton,MA,2 Colburn Ln,elementary,Shaker/Russell,250696001014,Shaker Lane Elementary,2506960,slash_split
42.530115,-71.44693,Littleton,MA,4 Meadow Dr,elementary,Shaker Lane,250696001014,Shaker Lane Elementary,2506960,best_match
42.561943,-71.512988,Littleton,MA,2 Baron Way,elementary,Shaker Or Russell,,,,
42.559869,-71.514351,Littleton,MA,6 Bluebird Way Unit 6,elementary,Shaker Lane/ Russell Street,250696001014,Shaker Lane Elementary,2506960,distinctive_token
42.542645,-71.479191,Littleton,MA,362 King St,elementary,Shaker Lane Elementary,250696001014,Shaker Lane Elementary,2506960,best_match
42.574915,-71.500127,Littleton,MA,3 Clarke Rd,elementary,Shaker,250696001014,Shaker Lane Elementary,2506960,best_match
42.510803,-71.465243,Littleton,MA,4 Omega Way,elementary,Littleton,,,,
42.548371,-71.527664,Littleton,MA,2 Laury Ln,elementary,Shaker Lane/ Russell St,250696001014,Shaker Lane Elementary,2506960,distinctive_token
42.568793,-71.50537,Littleton,MA,33 Ernies Dr,elementary,Shaker Lane/ Russell Street,250696001014,Shaker Lane Elementary,2506960,distinctive_token
42.548871,-71.526814,Littleton,MA,5 Laury Ln,elementary,Shaker Lane,250696001014,Shaker Lane Elementary,2506960,best_match
42.521921,-71.440526,Littleton,MA,21 Nashoba Rd,elementary,Shaker Lane/ Russell Street,250696001014,Shaker Lane Elementary,2506960,distinctive_token
42.548249,-71.465302,Littleton,MA,1 Partridge Ln,elementary,Shaker Lane/ Russell Street,250696001014,Shaker Lane Elementary,2506960,distinctive_token
42.531577,-71.487553,Littleton Common,MA,86 Foster St,elementary,Shaker Lane/Russell Street,250696001014,Shaker Lane Elementary,2506960,distinctive_token
42.537378,-71.466082,Littleton Common,MA,150 Goldsmith St,elementary,Russell St,250696001013,Russell St Elementary,2506960,best_match
42.542645,-71.479191,Littleton Common,MA,362 King St,elementary,Shaker Lane Elementary,250696001014,Shaker Lane Elementary,2506960,best_match
42.548249,-71.465302,Littleton Common,MA,1 Partridge Ln,elementary,Shaker Lane/ Russell Street,250696001014,Shaker Lane Elementary,2506960,distinctive_token
42.052225,-72.56758,Longmeadow,MA,73 Duxbury Ln,elementary,Blueberry Hill,250699001016,Blueberry Hill,2506990,best_match
42.040168,-72.564324,Longmeadow,MA,96 Prynnwood Rd,elementary,Wolf Swamp,250699001022,Wolf Swamp Road,2506990,best_match
42.040175,-72.587128,Longmeadow,MA,92 Longview Dr,elementary,Center,250699001017,Center,2506990,best_match
42.054958,-72.536527,Longmeadow,MA,29 Shady Side Dr,elementary,Blueberry Hill,250699001016,Blueberry Hill,2506990,best_match
42.045313,-72.560002,Longmeadow,MA,271 Brookwood Dr,elementary,Wolf Swamp Elementary,250699001022,Wolf Swamp Road,2506990,distinctive_token
42.026687,-72.583854,Longmeadow,MA,29 Lawnwood Ave,elementary,Wolf Swamp,250699001022,Wolf Swamp Road,2506990,best_match
42.065743,-72.572949,Longmeadow,MA,19 Harwich Rd,elementary,Blueberry Hill,250699001016,Blueberry Hill,2506990,best_match
42.025818,-72.581797,Longmeadow,MA,23 Bellevue Ave,elementary,Wolf Swamp,250699001022,Wolf Swamp Road,2506990,best_match
42.062334,-72.563832,Longmeadow,MA,208 Tanglewood Dr,elementary,Blueberry Hill,250699001016,Blueberry Hill,2506990,best_match
42.037008,-72.549162,Longmeadow,MA,199 Birch Rd,elementary,Wolf Swamp,250699001022,Wolf Swamp Road,2506990,best_match
42.044992,-72.549167,Longmeadow,MA,52 Wellesley Dr,elementary,Wolf Swamp,250699001022,Wolf Swamp Road,2506990,best_match
42.062066,-72.574572,Longmeadow,MA,121 Farmington Ave,elementary,Blueberry,250699001016,Blueberry Hill,2506990,best_match
42.058494,-72.540082,Longmeadow,MA,82 Churchill Dr,elementary,Blueberry,250699001016,Blueberry Hill,2506990,best_match
42.032395,-72.581553,Longmeadow,MA,1435 Longmeadow St,elementary,Wolf Swamp,250699001022,Wolf Swamp Road,2506990,best_match
42.057995,-72.543735,Longmeadow,MA,115 Williamsburg Dr,elementary,Blueberry,250699001016,Blueberry Hill,2506990,best_match
42.061431,-72.555886,Longmeadow,MA,100 Hilltop Rd,elementary,Blueberry Hill,250699001016,Blueberry Hill,2506990,best_match
42.059578,-72.5438,Longmeadow,MA,1051 Converse St,elementary,Blueberry Hill,250699001016,Blueberry Hill,2506990,best_match
42.040285,-72.557271,Longmeadow,MA,88 Meadowlark Dr,elementary,Wolf Swamp Elementary,250699001022,Wolf Swamp Road,2506990,distinctive_token
42.062755,-72.582374,Longmeadow,MA,70 Warren Ter,elementary,Center,250699001017,Center,2506990,best_match
42.065055,-72.580773,Longmeadow,MA,29 Englewood Rd,elementary,Center,250699001017,Center,2506990,best_match
42.06701,-72.56559,Longmeadow,MA,28 Brittany Rd,elementary,Blueberry Elementary,250699001016,Blueberry Hill,2506990,distinctive_token
42.062514,-72.572909,Longmeadow,MA,164 Farmington Rd,elementary,Blueberry Hill,250699001016,Blueberry Hill,2506990,best_match
42.063177,-72.57133,Longmeadow,MA,38 Oxford Rd,elementary,Blueberry Hill,250699001016,Blueberry Hill,2506990,best_match
42.065469,-72.571584,Longmeadow,MA,198 Converse St,elementary,Blueberry Hill,250699001016,Blueberry Hill,2506990,best_match
42.056064,-72.574316,Longmeadow,MA,174 Hopkins Pl,elementary,Center,250699001017,Center,2506990,best_match
42.036388,-72.543586,Longmeadow,MA,49 Quinnehtuk Rd,elementary,Wolf Swamp,250699001022,Wolf Swamp Road,2506990,best_match
42.037408,-72.546525,Longmeadow,MA,990 Frank Smith Rd,elementary,Wolf Swamp,250699001022,Wolf Swamp Road,2506990,best_match
42.050671,-72.547833,Longmeadow,MA,26 Brooks Rd,elementary,Blueberry Hill,250699001016,Blueberry Hill,2506990,best_match
42.042051,-72.56528,Longmeadow,MA,24 Prynne Ridge Rd,elementary,Wolfswamp,,,,
42.039107,-72.542123,Longmeadow,MA,550 Wolf Swamp Rd,elementary,Wolf Swamp,250699001022,Wolf Swamp Road,2506990,best_match
42.031874,-72.578251,Longmeadow,MA,111 Maple Rd,elementary,Wolf Swamp,250699001022,Wolf Swamp Road,2506990,best_match
42.065328,-72.554922,Longmeadow,MA,252 Pinewood Dr,elementary,Blueberry Hill School,250699001016,Blueberry Hill,2506990,best_match
42.056766,-72.565324,Longmeadow,MA,18 Blokland Dr,elementary,Blueberry Hill Schol,250699001016,Blueberry Hill,2506990,best_match
42.047436,-72.547874,Longmeadow,MA,500 Inverness Ln,elementary,Wolf Swamp,250699001022,Wolf Swamp Road,2506990,best_match
42.063241,-72.563738,Longmeadow,MA,186 Tanglewood Dr,elementary,Blueberry,250699001016,Blueberry Hill,2506990,best_match
42.028408,-72.587696,Longmeadow,MA,157 Meadow Rd,elementary,Wolf Swamp,250699001022,Wolf Swamp Road,2506990,best_match
42.051331,-72.571366,Longmeadow,MA,42 Elizabeth Cir,elementary,Blueberry Hill,250699001016,Blueberry Hill,2506990,best_match
42.057549,-72.554479,Longmeadow,MA,608 Pinewood Dr,elementary,Blueberry Hill,250699001016,Blueberry Hill,2506990,best_match
42.0543,-72.575391,Longmeadow,MA,169 Greenacre Ave,elementary,Per School District,,,,
42.066531,-72.58259,Longmeadow,MA,77 Pleasantview Ave,elementary,Center,250699001017,Center,2506990,best_match
42.036465,-72.577826,Longmeadow,MA,233 Franklin Rd,elementary,Per Dese,,,,
42.050671,-72.547833,Longmeadow,MA,26 Brooks Rd,elementary,Blueberry Hill,250699001016,Blueberry Hill,2506990,best_match
42.645279,-71.271508,Lowell,MA,187 Havilah St,elementary,Central Enroll,,,,
42.640112,-71.291303,Lowell,MA,32 Belmont Ave,elementary,Reilly,250702001045,Peter W Reilly,2507020,best_match
42.641726,-71.29397,Lowell,MA,305 Andover St,elementary,Reilly Elementary School,250702001045,Peter W Reilly,2507020,distinctive_token
42.634926,-71.291682,Lowell,MA,334 Rogers St,elementary,Moody Elementary School,250702000068,Moody Elementary,2507020,best_match
42.635543,-71.2852,Lowell,MA,294 Wentworth Ave,elementary,Peter W. Reilly,250702001045,Peter W Reilly,2507020,best_match
42.644565,-71.28754,Lowell,MA,35 Barasford Ave,elementary,Reilly School,250702001045,Peter W Reilly,2507020,best_match
42.622262,-71.331243,Lowell,MA,39 McKinley Ave,elementary,Contact City,,,,
42.62513,-71.28798,Lowell,MA,104 Roper St Unit B,elementary,Pyne Art Magnet,,,,
42.66126,-71.302469,Lowell,MA,23 18th St,elementary,Mcauliffe,250702000088,S Christa McAuliffe Elementary,2507020,best_match
42.650575,-71.378261,Lowell,MA,1461 Pawtucket Blvd Unit A12,elementary,Pawtucket Mem,,,,
42.654487,-71.304317,Lowell,MA,54 Hampshire St,elementary,Greenhalge Elementary,250702001033,Greenhalge,2507020,best_match
42.653823,-71.380767,Lowell,MA,1582 Varnum Ave,elementary,Pawtucket Memorial,250702001044,Pawtucketville Memorial,2507020,distinctive_token
42.652245,-71.332765,Lowell,MA,38 Third Ave,elementary,Mcavinnue,250702000477,Joseph McAvinnue,2507020,best_match
42.643932,-71.29131,Lowell,MA,558 E Merrimack St Unit 34,elementary,Central Enroll,,,,
42.65355,-71.331638,Lowell,MA,86 White St Apt C,elementary,Joseph Mcavinnue Elementary Sc,250702000477,Joseph McAvinnue,2507020,best_match
42.641341,-71.31211,Lowell,MA,240 Jackson St Apt 622,elementary,Rogers Stem Academy,250666002815,Lawrence Family Public Academy,2506660,distinctive_token
42.63401,-71.329071,Lowell,MA,56-58 Pine St,elementary,Morey,250702001029,Charles W Morey,2507020,best_match
42.637621,-71.334149,Lowell,MA,78 Stevens St,elementary,Zone 1,,,,
42.656174,-71.347211,Lowell,MA,2400 Skyline Dr Unit 1,elementary,Joseph Mcavinnue Elementary,250702000477,Joseph McAvinnue,2507020,best_match
42.633417,-71.291879,Lowell,MA,125 Hoyt Ave,elementary,Moody Elementary School,250702000068,Moody Elementary,2507020,best_match
42.631127,-71.321884,Lowell,MA,27 Shaw St,elementary,Lincoln,250702001023,Abraham Lincoln,2507020,best_match
42.642914,-71.299057,Lowell,MA,50-52 Willow St,elementary,Lowell Public,250666002815,Lawrence Family Public Academy,2506660,distinctive_token
42.655861,-71.339962,Lowell,MA,325 Mammoth Rd Apt 3,elementary,Joseph Mcavinnue Elementary Sc,250702000477,Joseph McAvinnue,2507020,best_match
42.649668,-71.31925,Lowell,MA,70 Austin St Apt 15,elementary,Charlotte M. Murkland,250702000092,Charlotte M Murkland Elementary,2507020,best_match
42.639058,-71.297497,Lowell,MA,116 Fort Hill Ave,elementary,Joseph G. Pyne Arts,,,,
42.650485,-71.299331,Lowell,MA,21 Myrtle St,elementary,S. Christa Mcauliffe Elem.,250702000088,S Christa McAuliffe Elementary,2507020,best_match
42.665274,-71.299572,Lowell,MA,175 Willard St Apt 8,elementary,S Christa Mcauliffe Elementary,250702000088,S Christa McAuliffe Elementary,2507020,best_match
42.648523,-71.359103,Lowell,MA,101 Laurie Ln,elementary,Greenhalge Elementary School,250702001033,Greenhalge,2507020,best_match
42.639751,-71.289891,Lowell,MA,105 Starr Ave,elementary,Reilly Elementary School,250702001045,Peter W Reilly,2507020,distinctive_token
42.632878,-71.304177,Lowell,MA,34 Newhall St Apt 212,elementary,Moody Elementary,250702000068,Moody Elementary,2507020,best_match
42.636154,-71.363006,Lowell,MA,1975 Middlesex St Unit 2,elementary,Zone 1,,,,
42.639741,-71.298361,Lowell,MA,85 Fort Hill Ave Apt 3,elementary,Moody Elementary School 0.2 Mi,250702000068,Moody Elementary,2507020,best_match
42.62513,-71.28798,Lowell,MA,100 Roper St Unit D,elementary,Joseph Pyne,,,,
42.194747,-72.431367,Ludlow,MA,185 Clearwater Cir,elementary,Harris Brook Elementary,250705002925,Harris Brook Elementary School,2507050,best_match
42.180731,-72.489546,Ludlow,MA,134 Bridle Path Cir,elementary,East / Harris Brook,250705002925,Harris Brook Elementary School,2507050,distinctive_token
42.178077,-72.500671,Ludlow,MA,24 Helena St,elementary,Baird,,,,
42.201091,-72.4091,Ludlow,MA,603 Alden St,elementary,Harris Brook Elementary,250705002925,Harris Brook Elementary School,2507050,best_match
42.199789,-72.412772,Ludlow,MA,321 Westerly Cir,elementary,Harris Brook,250705002925,Harris Brook Elementary School,2507050,best_match
42.160565,-72.473995,Ludlow,MA,38 Prospect St,elementary,East Street,250705002663,East Street Elementary School,2507050,best_match
42.219682,-72.498529,Ludlow,MA,Old W Lot 6,elementary,Hbes,,,,
42.186114,-72.485027,Ludlow,MA,329 Fuller St,elementary,Eastst/Harris Brook,250705002925,Harris Brook Elementary School,2507050,distinctive_token
42.219425,-72.498206,Ludlow,MA,Old W Lot 9,elementary,Hbes,,,,
42.219479,-72.498182,Ludlow,MA,Old W Lot 7,elementary,Pbhs,,,,
42.579212,-71.715868,Lunenburg,MA,450 Lancaster Ave,elementary,Turkey Hill Elementary School,250708002871,Turkey Hill Elementary School,2507080,best_match
42.559632,-71.704216,Lunenburg,MA,411 Goodrich St,elementary,Primary,250708001957,Lunenburg Primary School,2507080,best_match
42.599896,-71.723915,Lunenburg,MA,27 Oak Ave,elementary,K-2 Lprimary 3-5 Turkey Hill,250708002871,Turkey Hill Elementary School,2507080,distinctive_token
42.599481,-71.72242,Lunenburg,MA,44 Oak Ave Unit 44,elementary,Lunenburg,250708001957,Lunenburg Primary School,2507080,best_match
42.585678,-71.77095,Lunenburg,MA,15-17 Pleasant St,elementary,Lunenburg Primary/Turkey Hill,250708001957,Lunenburg Primary School,2507080,best_match
42.595017,-71.743945,Lunenburg,MA,572 Massachusetts Ave,elementary,Lunenburg,250708001957,Lunenburg Primary School,2507080,best_match
42.576033,-71.751684,Lunenburg,MA,35 Natick St,elementary,Primary,250708001957,Lunenburg Primary School,2507080,best_match
42.571623,-71.680712,Lunenburg,MA,607-609 Flat Hill Rd,elementary,Lunenburg Primary/Turkey Hill,250708001957,Lunenburg Primary School,2507080,best_match
42.602634,-71.765221,Lunenburg,MA,1083 Northfield Rd Unit 1B,elementary,Turkey Hill,250708002871,Turkey Hill Elementary School,2507080,best_match
42.605286,-71.7057,Lunenburg,MA,32 Hemlock Dr,elementary,Lunenburg Primary,250708001957,Lunenburg Primary School,2507080,best_match
42.593768,-71.755759,Lunenburg,MA,354 Massachusetts Ave,elementary,Primary,250708001957,Lunenburg Primary School,2507080,best_match
42.563445,-71.691754,Lunenburg,MA,51 Spring St,elementary,Lunenburg Primary & Turkey Hil,250708001957,Lunenburg Primary School,2507080,best_match
42.609106,-71.747549,Lunenburg,MA,750 Northfield Rd,elementary,Turkey Hill,250708002871,Turkey Hill Elementary School,2507080,best_match
42.602634,-71.765221,Lunenburg,MA,1083 Northfield Rd Unit 1A,elementary,Turkey Hill,250708002871,Turkey Hill Elementary School,2507080,best_match
42.586254,-71.752144,Lunenburg,MA,189 Electric Ave Unit B,elementary,Turkey Hill Elementary,250708002871,Turkey Hill Elementary School,2507080,best_match
42.572258,-71.755486,Lunenburg,MA,3 Smith Dr,elementary,Primary,250708001957,Lunenburg Primary School,2507080,best_match
42.609642,-71.717277,Lunenburg,MA,10 Iris Ct Unit 10,elementary,Primary,250708001957,Lunenburg Primary School,2507080,best_match
42.575708,-71.73741,Lunenburg,MA,70 Laurel Ln Unit 1,elementary,Primary,250708001957,Lunenburg Primary School,2507080,best_match
42.609642,-71.717277,Lunenburg,MA,10 Iris Ct Unit 10,elementary,Primary,250708001957,Lunenburg Primary School,2507080,best_match
42.477613,-70.930364,Lynn,MA,20 Melvin Ave,elementary,Aborn,250711001061,Aborn,2507110,best_match
42.509709,-70.987787,Lynn,MA,793 Lynnfield St,elementary,Shoemaker,250711001066,Capt William G Shoemaker,2507110,best_match
42.509865,-70.985617,Lynn,MA,12 York Ter,elementary,Shoemaker,250711001066,Capt William G Shoemaker,2507110,best_match
42.486897,-70.961335,Lynn,MA,12 Wendy Way,elementary,Sisson,250711001072,Edward A Sisson,2507110,best_match
42.477473,-70.969174,Lynn,MA,77 Hurd St,elementary,Sewell Anderson,250711001084,Sewell-Anderson,2507110,best_match
42.499704,-70.974134,Lynn,MA,391 Lynnfield St,elementary,Shoemaker,250711001066,Capt William G Shoemaker,2507110,best_match
42.45716,-70.970766,Lynn,MA,10 Minot St,elementary,Drewicz Elementary,250711001062,A Drewicz Elementary,2507110,best_match
42.491708,-70.943518,Lynn,MA,11 Fellsmere St,elementary,Aborn,250711001061,Aborn,2507110,best_match
42.466553,-70.923356,Lynn,MA,34 Ocean Ter,elementary,Brickett,250711001064,Brickett Elementary,2507110,best_match
42.502863,-70.982451,Lynn,MA,32 Stocker Ave,elementary,Shoemaker,250711001066,Capt William G Shoemaker,2507110,best_match
42.499363,-70.964308,Lynn,MA,65 Phaeton Rock Rd,elementary,Lynn Woods Elementary,250711001081,Lynn Woods,2507110,best_match
42.461692,-70.931529,Lynn,MA,15 Grosvenor Park,elementary,Lynn Public,250711001081,Lynn Woods,2507110,distinctive_token
42.482851,-70.961769,Lynn,MA,19 Springvale Ln,elementary,Edward A. Sisson Elementary Sc,250711001072,Edward A Sisson,2507110,best_match
42.49609,-70.966203,Lynn,MA,78 Range Ave,elementary,Lynn Woods Elementary School,250711001081,Lynn Woods,2507110,best_match
42.499023,-70.967436,Lynn,MA,52 Oak Ridge Cir,elementary,Lynn Woods School,250711001081,Lynn Woods,2507110,best_match
42.46881,-70.940832,Lynn,MA,17 Tilton Ter,elementary,"Harrington, Ingalls",250711001075,Ingalls,2507110,best_match
42.507511,-70.980336,Lynn,MA,399 Cedar Brook Rd,elementary,Shoemaker,250711001066,Capt William G Shoemaker,2507110,best_match
42.50227,-70.981463,Lynn,MA,31 Dartmouth St,elementary,Shoemaker,250711001066,Capt William G Shoemaker,2507110,best_match
42.488263,-70.944026,Lynn,MA,55 Dibble Rd,elementary,Aborn Elementary,250711001061,Aborn,2507110,best_match
42.461504,-70.977977,Lynn,MA,56 Raddin Grove Ave,elementary,Julia F.,250711001077,Julia F Callahan,2507110,best_match
42.468754,-70.928963,Lynn,MA,65-67 Phillips Ave,elementary,Lynn Public,250711001081,Lynn Woods,2507110,distinctive_token
42.45855,-70.941589,Lynn,MA,154 Lynnway Unit 407,elementary,Lynn Public,250711001081,Lynn Woods,2507110,distinctive_token
42.457965,-70.977268,Lynn,MA,21 Margin St Apt 27,elementary,Confirm W/ City,,,,
42.472185,-70.985458,Lynn,MA,22 Ocallaghan Way,elementary,Lynn,250711001081,Lynn Woods,2507110,best_match
42.464487,-70.934971,Lynn,MA,8 Chestnut St,elementary,Harrington,250711001070,E J Harrington,2507110,best_match
42.45855,-70.941589,Lynn,MA,150 Lynnway Apt 309,elementary,Washington Elementary,250711002658,Washington Elementary School,2507110,best_match
42.476112,-70.946257,Lynn,MA,103 Goodridge St,elementary,Hood,250711001074,Hood,2507110,best_match
42.493338,-70.970766,Lynn,MA,25 Gordon Rd,elementary,Lynn Public,250711001081,Lynn Woods,2507110,distinctive_token
42.481432,-70.940608,Lynn,MA,70 Glenwood St,elementary,Hood,250711001074,Hood,2507110,best_match
42.477065,-70.935926,Lynn,MA,150 Jackson St,elementary,Hood,250711001074,Hood,2507110,best_match
42.5035,-70.97277,Lynn,MA,16 Marianne Rd,elementary,Shoemaker,250711001066,Capt William G Shoemaker,2507110,best_match
42.481096,-70.957269,Lynn,MA,7 Boynton St,elementary,Sisson,250711001072,Edward A Sisson,2507110,best_match
42.472973,-70.933781,Lynn,MA,22 Porter St,elementary,Ingalls Elementary School,250711001075,Ingalls,2507110,best_match
42.479724,-70.972757,Lynn,MA,341 Linwood St,elementary,Sewell Anderson,250711001084,Sewell-Anderson,2507110,best_match
42.473061,-70.941511,Lynn,MA,12 Adams St,elementary,Ingalls Elementary School,250711001075,Ingalls,2507110,best_match
42.489256,-70.945037,Lynn,MA,66 Edgemere Rd,elementary,Aborn Elementary,250711001061,Aborn,2507110,best_match
42.488535,-70.947625,Lynn,MA,137 Maplewood Rd,elementary,Sisson,250711001072,Edward A Sisson,2507110,best_match
42.492937,-70.957968,Lynn,MA,100 Broadway,elementary,Edward A Sisson,250711001072,Edward A Sisson,2507110,best_match
42.46841,-70.93959,Lynn,MA,14 Union Ct,elementary,Harrington,250711001070,E J Harrington,2507110,best_match
42.478438,-70.94307,Lynn,MA,6A Goodridge St,elementary,Lynn Public,250711001081,Lynn Woods,2507110,distinctive_token
42.505065,-70.980438,Lynn,MA,53 Longhill Rd,elementary,Lynn Public,250711001081,Lynn Woods,2507110,distinctive_token
42.495764,-70.957679,Lynn,MA,19 Broadway,elementary,Sisson Elementary,250711001072,Edward A Sisson,2507110,distinctive_token
42.462991,-70.95452,Lynn,MA,50 S Common St Apt 403,elementary,Fallon,250711002527,William R Fallon,2507110,best_match
42.485317,-70.953403,Lynn,MA,140 Lake View Ave,elementary,Sisson,250711001072,Edward A Sisson,2507110,best_match
42.50108,-70.988624,Lynn,MA,31 Emerald Dr,elementary,Shoemaker,250711001066,Capt William G Shoemaker,2507110,best_match
42.474091,-70.963999,Lynn,MA,29 Woodlawn St,elementary,Lynn Public,250711001081,Lynn Woods,2507110,distinctive_token
42.468792,-70.947113,Lynn,MA,38 High Rock Rd,elementary,Ford,250711001073,Robert L Ford,2507110,best_match
42.483839,-70.959965,Lynn,MA,15 Ellsworth Ter,elementary,Sisson School,250711001072,Edward A Sisson,2507110,best_match
42.471393,-70.968132,Lynn,MA,144 Woodlawn St,elementary,Sewell-Anderson,250711001084,Sewell-Anderson,2507110,best_match
42.472877,-70.926273,Lynn,MA,191 Eastern Ave,elementary,Aborn,250711001061,Aborn,2507110,best_match
42.462982,-70.938828,Lynn,MA,13 Nahant St Unit 2C,elementary,Harrington Elementary,250711001070,E J Harrington,2507110,distinctive_token
42.46938,-70.94329,Lynn,MA,30 Brownville Ave,elementary,E.J. Harrington Elementary,250711001070,E J Harrington,2507110,best_match
42.473194,-70.955693,Lynn,MA,198 Locust St Apt 203,elementary,William R Fallon,250711002527,William R Fallon,2507110,best_match
42.467461,-70.929548,Lynn,MA,16 Crescent St,elementary,Brickett Elementary School,250711001064,Brickett Elementary,2507110,best_match
42.464022,-70.97631,Lynn,MA,8 Myrtle St,elementary,Lincoln-Thomson,250711001079,Lincoln-Thomson,2507110,best_match
42.4941,-70.970847,Lynn,MA,257 Lynnfield St,elementary,Lynn Woods Elementary,250711001081,Lynn Woods,2507110,best_match
42.470145,-70.943955,Lynn,MA,6 Rockaway Ct,elementary,Ford,250711001073,Robert L Ford,2507110,best_match
42.536475,-71.05425,Lynnfield,MA,17 Perry Ave,elementary,Summer Street,250714001093,Summer Street,2507140,best_match
42.545031,-71.059899,Lynnfield,MA,2 Russell Rd,elementary,Summer St,250714001093,Summer Street,2507140,distinctive_token
42.536779,-71.025747,Lynnfield,MA,4 Meservey Ln,elementary,Huckleberry Hill School,250714001089,Huckleberry Hill,2507140,best_match
42.531316,-71.021735,Lynnfield,MA,21 Wildewood Dr,elementary,Huckleberry Hill,250714001089,Huckleberry Hill,2507140,best_match
42.512939,-70.994773,Lynnfield,MA,4 Rossmore Rd,elementary,Huckleberry,250714001089,Huckleberry Hill,2507140,best_match
42.55583,-71.041449,Lynnfield,MA,1215 Main St,elementary,Huckleberry Hill Elementary,250714001089,Huckleberry Hill,2507140,best_match
42.528319,-71.011597,Lynnfield,MA,3 Stafford Rd,elementary,Huckleberry,250714001089,Huckleberry Hill,2507140,best_match
42.53381,-71.064259,Lynnfield,MA,11 Tappan Way,elementary,Summer Street School,250714001093,Summer Street,2507140,best_match
42.51653,-70.988258,Lynnfield,MA,1100 Salem St Apt 79,elementary,Choice Of 2,,,,
42.517259,-71.003039,Lynnfield,MA,6 Suntaug St,elementary,Huckleberry Hill,250714001089,Huckleberry Hill,2507140,best_match
42.556672,-71.052724,Lynnfield,MA,505 Lowell St,elementary,Summer Street,250714001093,Summer Street,2507140,best_match
42.553948,-71.045719,Lynnfield,MA,319 Lowell St,elementary,Summer St,250714001093,Summer Street,2507140,distinctive_token
42.515298,-71.001471,Lynnfield,MA,17 Munroe St,elementary,Huckleberry Hill School,250714001089,Huckleberry Hill,2507140,best_match
42.531161,-71.039782,Lynnfield,MA,1 Tuttle Ln,elementary,Summer Street School,250714001093,Summer Street,2507140,best_match
42.512986,-71.008422,Lynnfield,MA,47 Brook Dr,elementary,Huckleberry,250714001089,Huckleberry Hill,2507140,best_match
42.563836,-71.037944,Lynnfield,MA,1466 Main St,elementary,Summer Street,250714001093,Summer Street,2507140,best_match
42.544548,-71.049013,Lynnfield,MA,6 Ashley Ct,elementary,Summer Street,250714001093,Summer Street,2507140,best_match
42.547468,-71.035642,Lynnfield,MA,18 Daventry Ct,elementary,Summer Street,250714001093,Summer Street,2507140,best_match
42.525298,-71.025893,Lynnfield,MA,7 Trickett Rd,elementary,Huckleberry,250714001089,Huckleberry Hill,2507140,best_match
42.417596,-71.061051,Malden,MA,70-72 Hancock St,elementary,Check W/ Supt.,,,,
42.427856,-71.054863,Malden,MA,513-515 Cross St,elementary,Malden,250717002046,Malden Early Learning Center,2507170,best_match
42.434046,-71.050115,Malden,MA,12 Mount Washington Ave,elementary,Check W/ Supt,,,,
42.439335,-71.056617,Malden,MA,16 Floral Ave,elementary,Forestdale,,,,
42.439321,-71.085243,Malden,MA,200 E Border Rd,elementary,Malden Public School,250717002046,Malden Early Learning Center,2507170,distinctive_token
42.430631,-71.028341,Malden,MA,354 Lynn St,elementary,Linden,,,,
42.436135,-71.082298,Malden,MA,525 Fellsway E,elementary,Beebe K-8,,,,
42.43758,-71.053017,Malden,MA,30-32 Goldcliff Rd,elementary,Forestdale,,,,
42.423476,-71.067801,Malden,MA,260 Main St Apt 201,elementary,"Ferryway School, Beebe School",,,,
42.439236,-71.04166,Malden,MA,28 Olive Ave,elementary,Linden,,,,
42.430014,-71.085479,Malden,MA,27 Fellsmere Rd,elementary,Beebe School,,,,
42.435561,-71.025408,Malden,MA,18 Fleming Rd,elementary,Salemwood School,,,,
42.426709,-71.077429,Malden,MA,368 Pleasant St Apt 204,elementary,Check W/ Supt.,,,,
42.428016,-71.078487,Malden,MA,108 Maple St Apt 4,elementary,Beebe School,,,,
42.419088,-71.070502,Malden,MA,54 Green St,elementary,Ferryway School,,,,
42.433595,-71.056725,Malden,MA,3 Bayrd Ter,elementary,Forestdale,,,,
42.418891,-71.069686,Malden,MA,183 Madison St,elementary,Cheverus & Ferryway School,,,,
42.434046,-71.069511,Malden,MA,41 Edmund St,elementary,Forestdale School,,,,
42.43534,-71.072321,Malden,MA,1 Glenwood St Apt 2,elementary,Beebe School K-8,,,,
42.428016,-71.078487,Malden,MA,9 Dexter St Apt 4,elementary,Beebe,,,,
42.420162,-71.063187,Malden,MA,63-65 Ashland St,elementary,Cheverus,,,,
42.43137,-71.061378,Malden,MA,85-87 Wolcott St,elementary,Salemwood,,,,
42.588072,-70.788721,Manchester-by-the-Sea,MA,166 Pine St,elementary,Manchester Essex,,,,
42.570601,-70.767899,Manchester-by-the-Sea,MA,5 Proctor St,elementary,Manchester,250006701110,Manchester Memorial Elementary,2500067,best_match
42.576851,-70.738058,Manchester-by-the-Sea,MA,23 Ocean St,elementary,Memorial,250006701110,Manchester Memorial Elementary,2500067,best_match
42.581655,-70.769681,Manchester-by-the-Sea,MA,8 Lincoln St,elementary,Memorial,250006701110,Manchester Memorial Elementary,2500067,best_match
42.588372,-70.768853,Manchester-by-the-Sea,MA,7 Hidden Ledge Rd,elementary,Manch Essex,250006700627,Essex Elementary,2500067,distinctive_token
42.574944,-70.768615,Manchester-by-the-Sea,MA,6 Summer St Unit D,elementary,Memorial,250006701110,Manchester Memorial Elementary,2500067,best_match
42.575444,-70.770561,Manchester-by-the-Sea,MA,18 Union St,elementary,Memorial,250006701110,Manchester Memorial Elementary,2500067,best_match
42.565453,-70.785126,Manchester-by-the-Sea,MA,73 75 Harbor St,elementary,Manchester,250006701110,Manchester Memorial Elementary,2500067,best_match
42.583341,-70.72893,Manchester-by-the-Sea,MA,14 Overledge Rd,elementary,Memorial School,250006701110,Manchester Memorial Elementary,2500067,best_match
42.584688,-70.788302,Manchester-by-the-Sea,MA,22 Crooked Ln,elementary,Memorial,250006701110,Manchester Memorial Elementary,2500067,best_match
42.583752,-70.740601,Manchester-by-the-Sea,MA,370 Summer St,elementary,Manhester Essex,250006700627,Essex Elementary,2500067,distinctive_token
42.578497,-70.781895,Manchester-by-the-Sea,MA,20 Woodholm Rd,elementary,Memorial,250006701110,Manchester Memorial Elementary,2500067,best_match
42.592705,-70.752098,Manchester-by-the-Sea,MA,21 Forest Ln,elementary,Manchester Memorial,250006701110,Manchester Memorial Elementary,2500067,best_match
42.582352,-70.724517,Manchester-by-the-Sea,MA,602 Summer St,elementary,Memorial,250006701110,Manchester Memorial Elementary,2500067,best_match
42.586926,-70.752525,Manchester-by-the-Sea,MA,73 Forest,elementary,Memorial,250006701110,Manchester Memorial Elementary,2500067,best_match
42.574196,-70.783245,Manchester-by-the-Sea,MA,33 Forster Rd,elementary,Memorial,250006701110,Manchester Memorial Elementary,2500067,best_match
42.587572,-70.733912,Manchester-by-the-Sea,MA,25 Magnolia Ave,elementary,Memorial,250006701110,Manchester Memorial Elementary,2500067,best_match
42.588651,-70.788024,Manchester-by-the-Sea,MA,159 Pine St,elementary,Mmes,,,,
42.584189,-70.727767,Manchester-by-the-Sea,MA,3 Big Rock Rd,elementary,Memorial,250006701110,Manchester Memorial Elementary,2500067,best_match
42.569837,-70.766209,Manchester-by-the-Sea,MA,3 Proctor St,elementary,Manchester,250006701110,Manchester Memorial Elementary,2500067,best_match
42.578064,-70.769572,Manchester-by-the-Sea,MA,45 School St,elementary,Manchester Memorial Elementary,250006701110,Manchester Memorial Elementary,2500067,best_match
42.575586,-70.784004,Manchester-by-the-Sea,MA,2 Orchard Ln,elementary,Memorial,250006701110,Manchester Memorial Elementary,2500067,best_match
42.576183,-70.767775,Manchester-by-the-Sea,MA,6 Smith Ln Unit 6,elementary,Manchester Memorial Elementary,250006701110,Manchester Memorial Elementary,2500067,best_match
42.036919,-71.184267,Mansfield,MA,135 Lawndale Rd,elementary,Robinson/Jordan Jackson,250723001365,Jordan/Jackson Elementary,2507230,distinctive_token
42.034538,-71.203433,Mansfield,MA,300 Pratt St,elementary,Robinson & Jordan/Jackson,250723001365,Jordan/Jackson Elementary,2507230,distinctive_token
42.037153,-71.179271,Mansfield,MA,12 Tanya Dr,elementary,Robinson/Jordan/Jackson,250723001365,Jordan/Jackson Elementary,2507230,distinctive_token
41.992513,-71.264906,Mansfield,MA,8 Chessman Rd,elementary,Robinson,250723001111,Everett W Robinson,2507230,best_match
42.030786,-71.214305,Mansfield,MA,88 Cottage St,elementary,Robinson & Jordan Jackson,250723001365,Jordan/Jackson Elementary,2507230,distinctive_token
42.008069,-71.264954,Mansfield,MA,6 Windsor Pl,elementary,Robinson/Jordan Jackson,250723001111,Everett W Robinson,2507230,slash_split
42.006116,-71.268195,Mansfield,MA,27 Lancashire Dr,elementary,Jordan Jackson Elem,250723001365,Jordan/Jackson Elementary,2507230,best_match
42.005784,-71.24387,Mansfield,MA,860 School St,elementary,Jordan/Jackson,250723001365,Jordan/Jackson Elementary,2507230,best_match
41.999096,-71.26921,Mansfield,MA,76 Gilbert St,elementary,Robinson &Jordan/Jackson,,,,
42.047031,-71.181092,Mansfield,MA,245 Winter St,elementary,Jordan Jackson Elementary,250723001365,Jordan/Jackson Elementary,2507230,best_match
41.986488,-71.237386,Mansfield,MA,4 Kybren Cir,elementary,Robinson/Jordan-Jackson,250723001111,Everett W Robinson,2507230,slash_split
42.030223,-71.170866,Mansfield,MA,26 Mayflower Dr,elementary,Robinson/Jordan Jackson,250723001365,Jordan/Jackson Elementary,2507230,distinctive_token
42.03482,-71.223626,Mansfield,MA,4 Mary Alice Way Unit 4,elementary,Robinson / Jj,250723001111,Everett W Robinson,2507230,distinctive_token
42.010728,-71.213178,Mansfield,MA,387 Willow St,elementary,Jord/Jack/Rob,,,,
42.036795,-71.215324,Mansfield,MA,17 Shields St,elementary,Robinson/Jordan Jackson,250723001365,Jordan/Jackson Elementary,2507230,distinctive_token
42.032438,-71.177196,Mansfield,MA,10 Erick Rd Apt 32,elementary,Jordan/Jackson,250723001365,Jordan/Jackson Elementary,2507230,best_match
42.0267,-71.218722,Mansfield,MA,69 Rumford Ave,elementary,Robinson/Jordan Jackson,250723001365,Jordan/Jackson Elementary,2507230,distinctive_token
42.031643,-71.213973,Mansfield,MA,94 Pleasant St,elementary,Robinson Elementary,250723001111,Everett W Robinson,2507230,distinctive_token
42.02407,-71.215294,Mansfield,MA,14 Webb Pl Apt 2C,elementary,Robinson,250723001111,Everett W Robinson,2507230,best_match
42.009013,-71.186995,Mansfield,MA,779 Ware St,elementary,Robinson/Jordan Jackson,250723001365,Jordan/Jackson Elementary,2507230,distinctive_token
42.046531,-71.175286,Mansfield,MA,889 Maple St,elementary,Jordan Jackson / Robinson,250723001365,Jordan/Jackson Elementary,2507230,distinctive_token
42.027045,-71.229235,Mansfield,MA,75 Fowler St,elementary,Jordan/Jackson Elementary + 1,250723001365,Jordan/Jackson Elementary,2507230,best_match
42.033971,-71.223936,Mansfield,MA,69 Highland Ave,elementary,Robinson,250723001111,Everett W Robinson,2507230,best_match
42.04538,-71.190985,Mansfield,MA,372 Franklin St,elementary,Robinson/Jj,250723001111,Everett W Robinson,2507230,distinctive_token
42.030143,-71.220822,Mansfield,MA,150 Rumford Ave Apt 410,elementary,Jord/Jack/Rob,,,,
42.019869,-71.216159,Mansfield,MA,37 Davis St Unit 2,elementary,Robinson/Jordan Jackson,250723001365,Jordan/Jackson Elementary,2507230,distinctive_token
42.019869,-71.216159,Mansfield,MA,37 Davis St Unit 2,elementary,Robinson/Jordan Jackson,250723001365,Jordan/Jackson Elementary,2507230,distinctive_token
42.029514,-71.216347,Mansfield,MA,39 Church St,elementary,Rob/Jj,,,,
42.030786,-71.214305,Mansfield Center,MA,88 Cottage St,elementary,Robinson & Jordan Jackson,250723001365,Jordan/Jackson Elementary,2507230,distinctive_token
42.03482,-71.223626,Mansfield Center,MA,4 Mary Alice Way Unit 4,elementary,Robinson / Jj,250723001111,Everett W Robinson,2507230,distinctive_token
42.010728,-71.213178,Mansfield Center,MA,387 Willow St,elementary,Jord/Jack/Rob,,,,
42.036795,-71.215324,Mansfield Center,MA,17 Shields St,elementary,Robinson/Jordan Jackson,250723001365,Jordan/Jackson Elementary,2507230,distinctive_token
42.0267,-71.218722,Mansfield Center,MA,69 Rumford Ave,elementary,Robinson/Jordan Jackson,250723001365,Jordan/Jackson Elementary,2507230,distinctive_token
42.031643,-71.213973,Mansfield Center,MA,94 Pleasant St,elementary,Robinson Elementary,250723001111,Everett W Robinson,2507230,distinctive_token
42.02407,-71.215294,Mansfield Center,MA,14 Webb Pl Apt 2C,elementary,Robinson,250723001111,Everett W Robinson,2507230,best_match
42.027045,-71.229235,Mansfield Center,MA,75 Fowler St,elementary,Jordan/Jackson Elementary + 1,250723001365,Jordan/Jackson Elementary,2507230,best_match
42.033971,-71.223936,Mansfield Center,MA,69 Highland Ave,elementary,Robinson,250723001111,Everett W Robinson,2507230,best_match
42.030143,-71.220822,Mansfield Center,MA,150 Rumford Ave Apt 410,elementary,Jord/Jack/Rob,,,,
42.019869,-71.216159,Mansfield Center,MA,37 Davis St Unit 2,elementary,Robinson/Jordan Jackson,250723001365,Jordan/Jackson Elementary,2507230,distinctive_token
42.019869,-71.216159,Mansfield Center,MA,37 Davis St Unit 2,elementary,Robinson/Jordan Jackson,250723001365,Jordan/Jackson Elementary,2507230,distinctive_token
42.029514,-71.216347,Mansfield Center,MA,39 Church St,elementary,Rob/Jj,,,,
42.487465,-70.878011,Marblehead,MA,33 Glendale Rd,elementary,Glover,250726001121,Glover,2507260,best_match
42.503314,-70.857454,Marblehead,MA,6 Colonial Ct,elementary,Mhs Public/Private,,,,
42.505581,-70.854111,Marblehead,MA,121R Elm St Apt 2,elementary,Brown,250726002926,Lucretia and Joseph Brown School,2507260,best_match
42.504342,-70.871934,Marblehead,MA,14 Willow Rd,elementary,Village Elementary School,250264000168,Cove Elementary,2502640,distinctive_token
42.497769,-70.864189,Marblehead,MA,22 Prince St,elementary,Brown School,250726002926,Lucretia and Joseph Brown School,2507260,best_match
42.497206,-70.835627,Marblehead,MA,349 Ocean Ave,elementary,Brown,250726002926,Lucretia and Joseph Brown School,2507260,best_match
42.505099,-70.857813,Marblehead,MA,24 Roosevelt Ave,elementary,Brown,250726002926,Lucretia and Joseph Brown School,2507260,best_match
42.491907,-70.873197,Marblehead,MA,3 Countryside Ln,elementary,Glover Grade School,250726001121,Glover,2507260,best_match
42.501674,-70.861165,Marblehead,MA,10 Highland Ter,elementary,Marblehead Public,,,,
42.485042,-70.865725,Marblehead,MA,16 Coolidge Rd,elementary,"Public, Private",,,,
42.517523,-70.86252,Marblehead,MA,12 Johns Rd,elementary,Brown,250726002926,Lucretia and Joseph Brown School,2507260,best_match
42.513554,-70.864934,Marblehead,MA,16 Liberty Rd,elementary,Brown,250726002926,Lucretia and Joseph Brown School,2507260,best_match
42.495317,-70.869336,Marblehead,MA,82 Cornell Rd,elementary,Village School,,,,
42.510773,-70.849892,Marblehead,MA,6 Calthrope/2 Togan Way,elementary,Marblehead,,,,
42.507106,-70.862619,Marblehead,MA,21 Shepard St,elementary,Bell,,,,
42.499589,-70.855852,Marblehead,MA,21 Hawkes St Apt 5,elementary,Brown,250726002926,Lucretia and Joseph Brown School,2507260,best_match
42.4871,-70.879229,Marblehead,MA,30 Shetland Rd,elementary,Glover,250726001121,Glover,2507260,best_match
41.696178,-70.76131,Marion,MA,14 Crapo St,elementary,Sippican,250729001127,Sippican,2507290,best_match
41.682222,-70.754069,Marion,MA,43 Converse Rd,elementary,Sippican Elementary,250729001127,Sippican,2507290,best_match
41.714693,-70.768152,Marion,MA,329 Front St,elementary,Sippican,250729001127,Sippican,2507290,best_match
41.69065,-70.766129,Marion,MA,62 Olde Knoll Rd,elementary,Sippican School,250729001127,Sippican,2507290,best_match
41.723271,-70.759937,Marion,MA,245 Wareham Rd,elementary,Sippican Elementary,250729001127,Sippican,2507290,best_match
41.702956,-70.76316,Marion,MA,31 Main St,elementary,Sippican School,250729001127,Sippican,2507290,best_match
41.701378,-70.759284,Marion,MA,72 Water St,elementary,Sippican School,250729001127,Sippican,2507290,best_match
41.736891,-70.750311,Marion,MA,21 River Rd,elementary,Sippican Elementary,250729001127,Sippican,2507290,best_match
41.722849,-70.73934,Marion,MA,468 Delano Rd,elementary,Sippican,250729001127,Sippican,2507290,best_match
41.715219,-70.776212,Marion,MA,2 Fieldstone Ln,elementary,Sippican,250729001127,Sippican,2507290,best_match
41.718036,-70.75854,Marion,MA,63 Oakdale Ave,elementary,Sippican,250729001127,Sippican,2507290,best_match
41.724018,-70.730129,Marion,MA,16 Bass Point Rd,elementary,Sippican,250729001127,Sippican,2507290,best_match
41.711516,-70.770769,Marion,MA,39 Ryder Ln,elementary,Sippican,250729001127,Sippican,2507290,best_match
41.712918,-70.768269,Marion,MA,304 Front St,elementary,Sippican Elem,250729001127,Sippican,2507290,best_match
41.677788,-70.767965,Marion,MA,72 Indian Cove Rd,elementary,Sippican,250729001127,Sippican,2507290,best_match
41.711384,-70.771349,Marion,MA,468 Mill St,elementary,Sippican,250729001127,Sippican,2507290,best_match
41.701698,-70.760008,Marion,MA,7 Vine St,elementary,Sippican School,250729001127,Sippican,2507290,best_match
41.683505,-70.754615,Marion,MA,9 Quelle Ln,elementary,Sippican School,250729001127,Sippican,2507290,best_match
41.682299,-70.771731,Marion,MA,46 Holly Pond Rd,elementary,Sippican School,250729001127,Sippican,2507290,best_match
41.726654,-70.741959,Marion,MA,44 Stoney Run Ln,elementary,Sippican,250729001127,Sippican,2507290,best_match
41.716337,-70.776662,Marion,MA,13 Fieldstone Ln,elementary,Sippican,250729001127,Sippican,2507290,best_match
41.680921,-70.752164,Marion,MA,13 Converse Rd,elementary,Sippican Elementary,250729001127,Sippican,2507290,best_match
41.681179,-70.750652,Marion,MA,16 Spinnaker Ln,elementary,Sippican,250729001127,Sippican,2507290,best_match
41.716565,-70.776984,Marion,MA,17 Fieldstone Ln,elementary,Sippican,250729001127,Sippican,2507290,best_match
41.681179,-70.750652,Marion,MA,16 Spinnaker Rd,elementary,Sippican,250729001127,Sippican,2507290,best_match
41.6973,-70.75993,Marion,MA,40 Allen St,elementary,Sippican Elementary,250729001127,Sippican,2507290,best_match
41.729111,-70.781013,Marion,MA,586-B Front Street/Briggs Ter,elementary,Sippican,250729001127,Sippican,2507290,best_match
41.716485,-70.776806,Marion,MA,15 Fieldstone Ln,elementary,Sippican,250729001127,Sippican,2507290,best_match
41.696089,-70.773478,Marion,MA,701 Mill St,elementary,Sippican,250729001127,Sippican,2507290,best_match
41.696178,-70.76131,Marion Center,MA,14 Crapo St,elementary,Sippican,250729001127,Sippican,2507290,best_match
41.714693,-70.768152,Marion Center,MA,329 Front St,elementary,Sippican,250729001127,Sippican,2507290,best_match
41.702956,-70.76316,Marion Center,MA,31 Main St,elementary,Sippican School,250729001127,Sippican,2507290,best_match
41.701378,-70.759284,Marion Center,MA,72 Water St,elementary,Sippican School,250729001127,Sippican,2507290,best_match
41.718036,-70.75854,Marion Center,MA,63 Oakdale Ave,elementary,Sippican,250729001127,Sippican,2507290,best_match
41.711516,-70.770769,Marion Center,MA,39 Ryder Ln,elementary,Sippican,250729001127,Sippican,2507290,best_match
41.712918,-70.768269,Marion Center,MA,304 Front St,elementary,Sippican Elem,250729001127,Sippican,2507290,best_match
41.711384,-70.771349,Marion Center,MA,468 Mill St,elementary,Sippican,250729001127,Sippican,2507290,best_match
41.701698,-70.760008,Marion Center,MA,7 Vine St,elementary,Sippican School,250729001127,Sippican,2507290,best_match
41.6973,-70.75993,Marion Center,MA,40 Allen St,elementary,Sippican Elementary,250729001127,Sippican,2507290,best_match
42.3417,-71.563684,Marlborough,MA,45 Lakeside Ave Apt 33,elementary,Richer Elementary,250732001135,Richer,2507320,best_match
42.364836,-71.495782,Marlborough,MA,119 Littlefield Ln,elementary,Marlborough Public,,,,
42.36428,-71.486526,Marlborough,MA,41 Farrington Ln,elementary,Marlborough Public,,,,
42.351198,-71.5528,Marlborough,MA,136 Prospect St,elementary,Goodnow Brothers,250732002913,Goodnow Brothers Elementary School,2507320,best_match
42.348469,-71.531939,Marlborough,MA,33 Kane Dr,elementary,Kane,250732001130,Francis J Kane,2507320,best_match
42.336048,-71.58331,Marlborough,MA,12 Tucker Ave,elementary,Richer,250732001135,Richer,2507320,best_match
42.365199,-71.573354,Marlborough,MA,733 Pleasant St,elementary,Jaworek Elementary,250732001631,Charles Jaworek School,2507320,distinctive_token
42.357726,-71.539561,Marlborough,MA,108 Kings Grant Rd,elementary,Jaworek,250732001631,Charles Jaworek School,2507320,best_match
42.343369,-71.500328,Marlborough,MA,14 Sonia Dr,elementary,Kane,250732001130,Francis J Kane,2507320,best_match
42.346723,-71.496867,Marlborough,MA,12 Magnolia Ln Unit 12,elementary,Kane,250732001130,Francis J Kane,2507320,best_match
42.3683,-71.534919,Marlborough,MA,19 Macintosh Ave,elementary,Jaworek,250732001631,Charles Jaworek School,2507320,best_match
42.343584,-71.537595,Marlborough,MA,100 Greenwood St,elementary,Kane,250732001130,Francis J Kane,2507320,best_match
42.376141,-71.505792,Marlborough,MA,22 Hutchinson Dr,elementary,Marlboro Public,,,,
42.355387,-71.545769,Marlborough,MA,187 Stevens St,elementary,Jarworek,,,,
42.346233,-71.50676,Marlborough,MA,18 Barracuda Dr,elementary,Francis J. Kane,250732001130,Francis J Kane,2507320,best_match
42.343564,-71.561391,Marlborough,MA,7-A Versailles St,elementary,Richer,250732001135,Richer,2507320,best_match
42.342934,-71.54194,Marlborough,MA,15 Greenwood St,elementary,Goodnow,250732002913,Goodnow Brothers Elementary School,2507320,best_match
42.340984,-71.510139,Marlborough,MA,116 Broadmeadow St Unit 116A,elementary,Kane,250732001130,Francis J Kane,2507320,best_match
42.341998,-71.516395,Marlborough,MA,14 Country Ln,elementary,Francis J. Kane Elementary,250732001130,Francis J Kane,2507320,best_match
42.340835,-71.525121,Marlborough,MA,33 Blake Cir,elementary,Kane,250732001130,Francis J Kane,2507320,best_match
42.346694,-71.506932,Marlborough,MA,32 Mustang Ave,elementary,Kane,250732001130,Francis J Kane,2507320,best_match
42.346723,-71.496867,Marlborough,MA,12 Magnolia Ln,elementary,Kane,250732001130,Francis J Kane,2507320,best_match
42.363378,-71.532352,Marlborough,MA,10 Kosmas St,elementary,Jaworek Elementry School,250732001631,Charles Jaworek School,2507320,distinctive_token
42.351344,-71.511714,Marlborough,MA,7 Muir Way,elementary,Marlborough Public,,,,
42.350011,-71.554009,Marlborough,MA,27 Jefferson St Apt 204,elementary,Richer,250732001135,Richer,2507320,best_match
42.342685,-71.565876,Marlborough,MA,11 Winter Ave,elementary,Richer,250732001135,Richer,2507320,best_match
42.347122,-71.500809,Marlborough,MA,11 Arcadia Cir Unit 23,elementary,Kane,250732001130,Francis J Kane,2507320,best_match
42.36994,-71.52863,Marlborough,MA,7 Richard Rd,elementary,Jaworek,250732001631,Charles Jaworek School,2507320,best_match
42.353089,-71.571281,Marlborough,MA,30 Wright Dr,elementary,Goodnow,250732002913,Goodnow Brothers Elementary School,2507320,best_match
42.36253,-71.577252,Marlborough,MA,140 Matheson Dr,elementary,Goodnow Brothers Elementary,250732002913,Goodnow Brothers Elementary School,2507320,best_match
42.340817,-71.554645,Marlborough,MA,123 Mount Pleasant St,elementary,Goodnow Bros,250732002913,Goodnow Brothers Elementary School,2507320,distinctive_token
42.1297,-70.707912,Marshfield,MA,297 Holly Rd,elementary,Eames Way Elementary,250735000760,Eames Way School,2507350,best_match
42.111778,-70.74941,Marshfield,MA,45 Sherman Way,elementary,Martinson,250735001139,Martinson Elementary,2507350,best_match
42.136332,-70.700565,Marshfield,MA,4 Holly Rd,elementary,Eames Way Elementary,250735000760,Eames Way School,2507350,best_match
42.078793,-70.649294,Marshfield,MA,122 Beach St,elementary,Governor Edward Winslow,250735001140,Gov Edward Winslow,2507350,distinctive_token
42.09623,-70.711159,Marshfield,MA,173 S River St,elementary,South River,250735001144,South River,2507350,best_match
42.11056,-70.719704,Marshfield,MA,81 Furnace St,elementary,South River Elementary,250735001144,South River,2507350,best_match
42.076018,-70.684847,Marshfield,MA,137 Peterson Path,elementary,Governor Winslow,250735001140,Gov Edward Winslow,2507350,distinctive_token
42.103247,-70.731961,Marshfield,MA,399 Plain St,elementary,Martinson Elementary School,250735001139,Martinson Elementary,2507350,best_match
42.11429,-70.728841,Marshfield,MA,29 Carolina Trl,elementary,South River Elementary School,250735001144,South River,2507350,best_match
42.127192,-70.763977,Marshfield,MA,104 Pokanoket Ln,elementary,Martinson,250735001139,Martinson Elementary,2507350,best_match
42.099045,-70.676378,Marshfield,MA,47 Old Colony Ln Apt 127,elementary,Daniel Webster,250735001137,Daniel Webster,2507350,best_match
42.135454,-70.699569,Marshfield,MA,18 Holly Hill Cir,elementary,Eames Way,250735000760,Eames Way School,2507350,best_match
42.151001,-70.728794,Marshfield,MA,6 Damons Point Dr,elementary,Eames Way,250735000760,Eames Way School,2507350,best_match
42.094559,-70.684236,Marshfield,MA,19 Copeland St,elementary,Daniel Webster,250735001137,Daniel Webster,2507350,best_match
42.082673,-70.643818,Marshfield,MA,64 Central St,elementary,Governor Winslow School,250735001140,Gov Edward Winslow,2507350,distinctive_token
42.134122,-70.756023,Marshfield,MA,256 Hillcrest Rd,elementary,Martinson,250735001139,Martinson Elementary,2507350,best_match
42.080306,-70.683276,Marshfield,MA,90 Statesman Ter,elementary,Governor Winslow,250735001140,Gov Edward Winslow,2507350,distinctive_token
42.082673,-70.643818,Marshfield,MA,64 Central St,elementary,Governor Winslow School,250735001140,Gov Edward Winslow,2507350,distinctive_token
42.13138,-70.709943,Marshfield,MA,340 Church St,elementary,Eames Way,250735000760,Eames Way School,2507350,best_match
42.131937,-70.75664,Marshfield,MA,121 Hampstead Way,elementary,Martinson,250735001139,Martinson Elementary,2507350,best_match
42.108432,-70.757943,Marshfield,MA,976 Plain St Unit 54,elementary,Martinson,250735001139,Martinson Elementary,2507350,best_match
42.11749,-70.708315,Marshfield,MA,332 Grove St,elementary,South River,250735001144,South River,2507350,best_match
42.078457,-70.657993,Marshfield,MA,245 Careswell St,elementary,Gov Winslow,250735001140,Gov Edward Winslow,2507350,best_match
42.135304,-70.700179,Marshfield,MA,92 Emery Rd,elementary,Eames Way,250735000760,Eames Way School,2507350,best_match
42.08402,-70.715143,Marshfield,MA,152 Acorn St,elementary,South River,250735001144,South River,2507350,best_match
42.151872,-70.734041,Marshfield,MA,807 Summer St,elementary,Eames Way,250735000760,Eames Way School,2507350,best_match
42.076099,-70.667392,Marshfield,MA,39 Everett St,elementary,Winslow,250735001140,Gov Edward Winslow,2507350,best_match
42.102619,-70.740706,Marshfield,MA,3 Proprietors Dr Unit 7,elementary,Martinson,250735001139,Martinson Elementary,2507350,best_match
42.14689,-70.758037,Marshfield,MA,512 Spring St,elementary,Martinson,250735001139,Martinson Elementary,2507350,best_match
42.110078,-70.700915,Marshfield,MA,61 Grove St,elementary,South River,250735001144,South River,2507350,best_match
42.143099,-70.716825,Marshfield,MA,316 Summer St,elementary,Eames Way,250735000760,Eames Way School,2507350,best_match
42.159111,-70.753624,Marshfield,MA,102 Riverside Cir,elementary,Martinson,250735001139,Martinson Elementary,2507350,best_match
42.068932,-70.691425,Marshfield,MA,154 Partridge Brook Cir,elementary,South River,250735001144,South River,2507350,best_match
42.113174,-70.695155,Marshfield,MA,8 Duxbury St,elementary,South River Elementary,250735001144,South River,2507350,best_match
42.136917,-70.697086,Marshfield,MA,65 Ireland Rd,elementary,Eames Way School,250735000760,Eames Way School,2507350,best_match
42.113174,-70.695155,Marshfield,MA,8 Duxbury St,elementary,South River Elementary,250735001144,South River,2507350,best_match
42.115259,-70.675476,Marshfield,MA,170 Meadowview St,elementary,Daniel Webster,250735001137,Daniel Webster,2507350,best_match
42.075701,-70.684873,Marshfield,MA,145 Peterson Path,elementary,Governor Winslow School,250735001140,Gov Edward Winslow,2507350,distinctive_token
42.100928,-70.683444,Marshfield,MA,18 Liberty Rd,elementary,Daniel Webster,250735001137,Daniel Webster,2507350,best_match
42.109174,-70.719691,Marshfield,MA,56 Wrights Way,elementary,South River Elementary,250735001144,South River,2507350,best_match
42.112968,-70.730235,Marshfield,MA,23 Carolina Trl,elementary,South River,250735001144,South River,2507350,best_match
42.133534,-70.696238,Marshfield,MA,11 Boles Rd,elementary,Eames Way,250735000760,Eames Way School,2507350,best_match
42.107556,-70.697488,Marshfield,MA,1 Carpenter Ln,elementary,South River,250735001144,South River,2507350,best_match
42.083389,-70.677809,Marshfield,MA,41 Constantine Dr,elementary,Governor Winslow,250735001140,Gov Edward Winslow,2507350,distinctive_token
42.130412,-70.751525,Marshfield,MA,236 Pine St,elementary,Martinson,250735001139,Martinson Elementary,2507350,best_match
42.151001,-70.728794,Marshfield Hills,MA,6 Damons Point Dr,elementary,Eames Way,250735000760,Eames Way School,2507350,best_match
42.151872,-70.734041,Marshfield Hills,MA,807 Summer St,elementary,Eames Way,250735000760,Eames Way School,2507350,best_match
42.14689,-70.758037,Marshfield Hills,MA,512 Spring St,elementary,Martinson,250735001139,Martinson Elementary,2507350,best_match
42.143099,-70.716825,Marshfield Hills,MA,316 Summer St,elementary,Eames Way,250735000760,Eames Way School,2507350,best_match
42.159111,-70.753624,Marshfield Hills,MA,102 Riverside Cir,elementary,Martinson,250735001139,Martinson Elementary,2507350,best_match
41.585115,-70.46968,Mashpee,MA,86 Summersea Rd,elementary,Quashnet,250744001546,Quashnet School,2507440,best_match
41.614498,-70.482713,Mashpee,MA,7 Gold Leaf Ln Unit 7,elementary,Kc Coombs School,250744002528,Kenneth Coombs School,2507440,distinctive_token
41.639512,-70.463056,Mashpee,MA,10 Village Green Cir,elementary,Kc Coombs,250744002528,Kenneth Coombs School,2507440,distinctive_token
41.663096,-70.458893,Mashpee,MA,11 Santuit Pond Rd,elementary,Kenneth Coombs & Quashnet Int,250744002528,Kenneth Coombs School,2507440,distinctive_token
41.651248,-70.499532,Mashpee,MA,35 Ashumet Rd Unit 4D,elementary,Kc Coomb,,,,
41.626987,-70.50927,Mashpee,MA,18 Bonwood Dr Unit 402,elementary,Kc Coombs School,250744002528,Kenneth Coombs School,2507440,distinctive_token
41.619187,-70.450444,Mashpee,MA,11 Riverview Ave Unit A,elementary,Kc Coombs,250744002528,Kenneth Coombs School,2507440,distinctive_token
41.562471,-70.498499,Mashpee,MA,26 Driftwood Cir,elementary,Mashpee,,,,
41.636327,-70.53895,Mashpee,MA,9 Horseshoe Bend Way,elementary,Quashnet,250744001546,Quashnet School,2507440,best_match
41.653029,-70.776642,Mattapoisett,MA,17 Island St,elementary,Center And Old Hammondtown,250747001148,Center,2507470,best_match
41.682954,-70.852661,Mattapoisett,MA,191 Acushnet Rd,elementary,Cs/Ohs,,,,
41.638466,-70.808607,Mattapoisett,MA,17 Harbor Road Nk,elementary,Cs/Ohs,,,,
41.660041,-70.817804,Mattapoisett,MA,28 Main St,elementary,Center School,250747001148,Center,2507470,best_match
41.66171,-70.815871,Mattapoisett,MA,13 Hammond St,elementary,Center School,250747001148,Center,2507470,best_match
41.661458,-70.81929,Mattapoisett,MA,43 Main St,elementary,Center,250747001148,Center,2507470,best_match
41.673111,-70.763714,Mattapoisett,MA,94 Aucoot Rd,elementary,Cs/Ohs,,,,
41.633655,-70.812984,Mattapoisett,MA,3 Barrett Dr,elementary,Cs/Ohs,,,,
41.702301,-70.842319,Mattapoisett,MA,6 Michelle Ln,elementary,Centeroldhamm,250747001148,Center,2507470,embedding
41.695557,-70.838663,Mattapoisett,MA,5 Acorn Ln,elementary,Cs / Ohs,,,,
41.685936,-70.850843,Mattapoisett,MA,8 Riverbend Ln,elementary,Cs/Ohs,,,,
41.629322,-70.802476,Mattapoisett,MA,3 Daisy Way,elementary,Center/Ohs,250747001148,Center,2507470,best_match
41.667664,-70.80449,Mattapoisett,MA,4 Beech Tree Ln,elementary,Cs/Ohs,,,,
41.653296,-70.796098,Mattapoisett,MA,37 Neds Point Rd,elementary,Cs/Ohs,,,,
41.640806,-70.807287,Mattapoisett,MA,12 Noyes Ave,elementary,Cs/Ohs,,,,
41.635053,-70.835715,Mattapoisett,MA,Brant Beach Ave,elementary,Center,250747001148,Center,2507470,best_match
41.636438,-70.806401,Mattapoisett,MA,1 Ocean Dr,elementary,Old Hammondtown,,,,
41.660556,-70.818981,Mattapoisett,MA,35 Main St,elementary,Center,250747001148,Center,2507470,best_match
41.663908,-70.772167,Mattapoisett,MA,11 Bowman Rd,elementary,Center School,250747001148,Center,2507470,best_match
41.663795,-70.822167,Mattapoisett,MA,5 Barlow Ln,elementary,Center School,250747001148,Center,2507470,best_match
41.67622,-70.804221,Mattapoisett,MA,9 High Ridge Dr,elementary,Center/Old Hammondtown,250747001148,Center,2507470,best_match
41.634299,-70.827639,Mattapoisett,MA,7 Marina Dr,elementary,Center/Ohs,250747001148,Center,2507470,best_match
41.645398,-70.818547,Mattapoisett,MA,1 Starboard Way,elementary,Old Hamm Center,250747001148,Center,2507470,best_match
41.696699,-70.837713,Mattapoisett,MA,10 Bayberry Ln,elementary,Center School,250747001148,Center,2507470,best_match
41.646799,-70.827815,Mattapoisett,MA,10 Old Mattapoisett Neck Rd,elementary,Oldhammcenter,,,,
41.660895,-70.816024,Mattapoisett,MA,33 Pearl St,elementary,Center/Ohs,250747001148,Center,2507470,best_match
41.665681,-70.829207,Mattapoisett,MA,Sparrow Hill Rd,elementary,Cetner/Ohs,,,,
41.662018,-70.803841,Mattapoisett,MA,78-82 Church St,elementary,Center/Old Hamm,250747001148,Center,2507470,best_match
41.68211,-70.808357,Mattapoisett,MA,2 Golf Cottage Way Unit 2,elementary,Old Hammondtown,,,,
41.662018,-70.803841,Mattapoisett,MA,78-82 Church St,elementary,Center/Old Hamm,250747001148,Center,2507470,best_match
41.658004,-70.802825,Mattapoisett,MA,Neds Point Rd Lot 104,elementary,Cs/Ohs,,,,
41.658004,-70.802825,Mattapoisett,MA,Neds Point Rd Lot 103,elementary,Cs/Ohs,,,,
41.653029,-70.776642,Mattapoisett Center,MA,17 Island St,elementary,Center And Old Hammondtown,250747001148,Center,2507470,best_match
41.660041,-70.817804,Mattapoisett Center,MA,28 Main St,elementary,Center School,250747001148,Center,2507470,best_match
41.66171,-70.815871,Mattapoisett Center,MA,13 Hammond St,elementary,Center School,250747001148,Center,2507470,best_match
41.661458,-70.81929,Mattapoisett Center,MA,43 Main St,elementary,Center,250747001148,Center,2507470,best_match
41.667664,-70.80449,Mattapoisett Center,MA,4 Beech Tree Ln,elementary,Cs/Ohs,,,,
41.653296,-70.796098,Mattapoisett Center,MA,37 Neds Point Rd,elementary,Cs/Ohs,,,,
41.660556,-70.818981,Mattapoisett Center,MA,35 Main St,elementary,Center,250747001148,Center,2507470,best_match
41.663795,-70.822167,Mattapoisett Center,MA,5 Barlow Ln,elementary,Center School,250747001148,Center,2507470,best_match
41.67622,-70.804221,Mattapoisett Center,MA,9 High Ridge Dr,elementary,Center/Old Hammondtown,250747001148,Center,2507470,best_match
41.660895,-70.816024,Mattapoisett Center,MA,33 Pearl St,elementary,Center/Ohs,250747001148,Center,2507470,best_match
41.665681,-70.829207,Mattapoisett Center,MA,Sparrow Hill Rd,elementary,Cetner/Ohs,,,,
41.662018,-70.803841,Mattapoisett Center,MA,78-82 Church St,elementary,Center/Old Hamm,250747001148,Center,2507470,best_match
41.68211,-70.808357,Mattapoisett Center,MA,2 Golf Cottage Way Unit 2,elementary,Old Hammondtown,,,,
41.662018,-70.803841,Mattapoisett Center,MA,78-82 Church St,elementary,Center/Old Hamm,250747001148,Center,2507470,best_match
41.658004,-70.802825,Mattapoisett Center,MA,Neds Point Rd Lot 104,elementary,Cs/Ohs,,,,
41.658004,-70.802825,Mattapoisett Center,MA,Neds Point Rd Lot 103,elementary,Cs/Ohs,,,,
42.437524,-71.440341,Maynard,MA,89 Powder Mill Rd,elementary,Green Meadow School,250750001152,Green Meadow,2507500,best_match
42.436299,-71.463487,Maynard,MA,127 Summer St,elementary,Green Meadow,250750001152,Green Meadow,2507500,best_match
42.427589,-71.451417,Maynard,MA,40 Fairfield St,elementary,Green Meadow,250750001152,Green Meadow,2507500,best_match
42.438907,-71.467781,Maynard,MA,5 Sunset Rd,elementary,Green Meadow,250750001152,Green Meadow,2507500,best_match
42.425528,-71.4728,Maynard,MA,13 Shore Ave,elementary,Green Meadow,250750001152,Green Meadow,2507500,best_match
42.43442,-71.43877,Maynard,MA,5 Deer Path Unit 2,elementary,Green Meadow,250750001152,Green Meadow,2507500,best_match
42.431419,-71.449753,Maynard,MA,16 Hillside St Unit 1,elementary,Green Meadow School,250750001152,Green Meadow,2507500,best_match
42.430072,-71.44482,Maynard,MA,59 Waltham St,elementary,Great Meadow,250750001152,Green Meadow,2507500,distinctive_token
42.43371,-71.447389,Maynard,MA,26 Powder Mill Rd,elementary,Green Meadow,250750001152,Green Meadow,2507500,best_match
42.431419,-71.449753,Maynard,MA,16 Hillside St Unit 2,elementary,Green Meadow School,250750001152,Green Meadow,2507500,best_match
42.426905,-71.473027,Maynard,MA,1 Riverview Ave,elementary,Green Meadow,250750001152,Green Meadow,2507500,best_match
42.431252,-71.457667,Maynard,MA,151 Main St,elementary,Maynard,,,,
42.429189,-71.453794,Maynard,MA,2 Dartmouth Ct Unit 2,elementary,Maynard,,,,
42.430266,-71.44406,Maynard,MA,62 Waltham St,elementary,Green Meadow,250750001152,Green Meadow,2507500,best_match
42.184424,-71.303891,Medfield,MA,38 Miller St,elementary,"Memorial, Dale, Wheelock",250753000114,Memorial School,2507530,best_match
42.207157,-71.319085,Medfield,MA,58 Blacksmith Dr,elementary,Memorial/Wheelock/Dale,250753000114,Memorial School,2507530,best_match
42.191124,-71.274574,Medfield,MA,112 Wood End Ln,elementary,Memorial/Wheelock/Dale,250753000114,Memorial School,2507530,best_match
42.198874,-71.309114,Medfield,MA,20 Winter St,elementary,"Mem, Whee, Dale",,,,
42.15553,-71.295096,Medfield,MA,41 Rocky Ln,elementary,"Memorial, Dale, Wheelock",250753000114,Memorial School,2507530,best_match
42.183181,-71.303119,Medfield,MA,24 Oak St,elementary,Memorial,250753000114,Memorial School,2507530,best_match
42.180308,-71.302345,Medfield,MA,32 Maple Ln Unit 32,elementary,Memorial/Wheelock/Dale,250753000114,Memorial School,2507530,best_match
42.187955,-71.303976,Medfield,MA,431 Main St Apt 3,elementary,Memorial,250753000114,Memorial School,2507530,best_match
42.18879,-71.287684,Medfield,MA,10 Wildwood Dr,elementary,Mem/Dale/Wheelock,250753001159,Ralph Wheelock School,2507530,distinctive_token
42.18565,-71.302704,Medfield,MA,35 South St Unit A,elementary,Memorial/Wheelock/Dale,250753000114,Memorial School,2507530,best_match
42.215004,-71.314753,Medfield,MA,10 Donnelly Dr,elementary,Dale/Mem/Wheel,,,,
42.184938,-71.318203,Medfield,MA,9 Bridge St,elementary,Mem/Wheelock/Dale,250753001159,Ralph Wheelock School,2507530,distinctive_token
42.180308,-71.302345,Medfield,MA,29 Maple Ln Unit 29,elementary,Mem/Wheel/Dale,,,,
42.176983,-71.293127,Medfield,MA,27 Cross St,elementary,Memorial/Wheelock/Dale,250753000114,Memorial School,2507530,best_match
42.18838,-71.315597,Medfield,MA,4 Lincoln Ct,elementary,"Memorial, Wheelock, Dale",250753000114,Memorial School,2507530,best_match
42.198528,-71.307982,Medfield,MA,23 Winter St,elementary,Mem/Wheel/Dale,,,,
42.177678,-71.290614,Medfield,MA,10 Steven Ln,elementary,Mem/Wheel/Dale,,,,
42.16439,-71.288793,Medfield,MA,8 Turner Hill Rd,elementary,Mem/Wheel/Dale,,,,
42.207797,-71.319417,Medfield,MA,35 Marlyn Rd,elementary,"Mem, Whee, Dale",,,,
42.149604,-71.27831,Medfield,MA,92 Plain St,elementary,Memorial/Dale/Wheelock,250753000114,Memorial School,2507530,best_match
42.161449,-71.295878,Medfield,MA,15 Loeffler Ln,elementary,"Memorial, Wheelock, Dale",250753000114,Memorial School,2507530,best_match
42.202893,-71.30782,Medfield,MA,17 Maplewood Rd,elementary,"Memorial, Dale, Wheelock",250753000114,Memorial School,2507530,best_match
42.186766,-71.303051,Medfield,MA,22 South St,elementary,"Memorial, Wheelock, Dale",250753000114,Memorial School,2507530,best_match
42.155866,-71.290297,Medfield,MA,27 Oriole Rd,elementary,Memorial/Dale/Wheelock,250753000114,Memorial School,2507530,best_match
42.151287,-71.285292,Medfield,MA,164 Granite St,elementary,Memorial/Wheelock/Dale,250753000114,Memorial School,2507530,best_match
42.438474,-71.101434,Medford,MA,28 Parkway Rd,elementary,Roberts,250756002062,Milton Fuller Roberts,2507560,best_match
42.425009,-71.138731,Medford,MA,94 Grove St,elementary,Brooks,250756002049,Brooks School,2507560,best_match
42.42454,-71.096411,Medford,MA,66 Almont St,elementary,Roberts Elementary,250756002062,Milton Fuller Roberts,2507560,distinctive_token
42.43959,-71.090005,Medford,MA,875 Highland Ave,elementary,Roberts Elementary,250756002062,Milton Fuller Roberts,2507560,distinctive_token
42.419517,-71.094337,Medford,MA,68 Central Ave Unit 304,elementary,John J Mcglynn Elementary,250756001634,John J McGlynn Elementary School,2507560,best_match
42.420479,-71.117092,Medford,MA,190 High St Apt 509,elementary,Brooks,250756002049,Brooks School,2507560,best_match
42.4184,-71.102963,Medford,MA,45 Cross St Apt 21,elementary,Mcglynn Elementary,250756001634,John J McGlynn Elementary School,2507560,best_match
42.422424,-71.141334,Medford,MA,41 Kilgore Ave,elementary,Brooks,250756002049,Brooks School,2507560,best_match
42.423417,-71.111505,Medford,MA,72 Terrace Rd,elementary,Roberts,250756002062,Milton Fuller Roberts,2507560,best_match
42.425187,-71.091118,Medford,MA,21 Fells Ave,elementary,Roberts Elementary,250756002062,Milton Fuller Roberts,2507560,distinctive_token
42.428887,-71.127686,Medford,MA,525 Winthrop St,elementary,Brooks School,250756002049,Brooks School,2507560,best_match
42.410583,-71.111728,Medford,MA,27 Stearns Ave,elementary,John J Mcglynn Elementary,250756001634,John J McGlynn Elementary School,2507560,best_match
42.436094,-71.097077,Medford,MA,75 Andrews St,elementary,Andrews,,,,
42.429336,-71.108039,Medford,MA,112 Sherwood Rd,elementary,Roberts,250756002062,Milton Fuller Roberts,2507560,best_match
42.427135,-71.106013,Medford,MA,18 Roosevelt Rd,elementary,Roberts Elementary,250756002062,Milton Fuller Roberts,2507560,distinctive_token
42.41908,-71.132412,Medford,MA,14 Holton St Apt 3,elementary,Brooks,250756002049,Brooks School,2507560,best_match
42.419732,-71.117225,Medford,MA,235 Winthrop St Apt 4405,elementary,Brooks Elementary,250756002049,Brooks School,2507560,best_match
42.429874,-71.129045,Medford,MA,567 Winthrop St,elementary,Brooks,250756002049,Brooks School,2507560,best_match
42.427484,-71.129521,Medford,MA,179 Woburn St,elementary,Brooks,250756002049,Brooks School,2507560,best_match
42.427308,-71.143032,Medford,MA,20 Saltonstall Rd,elementary,Brooks School,250756002049,Brooks School,2507560,best_match
42.411428,-71.11286,Medford,MA,72 College Ave,elementary,Mcglynn Elementary,250756001634,John J McGlynn Elementary School,2507560,best_match
42.420405,-71.104864,Medford,MA,10 Oak Bluff St,elementary,Roberts Elementary,250756002062,Milton Fuller Roberts,2507560,distinctive_token
42.429555,-71.128506,Medford,MA,11 Mary Kenney Way,elementary,Brooks,250756002049,Brooks School,2507560,best_match
42.420054,-71.097833,Medford,MA,92 Dudley St,elementary,Roberts,250756002062,Milton Fuller Roberts,2507560,best_match
42.410225,-71.111548,Medford,MA,24 Stearns Ave,elementary,John J. Mcglynn Elementary,250756001634,John J McGlynn Elementary School,2507560,best_match
42.401451,-71.080979,Medford,MA,100 Station Lndg Unit 702,elementary,Andrews,,,,
42.429432,-71.143303,Medford,MA,105 Pine Ridge Rd,elementary,Brooks,250756002049,Brooks School,2507560,best_match
42.426777,-71.138297,Medford,MA,99 Woods Rd,elementary,Brooks,250756002049,Brooks School,2507560,best_match
42.415807,-71.088128,Medford,MA,11 Pinkert St,elementary,Mcglynn Elementary,250756001634,John J McGlynn Elementary School,2507560,best_match
42.399605,-71.102409,Medford,MA,7 Smith St Unit 1,elementary,Missituk,250756002057,Missituk Elementary School,2507560,best_match
42.401451,-71.080979,Medford,MA,100 Station Lndg Unit 712,elementary,Andrews,,,,
42.417053,-71.098247,Medford,MA,16 Dudley St Apt 2,elementary,Mcglynn Elementary,250756001634,John J McGlynn Elementary School,2507560,best_match
42.414541,-71.08201,Medford,MA,320 Middlesex Ave Unit D107,elementary,Check With School Department,,,,
42.405004,-71.079405,Medford,MA,30 Revere Beach Pkwy Apt 114,elementary,Mcglynn,250756001634,John J McGlynn Elementary School,2507560,best_match
42.421211,-71.107566,Medford,MA,81 Forest St Unit 81,elementary,Roberts Elementary School,250756002062,Milton Fuller Roberts,2507560,distinctive_token
42.426947,-71.132307,Medford,MA,40 Century St,elementary,Brooks,250756002049,Brooks School,2507560,best_match
42.420516,-71.098265,Medford,MA,179 Park St Unit 403,elementary,Roberts Elementary School,250756002062,Milton Fuller Roberts,2507560,distinctive_token
42.413124,-71.110992,Medford,MA,179 Main St Unit 1,elementary,Missituk,250756002057,Missituk Elementary School,2507560,best_match
42.437255,-71.091693,Medford,MA,58 Horne Ave,elementary,Roberts,250756002062,Milton Fuller Roberts,2507560,best_match
42.418243,-71.093849,Medford,MA,53 Sheridan Ave Unit 1,elementary,Mcglynn,250756001634,John J McGlynn Elementary School,2507560,best_match
42.420145,-71.139449,Medford,MA,17 Sharon St,elementary,Brooks,250756002049,Brooks School,2507560,best_match
42.426806,-71.093575,Medford,MA,98 Rock Glen Rd,elementary,Roberts,250756002062,Milton Fuller Roberts,2507560,best_match
42.42339,-71.095224,Medford,MA,12 Cherry Ct,elementary,Roberts,250756002062,Milton Fuller Roberts,2507560,best_match
42.422779,-71.094528,Medford,MA,17 Cherry St Unit 2,elementary,Roberts,250756002062,Milton Fuller Roberts,2507560,best_match
42.4215,-71.104768,Medford,MA,50 Water St Apt 47,elementary,Roberts,250756002062,Milton Fuller Roberts,2507560,best_match
42.419411,-71.126114,Medford,MA,20 Mystic Unit 2,elementary,Brooks,250756002049,Brooks School,2507560,best_match
42.429301,-71.128784,Medford,MA,3 Mary Kenney Way,elementary,Brooks,250756002049,Brooks School,2507560,best_match
42.412714,-71.09554,Medford,MA,10 Hunewill Ave,elementary,Mcglynn Elementary,250756001634,John J McGlynn Elementary School,2507560,best_match
42.420145,-71.139449,Medford,MA,17 Sharon St,elementary,Brooks,250756002049,Brooks School,2507560,best_match
42.399605,-71.102409,Medford,MA,7 Smith St Unit 2,elementary,Missituk,250756002057,Missituk Elementary School,2507560,best_match
42.164327,-71.422999,Medway,MA,92 Lovering St,elementary,John D. Mcgovern,250759001185,John D Mc Govern Elementary,2507590,distinctive_token
42.145823,-71.446419,Medway,MA,50 Milford St,elementary,Mcgovern & Burke,250759001015,Burke/Memorial Elementary School,2507590,distinctive_token
42.166636,-71.406699,Medway,MA,10 Ellis St,elementary,"Mcgovern, Burke",250759001015,Burke/Memorial Elementary School,2507590,distinctive_token
42.143683,-71.431934,Medway,MA,199 Main St,elementary,Mcgovern/Burke Memorial,250759001015,Burke/Memorial Elementary School,2507590,distinctive_token
42.160405,-71.456051,Medway,MA,4 Mallard Dr,elementary,Mcgovern / Memorial,250786001238,Memorial,2507860,best_match
42.142491,-71.464633,Medway,MA,94 West St,elementary,Mcgovern / Memorial,,,,
42.141234,-71.379508,Medway,MA,17 Farm St,elementary,Mcgovern Memorial,,,,
42.142904,-71.427087,Medway,MA,21 Lincoln St,elementary,Mcgowern/Burke/Memorial,250759001015,Burke/Memorial Elementary School,2507590,distinctive_token
42.138235,-71.406854,Medway,MA,10 Charles View Ln,elementary,Memorial School,250753000114,Memorial School,2507530,embedding
42.139225,-71.419171,Medway,MA,4 Shaw St,elementary,Mcgovern / Burke-Memorial,250759001015,Burke/Memorial Elementary School,2507590,distinctive_token
42.158982,-71.414707,Medway,MA,32 Field Rd,elementary,Mcgowern/Burke/Memorial,250759001015,Burke/Memorial Elementary School,2507590,distinctive_token
42.138235,-71.406854,Medway,MA,10 Charles View Ln Unit 10,elementary,Memorial School,250753000114,Memorial School,2507530,embedding
42.140934,-71.417897,Medway,MA,280 Village St Apt D2,elementary,Burke-Memorial,250759001015,Burke/Memorial Elementary School,2507590,best_match
42.142583,-71.402154,Medway,MA,19 Holliston St,elementary,All Three,,,,
42.140843,-71.443277,Medway,MA,21 Summer St,elementary,Burke Memorial,250759001015,Burke/Memorial Elementary School,2507590,best_match
42.157059,-71.423503,Medway,MA,5 Delmar Rd,elementary,Mcgowern/Burke/Memorial,250759001015,Burke/Memorial Elementary School,2507590,distinctive_token
42.1723,-71.430183,Medway,MA,5 Diane Dr,elementary,Mcgovern,,,,
42.140943,-71.379956,Medway,MA,13 Candlewood Dr,elementary,Memorial School,250753000114,Memorial School,2507530,embedding
42.166363,-71.444422,Medway,MA,137 Summer St,elementary,Mcgovern / Burke,250759001015,Burke/Memorial Elementary School,2507590,distinctive_token
42.16515,-71.448176,Medway,MA,3 Stable Way,elementary,Burke Memorial,250759001015,Burke/Memorial Elementary School,2507590,best_match
42.141652,-71.382557,Medway,MA,3 Pine Ridge Dr Unit 1,elementary,Memorial,,,,
42.172404,-71.416795,Medway,MA,13 Fairway Ln,elementary,Mcgovern | Burke-Memorial,250759001015,Burke/Memorial Elementary School,2507590,distinctive_token
42.143814,-71.440183,Medway,MA,35 Milford St,elementary,Mcgovern / Memorial,,,,
42.164914,-71.453363,Medway,MA,21 Stable Way,elementary,Mcgowern/Burke/Memorial,250786001238,Memorial,2507860,best_match
42.141688,-71.436282,Medway,MA,224 Main St,elementary,Memorial/Burke/Mcgovern,250759001015,Burke/Memorial Elementary School,2507590,distinctive_token
42.143196,-71.437759,Medway,MA,3 Harmony Way Unit 3,elementary,All Three,,,,
42.469004,-71.069993,Melrose,MA,601 Franklin St Apt 2,elementary,Roosevelt,250762001196,Roosevelt,2507620,best_match
42.468206,-71.050589,Melrose,MA,760 Lynn Fells Pkwy,elementary,Super,,,,
42.464668,-71.061371,Melrose,MA,8 Linden Rd,elementary,Apply/Horace Mann,250762001191,Horace Mann,2507620,best_match
42.45117,-71.062605,Melrose,MA,59 Mystic Ave,elementary,Lincoln Elementary School,251311002165,Lincoln Elementary,2513110,best_match
42.475363,-71.054898,Melrose,MA,25 Ledge St,elementary,Check With Town,,,,
42.450726,-71.067366,Melrose,MA,12 Mount Vernon St Apt 25,elementary,Lincoln,250762001192,Lincoln,2507620,best_match
42.463735,-71.058667,Melrose,MA,6-8 Linden Rd,elementary,Apply/Horace Mann,250762001191,Horace Mann,2507620,best_match
42.469383,-71.074983,Melrose,MA,3 Franklin Ter,elementary,Roosevelt Elementary School,250762001196,Roosevelt,2507620,best_match
42.464982,-71.063989,Melrose,MA,49 Melrose St Apt 4B,elementary,Roosevelt/ Lottery,250762001196,Roosevelt,2507620,best_match
42.444046,-71.053558,Melrose,MA,28 N Mountain Ave,elementary,Ripley,,,,
42.464982,-71.063989,Melrose,MA,51 Melrose St Apt 2D,elementary,By Application,,,,
42.451307,-71.074258,Melrose,MA,43 Trenton St,elementary,Lincoln Elementary School,251311002165,Lincoln Elementary,2513110,best_match
42.472221,-71.06054,Melrose,MA,16 Ells Ave,elementary,Horace Mann,250762001191,Horace Mann,2507620,best_match
42.458793,-71.072226,Melrose,MA,60 Vinton St Apt 3,elementary,Roosevelt,250762001196,Roosevelt,2507620,best_match
42.467294,-71.072892,Melrose,MA,9 Mendum St,elementary,Roosevelt,250762001196,Roosevelt,2507620,best_match
42.453819,-71.049706,Melrose,MA,25 Cumner Ave,elementary,Hoover/Lottery,250762001190,Herbert Clark Hoover,2507620,distinctive_token
42.451651,-71.068872,Melrose,MA,26 W Wyoming Ave Apt 2D,elementary,Lincoln Elementary School,251311002165,Lincoln Elementary,2513110,best_match
42.46751,-71.063652,Melrose,MA,43-51 Albion St Unit C9,elementary,Winthrop Elementary,250762001198,Winthrop,2507620,best_match
42.44856,-71.052295,Melrose,MA,17 Echo St,elementary,Hoover School,250762001190,Herbert Clark Hoover,2507620,best_match
42.449816,-71.073915,Melrose,MA,37 Clinton Rd,elementary,Lincoln,250762001192,Lincoln,2507620,best_match
42.464668,-71.061371,Melrose,MA,8 Linden Rd Unit 1,elementary,Apply/Horace Mann,250762001191,Horace Mann,2507620,best_match
42.119478,-71.565559,Mendon,MA,86 North Ave,elementary,Henry P. Clough School,250768001200,Henry P Clough,2507680,best_match
42.092855,-71.562907,Mendon,MA,62 Millville Rd,elementary,Henry P Clough Elementary,250768001200,Henry P Clough,2507680,best_match
42.117037,-71.584892,Mendon,MA,88 Northbridge St,elementary,Henry P. Clough,250768001200,Henry P Clough,2507680,best_match
42.08528,-71.54153,Mendon,MA,28 Vincent Rd,elementary,Henry P Clough,250768001200,Henry P Clough,2507680,best_match
42.099576,-71.554948,Mendon,MA,9 White Rd,elementary,H P. Clough Elementary,250768001200,Henry P Clough,2507680,distinctive_token
42.088353,-71.527653,Mendon,MA,10 Cemetery St,elementary,Clough,250768001200,Henry P Clough,2507680,best_match
42.094415,-71.527608,Mendon,MA,8 Puffer Dr,elementary,Henry P.Clough,250768001200,Henry P Clough,2507680,best_match
42.095927,-71.503188,Mendon,MA,5 Bates St,elementary,Henry P. Clough Elem.,250768001200,Henry P Clough,2507680,best_match
42.065425,-71.556887,Mendon,MA,183 Blackstone St,elementary,Clough,250768001200,Henry P Clough,2507680,best_match
42.080898,-71.535118,Mendon,MA,14A Lundvall Rd,elementary,Clough,250768001200,Henry P Clough,2507680,best_match
42.127237,-71.578165,Mendon,MA,26 Miscoe Rd,elementary,Mendon,,,,
42.12549,-71.582229,Mendon,MA,34 Rawson Farm Dr,elementary,Clough,250768001200,Henry P Clough,2507680,best_match
42.849786,-70.988681,Merrimac,MA,2 Alnette Rd,elementary,Sweetsir,250945000414,Dr Frederick N Sweetsir,2509450,best_match
42.843593,-70.980453,Merrimac,MA,10 Pine Bluff Ave,elementary,Dr Frederick,250945000414,Dr Frederick N Sweetsir,2509450,best_match
42.85071,-71.038176,Merrimac,MA,93 Hadley Rd,elementary,Merrimac Elem,,,,
42.825471,-70.996774,Merrimac,MA,1 Colonial Dr,elementary,Sweetsir/Donoghue,250945000414,Dr Frederick N Sweetsir,2509450,distinctive_token
42.829062,-70.975379,Merrimac,MA,2 Skunk Rd,elementary,Helen R Donaghue Elementary,250945000406,Helen R Donaghue School,2509450,best_match
42.829062,-70.975379,Merrimac,MA,2 Skunk Rd,elementary,Sweetsir/Donaghue,250945000414,Dr Frederick N Sweetsir,2509450,slash_split
42.849592,-70.990221,Merrimac,MA,3 Greystone Rd,elementary,Dr Frederick N Sweetsir,250945000414,Dr Frederick N Sweetsir,2509450,best_match
42.712019,-71.214157,Methuen Town,MA,173 Forest St,elementary,Marsh,,,,
42.737051,-71.144573,Methuen Town,MA,261 Oak St,elementary,Donald Timony,,,,
42.705297,-71.227531,Methuen Town,MA,23 Appaloosa Dr,elementary,Marsh,,,,
42.749405,-71.131134,Methuen Town,MA,39 Russell Farm Dr Unit 39,elementary,Comprehensive Grammar School,,,,
42.738434,-71.191352,Methuen Town,MA,14 Bartlett Rd,elementary,Tenney Grammar School,,,,
42.730668,-71.216623,Methuen Town,MA,14 Weybossett St,elementary,Marsh,,,,
42.729821,-71.241349,Methuen Town,MA,99 Harris St,elementary,Marsh Grammar School,,,,
42.70969,-71.191319,Methuen Town,MA,8 Francella Rd,elementary,Tenney Grammar School,,,,
42.738924,-71.202656,Methuen Town,MA,19 Hampshire Rd Apt 205,elementary,Marsh Grammar,,,,
42.711937,-71.205264,Methuen Town,MA,58 Clayton Ave,elementary,Tenney,,,,
42.780343,-71.181226,Methuen Town,MA,10 Morgan Dr,elementary,Comprehensive Grammar School,,,,
42.712019,-71.214157,Methuen Town,MA,173 Forest St,elementary,Marsh,,,,
42.787351,-71.183129,Methuen Town,MA,240 Hampstead St,elementary,Comprehensive Grammer School,,,,
42.707492,-71.203011,Methuen Town,MA,10 Wilfred St,elementary,Tenney,,,,
42.767867,-71.181639,Methuen Town,MA,7 Brookside Ct,elementary,Comprehensive Grammar School,,,,
42.732394,-71.184916,Methuen Town,MA,10 Summit Ave,elementary,Tenney,,,,
42.725663,-71.135799,Methuen Town,MA,15 Aberdeen Rd,elementary,Donald P Timony Grammar,,,,
42.698294,-71.22739,Methuen Town,MA,7 Austin St,elementary,Marsh,,,,
42.721958,-71.190338,Methuen Town,MA,43-45 Arnold St,elementary,Methuen,250774002942,Methuen Early Childhood Center,2507740,best_match
42.745853,-71.121751,Methuen Town,MA,44 Landing Dr Unit 44,elementary,Cgs School,,,,
42.729231,-71.217841,Methuen Town,MA,219 Pelham St,elementary,Marsh School,,,,
42.723125,-71.135254,Methuen Town,MA,1 Riverview Blvd Apt 1-006,elementary,Choice Of 4,,,,
42.756784,-71.15017,Methuen Town,MA,163 Old Ferry Dr,elementary,Comprehensive Grammar School,,,,
42.735906,-71.176826,Methuen Town,MA,15 Stillwater Rd,elementary,Timony,,,,
42.729226,-71.162792,Methuen Town,MA,19 Florence Rd,elementary,Donald P Timony Grammar,,,,
42.738552,-71.167188,Methuen Town,MA,687 Jackson St,elementary,Methuen,250774002942,Methuen Early Childhood Center,2507740,best_match
42.726195,-71.21473,Methuen Town,MA,42 Perley St,elementary,Marsh,,,,
41.846637,-70.930082,Middleborough,MA,123 Nelsons Grove Rd,elementary,Assawompsett,250507002739,Assawompset Elementary School,2505070,embedding
41.896433,-70.873055,Middleborough,MA,18 Chestnut St,elementary,Goode,250777002741,Mary K. Goode Elementary School,2507770,best_match
41.893347,-70.879057,Middleborough,MA,260 Wood St,elementary,Mary K. Goode Elementary,250777002741,Mary K. Goode Elementary School,2507770,best_match
41.856843,-70.869362,Middleborough,MA,151 Ashley Ln Unit 151,elementary,Goode/Burkland,250777002741,Mary K. Goode Elementary School,2507770,slash_split
41.908705,-70.929297,Middleborough,MA,45 Cross St,elementary,Henry Burkland School,250777001223,Henry B. Burkland Elementary School,2507770,best_match
41.905111,-70.872274,Middleborough,MA,52 Saddleworth Way,elementary,Mary K Goode,250777002741,Mary K. Goode Elementary School,2507770,best_match
41.876119,-70.919433,Middleborough,MA,25 Riverside Dr Unit 25,elementary,Assawompsett,250507002739,Assawompset Elementary School,2505070,embedding
41.895067,-70.9259,Middleborough,MA,958 Centre St,elementary,Henry Burkland Elementary Scho,250777001223,Henry B. Burkland Elementary School,2507770,distinctive_token
41.89644,-70.900833,Middleborough,MA,4 Star Ave,elementary,Henry B. Burkland,250777001223,Henry B. Burkland Elementary School,2507770,best_match
41.88977,-70.909411,Middleborough,MA,18 Rock St,elementary,Mary Good Eleme,250777002741,Mary K. Goode Elementary School,2507770,distinctive_token
41.874132,-70.91897,Middleborough,MA,8 Bernards Way Unit 8,elementary,Assawompset,250507002739,Assawompset Elementary School,2505070,best_match
41.893573,-70.917299,Middleborough,MA,481 Center St,elementary,Mary K Goode,250777002741,Mary K. Goode Elementary School,2507770,best_match
41.896223,-70.918162,Middleborough,MA,56 Everett St,elementary,Mkg / Hbb,,,,
41.895067,-70.9259,Middleborough Center,MA,958 Centre St,elementary,Henry Burkland Elementary Scho,250777001223,Henry B. Burkland Elementary School,2507770,distinctive_token
41.89644,-70.900833,Middleborough Center,MA,4 Star Ave,elementary,Henry B. Burkland,250777001223,Henry B. Burkland Elementary School,2507770,best_match
41.88977,-70.909411,Middleborough Center,MA,18 Rock St,elementary,Mary Good Eleme,250777002741,Mary K. Goode Elementary School,2507770,distinctive_token
41.893573,-70.917299,Middleborough Center,MA,481 Center St,elementary,Mary K Goode,250777002741,Mary K. Goode Elementary School,2507770,best_match
41.896223,-70.918162,Middleborough Center,MA,56 Everett St,elementary,Mkg / Hbb,,,,
42.380207,-72.97859,Middlefield,MA,43-A River Rd,elementary,Chester,250516000757,Chester Elementary,2505160,best_match
42.358953,-73.064421,Middlefield,MA,Hawk Rd,elementary,Kittredge,250339000465,Kittredge,2503390,best_match
42.607113,-71.003501,Middleton,MA,97 Liberty St,elementary,Fuller/Howe Man,250783002588,Fuller Meadow,2507830,slash_split
42.601463,-71.024967,Middleton,MA,11 James Coffin Way Unit 11,elementary,Fuller Meadow,250783002588,Fuller Meadow,2507830,best_match
42.611639,-71.014534,Middleton,MA,22 Sawyer Ln,elementary,Fuller Meadow,250783002588,Fuller Meadow,2507830,best_match
42.591989,-71.012536,Middleton,MA,10 Mount Vernon St,elementary,Fuller-Howe,250783001236,Howe-Manning,2507830,embedding
42.601825,-71.001872,Middleton,MA,4 Shipley Ct,elementary,Howe-Manning Elementary,250783001236,Howe-Manning,2507830,best_match
42.605216,-70.992991,Middleton,MA,19 Devonshire Rd,elementary,F.M. & H.M.,,,,
42.594772,-70.999332,Middleton,MA,13 Highland Rd,elementary,Howe-Manning Elem,250783001236,Howe-Manning,2507830,best_match
42.599488,-70.970103,Middleton,MA,40 Village Rd Unit 602,elementary,Middleton,,,,
42.580658,-71.013575,Middleton,MA,13 Mills Pt Unit 13,elementary,Fuller Meadow,250783002588,Fuller Meadow,2507830,best_match
42.60847,-71.005229,Middleton,MA,4 Johns Ave,elementary,Howe/Fuller,250783001236,Howe-Manning,2507830,slash_split
42.599488,-70.970103,Middleton,MA,40 Village Rd Unit 1006,elementary,Fuller Meadow - Howe Manning,250783002588,Fuller Meadow,2507830,embedding
42.600338,-70.971323,Middleton,MA,38 Village Rd Apt 515,elementary,Fuller Meadow/Howe-Manning,250783002588,Fuller Meadow,2507830,slash_split
42.614369,-71.006892,Middleton,MA,4 Circle St,elementary,Howe-Manning,250783001236,Howe-Manning,2507830,best_match
42.609544,-71.035163,Middleton,MA,14 Dansereau Pl Unit 14,elementary,Fuller Meadow/ Howe Manning,250783001236,Howe-Manning,2507830,distinctive_token
42.600338,-70.971323,Middleton,MA,38 Village Rd Apt 201,elementary,Fuller Meadow,250783002588,Fuller Meadow,2507830,best_match
42.148825,-71.521555,Milford,MA,38 Purchase St,elementary,Memorial,,,,
42.152084,-71.521768,Milford,MA,59 Purchase St,elementary,Memorial,,,,
42.164421,-71.52255,Milford,MA,11 Shadowbrook Ln Apt 22,elementary,Brookside,250786001237,Brookside,2507860,best_match
42.181295,-71.515268,Milford,MA,7 Walden Way Unit 7,elementary,Elementary - 3,250633000918,Marathon Elementary School,2506330,distinctive_token
42.141415,-71.511682,Milford,MA,24 Beach St,elementary,Memorial Elementary School,250768001277,Memorial School,2507680,embedding
42.163083,-71.556006,Milford,MA,48 Field Pond Rd,elementary,Brookside Elementary,250786001237,Brookside,2507860,best_match
42.143715,-71.526795,Milford,MA,38 Pleasant St,elementary,Memorial Elementary,,,,
42.161022,-71.5258,Milford,MA,146 Purchase St,elementary,Brookside (K-2) Woodland (3-5),,,,
42.13623,-71.506115,Milford,MA,6 Bear Hill Rd,elementary,Woodland Elem.10 N Vine St,250786001244,Woodland,2507860,best_match
42.159812,-71.535186,Milford,MA,37 Jillson Cir,elementary,Woodland,250786001244,Woodland,2507860,best_match
42.164421,-71.52255,Milford,MA,23 Shadowbrook Ln Apt 10,elementary,Woodland Elementary School,250786001244,Woodland,2507860,best_match
42.151088,-71.511341,Milford,MA,30 Cedarview Cir Unit 30,elementary,Memorial,,,,
42.160583,-71.531977,Milford,MA,12 Sunset Dr,elementary,Brookside Elementary School,250786001237,Brookside,2507860,best_match
42.123571,-71.493347,Milford,MA,20 Beaver Pond Rd Unit 20,elementary,Stall Brook,250246000141,Stall Brook,2502460,best_match
42.133469,-71.524628,Milford,MA,9 Ariana Cir Unit 9,elementary,Memorial,,,,
42.151446,-71.480579,Milford,MA,15 Carp Rd,elementary,Memorial Elementary,,,,
42.16841,-71.52321,Milford,MA,5 Governors Way Unit B,elementary,"Woodland, Memorial & Brookside",,,,
42.154707,-71.522467,Milford,MA,85 Purchase St,elementary,Brookside Elementary School,250786001237,Brookside,2507860,best_match
42.184272,-71.748974,Millbury,MA,17 Capt Peter Simpson Rd,elementary,Raymond E. Shaw,250789001251,Raymond E. Shaw Elementary,2507890,best_match
42.182878,-71.775782,Millbury,MA,35 Alpine St,elementary,Elmwood Street Elementary,250789001248,Elmwood Street,2507890,best_match
42.214364,-71.777039,Millbury,MA,4 Azalea Cir,elementary,Elmwood Street,250789001248,Elmwood Street,2507890,best_match
42.224416,-71.762792,Millbury,MA,8 Millbury Ter,elementary,Elmwood & Shaw,,,,
42.173824,-71.819144,Millbury,MA,387 W Main St,elementary,Shaw,250789001251,Raymond E. Shaw Elementary,2507890,best_match
42.188631,-71.780859,Millbury,MA,9 Cyndy Ln,elementary,Elmwood,250789001248,Elmwood Street,2507890,best_match
42.196483,-71.758454,Millbury,MA,33 Howe Ave,elementary,Elmwood,250789001248,Elmwood Street,2507890,best_match
42.193092,-71.747169,Millbury,MA,27 B Grafton St,elementary,Elmwood St,250789001248,Elmwood Street,2507890,distinctive_token
42.18408,-71.780392,Millbury,MA,61 Beach St,elementary,Elmwood,250789001248,Elmwood Street,2507890,best_match
42.211113,-71.757886,Millbury,MA,2 Wilson Rd Unit B,elementary,Elmwood St Elem,250789001248,Elmwood Street,2507890,distinctive_token
42.232405,-71.737106,Millbury,MA,22 Wildwood Rd,elementary,Elmwood St School,250789001248,Elmwood Street,2507890,distinctive_token
42.211113,-71.757886,Millbury,MA,2 Wilson Rd Unit B,elementary,Elmwood St Elem,250789001248,Elmwood Street,2507890,distinctive_token
42.554066,-72.456703,Millers Falls,MA,316 Wendell Rd,elementary,Hillcrest Elementary School,250471000626,Erving Elementary,2504710,distinctive_token
42.163559,-71.347185,Millis,MA,28 Heritage Path,elementary,Clyde F. Brown Elementary,250792001252,Clyde F Brown,2507920,best_match
42.158581,-71.363489,Millis,MA,1 Country Village Way Unit 1,elementary,Clyde Brown,250792001252,Clyde F Brown,2507920,best_match
42.163829,-71.362867,Millis,MA,1 Greenwood Dr,elementary,Clyde Brown Elementary,250792001252,Clyde F Brown,2507920,distinctive_token
42.159709,-71.354659,Millis,MA,13 Meadowbrook Rd Unit 13,elementary,Clyde F. Brown,250792001252,Clyde F Brown,2507920,best_match
42.185358,-71.374289,Millis,MA,204 Ridge St,elementary,Brown Elem,250792001252,Clyde F Brown,2507920,distinctive_token
42.166045,-71.351963,Millis,MA,5 Bayberry Cir Unit 5,elementary,Clyde Brown,250792001252,Clyde F Brown,2507920,best_match
42.192356,-71.379254,Millis,MA,119 Middlesex St,elementary,Clyde Brown,250792001252,Clyde F Brown,2507920,best_match
42.185575,-71.372484,Millis,MA,194 Ridge St,elementary,Clyde Brown,250792001252,Clyde F Brown,2507920,best_match
42.135853,-71.361815,Millis,MA,33 Myrtle St,elementary,Clyde F. Brown,250792001252,Clyde F Brown,2507920,best_match
42.179177,-71.359059,Millis,MA,46 Timberline Rd,elementary,Clyde F. Brown,250792001252,Clyde F Brown,2507920,best_match
42.175818,-71.371241,Millis,MA,6 Rivendell Ln,elementary,Clyde F. Brown Elementary,250792001252,Clyde F Brown,2507920,best_match
42.165518,-71.339977,Millis,MA,25 Birch St,elementary,Clyde Brown,250792001252,Clyde F Brown,2507920,best_match
42.163559,-71.347185,Millis-Clicquot,MA,28 Heritage Path,elementary,Clyde F. Brown Elementary,250792001252,Clyde F Brown,2507920,best_match
42.158581,-71.363489,Millis-Clicquot,MA,1 Country Village Way Unit 1,elementary,Clyde Brown,250792001252,Clyde F Brown,2507920,best_match
42.163829,-71.362867,Millis-Clicquot,MA,1 Greenwood Dr,elementary,Clyde Brown Elementary,250792001252,Clyde F Brown,2507920,distinctive_token
42.159709,-71.354659,Millis-Clicquot,MA,13 Meadowbrook Rd Unit 13,elementary,Clyde F. Brown,250792001252,Clyde F Brown,2507920,best_match
42.166045,-71.351963,Millis-Clicquot,MA,5 Bayberry Cir Unit 5,elementary,Clyde Brown,250792001252,Clyde F Brown,2507920,best_match
42.179177,-71.359059,Millis-Clicquot,MA,46 Timberline Rd,elementary,Clyde F. Brown,250792001252,Clyde F Brown,2507920,best_match
42.175818,-71.371241,Millis-Clicquot,MA,6 Rivendell Ln,elementary,Clyde F. Brown Elementary,250792001252,Clyde F Brown,2507920,best_match
42.032485,-71.569537,Millville,MA,85 Thayer St,elementary,Millville Elementary,250271500185,Millville Elementary,2502715,best_match
42.061918,-71.566591,Millville,MA,130 Grove St,elementary,Millville Elementary,250271500185,Millville Elementary,2502715,best_match
42.265547,-71.066743,Milton,MA,191 Adams St,elementary,Glover,250798001261,Glover,2507980,best_match
42.247213,-71.06217,Milton,MA,15 Rose St,elementary,Cunningham,250798002485,Cunningham School,2507980,best_match
42.267418,-71.070172,Milton,MA,75 Canton Ave,elementary,Milton Pubic,,,,
42.258646,-71.047824,Milton,MA,1200 Brook Rd,elementary,Collicot Or Cunningham Tbd,,,,
42.258052,-71.076634,Milton,MA,40 Cape Cod Ln,elementary,Glover,250798001261,Glover,2507980,best_match
42.258455,-71.104253,Milton,MA,285 Brush Hill Rd,elementary,Milton Public,250003900599,Boston Renaissance Charter Public School,2500039,distinctive_token
42.257452,-71.034156,Milton,MA,24 Victory Ave,elementary,Collicot Elementary,250798001259,Collicot,2507980,best_match
42.251577,-71.058933,Milton,MA,22 Bradford Rd,elementary,Collicot/Cunningham,250798001259,Collicot,2507980,slash_split
42.224434,-71.111083,Milton,MA,1632 Canton Ave,elementary,Milton Public,250003900599,Boston Renaissance Charter Public School,2500039,distinctive_token
42.255381,-71.091285,Milton,MA,52 Meagher Ave,elementary,Glover / Tucker,250798001261,Glover,2507980,slash_split
42.258779,-71.087261,Milton,MA,146-148 Warren Ave,elementary,Glover,250798001261,Glover,2507980,best_match
42.249491,-71.06234,Milton,MA,207 Pleasant St,elementary,Coll/ Cunn,,,,
42.246235,-71.079808,Milton,MA,650 Canton Ave,elementary,Cunningham,250798002485,Cunningham School,2507980,best_match
42.250275,-71.094154,Milton,MA,485 Blue Hills Pkwy Unit 42,elementary,Tucker,250798001263,Tucker,2507980,best_match
42.250275,-71.094154,Milton,MA,485 Blue Hills Pkwy Unit 39,elementary,Tucker,250798001263,Tucker,2507980,best_match
42.254868,-71.051075,Milton,MA,46 Century Ln,elementary,Collicot,250798001259,Collicot,2507980,best_match
42.262891,-71.072212,Milton,MA,196 Canton Ave,elementary,Glover Elementary School,250798001261,Glover,2507980,best_match
42.246022,-71.084211,Milton,MA,85 Old Farm Rd,elementary,Cunningham,250798002485,Cunningham School,2507980,best_match
42.224434,-71.111083,Milton,MA,1632 Canton Ave,elementary,Milton Public,250003900599,Boston Renaissance Charter Public School,2500039,distinctive_token
42.256025,-71.038189,Milton,MA,45 Foster Ln,elementary,Collicot Elementary School,250798001259,Collicot,2507980,best_match
42.262457,-71.069039,Milton,MA,213 School St,elementary,Milton Public,250003900599,Boston Renaissance Charter Public School,2500039,distinctive_token
42.250275,-71.094154,Milton,MA,485 Blue Hills Pkwy Unit 44,elementary,Tucker,250798001263,Tucker,2507980,best_match
42.236838,-71.06988,Milton,MA,901 Randolph Ave,elementary,Cunningham,250798002485,Cunningham School,2507980,best_match
42.256272,-71.081603,Milton,MA,30 Magnolia Rd,elementary,Milton Public,250003900599,Boston Renaissance Charter Public School,2500039,distinctive_token
42.267386,-71.073847,Milton,MA,30 School St,elementary,Glover Elementary,250798001261,Glover,2507980,best_match
42.258535,-71.094392,Milton,MA,6 Verndale Rd,elementary,Tucker,250798001263,Tucker,2507980,best_match
42.258565,-71.091458,Milton,MA,44 Houston Ave,elementary,Glover,250798001261,Glover,2507980,best_match
42.249491,-71.06234,Milton,MA,207 Pleasant St,elementary,Coll/ Cunn,,,,
42.267868,-71.073148,Milton,MA,14 Brookside Park,elementary,Collicott Elementary,,,,
42.250036,-71.093925,Milton,MA,485 Blue Hills Pkwy Unit 2,elementary,Tucker,250798001263,Tucker,2507980,best_match
42.267823,-71.086733,Milton,MA,71 Capen St,elementary,Glover Elementary School,250798001261,Glover,2507980,best_match
42.253793,-71.099473,Milton,MA,15 Norman St,elementary,Milton Public,250003900599,Boston Renaissance Charter Public School,2500039,distinctive_token
42.230229,-71.068022,Milton,MA,79 Hilltop St,elementary,Milton Public,250003900599,Boston Renaissance Charter Public School,2500039,distinctive_token
42.257652,-71.093129,Milton,MA,274 Blue Hills Pkwy,elementary,Glover,250798001261,Glover,2507980,best_match
42.259201,-71.048326,Milton,MA,25 Waldeck Rd,elementary,Collicot Elementary,250798001259,Collicot,2507980,best_match
42.250275,-71.094154,Milton,MA,485 Blue Hills Pkwy Unit 12,elementary,Tucker,250798001263,Tucker,2507980,best_match
42.250275,-71.094154,Milton,MA,485 Blue Hills Pkwy Unit 21,elementary,Tucker,250798001263,Tucker,2507980,best_match
42.250275,-71.094154,Milton,MA,485 Blue Hills Pkwy Unit 23,elementary,Tucker,250798001263,Tucker,2507980,best_match
42.094477,-72.311223,Monson,MA,5 Hampden Ct,elementary,Quarry Hill,250804002905,Quarry Hill Community School,2508040,best_match
42.060949,-72.368898,Monson,MA,420 Lower Hampden Rd,elementary,Quarry Hill,250804002905,Quarry Hill Community School,2508040,best_match
42.129503,-72.374237,Monson,MA,202 Silver St,elementary,Granite Valley,250804002903,Granite Valley School,2508040,best_match
42.125436,-72.330675,Monson,MA,12 Macomber Rd,elementary,Old Mill Pond,250930002594,Old Mill Pond,2509300,best_match
42.112605,-72.31569,Monson,MA,18 Palmer Rd Unit 12,elementary,Quarry Hill,250804002905,Quarry Hill Community School,2508040,best_match
42.106037,-72.317162,Monson,MA,32 Main St,elementary,Quarry Hill Com,250804002905,Quarry Hill Community School,2508040,distinctive_token
42.106558,-72.32138,Monson,MA,4 Spring St,elementary,Quarry Hill,250804002905,Quarry Hill Community School,2508040,best_match
42.094477,-72.311223,Monson Center,MA,5 Hampden Ct,elementary,Quarry Hill,250804002905,Quarry Hill Community School,2508040,best_match
42.106037,-72.317162,Monson Center,MA,32 Main St,elementary,Quarry Hill Com,250804002905,Quarry Hill Community School,2508040,distinctive_token
42.106558,-72.32138,Monson Center,MA,4 Spring St,elementary,Quarry Hill,250804002905,Quarry Hill Community School,2508040,best_match
42.601438,-72.556842,Montague,MA,4 Davis St,elementary,Hillcrest/Sheffield Elementary,250527002816,Hillcrest Elementary School,2505270,slash_split
42.599638,-72.559386,Montague,MA,25 Montague St,elementary,Hillcrest/Sheffield Elementary,250527002816,Hillcrest Elementary School,2505270,slash_split
42.60593,-72.555141,Montague,MA,138 4th St,elementary,Montague Elementary School,,,,
42.554066,-72.456703,Montague,MA,316 Wendell Rd,elementary,Hillcrest Elementary School,250471000626,Erving Elementary,2504710,distinctive_token
42.522974,-72.538226,Montague,MA,70 Old Sunderland Rd,elementary,Montague,,,,
42.591253,-72.565202,Montague,MA,10 Walnut St Unit 10,elementary,Gill-Montague,250527002382,Gill Elementary,2505270,distinctive_token
42.601069,-72.556515,Montague,MA,8 Davis St,elementary,Hillcest/Sheffield,250527002385,Sheffield Elementary School,2505270,distinctive_token
42.555821,-72.509247,Montague,MA,240 Federal St Unit 240,elementary,Gmrsd,,,,
42.609009,-72.556839,Montague,MA,28-30 Second St,elementary,Gill-Montague Elementary,250527002382,Gill Elementary,2505270,best_match
42.609091,-72.557123,Montague,MA,24 Second St,elementary,Gill-Montague Elementary,250527002382,Gill Elementary,2505270,best_match
42.588733,-72.537344,Montague,MA,183 Millers Falls Rd,elementary,Sheffield,250527002385,Sheffield Elementary School,2505270,best_match
42.604794,-72.565574,Montague,MA,7 I St,elementary,Gill-Montague,250527002382,Gill Elementary,2505270,distinctive_token
42.543649,-72.517607,Montague,MA,Dry Hill Rd,elementary,Sheffield,250527002385,Sheffield Elementary School,2505270,best_match
42.196099,-73.223412,Monterey,MA,99 Beartown Mountain Rd,elementary,Monterey,,,,
42.171696,-73.274004,Monterey,MA,8 Heberts Cv,elementary,Monterey,,,,
42.205157,-73.228501,Monterey,MA,161 Beartown Mountain Rd,elementary,Monterey,,,,
42.17617,-73.275758,Monterey,MA,85 Pixley Rd,elementary,Muddy Brook Reg.,250253001999,Muddy Brook Regional Elementary School,2502530,best_match
42.174193,-73.177405,Monterey,MA,630 Main Rd,elementary,Monterey,,,,
42.182583,-73.225553,Monterey,MA,Main Rd,elementary,Monterey,,,,
41.728033,-70.589954,Monument Beach,MA,2 Candleberry Ct Unit 2,elementary,Bourne,250282002909,Bourne Intermediate School,2502820,best_match
42.119904,-73.462328,Mount Washington,MA,267 East St,elementary,Undermountain,251104000428,Undermountain,2511040,best_match
42.100084,-73.452745,Mount Washington,MA,4 Plantain Pond Rd,elementary,Undermountain,251104000428,Undermountain,2511040,best_match
42.422367,-70.936864,Nahant,MA,43 Maple Ave,elementary,Nahant,,,,
42.424904,-70.917636,Nahant,MA,299 Nahant Rd Apt 9,elementary,Johnson,250822002394,Johnson,2508220,best_match
42.423889,-70.909437,Nahant,MA,374 Nahant Rd,elementary,Johnson/Nahant,250822002394,Johnson,2508220,best_match
42.421022,-70.933056,Nahant,MA,296 Castle Rd,elementary,Johnson Elementary,250822002394,Johnson,2508220,best_match
42.42274,-70.925659,Nahant,MA,45 Willow Rd,elementary,Johnson,250822002394,Johnson,2508220,best_match
42.421727,-70.915228,Nahant,MA,174 Willow Rd,elementary,Johnson,250822002394,Johnson,2508220,best_match
42.427348,-70.918496,Nahant,MA,14 Fenno Way,elementary,Johnson,250822002394,Johnson,2508220,best_match
42.425085,-70.935054,Nahant,MA,26 Karolyn Cir,elementary,Johnson,250822002394,Johnson,2508220,best_match
42.42622,-70.916919,Nahant,MA,5 Cottage St,elementary,Johnson Elementary,250822002394,Johnson,2508220,best_match
42.42625,-70.923057,Nahant,MA,239 Nahant Rd,elementary,Johnson/Nahant,250822002394,Johnson,2508220,best_match
42.30997,-71.361503,Natick,MA,292 N Main St,elementary,Ben Hem,,,,
42.285173,-71.338734,Natick,MA,93 E Central St Unit 10,elementary,Lilja Elem,250834001299,Lilja Elementary,2508340,best_match
42.274364,-71.311911,Natick,MA,12 S Lincoln St Unit 12,elementary,Memorial,250834001301,Memorial,2508340,best_match
42.271102,-71.353752,Natick,MA,10 Rockland St,elementary,Memorial,250834001301,Memorial,2508340,best_match
42.295357,-71.39291,Natick,MA,14 Hardwick Rd,elementary,Brown Elementary,250834001292,Brown,2508340,best_match
42.307977,-71.3508,Natick,MA,5 Bradford Rd,elementary,Ben Hem,,,,
42.281974,-71.35951,Natick,MA,98 W Central St,elementary,Brown,250834001292,Brown,2508340,best_match
42.25885,-71.35336,Natick,MA,124 Everett St,elementary,Memorial,250834001301,Memorial,2508340,best_match
42.28512,-71.333069,Natick,MA,21 Manchester Pl,elementary,Lilja Elementary,250834001299,Lilja Elementary,2508340,best_match
42.279781,-71.354568,Natick,MA,14 Reynolds Ave,elementary,Memorial Elementary School,250834001301,Memorial,2508340,best_match
42.291588,-71.362604,Natick,MA,10 Second St,elementary,Ben-Hem,,,,
42.322112,-71.328114,Natick,MA,6 Hovey Ave,elementary,Ben Hem,,,,
42.285374,-71.400103,Natick,MA,56 Morency St Unit Kk,elementary,Brown Elementary,250834001292,Brown,2508340,best_match
42.278331,-71.35551,Natick,MA,25 Forest Ave,elementary,Johnson,250834001298,Johnson,2508340,best_match
42.303528,-71.326561,Natick,MA,7 Upland Ter,elementary,Memorial Elementary School,250834001301,Memorial,2508340,best_match
42.275496,-71.343475,Natick,MA,4 Colburn St,elementary,Memorial,250834001301,Memorial,2508340,best_match
42.279722,-71.395812,Natick,MA,22 Westview Rd,elementary,Brown,250834001292,Brown,2508340,best_match
42.290544,-71.393114,Natick,MA,146 Hartford St,elementary,Brown,250834001292,Brown,2508340,best_match
42.276613,-71.332259,Natick,MA,6 Nokomis Way,elementary,Memorial,250834001301,Memorial,2508340,best_match
42.275221,-71.313576,Natick,MA,19 Eliot St Unit 2,elementary,Memorial,250834001301,Memorial,2508340,best_match
42.282799,-71.356498,Natick,MA,75 W Central St,elementary,Lilja,250834001299,Lilja Elementary,2508340,best_match
42.302663,-71.344245,Natick,MA,4 Gibbs St,elementary,Lilja Elementary,250834001299,Lilja Elementary,2508340,best_match
42.312035,-71.348337,Natick,MA,23 Russell Cir,elementary,Ben-Hem,,,,
42.293566,-71.330164,Natick,MA,62 Bacon St,elementary,Lilja,250834001299,Lilja Elementary,2508340,best_match
42.303211,-71.383053,Natick,MA,40 Nouvelle Way Unit N241,elementary,Lilja,250834001299,Lilja Elementary,2508340,best_match
42.313653,-71.363638,Natick,MA,18 Hammond Rd,elementary,Ben-Hem,,,,
42.276492,-71.385596,Natick,MA,36 Silver Hill Ln Apt 15,elementary,Brown,250834001292,Brown,2508340,best_match
42.285669,-71.391778,Natick,MA,163 Boden Ln,elementary,Brown Elementary School,250834001292,Brown,2508340,best_match
42.274364,-71.311911,Natick,MA,12 S Lincoln St,elementary,Memorial,250834001301,Memorial,2508340,best_match
42.260304,-71.336641,Natick,MA,9 Merifield Ln,elementary,Memorial,250834001301,Memorial,2508340,best_match
42.276492,-71.385596,Natick,MA,8 Post Oak Ln Apt 20,elementary,Brown,250834001292,Brown,2508340,best_match
42.287431,-71.349328,Natick,MA,16 Willow St Unit 16,elementary,Lilja,250834001299,Lilja Elementary,2508340,best_match
42.273225,-71.352198,Natick,MA,2 Hunters Ln,elementary,Memorial,250834001301,Memorial,2508340,best_match
42.28397,-71.343173,Natick,MA,3 Wilson St Unit 3,elementary,Lilja,250834001299,Lilja Elementary,2508340,best_match
42.294241,-71.326187,Natick,MA,34 Bacon St,elementary,Lilja,250834001299,Lilja Elementary,2508340,best_match
42.309067,-71.328479,Natick,MA,17 Upland,elementary,Ben-Hem,,,,
42.281112,-71.355845,Natick,MA,89 Pond St,elementary,Brown,250834001292,Brown,2508340,best_match
42.289942,-71.351583,Natick,MA,8 Charles St,elementary,Lilja,250834001299,Lilja Elementary,2508340,best_match
42.270602,-71.351044,Natick,MA,3 Joshua Path,elementary,Memorial Elementary,250834001301,Memorial,2508340,best_match
42.274647,-71.37195,Natick,MA,13 Hudson St,elementary,Memorial,250834001301,Memorial,2508340,best_match
42.310738,-71.367943,Natick,MA,22 Magnolia Rd,elementary,Ben-Hem,,,,
42.297352,-71.37949,Natick,MA,Travis Rd Lot 10,elementary,Brown,250834001292,Brown,2508340,best_match
42.276972,-71.370938,Natick,MA,4 Whitcomb St,elementary,Memorial,250834001301,Memorial,2508340,best_match
42.256885,-71.344864,Natick,MA,17 Wyndemere Ln,elementary,Memorial,250834001301,Memorial,2508340,best_match
42.26515,-71.333062,Natick,MA,13 Aqueduct Rd,elementary,Memorial,250834001301,Memorial,2508340,best_match
42.275221,-71.313576,Natick,MA,19 Eliot St Unit 2,elementary,Memorial,250834001301,Memorial,2508340,best_match
42.280318,-71.357246,Natick,MA,92 Pond St,elementary,Brown,250834001292,Brown,2508340,best_match
42.303528,-71.326561,Natick,MA,7 Upland Ter,elementary,Memorial Elementary School,250834001301,Memorial,2508340,best_match
42.256319,-71.344878,Natick,MA,11 Wyndemere Ln,elementary,Memorial,250834001301,Memorial,2508340,best_match
42.265658,-71.354702,Natick,MA,11 Morgan Dr Unit 407,elementary,Natick Public,,,,
42.254152,-71.344208,Natick,MA,304 Eliot St,elementary,Memorial,250834001301,Memorial,2508340,best_match
42.295474,-71.368446,Natick,MA,31 Arcadia Rd,elementary,Ben Hem,,,,
42.277885,-71.395109,Natick,MA,36 Village Hill Ln Unit 36,elementary,Brown,250834001292,Brown,2508340,best_match
42.291153,-71.389609,Natick,MA,4 Curtis Rd,elementary,Brown Elementary School,250834001292,Brown,2508340,best_match
42.262185,-71.350022,Natick,MA,Cider Mill Ln,elementary,Memorial Elementary,250834001301,Memorial,2508340,best_match
42.26974,-71.33215,Natick,MA,7 Clover Ln,elementary,Memorial,250834001301,Memorial,2508340,best_match
42.307744,-71.336915,Natick,MA,26 Longfellow Rd,elementary,Lilja,250834001299,Lilja Elementary,2508340,best_match
42.314652,-71.330281,Natick,MA,7 Whitney Cir,elementary,Ben Hem,,,,
42.278373,-71.392016,Natick,MA,42 Village Brook Ln Unit 42,elementary,Brown,250834001292,Brown,2508340,best_match
42.276492,-71.385596,Natick,MA,9 Silver Hill Ln Apt 19,elementary,Memorial Elementary School,250834001301,Memorial,2508340,best_match
42.276492,-71.385596,Natick,MA,34 Silver Hill Ln Apt 12,elementary,Brown,250834001292,Brown,2508340,best_match
42.307806,-71.350177,Natick,MA,4 Richard Rd,elementary,Ben Hem,,,,
42.31041,-71.367493,Natick,MA,18 Magnolia Rd,elementary,Ben-Hem,,,,
42.295724,-71.353814,Natick,MA,48 Beacon St,elementary,Ben-Hem,,,,
42.274509,-71.350923,Natick,MA,6 Ambler Ct,elementary,Memorial,250834001301,Memorial,2508340,best_match
42.30514,-71.333209,Natick,MA,3 Beverly Rd,elementary,Lilja,250834001299,Lilja Elementary,2508340,best_match
42.287431,-71.349328,Natick,MA,16 Willow St Unit 16,elementary,Lilja,250834001299,Lilja Elementary,2508340,best_match
42.274353,-71.311913,Natick,MA,11 River St Unit 11,elementary,Memorial,250834001301,Memorial,2508340,best_match
42.269343,-71.238879,Needham,MA,533 Chestnut St,elementary,Newman,250837000306,Newman Elementary,2508370,best_match
42.276371,-71.241555,Needham,MA,109 Linden St,elementary,Newman,250837000306,Newman Elementary,2508370,best_match
42.275662,-71.254492,Needham,MA,298 Marked Tree Rd,elementary,Newman,250837000306,Newman Elementary,2508370,best_match
42.272851,-71.235585,Needham,MA,21 Gayland Rd,elementary,Newman,250837000306,Newman Elementary,2508370,best_match
42.277009,-71.208197,Needham,MA,86 Grosvenor Rd,elementary,Broadmeadow,250837001306,Broadmeadow,2508370,best_match
42.284449,-71.235413,Needham,MA,19 Oakland Ave Unit 19,elementary,Sunita Williams,250837001313,Sunita L. Williams Elementary,2508370,best_match
42.28456,-71.221094,Needham,MA,54 Hawthorn Ave,elementary,Mitchell,250837001317,William Mitchell,2508370,best_match
42.298443,-71.238785,Needham,MA,312 Hunnewell St Unit 1,elementary,Eliot Elementary,250837001314,John Eliot,2508370,distinctive_token
42.26822,-71.203935,Needham,MA,1210 Greendale Ave Apt 338,elementary,Broadmeadow Elementary,250837001306,Broadmeadow,2508370,best_match
42.285455,-71.221527,Needham,MA,26 Hawthorn Ave,elementary,Mitchell,250837001317,William Mitchell,2508370,best_match
42.301265,-71.23377,Needham,MA,178 Webster St,elementary,Eliot,250837001314,John Eliot,2508370,best_match
42.285329,-71.260687,Needham,MA,26 Carol Rd,elementary,Newman,250837000306,Newman Elementary,2508370,best_match
42.306011,-71.235771,Needham,MA,30 Webster St Unit 4,elementary,Eliot,250837001314,John Eliot,2508370,best_match
42.294186,-71.255592,Needham,MA,89 Rolling Ln,elementary,Sunita Williams,250837001313,Sunita L. Williams Elementary,2508370,distinctive_token
42.270997,-71.262368,Needham,MA,98 Bridle Trail Rd,elementary,Newman,250837000306,Newman Elementary,2508370,best_match
42.281379,-71.223157,Needham,MA,78 Sargent St,elementary,Mitchell,250837001317,William Mitchell,2508370,best_match
42.294856,-71.237711,Needham,MA,45 Crescent Rd Unit 45,elementary,Sunita L Williams Elementary,250837001313,Sunita L. Williams Elementary,2508370,best_match
42.293911,-71.237238,Needham,MA,309 Hillside Ave,elementary,Williams Es,250861001382,Williams,2508610,best_match
42.284703,-71.265891,Needham,MA,29 Canavan Cir,elementary,Newman,250837000306,Newman Elementary,2508370,best_match
42.272553,-71.208917,Needham,MA,15 Berkshire Rd,elementary,Broadmeadow,250837001306,Broadmeadow,2508370,best_match
42.268873,-71.203625,Needham,MA,31 Hamlin Ln Apt B24,elementary,Broadmeadow,250837001306,Broadmeadow,2508370,best_match
42.298634,-71.226274,Needham,MA,150 Woodbine Cir,elementary,Eliot,250837001314,John Eliot,2508370,best_match
42.284521,-71.253044,Needham,MA,1069 Central Ave,elementary,Newman,250837000306,Newman Elementary,2508370,best_match
42.272178,-71.225309,Needham,MA,369 Dedham Ave,elementary,Newman,250837000306,Newman Elementary,2508370,best_match
42.27289,-71.212312,Needham,MA,294 Great Plain Ave,elementary,Broadmeadow,250837001306,Broadmeadow,2508370,best_match
42.272582,-71.246984,Needham,MA,373 High Rock St,elementary,Newman,250837000306,Newman Elementary,2508370,best_match
42.279909,-71.23182,Needham,MA,131 Fair Oaks Park,elementary,Newman Elementary,250837000306,Newman Elementary,2508370,best_match
42.278448,-71.229421,Needham,MA,24 Cleveland Rd,elementary,Broadmeadow,250837001306,Broadmeadow,2508370,best_match
42.26822,-71.203935,Needham,MA,1206 Greendale Ave Apt 214,elementary,Broadmeadow,250837001306,Broadmeadow,2508370,best_match
42.261805,-71.23416,Needham,MA,53 Heather Ln,elementary,Newman,250837000306,Newman Elementary,2508370,best_match
42.277423,-71.210048,Needham,MA,180 Broad Meadow Rd,elementary,Broadmeadow,250837001306,Broadmeadow,2508370,best_match
42.263257,-71.273522,Needham,MA,125 Oxbow Rd,elementary,Newman,250837000306,Newman Elementary,2508370,best_match
42.292992,-71.23762,Needham,MA,170 West St,elementary,Williams,250861001382,Williams,2508610,best_match
42.270712,-71.244094,Needham,MA,287 High Rock St,elementary,Newman,250837000306,Newman Elementary,2508370,best_match
42.284929,-71.221268,Needham,MA,42 Hawthorn Ave,elementary,Mitchell,250837001317,William Mitchell,2508370,best_match
42.276329,-71.204685,Needham,MA,969 Greendale Ave Unit 969,elementary,Broadmeadow,250837001306,Broadmeadow,2508370,best_match
42.260923,-71.264076,Needham,MA,46 Charles River St,elementary,Newman Elementary,250837000306,Newman Elementary,2508370,best_match
42.26822,-71.203935,Needham,MA,1202 Greendale Ave Apt 124,elementary,Broadmeadow,250837001306,Broadmeadow,2508370,best_match
42.298838,-71.238984,Needham,MA,300 Hunnewell St,elementary,Eliot,250837001314,John Eliot,2508370,best_match
42.282889,-71.245639,Needham,MA,145 Meadowbrook Rd,elementary,Sunita Williams Elementary,250837001313,Sunita L. Williams Elementary,2508370,best_match
42.284039,-71.224792,Needham,MA,89 Melrose Ave,elementary,Mitchell,250837001317,William Mitchell,2508370,best_match
42.307194,-71.237384,Needham,MA,18 Rosegate Rd,elementary,Elliot,,,,
42.289032,-71.214709,Needham,MA,22 Edwardel Rd,elementary,Mitchell,250837001317,William Mitchell,2508370,best_match
42.28413,-71.254659,Needham,MA,1480 Great Plain Ave,elementary,Newman Elementary,250837000306,Newman Elementary,2508370,best_match
42.304583,-71.233974,Needham,MA,100 Elder Rd,elementary,Eliot,250837001314,John Eliot,2508370,best_match
42.269039,-71.273439,Needham,MA,365 Charles River St,elementary,Newman,250837000306,Newman Elementary,2508370,best_match
42.293097,-71.219907,Needham,MA,18 Avon Cir,elementary,Mitchell,250837001317,William Mitchell,2508370,best_match
42.27599,-71.288262,Needham,MA,389 Grove St,elementary,Newman,250837000306,Newman Elementary,2508370,best_match
42.281587,-71.250003,Needham,MA,1362 Great Plain Ave Unit 1,elementary,Newman,250837000306,Newman Elementary,2508370,best_match
42.290289,-71.238963,Needham,MA,100 Rosemary Way Apt 322,elementary,Sunita Williams,250837001313,Sunita L. Williams Elementary,2508370,distinctive_token
42.288008,-71.263908,Needham,MA,17 Whiting Way,elementary,Newman,250837000306,Newman Elementary,2508370,best_match
42.26247,-71.245064,Needham,MA,957 South St,elementary,Newman,250837000306,Newman Elementary,2508370,best_match
42.278316,-71.2341,Needham,MA,18 Grant St Unit Rear,elementary,Newman,250837000306,Newman Elementary,2508370,best_match
42.293952,-71.237965,Needham,MA,20 Crescent Rd Unit 20,elementary,Williams Es,250861001382,Williams,2508610,best_match
42.260869,-71.257774,Needham,MA,8 Crestview Rd,elementary,Newman,250837000306,Newman Elementary,2508370,best_match
42.271734,-71.291626,Needham,MA,68 Locust Ln,elementary,Newman,250837000306,Newman Elementary,2508370,best_match
42.276657,-71.211282,Needham,MA,212 Broad Meadow Rd,elementary,Broadmeadow,250837001306,Broadmeadow,2508370,best_match
42.279962,-71.226985,Needham,MA,11 Mayo Ave,elementary,Broadmeadow,250837001306,Broadmeadow,2508370,best_match
42.291639,-71.24517,Needham,MA,81 Parish Rd,elementary,Sunita Williams,250837001313,Sunita L. Williams Elementary,2508370,distinctive_token
42.281693,-71.248529,Needham,MA,1333 Great Plain Ave,elementary,Wiliams,,,,
42.285286,-71.224558,Needham,MA,9 Morley St,elementary,Mitchell Schoolll School,250837001317,William Mitchell,2508370,distinctive_token
42.292992,-71.23762,Needham,MA,170 West St Unit 170,elementary,Williams,250861001382,Williams,2508610,best_match
42.313524,-71.232812,Needham,MA,20 Sherman St,elementary,Eliot,250861001370,Lincoln-Eliot,2508610,embedding
42.287151,-71.265763,Needham,MA,57 Mayflower Rd,elementary,Newman,250837000306,Newman Elementary,2508370,best_match
42.313524,-71.232812,Needham,MA,20 Sherman St Unit 20,elementary,Eliot,250861001370,Lincoln-Eliot,2508610,embedding
42.287307,-71.226436,Needham,MA,279 Brookline St Unit 279,elementary,Mitchell Elementary,250837001317,William Mitchell,2508370,distinctive_token
42.288551,-71.265482,Needham,MA,16 Stockdale Rd,elementary,Newman,250837000306,Newman Elementary,2508370,best_match
42.273845,-71.232373,Needham,MA,46 Howland St Unit 46,elementary,Newman,250837000306,Newman Elementary,2508370,best_match
42.284796,-71.211064,Needham,MA,46 Rybury Hillway,elementary,Broadmeadow Elementary,250837001306,Broadmeadow,2508370,best_match
42.27551,-71.245476,Needham,MA,105 Blake St,elementary,Newman,250837000306,Newman Elementary,2508370,best_match
42.265071,-71.270526,Needham,MA,50 Oxbow Rd,elementary,Needham,,,,
42.287217,-71.226315,Needham,MA,277 Brookline St,elementary,Mitchell Elementary,250837001317,William Mitchell,2508370,distinctive_token
42.285913,-71.251815,Needham,MA,180 Meetinghouse Cir,elementary,Williams Es,250861001382,Williams,2508610,best_match
42.306011,-71.235771,Needham,MA,30 Webster St Unit 4,elementary,Eliot,250837001314,John Eliot,2508370,best_match
42.298288,-71.228604,Needham,MA,100 Woodbine Cir,elementary,Eliot,250837001314,John Eliot,2508370,best_match
42.277697,-71.244603,Needham,MA,155 Oak St,elementary,Newman,250837000306,Newman Elementary,2508370,best_match
42.305887,-71.247629,Needham,MA,6 Ardmore Rd,elementary,John Eliot Elementary,250837001314,John Eliot,2508370,best_match
42.304004,-71.243539,Needham,MA,48 Taylor St,elementary,John Eliot,250837001314,John Eliot,2508370,best_match
42.272296,-71.291426,Needham,MA,80 Locust Ln,elementary,Newman,250837000306,Newman Elementary,2508370,best_match
42.277658,-71.254792,Needham,MA,1275 Central Ave,elementary,Newman,250837000306,Newman Elementary,2508370,best_match
42.30334,-71.232384,Needham,MA,23 Yale Rd,elementary,Eliot,250837001314,John Eliot,2508370,best_match
42.281438,-71.209429,Needham,MA,101 Bird St,elementary,Broadmeadow,250837001306,Broadmeadow,2508370,best_match
42.297095,-71.228162,Needham,MA,70 Woodbine Cir,elementary,Eliot,250837001314,John Eliot,2508370,best_match
42.296627,-71.226882,Needham,MA,42 Woodbine Cir,elementary,Elliot,,,,
42.286771,-71.253464,Needham,MA,17 Sunrise Ter,elementary,Williams Es,250861001382,Williams,2508610,best_match
42.276414,-71.245811,Needham,MA,91 Henderson St,elementary,Newman,250837000306,Newman Elementary,2508370,best_match
42.287307,-71.226436,Needham,MA,279 Brookline St Unit 279,elementary,Mitchell Elementary,250837001317,William Mitchell,2508370,distinctive_token
42.280172,-71.211796,Needham,MA,60 Tudor Rd,elementary,Broadmeadow,250837001306,Broadmeadow,2508370,best_match
42.276329,-71.204685,Needham,MA,969 Greendale Ave,elementary,Broadmeadow,250837001306,Broadmeadow,2508370,best_match
42.305806,-71.233767,Needham,MA,80 Gary Rd,elementary,Elliott,,,,
42.294001,-71.25244,Needham,MA,27 Rolling Ln,elementary,Williams Es,250861001382,Williams,2508610,best_match
42.270354,-71.202471,Needham,MA,50 Sterling Rd,elementary,Broadmeadow,250837001306,Broadmeadow,2508370,best_match
42.295175,-71.238229,Needham,MA,56 Crescent Rd Unit 56,elementary,Hillside Elementary School,,,,
42.298847,-71.24195,Needham,MA,102 Booth St,elementary,Sunita Williams,250837001313,Sunita L. Williams Elementary,2508370,distinctive_token
42.287217,-71.226315,Needham,MA,277 Brookline St Unit 277,elementary,Mitchell Elementary,250837001317,William Mitchell,2508370,distinctive_token
42.593696,-73.241337,New Ashford,MA,28 Mountain Pond Ln,elementary,Lanesboro,,,,
42.602017,-73.243539,New Ashford,MA,136 Mallery Rd,elementary,Lanesboro,,,,
42.495868,-71.286227,New Bedford,MA,2 Carlisle Rd Unit 2,elementary,Davis/Lane,250240000131,Lt Eleazer Davis,2502400,slash_split
42.512626,-71.278141,New Bedford,MA,5 Hayden Ln,elementary,Davis/Lane,250240000131,Lt Eleazer Davis,2502400,slash_split
42.482125,-71.260741,New Bedford,MA,1 Bridge St,elementary,Davis & Lt Job Lane Elementary,250240000132,Lt Job Lane School,2502400,best_match
42.493121,-71.244442,New Bedford,MA,2 Goldman Cir,elementary,Davis/Lane,250240000131,Lt Eleazer Davis,2502400,slash_split
42.489981,-71.290516,New Bedford,MA,106 Concord Rd,elementary,Davis/Lane,250240000131,Lt Eleazer Davis,2502400,slash_split
42.479809,-71.260575,New Bedford,MA,7 Curve St,elementary,Davis/Lane,250240000131,Lt Eleazer Davis,2502400,slash_split
42.494832,-71.260786,New Bedford,MA,75 Page Rd Unit 13,elementary,Davis/Lane,250240000131,Lt Eleazer Davis,2502400,slash_split
42.510956,-71.29409,New Bedford,MA,12 Chestnut Ln Unit 12,elementary,Lt. Job Lane,250240000132,Lt Job Lane School,2502400,best_match
42.490827,-71.265302,New Bedford,MA,26 Brooksbie Rd,elementary,Davis/Lane,250240000131,Lt Eleazer Davis,2502400,slash_split
42.487698,-71.306536,New Bedford,MA,10 Glenridge Dr,elementary,Davis/Lane,250240000131,Lt Eleazer Davis,2502400,slash_split
42.500821,-71.278203,New Bedford,MA,2 Doris Rd,elementary,Davis/Lane,250240000131,Lt Eleazer Davis,2502400,slash_split
42.496705,-71.276394,New Bedford,MA,12 Hunt Rd,elementary,Davis/Lane,250240000131,Lt Eleazer Davis,2502400,slash_split
42.482924,-71.30481,New Bedford,MA,289 Concord Rd,elementary,Davisk-2lane3-5,,,,
42.490625,-71.290016,New Bedford,MA,4 Abbott Ln,elementary,Lane/Davis,250240000132,Lt Job Lane School,2502400,slash_split
42.493107,-71.279525,New Bedford,MA,21 Fletcher Rd,elementary,Davis/Lane,250240000131,Lt Eleazer Davis,2502400,slash_split
42.480121,-71.284152,New Bedford,MA,97 Hartwell Rd,elementary,Davis/Lane,250240000131,Lt Eleazer Davis,2502400,slash_split
42.487968,-71.279015,New Bedford,MA,81-83 South Rd,elementary,Davis/Lane,250240000131,Lt Eleazer Davis,2502400,slash_split
42.477549,-71.315668,New Bedford,MA,440 Concord Rd,elementary,Davis/Lane,250240000131,Lt Eleazer Davis,2502400,slash_split
42.480121,-71.284152,New Bedford,MA,97 Hartwell Rd,elementary,Davis/Lane,250240000131,Lt Eleazer Davis,2502400,slash_split
42.475635,-71.270915,New Bedford,MA,9 Meeting House Cir,elementary,Davis/Lane,250240000131,Lt Eleazer Davis,2502400,slash_split
42.487743,-71.274177,New Bedford,MA,36 Loomis St Unit 302,elementary,Davis/Lane,250240000131,Lt Eleazer Davis,2502400,slash_split
42.495609,-71.247139,New Bedford,MA,2 Overlook Dr Unit A,elementary,Lt Job Lane,250240000132,Lt Job Lane School,2502400,best_match
42.491321,-71.308642,New Bedford,MA,6 Hillcrest Rd,elementary,Davis/Lane,250240000131,Lt Eleazer Davis,2502400,slash_split
42.479271,-71.28463,New Bedford,MA,104 Hartwell Rd,elementary,Davis/Lane,250240000131,Lt Eleazer Davis,2502400,slash_split
42.473846,-71.267624,New Bedford,MA,18-20 Genetti Cir,elementary,Davis/Lane,250240000131,Lt Eleazer Davis,2502400,slash_split
42.487743,-71.274177,New Bedford,MA,36 Loomis St Unit 103,elementary,Davis/Lane,250240000131,Lt Eleazer Davis,2502400,slash_split
42.487743,-71.274177,New Bedford,MA,36 Loomis St Unit 404,elementary,Davis/Lane,250240000131,Lt Eleazer Davis,2502400,slash_split
42.495609,-71.247139,New Bedford,MA,2 Overlook Dr Unit B,elementary,Lt Job Lane,250240000132,Lt Job Lane School,2502400,best_match
42.487743,-71.274177,New Bedford,MA,36 Loomis St Unit 201,elementary,Davis/Lane,250240000131,Lt Eleazer Davis,2502400,slash_split
42.510551,-71.276957,New Bedford,MA,32 Hayden Ln,elementary,Davis/Lane,250240000131,Lt Eleazer Davis,2502400,slash_split
42.489063,-71.270576,New Bedford,MA,214 Great Rd Unit 204,elementary,Davis/Lane,250240000131,Lt Eleazer Davis,2502400,slash_split
42.484984,-71.281442,New Bedford,MA,22 Railroad Ave,elementary,Davis/Lane,250240000131,Lt Eleazer Davis,2502400,slash_split
42.475121,-71.266235,New Bedford,MA,60 Neillian St Unit 60,elementary,Davis/Lane,250240000131,Lt Eleazer Davis,2502400,slash_split
42.495609,-71.247139,New Bedford,MA,2 Overlook Dr Unit B,elementary,Lt Job Lane,250240000132,Lt Job Lane School,2502400,best_match
42.478004,-71.300903,New Bedford,MA,64 Kendall Ct Unit 64,elementary,"Davis, Lane",,,,
42.495609,-71.247139,New Bedford,MA,2 Overlook Dr Unit A,elementary,Lt Job Lane,250240000132,Lt Job Lane School,2502400,best_match
42.475121,-71.266235,New Bedford,MA,60 Neillian St,elementary,Davis/Lane,250240000131,Lt Eleazer Davis,2502400,slash_split
42.489063,-71.270576,New Bedford,MA,214 Great Rd Unit 102,elementary,Davis/Lane,250240000131,Lt Eleazer Davis,2502400,slash_split
42.487743,-71.274177,New Bedford,MA,36 Loomis St Unit 104,elementary,Davis/Lane,250240000131,Lt Eleazer Davis,2502400,slash_split
42.475194,-71.266216,New Bedford,MA,58 Neillian St,elementary,Davis/Lane,250240000131,Lt Eleazer Davis,2502400,slash_split
42.487743,-71.274177,New Bedford,MA,36 Loomis St Unit 203,elementary,Davis/Lane,250240000131,Lt Eleazer Davis,2502400,slash_split
42.475194,-71.266216,New Bedford,MA,58 Neillian St Unit 58,elementary,Davis/Lane,250240000131,Lt Eleazer Davis,2502400,slash_split
42.318692,-72.143451,New Braintree,MA,501 Wine Rd,elementary,New Braintree,250000102401,New Braintree Grade,2500001,best_match
42.318283,-72.065123,New Braintree,MA,1026 Worcester Rd,elementary,Quabbin Regiona,,,,
42.28768,-72.134008,New Braintree,MA,1075 W Brookfield Rd,elementary,Hardwick Elementary,250000102398,Hardwick Elementary,2500001,best_match
42.136353,-73.245438,New Marlborough,MA,699 Hartsville New Marlboro Rd,elementary,NM Central,251104001775,New Marlborough Central,2511040,distinctive_token
42.089719,-73.267625,New Marlborough,MA,1001 Canaan Southfield Rd,elementary,NM Central,251104001775,New Marlborough Central,2511040,distinctive_token
42.161482,-73.248484,New Marlborough,MA,184 Old Hitchcock Rd,elementary,NM Central,251104001775,New Marlborough Central,2511040,distinctive_token
42.101217,-73.232514,New Marlborough,MA,26 E Hill Rd,elementary,NM Central,251104001775,New Marlborough Central,2511040,distinctive_token
42.099518,-73.287132,New Marlborough,MA,651 Hayes Hill Rd,elementary,NM Central,251104001775,New Marlborough Central,2511040,distinctive_token
42.068284,-73.285184,New Marlborough,MA,1779 Canaan Southfield Rd,elementary,NM Central,251104001775,New Marlborough Central,2511040,distinctive_token
42.080276,-73.272,New Marlborough,MA,1289 Canaan Southfield Rd,elementary,NM Central,251104001775,New Marlborough Central,2511040,distinctive_token
42.167668,-73.279098,New Marlborough,MA,26 Pine St,elementary,NM Central,251104001775,New Marlborough Central,2511040,distinctive_token
42.191565,-73.355234,New Marlborough,MA,25 Pine St,elementary,NM Central,251104001775,New Marlborough Central,2511040,distinctive_token
42.054462,-73.288002,New Marlborough,MA,2010-2012 Clayton Mill River Rd,elementary,NM Central,251104001775,New Marlborough Central,2511040,distinctive_token
42.106435,-73.29531,New Marlborough,MA,1015 Sisson Hill Rd,elementary,NM Central,251104001775,New Marlborough Central,2511040,distinctive_token
42.121689,-73.21121,New Marlborough,MA,293 New Marlborough-Sandisfield Rd,elementary,NM Central,251104001775,New Marlborough Central,2511040,distinctive_token
42.07769,-73.195633,New Marlborough,MA,201 Stratford Rd,elementary,NM Central,251104001775,New Marlborough Central,2511040,distinctive_token
42.075434,-73.274099,New Marlborough,MA,1427 Canaan Southfield Rd,elementary,NM Central,251104001775,New Marlborough Central,2511040,distinctive_token
42.154227,-73.26756,New Marlborough,MA,351 Adsit Crosby Rd,elementary,NM Central,251104001775,New Marlborough Central,2511040,distinctive_token
42.068205,-73.229342,New Marlborough,MA,1131 Norfolk Rd,elementary,NM Central,251104001775,New Marlborough Central,2511040,distinctive_token
42.053119,-73.232198,New Marlborough,MA,155 Canaan Valley Rd,elementary,NM Central,251104001775,New Marlborough Central,2511040,distinctive_token
42.137291,-73.248314,New Marlborough,MA,781 Hartsville New Marlboro Rd,elementary,NM Central,251104001775,New Marlborough Central,2511040,distinctive_token
42.156248,-73.254441,New Marlborough,MA,Hartsville New Marlborough Rd,elementary,NM Central,251104001775,New Marlborough Central,2511040,distinctive_token
42.135491,-73.279479,New Marlborough,MA,Mill River to Great Barrington Rd,elementary,NM Central,251104001775,New Marlborough Central,2511040,distinctive_token
42.468688,-72.361129,New Salem,MA,76 Cooleyville Rd,elementary,Swift River,250853001346,Swift River,2508530,best_match
42.503182,-72.331822,New Salem,MA,1 S Main St,elementary,Swift River,250853001346,Swift River,2508530,best_match
42.526155,-72.352636,New Salem,MA,153 Moosehorn Rd,elementary,Swift River,250853001346,Swift River,2508530,best_match
41.585115,-70.46968,New Seabury,MA,86 Summersea Rd,elementary,Quashnet,250744001546,Quashnet School,2507440,best_match
41.562471,-70.498499,New Seabury,MA,26 Driftwood Cir,elementary,Mashpee,,,,
42.796402,-70.857316,Newbury,MA,12 Rolfes Ln,elementary,Newbury,251174001348,Newbury Elementary,2511740,best_match
42.764186,-70.939886,Newbury,MA,33 Downfall Rd,elementary,Newbury Elementary School,251174001348,Newbury Elementary,2511740,best_match
42.797977,-70.85553,Newbury,MA,23 Rolfes Ln,elementary,Newbury,251174001348,Newbury Elementary,2511740,best_match
42.805955,-70.810069,Newbury,MA,3 36th St,elementary,Newbury,251174001348,Newbury Elementary,2511740,best_match
42.799799,-70.809706,Newbury,MA,6 Fourth St,elementary,Newbury,251174001348,Newbury Elementary,2511740,best_match
42.806953,-70.809264,Newbury,MA,4 35th St,elementary,Newbury Elementary,251174001348,Newbury Elementary,2511740,best_match
42.796702,-70.862424,Newbury,MA,8 Green St,elementary,Newbury,251174001348,Newbury Elementary,2511740,best_match
42.799236,-70.809228,Newbury,MA,5 Northern Blvd,elementary,Newbury Element,251174001348,Newbury Elementary,2511740,distinctive_token
42.788246,-70.856414,Newbury,MA,4 Knights Ct,elementary,Newbury Elementary,251174001348,Newbury Elementary,2511740,best_match
42.748015,-70.911852,Newbury,MA,60 Caldwell Farm Rd Unit 60,elementary,Newbury,251174001348,Newbury Elementary,2511740,best_match
42.770737,-70.841616,Newbury,MA,239 High Rd,elementary,Newbury,251174001348,Newbury Elementary,2511740,best_match
42.802105,-70.810417,Newbury,MA,11 and 13 16th St,elementary,Newbury Elementary,251174001348,Newbury Elementary,2511740,best_match
42.759945,-70.930458,Newbury,MA,3 Cricket Ln Unit 3,elementary,Newbury/Page,251174001348,Newbury Elementary,2511740,slash_split
42.759378,-70.929376,Newbury,MA,11 Cricket Ln Unit 11CHESTNUT,elementary,Newbury/Page,251174001348,Newbury Elementary,2511740,slash_split
42.757934,-70.953234,Newbury,MA,18 Forest St,elementary,Newbury,251174001348,Newbury Elementary,2511740,best_match
42.760064,-70.929938,Newbury,MA,6 Cricket Ln Unit 6DOGWOOD,elementary,Newbury/Page,251174001348,Newbury Elementary,2511740,slash_split
42.759429,-70.92895,Newbury,MA,13 Cricket Ln Unit 13DOGWOOD,elementary,Newbury/Page,251174001348,Newbury Elementary,2511740,slash_split
42.824844,-70.905564,Newburyport,MA,2 Coombs Cir Unit 1,elementary,Bresnahan,250858001350,Francis T Bresnahan Elementary,2508580,best_match
42.813104,-70.876783,Newburyport,MA,129 Merrimac St Unit 9,elementary,Bresnahan,250858001350,Francis T Bresnahan Elementary,2508580,best_match
42.800831,-70.925103,Newburyport,MA,100 Turkey Hill Rd,elementary,Bresnahan,250858001350,Francis T Bresnahan Elementary,2508580,best_match
42.803781,-70.927462,Newburyport,MA,49 Longfellow Dr,elementary,Bresnahan,250858001350,Francis T Bresnahan Elementary,2508580,best_match
42.819712,-70.899404,Newburyport,MA,36 Myrtle Ave,elementary,Bresnahan Elementary School,250858001350,Francis T Bresnahan Elementary,2508580,best_match
42.81473,-70.884602,Newburyport,MA,39 Broad St Apt 5,elementary,Bresnahan,250858001350,Francis T Bresnahan Elementary,2508580,best_match
42.815938,-70.897849,Newburyport,MA,187 Low St Unit 1,elementary,Bresnahan/Molin,250858001350,Francis T Bresnahan Elementary,2508580,distinctive_token
42.801665,-70.874435,Newburyport,MA,168 State St Unit 168,elementary,Newburyport,,,,
42.808521,-70.919006,Newburyport,MA,140 Crow Ln,elementary,Brez,,,,
42.827625,-70.89777,Newburyport,MA,475 Merrimac St Unit 2,elementary,Bresnahan,250858001350,Francis T Bresnahan Elementary,2508580,best_match
42.810414,-70.889289,Newburyport,MA,3 Rogers Ct,elementary,Bresnahan,250858001350,Francis T Bresnahan Elementary,2508580,best_match
42.802583,-70.921542,Newburyport,MA,25 Lavalley Ln,elementary,Bresnahan,250858001350,Francis T Bresnahan Elementary,2508580,best_match
42.812986,-70.815015,Newburyport,MA,10 70th St,elementary,Bresnahan/Molin Elementary,250858001350,Francis T Bresnahan Elementary,2508580,distinctive_token
42.817321,-70.898079,Newburyport,MA,11 Norman Ave,elementary,Bresnahan Elementary,250858001350,Francis T Bresnahan Elementary,2508580,best_match
42.803897,-70.854513,Newburyport,MA,4 Goodwin Ave,elementary,Edward G Molin,,,,
42.816926,-70.926362,Newburyport,MA,20 Hoyts Ln,elementary,Bresnahan,250858001350,Francis T Bresnahan Elementary,2508580,best_match
42.815538,-70.899209,Newburyport,MA,8 Colby Farm Ln Unit C,elementary,Bresnahan,250858001350,Francis T Bresnahan Elementary,2508580,best_match
42.805308,-70.862936,Newburyport,MA,68 Milk St,elementary,Bresnahan Elementary School,250858001350,Francis T Bresnahan Elementary,2508580,best_match
42.806389,-70.86624,Newburyport,MA,69 Prospect St Unit 69,elementary,Bres,,,,
42.803234,-70.86587,Newburyport,MA,4 Coffin Ct,elementary,Newburyport,,,,
42.806671,-70.864578,Newburyport,MA,65-67 Lime St Unit 2,elementary,Bresnahan,250858001350,Francis T Bresnahan Elementary,2508580,best_match
42.827418,-70.912835,Newburyport,MA,4 Brown Ave,elementary,Bresnahan,250858001350,Francis T Bresnahan Elementary,2508580,best_match
42.813316,-70.87724,Newburyport,MA,5 Boardman St Unit 5,elementary,Edward G Molin,,,,
42.802384,-70.857099,Newburyport,MA,20 Pine St,elementary,Bresnahan/Molin,250858001350,Francis T Bresnahan Elementary,2508580,distinctive_token
42.806744,-70.871613,Newburyport,MA,95 High St Unit 3,elementary,Newburyport,,,,
42.82885,-70.898735,Newburyport,MA,492 Merrimac St,elementary,Edward G. Molin,,,,
42.811041,-70.892722,Newburyport,MA,110 Low St,elementary,Bresnahan,250858001350,Francis T Bresnahan Elementary,2508580,best_match
42.804198,-70.927204,Newburyport,MA,17 Marquand Ln,elementary,Bresnahan,250858001350,Francis T Bresnahan Elementary,2508580,best_match
42.815048,-70.883549,Newburyport,MA,48 Carter St,elementary,Bresnahan,250858001350,Francis T Bresnahan Elementary,2508580,best_match
42.826411,-70.904455,Newburyport,MA,21 Erie Ave,elementary,Bresnahan/Molin,250858001350,Francis T Bresnahan Elementary,2508580,distinctive_token
42.823317,-70.912787,Newburyport,MA,3 Gabaree Ct,elementary,Bresnahan,250858001350,Francis T Bresnahan Elementary,2508580,best_match
42.829895,-70.901084,Newburyport,MA,510 Merrimac St Unit 510,elementary,Bresnahan,250858001350,Francis T Bresnahan Elementary,2508580,best_match
42.805141,-70.860962,Newburyport,MA,7-9 Lunt St,elementary,Bresnahan,250858001350,Francis T Bresnahan Elementary,2508580,best_match
42.79963,-70.851379,Newburyport,MA,4 Ocean Ave,elementary,Newburyport,,,,
42.806987,-70.87076,Newburyport,MA,104 High St Unit F,elementary,Bresnahan/Molin,250858001350,Francis T Bresnahan Elementary,2508580,distinctive_token
42.820835,-70.889788,Newburyport,MA,1 Stanley Ave,elementary,Francis T Bresnahan Elementary,250858001350,Francis T Bresnahan Elementary,2508580,best_match
42.803234,-70.86587,Newburyport,MA,4 Coffin Ct,elementary,Newburyport,,,,
42.807333,-70.860083,Newburyport,MA,174 Water St,elementary,Bresnahan,250858001350,Francis T Bresnahan Elementary,2508580,best_match
42.820733,-70.887871,Newburyport,MA,4 Chapel St Unit A,elementary,Bresnahan,250858001350,Francis T Bresnahan Elementary,2508580,best_match
42.815538,-70.899209,Newburyport,MA,8 Colby Farm Ln Unit C,elementary,Bresnahan,250858001350,Francis T Bresnahan Elementary,2508580,best_match
42.805,-70.861748,Newburyport,MA,7 Hancock St Unit 1,elementary,Bresnahan/Molin,250858001350,Francis T Bresnahan Elementary,2508580,distinctive_token
42.829895,-70.901084,Newburyport,MA,510 Merrimac St,elementary,Bresnahan,250858001350,Francis T Bresnahan Elementary,2508580,best_match
42.83235,-70.90459,Newburyport,MA,570 Merrimac St,elementary,Bresnahan,250858001350,Francis T Bresnahan Elementary,2508580,best_match
42.825909,-70.903591,Newburyport,MA,12 Roosevelt Pl,elementary,Bresnahan,250858001350,Francis T Bresnahan Elementary,2508580,best_match
42.806744,-70.871613,Newburyport,MA,95 High St Unit 4,elementary,Newburyport,,,,
42.819705,-70.907955,Newburyport,MA,234 Low St Apt 21,elementary,Bresnahan,250858001350,Francis T Bresnahan Elementary,2508580,best_match
42.813629,-70.87941,Newburyport,MA,33B Merrill St,elementary,Bresnahan,250858001350,Francis T Bresnahan Elementary,2508580,best_match
42.80509,-70.860875,Newburyport,MA,7 Lunt St,elementary,Bresnahan,250858001350,Francis T Bresnahan Elementary,2508580,best_match
42.80509,-70.860875,Newburyport,MA,7 Lunt St,elementary,Bresnahan,250858001350,Francis T Bresnahan Elementary,2508580,best_match
42.36047,-71.215278,Newton,MA,56 Brookdale Rd,elementary,Horace-Mann,250861001367,Horace Mann,2508610,best_match
42.329291,-71.247087,Newton,MA,15 Agawam Rd,elementary,Angier,250861001356,A E Angier,2508610,best_match
42.351557,-71.189444,Newton,MA,75 Bellevue St,elementary,Cabot/Underwood,250861001360,Cabot,2508610,slash_split
42.322136,-71.19049,Newton,MA,49 White Ave,elementary,Bowen,250861001358,Bowen,2508610,best_match
42.350972,-71.192777,Newton,MA,34 Langdon St,elementary,Cabot,250861001360,Cabot,2508610,best_match
42.323029,-71.218909,Newton,MA,59 Hinckley Rd,elementary,Zervas,250861001383,Zervas,2508610,best_match
42.342409,-71.187184,Newton,MA,8 Bruce Ln,elementary,Ward,250861001369,John Ward,2508610,best_match
42.327469,-71.25975,Newton,MA,198-200 Concord St,elementary,Angier,250861001356,A E Angier,2508610,best_match
42.291545,-71.185787,Newton,MA,655 Saw Mill Brook Pkwy Apt 20,elementary,Memorial Spaulding,250861001373,Memorial Spaulding,2508610,best_match
42.346087,-71.254327,Newton,MA,15 Woodbine Ter,elementary,Burr/Williams,250861001382,Williams,2508610,best_match
42.318649,-71.222219,Newton,MA,45 Cragmore Rd,elementary,Angier,250861001356,A E Angier,2508610,best_match
42.353621,-71.188871,Newton,MA,25 Maple Ave,elementary,Underwood Elementary,250861001379,Underwood,2508610,best_match
42.312605,-71.205994,Newton,MA,83 Bound Brook Rd,elementary,Countryside,250861001362,Countryside,2508610,best_match
42.340724,-71.207109,Newton,MA,601 Walnut St,elementary,Cabot Elementary,250861001360,Cabot,2508610,best_match
42.361632,-71.229039,Newton,MA,62 Falmouth Rd,elementary,Franklin,250861001366,Franklin,2508610,best_match
42.305421,-71.191802,Newton,MA,133 Arnold Rd,elementary,Memorial Spaulding/Countryside,250861001373,Memorial Spaulding,2508610,distinctive_token
42.362583,-71.226924,Newton,MA,47 Cherry St,elementary,Franklin,250861001366,Franklin,2508610,best_match
42.358441,-71.236466,Newton,MA,62 James St,elementary,Franklin/Burr Buffer,250861001366,Franklin,2508610,best_match
42.341564,-71.255564,Newton,MA,379 Central St,elementary,Williams,250861001382,Williams,2508610,best_match
42.349794,-71.243853,Newton,MA,288 Auburndale Ave Unit B,elementary,Burr,250861001359,C C Burr,2508610,best_match
42.318253,-71.2258,Newton,MA,908 Chestnut St Unit 906,elementary,Angier,250861001356,A E Angier,2508610,best_match
42.348485,-71.217913,Newton,MA,189 Mount Vernon St,elementary,Cabot,250861001360,Cabot,2508610,best_match
42.357774,-71.244897,Newton,MA,209 Riverview Ave Apt 5,elementary,C C Burr Elementary,250861001359,C C Burr,2508610,best_match
42.326092,-71.243817,Newton,MA,101 Alban Rd,elementary,Angier,250861001356,A E Angier,2508610,best_match
42.361297,-71.196646,Newton,MA,256 Watertown St Unit 256,elementary,Lincoln Eliot,250861001370,Lincoln-Eliot,2508610,best_match
42.31729,-71.195237,Newton,MA,10 Parker Ave,elementary,Countryside,250861001362,Countryside,2508610,best_match
42.331242,-71.158989,Newton,MA,124 Chestnut Hill Rd,elementary,Bowen,250861001358,Bowen,2508610,best_match
42.354762,-71.204871,Newton,MA,75 Prescott St,elementary,Horace Mann Elementary School,250861001367,Horace Mann,2508610,best_match
42.347955,-71.18116,Newton,MA,231 Waverley Ave,elementary,Underwood,250861001379,Underwood,2508610,best_match
42.331991,-71.234044,Newton,MA,240 Windsor Rd,elementary,Angier,250861001356,A E Angier,2508610,best_match
42.351054,-71.183188,Newton,MA,269 Franklin St,elementary,Underwood,250861001379,Underwood,2508610,best_match
42.353155,-71.187656,Newton,MA,31 Wesley St,elementary,Underwood,250861001379,Underwood,2508610,best_match
42.346707,-71.180075,Newton,MA,15 Farlow Rd,elementary,Underwood,250861001379,Underwood,2508610,best_match
42.335153,-71.224341,Newton,MA,19 Bonnybrook Rd,elementary,Zervas,250861001383,Zervas,2508610,best_match
42.353323,-71.186102,Newton,MA,8 Hollis St,elementary,Underwood,250861001379,Underwood,2508610,best_match
42.320202,-71.228058,Newton,MA,24 Radcliff Rd,elementary,Angier,250861001356,A E Angier,2508610,best_match
42.351401,-71.216046,Newton,MA,48 Eddy St Unit 48,elementary,Horrace Mann,250861001367,Horace Mann,2508610,distinctive_token
42.358897,-71.235114,Newton,MA,138 Tolman St,elementary,Franklin Elementary,250861001366,Franklin,2508610,best_match
42.306288,-71.179836,Newton,MA,99 Baldpate Hill Rd,elementary,Mem. Spaulding,250861001373,Memorial Spaulding,2508610,distinctive_token
42.321374,-71.179806,Newton,MA,250 Hammond Pond Pkwy Apt 102N,elementary,Bowen,250861001358,Bowen,2508610,best_match
42.358839,-71.226627,Newton,MA,154 Cherry St,elementary,Franklin Es,250861001366,Franklin,2508610,best_match
42.351149,-71.190334,Newton,MA,Claremont St,elementary,Cabot,250861001360,Cabot,2508610,best_match
42.339042,-71.234108,Newton,MA,1640 Commonwealth Ave,elementary,Pierce,,,,
42.308466,-71.196745,Newton,MA,432 Dedham St,elementary,Countryside,250861001362,Countryside,2508610,best_match
42.338472,-71.187742,Newton,MA,7 Westbourne Rd,elementary,Ward,250861001369,John Ward,2508610,best_match
42.352509,-71.228795,Newton,MA,59 River St,elementary,Franklin,250861001366,Franklin,2508610,best_match
42.34182,-71.179853,Newton,MA,66 Montrose St,elementary,Ward,250861001369,John Ward,2508610,best_match
42.341759,-71.210031,Newton,MA,66 Beaumont Ave,elementary,Cabot,250861001360,Cabot,2508610,best_match
42.352472,-71.196112,Newton,MA,16 Lewis St,elementary,Cabot,250861001360,Cabot,2508610,best_match
42.338223,-71.219271,Newton,MA,308 Prince St,elementary,Peirce,250861001377,Peirce,2508610,best_match
42.351221,-71.199769,Newton,MA,314 Newtonville Ave Apt 4,elementary,Cabot,250861001360,Cabot,2508610,best_match
42.34626,-71.235973,Newton,MA,25 Curve St,elementary,Pierce / Williams,250861001382,Williams,2508610,best_match
42.356931,-71.175301,Newton,MA,12 Barnes Rd Unit 2,elementary,Underwood,250861001379,Underwood,2508610,best_match
42.297722,-71.197346,Newton,MA,210 Nahanton St Apt 219,elementary,Spaulding,250861001373,Memorial Spaulding,2508610,best_match
42.343734,-71.210152,Newton,MA,90 Hull St,elementary,Cabot,250861001360,Cabot,2508610,best_match
42.297494,-71.184854,Newton,MA,6 Wiswall Rd,elementary,Spaulding,250861001373,Memorial Spaulding,2508610,best_match
42.362777,-71.224402,Newton,MA,76 Taft Ave Unit 1,elementary,Horace Mann,250861001367,Horace Mann,2508610,best_match
42.319575,-71.217282,Newton,MA,16 Harrison St,elementary,Zervas,250861001383,Zervas,2508610,best_match
42.349666,-71.183759,Newton,MA,49 Buswell Park,elementary,Underwood,250861001379,Underwood,2508610,best_match
42.342742,-71.206871,Newton,MA,36 Dexter Rd,elementary,Cabot,250861001360,Cabot,2508610,best_match
42.360115,-71.228795,Newton,MA,44 Barbara Rd,elementary,Franklin,250861001366,Franklin,2508610,best_match
42.309639,-71.204013,Newton,MA,19 Druid Hill Rd,elementary,Countryside,250861001362,Countryside,2508610,best_match
42.34428,-71.238808,Newton,MA,20-22 Greenough St,elementary,Peirce,250861001377,Peirce,2508610,best_match
42.347709,-71.173321,Newton,MA,99 Huntington Rd,elementary,Ward/Underwood,250861001379,Underwood,2508610,best_match
42.297722,-71.197346,Newton,MA,210 Nahanton St Apt 117,elementary,Memorial Spaulding,250861001373,Memorial Spaulding,2508610,best_match
42.302987,-71.174696,Newton,MA,22 Scotney Rd,elementary,Spaulding,250861001373,Memorial Spaulding,2508610,best_match
42.359554,-71.196434,Newton,MA,13 Green St,elementary,Lincoln-Eliot,250861001370,Lincoln-Eliot,2508610,best_match
42.321374,-71.179806,Newton,MA,250 Hammond Pond Pkwy Apt 1208N,elementary,Bowen,250861001358,Bowen,2508610,best_match
42.325909,-71.256851,Newton,MA,2323 Washington St Apt 1-6,elementary,Angier,250861001356,A E Angier,2508610,best_match
42.342428,-71.183502,Newton,MA,9 Cotton St,elementary,Ward,250861001369,John Ward,2508610,best_match
42.305397,-71.207437,Newton,MA,48 Goddard St,elementary,Countryside,250861001362,Countryside,2508610,best_match
42.328456,-71.220718,Newton,MA,17 Woodhaven Rd,elementary,Zervas,250861001383,Zervas,2508610,best_match
42.320142,-71.188656,Newton,MA,142 Jackson St,elementary,Bowen,250861001358,Bowen,2508610,best_match
42.356339,-71.213517,Newton,MA,142 Edinboro St,elementary,Horace Mann Elementary School,250861001367,Horace Mann,2508610,best_match
42.35236,-71.230804,Newton,MA,14 Elm St Unit 14,elementary,Burr,250861001359,C C Burr,2508610,best_match
42.358871,-71.189568,Newton,MA,8 Gardner St,elementary,Lincoln-Eliot,250861001370,Lincoln-Eliot,2508610,best_match
42.333118,-71.164675,Newton,MA,37 Chestnut Hill Ter,elementary,Bowen,250861001358,Bowen,2508610,best_match
42.3103,-71.206809,Newton,MA,243 Upland Ave,elementary,Countryside,250861001362,Countryside,2508610,best_match
42.345667,-71.228141,Newton,MA,14 Winthrop St,elementary,Peirce,250861001377,Peirce,2508610,best_match
42.351442,-71.223918,Newton,MA,51 Davis Ave,elementary,Buffer,,,,
42.327652,-71.2286,Newton,MA,1580 Beacon St,elementary,Angier,250861001356,A E Angier,2508610,best_match
42.355801,-71.202522,Newton,MA,91 Crafts St Unit 91,elementary,Lincoln-Eliot Elementary Schoo,250861001370,Lincoln-Eliot,2508610,best_match
42.345726,-71.229609,Newton,MA,49 Shaw St,elementary,Peirce,250861001377,Peirce,2508610,best_match
42.346687,-71.227669,Newton,MA,44 Putnam St,elementary,Pierce,,,,
42.356114,-71.236681,Newton,MA,267 River St Unit 267,elementary,Franklin Elementary,250861001366,Franklin,2508610,best_match
42.356576,-71.210466,Newton,MA,89 Walnut St Apt 2,elementary,Horace Mann,250861001367,Horace Mann,2508610,best_match
42.324116,-71.208245,Newton,MA,26 Hillside Rd,elementary,Zervas/Mason Rice Buffer,250861001371,Mason-Rice,2508610,distinctive_token
42.349795,-71.206041,Newton,MA,100 Madison Ave Apt 6,elementary,Cabot,250861001360,Cabot,2508610,best_match
42.344098,-71.235738,Newton,MA,1581 Washington St Unit 1,elementary,Peirce Elementary,250861001377,Peirce,2508610,best_match
42.328168,-71.189366,Newton,MA,135 Langley Rd,elementary,Bowen/Mason-Rice,250861001371,Mason-Rice,2508610,distinctive_token
42.308382,-71.199184,Newton,MA,391 Dedham St,elementary,Countryside,250861001362,Countryside,2508610,best_match
42.354493,-71.23283,Newton,MA,24 Mague Ave Unit 24,elementary,Burr,250861001359,C C Burr,2508610,best_match
42.29317,-71.183271,Newton,MA,581 Saw Mill Brook Pkwy,elementary,Memorial Spaulding Elementary,250861001373,Memorial Spaulding,2508610,best_match
42.329552,-71.208275,Newton,MA,28 Wilson Cir Unit 28,elementary,Zervas,250861001383,Zervas,2508610,best_match
42.297722,-71.197346,Newton,MA,210 Nahanton St Apt 407,elementary,Memorial Spaulding,250861001373,Memorial Spaulding,2508610,best_match
42.316392,-71.17853,Newton,MA,99 Florence St Unit 20-4,elementary,Memorial Spaulding Elementary,250861001373,Memorial Spaulding,2508610,best_match
42.355876,-71.229284,Newton,MA,19 Manhattan Ter,elementary,Franklin Elementary School,250861001366,Franklin,2508610,best_match
42.321374,-71.179806,Newton,MA,250 Hammond Pond Pkwy Apt 1111S,elementary,Bowen,250861001358,Bowen,2508610,best_match
42.350242,-71.243752,Newton,MA,289 Auburndale Ave,elementary,Burr,250861001359,C C Burr,2508610,best_match
42.294515,-71.188668,Newton,MA,144 Wiswall Rd,elementary,Memorial Spaudling,250861001373,Memorial Spaulding,2508610,distinctive_token
42.316839,-71.18638,Newton,MA,85 Dudley Rd,elementary,Memorial-Spauld,250861001373,Memorial Spaulding,2508610,distinctive_token
42.338334,-71.199001,Newton,MA,799 Commonwealth Ave,elementary,Mason - Rice,250861001371,Mason-Rice,2508610,best_match
42.356339,-71.213517,Newton,MA,142 Edinboro St Unit 142,elementary,Horace Mann Elementary School,250861001367,Horace Mann,2508610,best_match
42.309861,-71.201081,Newton,MA,20 Boulder Rd,elementary,Countryside,250861001362,Countryside,2508610,best_match
42.326363,-71.224233,Newton,MA,14 Homestead St,elementary,Zervas,250861001383,Zervas,2508610,best_match
42.307081,-71.179133,Newton,MA,447 Dudley Rd,elementary,Memorial Spaulding,250861001373,Memorial Spaulding,2508610,best_match
42.316652,-71.183448,Newton,MA,136 Dudley Rd,elementary,Spaulding,250861001373,Memorial Spaulding,2508610,best_match
42.313597,-71.221929,Newton,MA,51 Pettee St Apt 47,elementary,Angier Elementary School,250861001356,A E Angier,2508610,distinctive_token
42.352679,-71.23659,Newton,MA,4 Rebecca Rd,elementary,Burr Elementary School,250861001359,C C Burr,2508610,distinctive_token
42.354265,-71.225411,Newton,MA,33 Princess Rd,elementary,Franklin,250861001366,Franklin,2508610,best_match
42.306163,-71.171237,Newton,MA,119 Harwich Rd,elementary,Mem Spaulding,250861001373,Memorial Spaulding,2508610,distinctive_token
42.322251,-71.190207,Newton,MA,42 Bow Rd,elementary,Bowen Elementary,250861001358,Bowen,2508610,best_match
42.319594,-71.172561,Newton,MA,20 Hammond Pond Pkwy Apt 201,elementary,Bowen /Mem Spaulding,250861001358,Bowen,2508610,best_match
42.315593,-71.208639,Newton,MA,130 Winchester St,elementary,Countryside,250861001362,Countryside,2508610,best_match
42.310001,-71.223183,Newton,MA,56 Indiana Ter Unit 56,elementary,Countryside,250861001362,Countryside,2508610,best_match
42.351621,-71.188621,Newton,MA,56 Bennington St,elementary,Underwood,250861001379,Underwood,2508610,best_match
42.355914,-71.236817,Newton,MA,262 River St,elementary,Burr/Franklin,250861001366,Franklin,2508610,best_match
42.318253,-71.2258,Newton,MA,908 Chestnut St Unit 906,elementary,Angier,250861001356,A E Angier,2508610,best_match
42.322001,-71.193545,Newton,MA,56 Daniel St,elementary,Bowen,250861001358,Bowen,2508610,best_match
42.35564,-71.176648,Newton,MA,17 Copley St,elementary,Underwood,250861001379,Underwood,2508610,best_match
42.32651,-71.229658,Newton,MA,458 Woodward St,elementary,Angier,250861001356,A E Angier,2508610,best_match
42.321374,-71.179806,Newton,MA,250 Hammond Pond Pkwy Apt 907N,elementary,Bowen,250861001358,Bowen,2508610,best_match
42.35746,-71.198723,Newton,MA,236-238 Adams St,elementary,Lincoln Eliot,250861001370,Lincoln-Eliot,2508610,best_match
42.322615,-71.19804,Newton,MA,44 Rowena Rd,elementary,Newton,250861001657,Newton Early Childhood Program,2508610,best_match
42.292669,-71.185364,Newton,MA,29 Hanson Rd,elementary,Memorial Spaulding,250861001373,Memorial Spaulding,2508610,best_match
42.294211,-71.183727,Newton,MA,58 Bontempo Rd,elementary,Memorial Spaulding Elementary,250861001373,Memorial Spaulding,2508610,best_match
42.320558,-71.220695,Newton,MA,148 Stanley Rd,elementary,Angier/Zervos,250861001356,A E Angier,2508610,distinctive_token
42.337781,-71.195209,Newton,MA,524 Ward St,elementary,Mason Rice,250861001371,Mason-Rice,2508610,best_match
42.334383,-71.184357,Newton,MA,1 Croftdale Rd,elementary,"Ward, Mason Rice",250861001371,Mason-Rice,2508610,best_match
42.30646,-71.1701,Newton,MA,28 Kesseler Way,elementary,Mem Spaulding,250861001373,Memorial Spaulding,2508610,distinctive_token
42.327115,-71.231573,Newton,MA,20 Kinmonth Rd Unit 203,elementary,Angier,250861001356,A E Angier,2508610,best_match
42.310782,-71.18945,Newton,MA,99 Littlefield Rd,elementary,Memorial Spaulding,250861001373,Memorial Spaulding,2508610,best_match
42.331779,-71.185912,Newton,MA,625 Beacon St,elementary,Mason-Rice Elementary Buffer,250861001371,Mason-Rice,2508610,best_match
42.356087,-71.218414,Newton,MA,105-107 Warwick Rd,elementary,Franklin,250861001366,Franklin,2508610,best_match
42.319594,-71.172561,Newton,MA,20 Hammond Pond Pkwy Apt 302,elementary,Bowen,250861001358,Bowen,2508610,best_match
42.348568,-71.23907,Newton,MA,284 Webster St,elementary,Burr Elementary School,250861001359,C C Burr,2508610,distinctive_token
42.306822,-71.181895,Newton,MA,120 Cynthia Rd,elementary,Spaulding,250861001373,Memorial Spaulding,2508610,best_match
42.348109,-71.24187,Newton,MA,107 Rowe St,elementary,Burr,250861001359,C C Burr,2508610,best_match
42.322857,-71.185493,Newton,MA,315 Langley Rd Unit B,elementary,Bowen,250861001358,Bowen,2508610,best_match
42.321987,-71.236232,Newton,MA,470 Quinobequin Rd,elementary,Angier,250861001356,A E Angier,2508610,best_match
42.345845,-71.240807,Newton,MA,1935 Commonwealth Ave Unit 1935,elementary,Williams,250861001382,Williams,2508610,best_match
42.339377,-71.21025,Newton,MA,136 Beaumont Ave,elementary,Cabot,250861001360,Cabot,2508610,best_match
42.349213,-71.215179,Newton,MA,123-125 Mount Vernon St Unit 1,elementary,Cabot Elementary,250861001360,Cabot,2508610,best_match
42.323508,-71.186729,Newton,MA,287 Langley Rd Unit 6,elementary,Bowen,250861001358,Bowen,2508610,best_match
42.305992,-71.185256,Newton,MA,142 Hartman Rd,elementary,Memorial Spaulding,250861001373,Memorial Spaulding,2508610,best_match
42.355101,-71.230306,Newton,MA,100 Westland Ave,elementary,Burr,250861001359,C C Burr,2508610,best_match
42.353629,-71.21421,Newton,MA,712 Watertown St Unit 712,elementary,Horace Mann,250861001367,Horace Mann,2508610,best_match
42.307751,-71.178734,Newton,MA,458 Dudley Rd,elementary,Memorial Spaulding,250861001373,Memorial Spaulding,2508610,best_match
42.322857,-71.185493,Newton,MA,315 Langley Rd Unit A,elementary,Bowen,250861001358,Bowen,2508610,best_match
42.354969,-71.204842,Newton,MA,75 Prescott St Unit 3,elementary,Horace Mann Elementary School,250861001367,Horace Mann,2508610,best_match
42.323394,-71.235773,Newton,MA,34 Pilgrim Rd,elementary,Angier,250861001356,A E Angier,2508610,best_match
42.322006,-71.206978,Newton,MA,1151 Walnut St Unit 406,elementary,Mason-Rice,250861001371,Mason-Rice,2508610,best_match
42.128527,-71.378422,Norfolk,MA,20 Litchfield Ave,elementary,Hod/Freeman Kennedy,250864001384,Freeman-Kennedy School,2508640,best_match
42.112131,-71.314049,Norfolk,MA,45 Needham St,elementary,Hod/Freeman,250864001384,Freeman-Kennedy School,2508640,distinctive_token
42.098701,-71.309725,Norfolk,MA,21 Marshall St,elementary,Kennedy,250864001384,Freeman-Kennedy School,2508640,best_match
42.131002,-71.325702,Norfolk,MA,30 Stanhope Dr,elementary,Hod/Freeman,250864001384,Freeman-Kennedy School,2508640,distinctive_token
42.101827,-71.336294,Norfolk,MA,20 Chickadee Dr,elementary,H Olive Day/ Freeman Kennedy,250864001384,Freeman-Kennedy School,2508640,distinctive_token
42.089182,-71.303831,Norfolk,MA,7 Sharon Ave,elementary,H Olive Day; Freeman Kennedy,250864001384,Freeman-Kennedy School,2508640,distinctive_token
42.123643,-71.374301,Norfolk,MA,39 Leland Rd,elementary,Freemankennedy,,,,
42.12672,-71.329636,Norfolk,MA,54 Rockwood Rd,elementary,Olive Day And Freeman-Kennedy,250864001384,Freeman-Kennedy School,2508640,best_match
42.125212,-71.379082,Norfolk,MA,10 Populatic Street Ext,elementary,Freeman / Hod,250864001384,Freeman-Kennedy School,2508640,distinctive_token
42.147332,-71.310871,Norfolk,MA,49 Noon Hill Ave,elementary,Hod/Freeman,250864001384,Freeman-Kennedy School,2508640,distinctive_token
42.105929,-71.342954,Norfolk,MA,21 Bridie Ln,elementary,H Olive Day School,250864000317,H Olive Day,2508640,best_match
42.13062,-71.318961,Norfolk,MA,99 Boardman St,elementary,Freeman Kennedy,250864001384,Freeman-Kennedy School,2508640,best_match
42.114313,-71.338093,Norfolk,MA,18 Keeney Pond Rd,elementary,H.Olive Day/Fk,250864000317,H Olive Day,2508640,best_match
42.093495,-71.329839,Norfolk,MA,16 Beaverbrook Rd,elementary,"Day, Freeman/Kennedy",250864001384,Freeman-Kennedy School,2508640,best_match
42.135175,-71.317965,Norfolk,MA,27 Cleary Cir Unit 27,elementary,Hod / Freeman,250864001384,Freeman-Kennedy School,2508640,distinctive_token
42.133575,-71.307586,Norfolk,MA,9 Brookside Ln,elementary,H.Olive Day/Freeman Kennedy,250864001384,Freeman-Kennedy School,2508640,distinctive_token
42.122266,-71.322839,Norfolk,MA,15 Ware Dr,elementary,Hod/Fk,,,,
42.115811,-71.324232,Norfolk,MA,42 North St,elementary,Freeman Kennedy,250864001384,Freeman-Kennedy School,2508640,best_match
42.132631,-71.306318,Norfolk,MA,12 Brookside Ln,elementary,H. Olive Day/Freedman Kennedy,250864000317,H Olive Day,2508640,best_match
42.098873,-71.356273,Norfolk,MA,Waites Xing Lot 28,elementary,Freeman Kennedy,250864001384,Freeman-Kennedy School,2508640,best_match
42.128589,-71.360302,Norfolk,MA,104 Myrtle St,elementary,Hod/Freeman,250864001384,Freeman-Kennedy School,2508640,distinctive_token
42.132559,-71.375175,Norfolk,MA,16 Westfield Dr,elementary,H. Olive Day & Freeman-Kennedy,250864000317,H Olive Day,2508640,embedding
42.110039,-71.334586,Norfolk,MA,6 Trailside Way,elementary,H Olive Day/Freeman Kennedy,250864001384,Freeman-Kennedy School,2508640,distinctive_token
42.102366,-71.329542,Norfolk,MA,4 Quail Run Rd,elementary,Norfolk,,,,
42.095399,-71.360739,Norfolk,MA,Waites Xing Lot 9,elementary,Freeman Kennedy,250864001384,Freeman-Kennedy School,2508640,best_match
42.124055,-71.340161,Norfolk,MA,10 Barnstable Rd,elementary,H. Olive Day / Freeman-Kennedy,250864001384,Freeman-Kennedy School,2508640,distinctive_token
42.095377,-71.360048,Norfolk,MA,Waites Xing Lot 10,elementary,Freeman Kennedy,250864001384,Freeman-Kennedy School,2508640,best_match
42.138348,-71.307571,Norfolk,MA,57 Thomas Mann Cir Unit 33,elementary,H.Olive Day/Fk,250864000317,H Olive Day,2508640,best_match
42.120838,-71.326462,Norfolk,MA,1 Sumner St Unit 7,elementary,Hod/Freeman,250864001384,Freeman-Kennedy School,2508640,distinctive_token
42.126276,-71.377483,Norfolk,MA,11 Elliot Mls Unit 6,elementary,Freeman Kennedy,250864001384,Freeman-Kennedy School,2508640,best_match
42.096958,-71.360176,Norfolk,MA,22 Waites Xing,elementary,Freeman Kennedy,250864001384,Freeman-Kennedy School,2508640,best_match
42.134947,-71.318499,Norfolk,MA,15 Cleary Cir Unit 15,elementary,H.Olive Day/Fk,250864000317,H Olive Day,2508640,best_match
42.137436,-71.306236,Norfolk,MA,27 Thomas Mann Cir Unit 18,elementary,H.Olive Day/Fk,250864000317,H Olive Day,2508640,best_match
42.137703,-71.307549,Norfolk,MA,47 Thomas Mann Cir Unit 28,elementary,H.Olive Day/Fk,250864000317,H Olive Day,2508640,best_match
42.134947,-71.318499,Norfolk,MA,15 Cleary Cir Unit 15,elementary,H.Olive Day/Fk,250864000317,H Olive Day,2508640,best_match
42.120738,-71.327289,Norfolk,MA,1 Sumner St,elementary,Hod/Freeman,250864001384,Freeman-Kennedy School,2508640,distinctive_token
42.09586,-71.360062,Norfolk,MA,14 Waites Crossing Way,elementary,Freeman Kennedy,250864001384,Freeman-Kennedy School,2508640,best_match
42.093486,-71.360372,Norfolk,MA,18 Elliot Mls Unit 25,elementary,Freeman Kennedy,250864001384,Freeman-Kennedy School,2508640,best_match
42.137367,-71.306839,Norfolk,MA,35 Thomas Mann Cir Unit 22,elementary,H.Olive Day/Fk,250864000317,H Olive Day,2508640,best_match
42.137363,-71.306557,Norfolk,MA,31 Thomas Mann Cir Unit 20,elementary,H.Olive Day/Fk,250864000317,H Olive Day,2508640,best_match
42.093486,-71.360372,Norfolk,MA,5 Elliot Mls Unit 3,elementary,Freeman Kennedy,250864001384,Freeman-Kennedy School,2508640,best_match
42.137367,-71.306839,Norfolk,MA,33 Thomas Mann Cir Unit 21,elementary,H.Olive Day/Fk,250864000317,H Olive Day,2508640,best_match
42.690984,-73.115889,North Adams,MA,325 Walnut St,elementary,Brayton,250867001390,Brayton,2508670,best_match
42.70266,-73.169289,North Adams,MA,127-129 Ashton Ave,elementary,Brayton,250867001390,Brayton,2508670,best_match
42.691655,-73.138548,North Adams,MA,354 Notch Rd,elementary,Brayton,250867001390,Brayton,2508670,best_match
42.708389,-73.116632,North Adams,MA,29 Nelson St,elementary,Brayton,250867001390,Brayton,2508670,best_match
42.658836,-73.094528,North Adams,MA,6 Navajo Dr,elementary,Colegrove Park,250867001388,Colegrove Park Elementary,2508670,best_match
42.695112,-73.137907,North Adams,MA,90 Brickyard Ct,elementary,Brayton,250867001390,Brayton,2508670,best_match
42.693325,-73.077469,North Adams,MA,2 Duane Ave,elementary,Colegrove Park,250867001388,Colegrove Park Elementary,2508670,best_match
42.696418,-73.134507,North Adams,MA,84 Notch Rd,elementary,Brayton,250867001390,Brayton,2508670,best_match
42.70396,-73.11342,North Adams,MA,1-3 Brook Ter,elementary,Brayton,250867001390,Brayton,2508670,best_match
42.695065,-73.089206,North Adams,MA,674 Mohawk Trl,elementary,Brayton,250867001390,Brayton,2508670,best_match
42.704588,-73.111544,North Adams,MA,71 N Holden St,elementary,Brayton,250867001390,Brayton,2508670,best_match
42.697683,-73.13035,North Adams,MA,54 Richview Ave,elementary,Colegrove Park,250867001388,Colegrove Park Elementary,2508670,best_match
42.703773,-73.112444,North Adams,MA,36 Chase Ave,elementary,Brayton,250867001390,Brayton,2508670,best_match
42.657356,-73.095055,North Adams,MA,12 Apache Dr,elementary,Brayton,250867001390,Brayton,2508670,best_match
42.6902,-73.113482,North Adams,MA,335 State St,elementary,Brayton,250867001390,Brayton,2508670,best_match
42.69417,-73.154191,North Adams,MA,48 Foucher Ave,elementary,Greylock,250867001389,Greylock,2508670,best_match
42.706168,-73.102028,North Adams,MA,142 Franklin St,elementary,Colegrove Park,250867001388,Colegrove Park Elementary,2508670,best_match
42.697281,-73.105743,North Adams,MA,145-147 Pleasant St,elementary,Brayton,250867001390,Brayton,2508670,best_match
42.707149,-73.121698,North Adams,MA,101 Harris St,elementary,Brayton,250867001390,Brayton,2508670,best_match
42.69223,-73.116282,North Adams,MA,281 Walnut St,elementary,Brayton,250867001390,Brayton,2508670,best_match
42.705869,-73.114368,North Adams,MA,16 North St,elementary,Colegrove Park,250867001388,Colegrove Park Elementary,2508670,best_match
42.679337,-73.097324,North Adams,MA,842 Church St,elementary,Brayton,250867001390,Brayton,2508670,best_match
42.706013,-73.105601,North Adams,MA,20 Marietta St,elementary,Brayton,250867001390,Brayton,2508670,best_match
42.690899,-73.085705,North Adams,MA,960 W Shaft Rd,elementary,Colegrove Park,250867001388,Colegrove Park Elementary,2508670,best_match
42.698749,-73.090892,North Adams,MA,651 E Main St,elementary,J S Sullivan,,,,
42.701759,-73.100174,North Adams,MA,243 Union St Ste 103,elementary,Colegrove Park,250867001388,Colegrove Park Elementary,2508670,best_match
42.7029,-73.102924,North Adams,MA,47 Beacon St,elementary,Brayton,250867001390,Brayton,2508670,best_match
42.70612,-73.085816,North Adams,MA,11 Burnham St,elementary,Greylock,250867001389,Greylock,2508670,best_match
42.690845,-73.115288,North Adams,MA,336 Walnut St,elementary,Brayton,250867001390,Brayton,2508670,best_match
42.701492,-73.151489,North Adams,MA,1051-1053 Massachusetts Ave,elementary,Brayton,250867001390,Brayton,2508670,best_match
42.691132,-73.142899,North Adams,MA,367 Notch Rd,elementary,Brayton,250867001390,Brayton,2508670,best_match
42.696995,-73.131946,North Adams,MA,52 W End Ter,elementary,Colegrove Park,250867001388,Colegrove Park Elementary,2508670,best_match
42.699673,-73.109245,North Adams,MA,19 Church St Unit 10,elementary,Colegrove Park,250867001388,Colegrove Park Elementary,2508670,best_match
42.704451,-73.104038,North Adams,MA,168 Prospect St,elementary,Colegrove Park,250867001388,Colegrove Park Elementary,2508670,best_match
42.690933,-73.089572,North Adams,MA,54 Pine Hill Ter,elementary,Brayton,250867001390,Brayton,2508670,best_match
42.69174,-73.141553,North Adams,MA,45 Woodlawn Ave,elementary,Brayton,250867001390,Brayton,2508670,best_match
42.699627,-73.111916,North Adams,MA,32 Holden St Unit 32,elementary,Colegrove Park,250867001388,Colegrove Park Elementary,2508670,best_match
42.709522,-73.113122,North Adams,MA,8 Fuller St,elementary,Colegrove Park,250867001388,Colegrove Park Elementary,2508670,best_match
42.697475,-73.150065,North Adams,MA,25 Taft St,elementary,Brayton,250867001390,Brayton,2508670,best_match
42.706978,-73.113874,North Adams,MA,273 Houghton St,elementary,Colegrove Park,250867001388,Colegrove Park Elementary,2508670,best_match
42.69694,-73.109317,North Adams,MA,58 Quincy St,elementary,Brayton,250867001390,Brayton,2508670,best_match
42.703495,-73.118774,North Adams,MA,14-18 Loftus St Unit 0,elementary,Brayton,250867001390,Brayton,2508670,best_match
42.702012,-73.105788,North Adams,MA,41 Prospect St,elementary,Brayton,250867001390,Brayton,2508670,best_match
42.698121,-73.129946,North Adams,MA,30 Richview Ave,elementary,Brayton,250867001390,Brayton,2508670,best_match
42.687901,-73.102946,North Adams,MA,221 Corinth St,elementary,Brayton,250867001390,Brayton,2508670,best_match
42.706311,-73.115728,North Adams,MA,57 North St,elementary,Greylock,250867001389,Greylock,2508670,best_match
42.704891,-73.10984,North Adams,MA,94-96 Liberty St,elementary,Greylock,250867001389,Greylock,2508670,best_match
42.697523,-73.107331,North Adams,MA,49A Arnold Pl,elementary,Colegrove Park,250867001388,Colegrove Park Elementary,2508670,best_match
42.704456,-73.12014,North Adams,MA,32 Hathaway St,elementary,Colegrove Park,250867001388,Colegrove Park Elementary,2508670,best_match
42.69694,-73.109317,North Adams,MA,58 Quincy St,elementary,Brayton,250867001390,Brayton,2508670,best_match
42.693487,-73.115852,North Adams,MA,123 Francis St,elementary,Colegrove Park,250867001388,Colegrove Park Elementary,2508670,best_match
42.703705,-73.113007,North Adams,MA,29-31 Chase Ave,elementary,Brayton,250867001390,Brayton,2508670,best_match
42.705311,-73.11235,North Adams,MA,129-131 Liberty St,elementary,Greylock,250867001389,Greylock,2508670,best_match
42.704163,-73.109314,North Adams,MA,73-75 Hall St,elementary,J S Sullivan,,,,
42.696189,-73.102562,North Adams,MA,81 Cherry St,elementary,Brayton,250867001390,Brayton,2508670,best_match
42.697733,-73.144056,North Adams,MA,280 State Rd,elementary,Greylock,250867001389,Greylock,2508670,best_match
42.691132,-73.142899,North Adams,MA,367 Notch Rd,elementary,Brayton,250867001390,Brayton,2508670,best_match
42.697933,-73.151634,North Adams,MA,520 State Rd Unit 303,elementary,Brayton,250867001390,Brayton,2508670,best_match
42.698683,-73.153548,North Adams,MA,520 State Rd Unit 309,elementary,Brayton,250867001390,Brayton,2508670,best_match
42.697487,-73.149986,North Adams,MA,31 Taft St,elementary,Brayton,250867001390,Brayton,2508670,best_match
42.697933,-73.151634,North Adams,MA,520 State Rd Unit 303,elementary,Brayton,250867001390,Brayton,2508670,best_match
42.675203,-73.135354,North Adams,MA,Reservoir Rd Lot 16,elementary,Greylock,250867001389,Greylock,2508670,best_match
42.698683,-73.153548,North Adams,MA,520 State Rd Unit 309,elementary,Brayton,250867001390,Brayton,2508670,best_match
42.69582,-73.060716,North Adams,MA,202-0-2 Mohawk Trl,elementary,Colegrove Park,250867001388,Colegrove Park Elementary,2508670,best_match
42.689151,-71.061158,North Andover,MA,101 Bruin Hill Rd,elementary,Franklin,250870001395,Franklin,2508700,best_match
42.693866,-71.072882,North Andover,MA,67 Glencrest Dr,elementary,Franklin Grades 1-5,250870001395,Franklin,2508700,best_match
42.695584,-71.1299,North Andover,MA,88 Mifflin Dr,elementary,Thomson Elementary,250870001399,Thomson,2508700,best_match
42.673,-71.089474,North Andover,MA,59 Bannan Dr,elementary,Sargent,250870000767,Annie L Sargent School,2508700,best_match
42.701204,-71.130348,North Andover,MA,173 Main St Apt 3,elementary,Thompson,250870001399,Thomson,2508700,embedding
42.637367,-71.052847,North Andover,MA,247 Webster Woods Ln,elementary,Annie Sargent,250870000767,Annie L Sargent School,2508700,best_match
42.660946,-71.064674,North Andover,MA,158 Forest St,elementary,Annie L Sargent School,250870000767,Annie L Sargent School,2508700,best_match
42.651911,-71.082596,North Andover,MA,345 Raleigh Tavern Ln,elementary,Annie Sargent,250870000767,Annie L Sargent School,2508700,best_match
42.69446,-71.112818,North Andover,MA,20 Mill Pond Unit 20,elementary,Kittredge Elementary School,250870001396,Kittredge,2508700,best_match
42.675237,-71.106795,North Andover,MA,107 Sandra Ln,elementary,Franklin,250870001395,Franklin,2508700,best_match
42.693388,-71.131149,North Andover,MA,23 Mifflin Dr,elementary,Atkinson Elementary School,250870001393,Atkinson,2508700,best_match
42.689395,-71.079621,North Andover,MA,236 Bridle Path,elementary,Franklin,250870001395,Franklin,2508700,best_match
42.624302,-71.060412,North Andover,MA,2 Harvest Dr Unit 108,elementary,Franklin Elementary School,250195000047,Bancroft Elementary,2501950,distinctive_token
42.694699,-71.126543,North Andover,MA,64 Greene St,elementary,Atkinson,250870001393,Atkinson,2508700,best_match
42.648947,-71.059724,North Andover,MA,25 Turtle Ln,elementary,Sargent,250870000767,Annie L Sargent School,2508700,best_match
42.694982,-71.140444,North Andover,MA,128 Mablin Ave,elementary,Atkinson,250870001393,Atkinson,2508700,best_match
42.677233,-71.09287,North Andover,MA,159 Appleton St,elementary,Franklin Elementary,250870001395,Franklin,2508700,best_match
42.698613,-71.127673,North Andover,MA,266 Main St,elementary,Thomson,250870001399,Thomson,2508700,best_match
42.663828,-71.103436,North Andover,MA,22 Wild Rose Dr,elementary,Sargent,250870000767,Annie L Sargent School,2508700,best_match
42.674727,-71.1002,North Andover,MA,361 Marbleridge Rd,elementary,Annie L. Sargent School,250870000767,Annie L Sargent School,2508700,best_match
42.645843,-71.062143,North Andover,MA,58 Pheasant Brook Rd,elementary,Annie L Sargent Elementary,250870000767,Annie L Sargent School,2508700,best_match
42.720038,-71.107118,North Andover,MA,103 Barker St,elementary,Kittredge Elementary,250870001396,Kittredge,2508700,best_match
42.669279,-71.094585,North Andover,MA,210 Abbott St,elementary,Annie Sargent,250870000767,Annie L Sargent School,2508700,best_match
42.651412,-71.057803,North Andover,MA,15 Long Pasture Rd,elementary,Annie Sargent,250870000767,Annie L Sargent School,2508700,best_match
42.70331,-71.127697,North Andover,MA,148 Main St Apt A309,elementary,Thomson Elementary School,250870001399,Thomson,2508700,best_match
42.678016,-71.098534,North Andover,MA,335 Salem St,elementary,Annie L Sargent School,250870000767,Annie L Sargent School,2508700,best_match
42.682746,-71.114526,North Andover,MA,44 Andover St,elementary,Franklin,250870001395,Franklin,2508700,best_match
42.661674,-71.11727,North Andover,MA,324 Hillside Rd,elementary,No. Andover,,,,
42.683902,-71.124246,North Andover,MA,210 Chickering Rd Unit 307A,elementary,Atkinson Elementary,250870001393,Atkinson,2508700,best_match
42.668192,-71.038055,North Andover,MA,770 Boxford St,elementary,Annie L Sargent Elementary,250870000767,Annie L Sargent School,2508700,best_match
42.708136,-71.122077,North Andover,MA,69 Prospect St Unit 2,elementary,Thomson,250870001399,Thomson,2508700,best_match
42.699192,-71.135139,North Andover,MA,207 Middlesex St,elementary,Choice Of 5,,,,
42.672898,-71.110653,North Andover,MA,25 Greenwood East Ln,elementary,Franklin,250870001395,Franklin,2508700,best_match
42.674381,-71.096908,North Andover,MA,45 Woodberry Ln,elementary,Sargent,250870000767,Annie L Sargent School,2508700,best_match
42.684874,-71.12442,North Andover,MA,39 Farrwood Ave Apt 1,elementary,Franklin Elementary,250870001395,Franklin,2508700,best_match
42.632334,-71.071633,North Andover,MA,23 Palomino Dr,elementary,Franklin,250870001395,Franklin,2508700,best_match
42.695209,-71.121115,North Andover,MA,52 Russell St,elementary,Kittredge,250870001396,Kittredge,2508700,best_match
42.693388,-71.131149,North Andover,MA,23 Mifflin Dr,elementary,Atkinson Elementary School,250870001393,Atkinson,2508700,best_match
42.683902,-71.124246,North Andover,MA,190 Chickering Rd Unit 311D,elementary,Atkinson Elementary,250870001393,Atkinson,2508700,best_match
42.677759,-71.095152,North Andover,MA,30 Anne Rd,elementary,Sargent,250870000767,Annie L Sargent School,2508700,best_match
42.703709,-71.131783,North Andover,MA,94 Main St,elementary,Thomson Elementary School,250870001399,Thomson,2508700,best_match
42.691519,-71.11737,North Andover,MA,247 Osgood St,elementary,Atkinson,250870001393,Atkinson,2508700,best_match
42.692936,-71.137134,North Andover,MA,56 Jetwood St Unit 56,elementary,Atkinson Elementary School,250870001393,Atkinson,2508700,best_match
42.691519,-71.11737,North Andover,MA,247 Osgood St,elementary,Atkinson,250870001393,Atkinson,2508700,best_match
42.642646,-71.050148,North Andover,MA,13 Laconia Cir,elementary,Sargent,250870000767,Annie L Sargent School,2508700,best_match
42.708136,-71.122077,North Andover,MA,69 Prospect St Unit 2,elementary,Thomson,250870001399,Thomson,2508700,best_match
41.999554,-71.304729,North Attleborough Town,MA,41 Wagon Wheel Rd,elementary,Joseph P.Martin School,250873001404,Joseph W Martin Jr Elementary,2508730,distinctive_token
41.960944,-71.328234,North Attleborough Town,MA,96 Glenfield Rd,elementary,Amvet Blvd,250873001401,Amvet Boulevard,2508730,distinctive_token
41.960022,-71.334999,North Attleborough Town,MA,110 Colonial Rd,elementary,Amuet Blvd School,,,,
41.994631,-71.307635,North Attleborough Town,MA,22 Chickadee Way,elementary,Martin,250873001404,Joseph W Martin Jr Elementary,2508730,best_match
41.955041,-71.318217,North Attleborough Town,MA,23 Richard K Stevens Dr,elementary,Falls Elementary,250873001402,Falls,2508730,best_match
41.953875,-71.366364,North Attleborough Town,MA,26 Charles W Barth Dr,elementary,Amvet Blvd,250873001401,Amvet Boulevard,2508730,distinctive_token
41.988492,-71.326553,North Attleborough Town,MA,147 Smith St,elementary,Joseph W Martin Jr,250873001404,Joseph W Martin Jr Elementary,2508730,best_match
41.972305,-71.326458,North Attleborough Town,MA,49 Charles St,elementary,Falls,250873001402,Falls,2508730,best_match
41.971798,-71.31975,North Attleborough Town,MA,426 Mount Hope St Unit 308,elementary,North Attleboro,250873001409,North Attleborough Early Learning Center,2508730,distinctive_token
41.945338,-71.374286,North Attleborough Town,MA,90 Huntsbridge Rd,elementary,Amvet Blvd,250873001401,Amvet Boulevard,2508730,distinctive_token
41.979848,-71.343942,North Attleborough Town,MA,58 Johnson St,elementary,Roosevelt And Amvet,,,,
41.986396,-71.334966,North Attleborough Town,MA,36 Leonard St,elementary,Community School,250873001199,Community,2508730,best_match
41.980567,-71.340415,North Attleborough Town,MA,137 Sumner St,elementary,Roosevelt/Amvet,250873001408,Roosevelt Avenue,2508730,slash_split
41.980326,-71.306811,North Attleborough Town,MA,103 Laurelwood Dr,elementary,Martin Elementary School,250873001404,Joseph W Martin Jr Elementary,2508730,best_match
41.990145,-71.347709,North Attleborough Town,MA,126 Bayberry Rd,elementary,Roosevelt Elementary,250873001408,Roosevelt Avenue,2508730,distinctive_token
41.985772,-71.275924,North Attleborough Town,MA,92 Horace Darling Dr,elementary,Martin,250873001404,Joseph W Martin Jr Elementary,2508730,best_match
41.989861,-71.27374,North Attleborough Town,MA,151 Cranberry Rd,elementary,Martin,250873001404,Joseph W Martin Jr Elementary,2508730,best_match
42.001768,-71.308454,North Attleborough Town,MA,271 Cliff Dr,elementary,Martin,250873001404,Joseph W Martin Jr Elementary,2508730,best_match
41.960871,-71.335244,North Attleborough Town,MA,87 Eden Park Dr,elementary,Amvet Boulevard,250873001401,Amvet Boulevard,2508730,best_match
41.988561,-71.30561,North Attleborough Town,MA,12 Kristen Cir,elementary,Martin,250873001404,Joseph W Martin Jr Elementary,2508730,best_match
41.960596,-71.32139,North Attleborough Town,MA,45 Massasoit Dr,elementary,Falls Elementary,250873001402,Falls,2508730,best_match
41.991374,-71.275768,North Attleborough Town,MA,76 Mary Ann Way,elementary,Near Martin School. District,250873001404,Joseph W Martin Jr Elementary,2508730,distinctive_token
41.932201,-71.376325,North Attleborough Town,MA,51 Frederick A Nittel Dr,elementary,Amvet Blvd,250873001401,Amvet Boulevard,2508730,distinctive_token
41.986433,-71.292623,North Attleborough Town,MA,54 Westfield Dr,elementary,Martin,250873001404,Joseph W Martin Jr Elementary,2508730,best_match
41.986094,-71.330503,North Attleborough Town,MA,29 Fisher St,elementary,Community School,250873001199,Community,2508730,best_match
41.962974,-71.335545,North Attleborough Town,MA,11 Primrose Ter,elementary,Community,250873001199,Community,2508730,best_match
42.241904,-72.079117,North Brookfield,MA,30 Town Farm Rd,elementary,Nb Elem- Choice,,,,
42.25588,-72.113023,North Brookfield,MA,26 Old W Brookfield Rd,elementary,North Brookfield/Choice,250876001410,North Brookfield Elementary,2508760,distinctive_token
42.275448,-72.08316,North Brookfield,MA,331 N Main St,elementary,North Brookfield Elementary,250876001410,North Brookfield Elementary,2508760,best_match
42.270551,-72.090433,North Brookfield,MA,24 High St,elementary,North Brookfield Elementary,250876001410,North Brookfield Elementary,2508760,best_match
42.239335,-72.058508,North Brookfield,MA,5 Brickyard Rd,elementary,Nb-Choice,,,,
42.290069,-72.09193,North Brookfield,MA,80 New Braintree Rd,elementary,North Brookfield Elem,250876001410,North Brookfield Elementary,2508760,best_match
42.273179,-72.036735,North Brookfield,MA,7 Kittredge Rd,elementary,North Brookfiield,250876001410,North Brookfield Elementary,2508760,distinctive_token
42.241618,-72.078614,North Brookfield,MA,32 Town Farm Rd,elementary,North Brookfield Elementary,250876001410,North Brookfield Elementary,2508760,best_match
41.863451,-69.995256,North Eastham,MA,50 Silver Oak Rd,elementary,Eastham Elementary School,250453000607,Eastham Elementary,2504530,best_match
41.842756,-69.996368,North Eastham,MA,5 Weir Rd,elementary,Eastham,250453000607,Eastham Elementary,2504530,best_match
41.863451,-69.995256,North Eastham,MA,50 Silver Oak Rd,elementary,Eastham Elementary School,250453000607,Eastham Elementary,2504530,best_match
41.645494,-70.642386,North Falmouth,MA,47 Anchorage Rd,elementary,North Falmouth,250486000690,North Falmouth Elementary,2504860,best_match
41.846637,-70.930082,North Lakeville,MA,123 Nelsons Grove Rd,elementary,Assawompsett,250507002739,Assawompset Elementary School,2505070,embedding
41.876119,-70.919433,North Lakeville,MA,25 Riverside Dr Unit 25,elementary,Assawompsett,250507002739,Assawompset Elementary School,2505070,embedding
41.862827,-70.948916,North Lakeville,MA,91 Crooked Ln,elementary,Assawompset,250507002739,Assawompset Elementary School,2505070,best_match
41.874132,-70.91897,North Lakeville,MA,8 Bernards Way Unit 8,elementary,Assawompset,250507002739,Assawompset Elementary School,2505070,best_match
41.856174,-70.967463,North Lakeville,MA,80 Lebaron Blvd Unit 4,elementary,Assawompset Elementary,250507002739,Assawompset Elementary School,2505070,best_match
41.856953,-70.965633,North Lakeville,MA,9 Bunker Ln,elementary,Assawompset Elementary School,250507002739,Assawompset Elementary School,2505070,best_match
42.091803,-70.788914,North Pembroke,MA,37 Pleasant St,elementary,North Pembroke,250942001510,North Pembroke Elementary,2509420,best_match
42.104144,-70.789046,North Pembroke,MA,167 Schoosett St,elementary,North Pembroke,250942001510,North Pembroke Elementary,2509420,best_match
42.10141,-70.785255,North Pembroke,MA,161 Water St,elementary,North,250942001510,North Pembroke Elementary,2509420,best_match
41.970003,-70.693018,North Plymouth,MA,80 Cherry St,elementary,Hedge,250972001541,Hedge,2509720,best_match
41.978344,-70.69347,North Plymouth,MA,27 Howland St Unit 7,elementary,N. Morton,250972001545,Nathaniel Morton Elementary,2509720,distinctive_token
41.968183,-70.681313,North Plymouth,MA,15 Hall St,elementary,Hedge Elementary School,250972001541,Hedge,2509720,best_match
41.977041,-70.694672,North Plymouth,MA,50 Forest Ave Ext,elementary,Hedge,250972001541,Hedge,2509720,best_match
41.967865,-70.697067,North Plymouth,MA,8 Snapdragon,elementary,Nathaniel Morton,250972001545,Nathaniel Morton Elementary,2509720,best_match
42.574279,-71.032805,North Reading,MA,17 Elm St,elementary,Batchelder,250882001420,L D Batchelder,2508820,best_match
42.565566,-71.118704,North Reading,MA,408 Park St,elementary,E E Little,250882000505,E Ethel Little School,2508820,distinctive_token
42.599331,-71.130823,North Reading,MA,10 Flash Rd,elementary,J.Turner Hood School,250882001419,J Turner Hood,2508820,best_match
42.577119,-71.129988,North Reading,MA,9 Cold Spring Rd,elementary,The E.Ethel Little School,250882000505,E Ethel Little School,2508820,distinctive_token
42.59504,-71.046341,North Reading,MA,20 Dogwood Ln,elementary,Batchelder School,250882001420,L D Batchelder,2508820,best_match
42.565334,-71.095275,North Reading,MA,31 Cedar St,elementary,Batchelder Elementary,250882001420,L D Batchelder,2508820,distinctive_token
42.594752,-71.120572,North Reading,MA,8 Porter Rd,elementary,Hood,250882001419,J Turner Hood,2508820,best_match
42.570707,-71.064979,North Reading,MA,2 Appletree Ln,elementary,L D Batchelder,250882001420,L D Batchelder,2508820,best_match
42.597519,-71.131721,North Reading,MA,89 Old Andover Rd,elementary,J Turner Hood,250882001419,J Turner Hood,2508820,best_match
42.588239,-71.088559,North Reading,MA,11 Oscars Way,elementary,L D Batchelder,250882001420,L D Batchelder,2508820,best_match
42.573577,-71.070319,North Reading,MA,99 Park St,elementary,Batchelder,250882001420,L D Batchelder,2508820,best_match
42.569074,-71.064229,North Reading,MA,1 Fairbanks Ln,elementary,L.D. Batchelder School,250882001420,L D Batchelder,2508820,best_match
42.581543,-71.106275,North Reading,MA,37 Spruce Rd,elementary,E. Ethel Little School,250882000505,E Ethel Little School,2508820,best_match
42.583071,-71.108233,North Reading,MA,4 Wren Cir,elementary,E. Ethel Little School,250882000505,E Ethel Little School,2508820,best_match
42.585203,-71.074681,North Reading,MA,10 Lillian Dr,elementary,Batchelder,250882001420,L D Batchelder,2508820,best_match
42.580745,-71.059642,North Reading,MA,193 Elm St Unit 127,elementary,Batchelder,250882001420,L D Batchelder,2508820,best_match
42.584015,-71.087575,North Reading,MA,4 Burnham Dr,elementary,Batchelder,250882001420,L D Batchelder,2508820,best_match
42.58431,-71.097453,North Reading,MA,132 Central St,elementary,Little School,250882000505,E Ethel Little School,2508820,best_match
42.599632,-71.083385,North Reading,MA,6 Little Meadow Way,elementary,Hood,250882001419,J Turner Hood,2508820,best_match
42.594515,-71.083852,North Reading,MA,8 Charles St,elementary,Hood,250882001419,J Turner Hood,2508820,best_match
42.577705,-71.078892,North Reading,MA,158 Haverhill St,elementary,L.D. Batchelder,250882001420,L D Batchelder,2508820,best_match
42.573437,-71.047717,North Reading,MA,4 Macintyre Dr,elementary,L D Batchelder,250882001420,L D Batchelder,2508820,best_match
42.581036,-71.043436,North Reading,MA,20 Tarbox Ln,elementary,Batchelder,250882001420,L D Batchelder,2508820,best_match
42.566885,-71.074431,North Reading,MA,55 Chestnut St,elementary,Check With Supt,,,,
42.585057,-71.112672,North Reading,MA,7 Greenbriar Dr Apt 209,elementary,E. Ethel Little School,250882000505,E Ethel Little School,2508820,best_match
42.595489,-71.081725,North Reading,MA,14 Charles St,elementary,J Turner Hood,250882001419,J Turner Hood,2508820,best_match
42.583071,-71.108233,North Reading,MA,4 Wren Cir,elementary,E. Ethel Little School,250882000505,E Ethel Little School,2508820,best_match
42.581889,-71.128716,North Reading,MA,220 Martins Lndg Apt 104,elementary,J Turner Hood School,250882001419,J Turner Hood,2508820,best_match
42.565044,-71.066399,North Reading,MA,15 Park St Unit B,elementary,Ld Batchelder,250882001420,L D Batchelder,2508820,distinctive_token
42.597855,-71.076732,North Reading,MA,124 Marblehead St,elementary,Hood School,250882001419,J Turner Hood,2508820,best_match
42.579993,-71.109442,North Reading,MA,15 Nichols St,elementary,Little,250882000505,E Ethel Little School,2508820,best_match
42.566885,-71.074431,North Reading,MA,55 Chestnut St,elementary,Check With Supt,,,,
42.565044,-71.066399,North Reading,MA,15 Park St Unit B,elementary,Ld Batchelder,250882001420,L D Batchelder,2508820,distinctive_token
42.215594,-70.78073,North Scituate,MA,701 Country Way,elementary,Hatherly,251056001691,Hatherly Elementary,2510560,best_match
42.216026,-70.779096,North Scituate,MA,684 Country Way,elementary,Hatherly Elementary,251056001691,Hatherly Elementary,2510560,best_match
42.210327,-70.776753,North Scituate,MA,75 Mann Lot Rd,elementary,Cushing,251056001689,Cushing Elementary,2510560,best_match
42.216026,-70.779096,North Scituate,MA,684 Country Way,elementary,Hatherly Elementary,251056001691,Hatherly Elementary,2510560,best_match
42.2127,-70.755955,North Scituate,MA,12 Cairnslea Ln,elementary,Hatherly,251056001691,Hatherly Elementary,2510560,best_match
42.217834,-70.764118,North Scituate,MA,11 Carriage House Way,elementary,Hatherly,251056001691,Hatherly Elementary,2510560,best_match
41.885968,-71.337702,North Seekonk,MA,79 Bergeron St,elementary,Aitken,251059001696,Mildred Aitken School,2510590,best_match
42.332908,-72.673332,Northampton,MA,22 W Center St,elementary,Leeds,250885001431,Leeds,2508850,best_match
42.325797,-72.634499,Northampton,MA,19 Finn St,elementary,Jackson Street School,250885001429,Jackson Street,2508850,best_match
42.306623,-72.644193,Northampton,MA,374 South St,elementary,Bridge St,250885001425,Bridge Street,2508850,distinctive_token
42.291779,-72.671272,Northampton,MA,1196 Florence Rd,elementary,Bridge,250885001425,Bridge Street,2508850,best_match
42.326272,-72.645333,Northampton,MA,61 Massasoit St,elementary,Jackson,250885001429,Jackson Street,2508850,best_match
42.337705,-72.667743,Northampton,MA,17 Stilson Ave,elementary,Leeds,250885001431,Leeds,2508850,best_match
42.323546,-72.638382,Northampton,MA,26 Crescent St Apt G2,elementary,Jackson,250885001429,Jackson Street,2508850,best_match
42.335065,-72.665939,Northampton,MA,11 Plymouth Ave,elementary,Leeds Elementary,250885001431,Leeds,2508850,best_match
42.322835,-72.6861,Northampton,MA,30 Birch Hill Rd,elementary,R. K. Finn Ryan Road Elementar,250885001433,R. K. Finn Ryan Road,2508850,best_match
42.343337,-72.692665,Northampton,MA,304 Fairway Vlg Unit 304,elementary,Leeds,250885001431,Leeds,2508850,best_match
42.307077,-72.664513,Northampton,MA,59 Ice Pond Dr,elementary,Bridge/Private,250885001425,Bridge Street,2508850,distinctive_token
42.313852,-72.634282,Northampton,MA,39 Fort Hill Ter,elementary,Bridge St.,250885001425,Bridge Street,2508850,distinctive_token
42.301706,-72.714814,Northampton,MA,15 Tiffany Ln,elementary,Ryan Road,250885001433,R. K. Finn Ryan Road,2508850,best_match
42.326851,-72.646546,Northampton,MA,61 Woodlawn Ave,elementary,Jackson St,250885001429,Jackson Street,2508850,distinctive_token
42.326351,-72.645905,Northampton,MA,60 Massasoit,elementary,Jackson,250885001429,Jackson Street,2508850,best_match
42.323364,-72.678253,Northampton,MA,35-37 Indian Hl,elementary,Ryan Road Elem,250885001433,R. K. Finn Ryan Road,2508850,distinctive_token
42.322065,-72.633691,Northampton,MA,19 Trumbull Rd,elementary,Bridge,250885001425,Bridge Street,2508850,best_match
42.345229,-72.666258,Northampton,MA,33 Claire Ave,elementary,Leeds,250885001431,Leeds,2508850,best_match
42.336086,-72.648595,Northampton,MA,162 Prospect Ave Apt 7,elementary,Jackson St.,250885001429,Jackson Street,2508850,distinctive_token
42.291129,-72.687449,Northampton,MA,422 Park Hill Rd,elementary,Bridge St,250885001425,Bridge Street,2508850,distinctive_token
42.322407,-72.685582,Northampton,MA,48 Hickory Dr,elementary,Rk Finn,250885001433,R. K. Finn Ryan Road,2508850,distinctive_token
42.314915,-72.629163,Northampton,MA,36 Conz St,elementary,Bridge,250885001425,Bridge Street,2508850,best_match
42.337695,-72.659152,Northampton,MA,575 Bridge Rd Unit 13-4,elementary,Jackson Street School,250885001429,Jackson Street,2508850,best_match
42.301253,-72.703678,Northampton,MA,669 Westhampton Rd,elementary,Rk Finn Ryan Road,250885001433,R. K. Finn Ryan Road,2508850,distinctive_token
42.31472,-72.635043,Northampton,MA,60 Clark Ave,elementary,Bridge Street,250885001425,Bridge Street,2508850,best_match
42.32813,-72.629919,Northampton,MA,20 View Ave,elementary,Bridge St,250885001425,Bridge Street,2508850,distinctive_token
42.324941,-72.639908,Northampton,MA,88 Round Hill Rd Apt 2,elementary,Jackson Street,250885001429,Jackson Street,2508850,best_match
42.310435,-72.650999,Northampton,MA,35 Rust Ave,elementary,Jackson Street Elementary,250885001429,Jackson Street,2508850,best_match
42.307587,-72.641481,Northampton,MA,310 South St,elementary,Bridge St,250885001425,Bridge Street,2508850,distinctive_token
42.330392,-72.628236,Northampton,MA,29 Woodbine Ave,elementary,Private Montessori/Pub Bridge,250885001425,Bridge Street,2508850,distinctive_token
42.320019,-72.686706,Northampton,MA,68 Gilrain Ter,elementary,Ryan Road,250885001433,R. K. Finn Ryan Road,2508850,best_match
42.322793,-72.690146,Northampton,MA,142 Spruce Hill Ave,elementary,Ryan,250885001433,R. K. Finn Ryan Road,2508850,best_match
42.316927,-72.628279,Northampton,MA,23 Randolph Pl Apt 108,elementary,Northampton,,,,
42.321539,-72.617358,Northampton,MA,132 Cross Path Rd,elementary,Bridge,250885001425,Bridge Street,2508850,best_match
42.33615,-72.648559,Northampton,MA,162 Prospect Ave Apt 6,elementary,Jackson,250885001429,Jackson Street,2508850,best_match
42.319339,-72.681057,Northampton,MA,39 Stone Ridge Dr,elementary,Rk Finn Ryan,250885001433,R. K. Finn Ryan Road,2508850,distinctive_token
42.354558,-72.697558,Northampton,MA,58 Front St,elementary,Leeds Elementary,250885001431,Leeds,2508850,best_match
42.310551,-72.628193,Northampton,MA,94 Lyman Rd Unit B,elementary,Bridge St,250885001425,Bridge Street,2508850,distinctive_token
42.324748,-72.646552,Northampton,MA,15 Massasoit St,elementary,Jackson St.,250885001429,Jackson Street,2508850,distinctive_token
42.308068,-72.638987,Northampton,MA,21 Winthrop St,elementary,Bridge St,250885001425,Bridge Street,2508850,distinctive_token
42.319376,-72.645666,Northampton,MA,63 Dryads Grn,elementary,Jackson,250885001429,Jackson Street,2508850,best_match
42.357321,-72.69562,Northampton,MA,46 Evergreen Rd Apt 207,elementary,Leeds,250885001431,Leeds,2508850,best_match
42.310551,-72.628193,Northampton,MA,94 Lyman Rd Unit A,elementary,Bridge,250885001425,Bridge Street,2508850,best_match
42.342033,-72.69427,Northampton,MA,465 Spring St,elementary,Leeds,250885001431,Leeds,2508850,best_match
42.335447,-72.647531,Northampton,MA,65 Blackberry Ln,elementary,Jackson Street,250885001429,Jackson Street,2508850,best_match
42.3181,-72.652881,Northampton,MA,52 Ward Ave,elementary,Jackson Street,250885001429,Jackson Street,2508850,best_match
42.31982,-72.68161,Northampton,MA,17 Stone Ridge Dr,elementary,Rk Finn Ryan,250885001433,R. K. Finn Ryan Road,2508850,distinctive_token
42.332987,-72.640363,Northampton,MA,72 Barrett St Unit 315,elementary,Jackson,250885001429,Jackson Street,2508850,best_match
42.309175,-72.634601,Northampton,MA,62 Fairview Ave,elementary,Bridge Street,250885001425,Bridge Street,2508850,best_match
42.352561,-72.675736,Northampton,MA,49 Country Way,elementary,Leeds Ele,250885001431,Leeds,2508850,best_match
42.322701,-72.625046,Northampton,MA,5 Pomeroy Ter Unit 3,elementary,Bridge St,250885001425,Bridge Street,2508850,distinctive_token
42.337724,-72.637387,Northampton,MA,N King St,elementary,Bridge St,250885001425,Bridge Street,2508850,distinctive_token
42.323448,-72.692088,Northampton,MA,31 Golden Dr,elementary,Ryan Road Elementary,250885001433,R. K. Finn Ryan Road,2508850,distinctive_token
42.336653,-72.673263,Northampton,MA,41-43 N Main,elementary,Leeds,250885001431,Leeds,2508850,best_match
42.357321,-72.69562,Northampton,MA,46 Evergreen Rd Apt 310,elementary,Leeds,250885001431,Leeds,2508850,best_match
42.310897,-72.685518,Northampton,MA,866 Burts Pit Rd,elementary,Ryan Rd,250885001433,R. K. Finn Ryan Road,2508850,distinctive_token
42.328208,-72.629281,Northampton,MA,30 View Ave,elementary,Bridge St,250885001425,Bridge Street,2508850,distinctive_token
42.329285,-71.647317,Northborough,MA,15 Winter St,elementary,Zeh Elementary,,,,
42.301898,-71.64317,Northborough,MA,284 South St,elementary,Northborough,,,,
42.306701,-71.644908,Northborough,MA,206 South St,elementary,Fannie E. Proctor Elementary,250888001436,Fannie E Proctor,2508880,best_match
42.31397,-71.624047,Northborough,MA,47 Collins Rd,elementary,Peaslee Elementary School,250888001438,Marguerite E Peaslee,2508880,distinctive_token
42.352941,-71.642809,Northborough,MA,70 Newton St,elementary,Marion E. Zeh Elementary,250888001208,Marion E Zeh,2508880,best_match
42.294694,-71.648445,Northborough,MA,293 Davis St,elementary,Fannie E. Proctor Elementary,250888001436,Fannie E Proctor,2508880,best_match
42.325278,-71.630017,Northborough,MA,2 Sterling Ct,elementary,Zeh Elementary,251260002058,Elsie A Hastings Elementary,2512600,distinctive_token
42.290367,-71.646701,Northborough,MA,66 Indian Meadow Dr,elementary,Fannie E. Proctor Elementary,250888001436,Fannie E Proctor,2508880,best_match
42.309509,-71.659127,Northborough,MA,7 Cyrus Way Unit 7,elementary,Lincoln St,250888001437,Lincoln Street,2508880,distinctive_token
42.328623,-71.620587,Northborough,MA,162-164 E Main St,elementary,Peaslee,250888001438,Marguerite E Peaslee,2508880,best_match
42.312334,-71.661782,Northborough,MA,69 Oak Ave,elementary,Lincoln,250888001437,Lincoln Street,2508880,best_match
42.347953,-71.64024,Northborough,MA,18 Stone Dr,elementary,Marion E.Zeh Elementary,250888001208,Marion E Zeh,2508880,best_match
42.309509,-71.659127,Northborough,MA,7 Cyrus Way,elementary,Lincoln St,250888001437,Lincoln Street,2508880,distinctive_token
42.337379,-71.671063,Northborough,MA,2 Fawcett Orchard Rd,elementary,Lincoln Street School,250888001437,Lincoln Street,2508880,best_match
42.303875,-71.648008,Northborough,MA,60 Northgate Rd,elementary,Proctor,250888001436,Fannie E Proctor,2508880,best_match
42.317903,-71.635645,Northborough,MA,3 Winn Ter,elementary,Peaslee,250888001438,Marguerite E Peaslee,2508880,best_match
42.333267,-71.633417,Northborough,MA,125 Rice Ave,elementary,Zeh Elementary,,,,
42.30267,-71.651112,Northborough,MA,31 Jefferson Rd,elementary,Fannie E Proctor,250888001436,Fannie E Proctor,2508880,best_match
42.300341,-71.657695,Northborough,MA,104 SW Cutoff,elementary,Lincoln St,250888001437,Lincoln Street,2508880,distinctive_token
42.33983,-71.648883,Northborough,MA,43 Carriage Hill Rd,elementary,Marion E. Zeh School,250888001208,Marion E Zeh,2508880,best_match
42.32937,-71.67006,Northborough,MA,302 Church St,elementary,Lincoln,250888001437,Lincoln Street,2508880,best_match
42.309509,-71.659127,Northborough,MA,9 Cyrus Way Unit 9,elementary,Lincoln St,250888001437,Lincoln Street,2508880,distinctive_token
42.335572,-71.676355,Northborough,MA,42 Ball St,elementary,Lincoln St,250888001437,Lincoln Street,2508880,distinctive_token
42.295675,-71.649624,Northborough,MA,15 Lanthorn Rd,elementary,Proctor,250888001436,Fannie E Proctor,2508880,best_match
42.363887,-71.672868,Northborough,MA,59 Smith Rd,elementary,Lincoln,250888001437,Lincoln Street,2508880,best_match
42.309509,-71.659127,Northborough,MA,9 Cyrus Way,elementary,Lincoln St,250888001437,Lincoln Street,2508880,distinctive_token
42.149553,-71.664159,Northbridge,MA,42 Jessica Way,elementary,Northbridge Elementary School,250894001447,Northbridge Elementary School,2508940,best_match
42.12724,-71.631453,Northbridge,MA,11 Mendon Rd,elementary,Northbride Ele,,,,
42.115218,-71.669067,Northbridge,MA,195 Hill St,elementary,Balmer,,,,
42.124572,-71.674869,Northbridge,MA,30 Gill Ct,elementary,Northbridge,250894001447,Northbridge Elementary School,2508940,best_match
42.108089,-71.696776,Northbridge,MA,923 Main St,elementary,Whitinsville Christin School,,,,
42.121154,-71.685826,Northbridge,MA,413 Goldthwaite Rd,elementary,Northbridge,250894001447,Northbridge Elementary School,2508940,best_match
42.154296,-71.641204,Northbridge,MA,253 Shining Rock Dr,elementary,N'bridge Elem,,,,
42.102925,-71.647495,Northbridge,MA,182 Heritage Dr Unit 182,elementary,Northbridge,250894001447,Northbridge Elementary School,2508940,best_match
42.109593,-71.661716,Northbridge,MA,66 Linwood Ave,elementary,Northbridge/W Edward Balmer,250894001447,Northbridge Elementary School,2508940,distinctive_token
42.112515,-71.66964,Northbridge,MA,68 High St,elementary,Northbridge,250894001447,Northbridge Elementary School,2508940,best_match
42.128798,-71.676358,Northbridge,MA,150 Samuel Dr,elementary,Northbridge Elementary School,250894001447,Northbridge Elementary School,2508940,best_match
42.157297,-71.642478,Northbridge,MA,656 Shining Rock Dr,elementary,Northbridge Elementary,250894001447,Northbridge Elementary School,2508940,best_match
42.689613,-72.459419,Northfield,MA,30 Main St,elementary,Northfield,250960002614,Northfield Elementary,2509600,best_match
42.707865,-72.445747,Northfield,MA,65 Highland Ave,elementary,Northfield,250960002614,Northfield Elementary,2509600,best_match
42.706225,-72.439494,Northfield,MA,237 Birnam Rd,elementary,Northfield Elem K-6,250960002614,Northfield Elementary,2509600,best_match
42.707855,-72.450659,Northfield,MA,174 Main St,elementary,Northfield Elementary K-6,250960002614,Northfield Elementary,2509600,best_match
42.707865,-72.445747,Northfield,MA,65 Highland Ave,elementary,Northfield,250960002614,Northfield Elementary,2509600,best_match
42.724898,-72.464068,Northfield,MA,748 Mount Hermon Station Rd,elementary,Northfield,250960002614,Northfield Elementary,2509600,best_match
42.693802,-72.439489,Northfield,MA,10 Hidden Pond Ln,elementary,Northfield Elementary,250960002614,Northfield Elementary,2509600,best_match
42.689623,-72.43506,Northfield,MA,77 Old Turnpike Rd,elementary,Northfield Elem,250960002614,Northfield Elementary,2509600,best_match
42.671907,-72.442886,Northfield,MA,80 Lyman Rd,elementary,Northfield Elementary,250960002614,Northfield Elementary,2509600,best_match
42.649788,-72.415648,Northfield,MA,609 Gulf Rd,elementary,Northfield Elem,250960002614,Northfield Elementary,2509600,best_match
41.668543,-70.101514,Northwest Harwich,MA,231 Route 28 Apt 2,elementary,Harwich Elem,250054400840,Harwich Elementary School,2500544,best_match
41.975114,-71.123875,Norton,MA,8 Patlena Dr,elementary,L G Nourse Elementary School,250900001450,L G Nourse Elementary,2509000,best_match
41.949504,-71.14443,Norton,MA,101 Hill St,elementary,Lgn./Hay,,,,
41.972735,-71.123633,Norton,MA,12 Toad Island Rd,elementary,Lg Norse,,,,
41.936897,-71.199089,Norton,MA,123 John Scott Blvd,elementary,L.G. Nourse,250900001450,L G Nourse Elementary,2509000,best_match
41.99011,-71.191036,Norton,MA,298 Reservoir St,elementary,Jcs/Hay,,,,
41.958417,-71.236022,Norton,MA,83 N Worcester St,elementary,Jc Solmonese,250900001449,J C Solmonese,2509000,distinctive_token
41.994732,-71.167009,Norton,MA,1 Wilbur Ter Apt 6,elementary,Lgn/Hay,,,,
41.946708,-71.224021,Norton,MA,23 Sturdy St Unit 2,elementary,Solmonese Elem School,250900001449,J C Solmonese,2509000,distinctive_token
41.975121,-71.179784,Norton,MA,12 Talbot Dr,elementary,Solmonese/Yelle,250900001449,J C Solmonese,2509000,distinctive_token
41.979385,-71.138606,Norton,MA,145 Burt St Apt 2,elementary,L.G Nourse Elementary School,250900001450,L G Nourse Elementary,2509000,best_match
41.973617,-71.251696,Norton,MA,71 Richardson Ave,elementary,Jc Solmonese Elementary,250900001449,J C Solmonese,2509000,distinctive_token
41.982342,-71.129084,Norton,MA,118 Bay Rd,elementary,Lgn/Hay,,,,
41.967837,-71.154226,Norton,MA,98 S Washington St,elementary,L.G. Nourse,250900001450,L G Nourse Elementary,2509000,best_match
41.93689,-71.198524,Norton,MA,121 John Scott Blvd,elementary,L.G. Nourse,250900001450,L G Nourse Elementary,2509000,best_match
41.961407,-71.164006,Norton,MA,27 Germain Way Unit 4,elementary,L G Nourse Elementary School,250900001450,L G Nourse Elementary,2509000,best_match
41.958168,-71.158607,Norton,MA,16 Lloyd Cir Unit 30,elementary,L G Nourse Elementary School,250900001450,L G Nourse Elementary,2509000,best_match
41.960926,-71.164965,Norton,MA,31 Germain Way Unit 2,elementary,L G Nourse Elementary School,250900001450,L G Nourse Elementary,2509000,best_match
41.975121,-71.179784,Norton Center,MA,12 Talbot Dr,elementary,Solmonese/Yelle,250900001449,J C Solmonese,2509000,distinctive_token
42.129252,-70.811912,Norwell,MA,172 Tiffany Rd,elementary,Vinal,250903001458,William G Vinal,2509030,best_match
42.171555,-70.873893,Norwell,MA,49 Dana Rd,elementary,Cole Elementary,250903001454,Grace Farrar Cole,2509030,distinctive_token
42.16188,-70.87693,Norwell,MA,165-A High St,elementary,Grace Farrar Cole Elementary,250903001454,Grace Farrar Cole,2509030,best_match
42.173706,-70.818969,Norwell,MA,767 Grove St,elementary,Vinal,250903001458,William G Vinal,2509030,best_match
42.164527,-70.760172,Norwell,MA,44 Old Meeting House Ln,elementary,Vinal,250903001458,William G Vinal,2509030,best_match
42.175307,-70.798356,Norwell,MA,60 Old Oaken Bucket Rd,elementary,Vinal,250903001458,William G Vinal,2509030,best_match
42.126664,-70.804189,Norwell,MA,30 Leonard Ln,elementary,Vinal Elementary,250903001458,William G Vinal,2509030,distinctive_token
42.160552,-70.876152,Norwell,MA,179 High St,elementary,Cole Elementary,250903001454,Grace Farrar Cole,2509030,distinctive_token
42.144047,-70.821613,Norwell,MA,20 Centennial Way,elementary,Cole Elementary,250903001454,Grace Farrar Cole,2509030,distinctive_token
42.12689,-70.798074,Norwell,MA,26 Stetson Shrine Ln,elementary,Vinal Elementary,250903001458,William G Vinal,2509030,distinctive_token
42.146024,-70.832886,Norwell,MA,4 Pleasant St,elementary,Cole,250903001454,Grace Farrar Cole,2509030,best_match
42.177021,-70.771868,Norwell,MA,35 Satuit Meadow Ln,elementary,Vinal Elementary,250903001458,William G Vinal,2509030,distinctive_token
42.17627,-70.769029,Norwell,MA,71 Satuit Meadow Ln,elementary,Vinal,250903001458,William G Vinal,2509030,best_match
42.13749,-70.804648,Norwell,MA,175 Pine St,elementary,Cole,250903001454,Grace Farrar Cole,2509030,best_match
42.143944,-70.808997,Norwell,MA,26 Old Pottery Ln,elementary,Cole Elementary,250903001454,Grace Farrar Cole,2509030,distinctive_token
42.163314,-70.760404,Norwell,MA,54 Old Meeting House Ln,elementary,Vinal,250903001458,William G Vinal,2509030,best_match
42.152849,-70.792414,Norwell,MA,133 River St,elementary,Vinal,250903001458,William G Vinal,2509030,best_match
42.177722,-70.842302,Norwell,MA,446 Grove St,elementary,Cole,250903001454,Grace Farrar Cole,2509030,best_match
42.16188,-70.87693,Norwell,MA,165-B High St,elementary,Grace Farrar Cole Elementary,250903001454,Grace Farrar Cole,2509030,best_match
42.145346,-70.79494,Norwell,MA,264 River St,elementary,Vinal,250903001458,William G Vinal,2509030,best_match
42.151987,-70.816379,Norwell,MA,205 Pleasant St,elementary,Cole Elementary,250903001454,Grace Farrar Cole,2509030,distinctive_token
42.158667,-70.818921,Norwell,MA,11 Hoop Pole Ln,elementary,Cole School,250903001454,Grace Farrar Cole,2509030,best_match
42.169307,-70.813703,Norwell,MA,150 Lincoln St,elementary,Vinal Elementary,250903001458,William G Vinal,2509030,distinctive_token
42.188187,-70.79807,Norwell,MA,59 First Parish Rd,elementary,Vinal,250903001458,William G Vinal,2509030,best_match
42.169302,-70.823887,Norwell,MA,Webster Farm Way Lot 4,elementary,Vinal,250903001458,William G Vinal,2509030,best_match
42.129313,-70.807916,Norwell,MA,7 Hillcrest Cir Unit 7,elementary,Vinal,250903001458,William G Vinal,2509030,best_match
42.158474,-70.811759,Norwell,MA,430 Main St,elementary,Cole,250903001454,Grace Farrar Cole,2509030,best_match
42.161858,-70.758931,Norwell,MA,95 Stoney Brook Ln,elementary,Vinal,250903001458,William G Vinal,2509030,best_match
42.166214,-70.810471,Norwell,MA,15 Hemlock Dr,elementary,Vinal,250903001458,William G Vinal,2509030,best_match
42.129313,-70.807916,Norwell,MA,7 Hillcrest Cir Unit 7,elementary,Vinal,250903001458,William G Vinal,2509030,best_match
42.167155,-70.772512,Norwell,MA,47 Fords Xing,elementary,Vinal School,250903001458,William G Vinal,2509030,best_match
42.162479,-70.771503,Norwell,MA,3 Harbor Ln,elementary,Vinal,250903001458,William G Vinal,2509030,best_match
42.166927,-70.868754,Norwell,MA,239 Washington St Unit 18,elementary,Cole Elementary,250903001454,Grace Farrar Cole,2509030,distinctive_token
42.175077,-70.777312,Norwell,MA,6 Webster Farm Way,elementary,Vinal,250903001458,William G Vinal,2509030,best_match
42.174656,-70.777516,Norwell,MA,20 Webster Farm Way,elementary,Vinal,250903001458,William G Vinal,2509030,best_match
42.173927,-70.777749,Norwell,MA,5 Webster Farm Way,elementary,Vinal,250903001458,William G Vinal,2509030,best_match
42.173549,-70.817932,Norwell,MA,3 Webster Farm Way,elementary,Vinal,250903001458,William G Vinal,2509030,best_match
42.177484,-71.204767,Norwood,MA,25 Saint George Ave,elementary,Balch Elementary School,250906001460,Balch,2509060,best_match
42.187524,-71.217713,Norwood,MA,19 Avon Rd,elementary,Fa Cleveland Elementary,250906001463,F A Cleveland,2509060,distinctive_token
42.17824,-71.200068,Norwood,MA,15 Riverside Ct,elementary,Balch,250906001460,Balch,2509060,best_match
42.199064,-71.200371,Norwood,MA,63 Howard St,elementary,Oldham,250906001465,John P Oldham,2509060,best_match
42.190619,-71.189115,Norwood,MA,20 Coolidge Ave,elementary,Callahan,250906001462,Cornelius M Callahan,2509060,best_match
42.17766,-71.207699,Norwood,MA,35 Austin St Apt 3,elementary,Balch Elementary School,250906001460,Balch,2509060,best_match
42.190128,-71.229448,Norwood,MA,114 Albemarle Rd,elementary,Cleveland,250906001463,F A Cleveland,2509060,best_match
42.161429,-71.196125,Norwood,MA,3 Suffolk Dr,elementary,Balch,250906001460,Balch,2509060,best_match
42.185709,-71.192471,Norwood,MA,61 Gay St,elementary,Prescott,250906001461,Charles J Prescott,2509060,best_match
42.211304,-71.189781,Norwood,MA,18 Margaret St,elementary,Callahan,250906001462,Cornelius M Callahan,2509060,best_match
42.181394,-71.23201,Norwood,MA,28 Lancelot Ct,elementary,Cleveland,250906001463,F A Cleveland,2509060,best_match
42.179178,-71.197415,Norwood,MA,130 Dean St,elementary,Balch Elementary School,250906001460,Balch,2509060,best_match
42.208638,-71.209095,Norwood,MA,623 Nahatan St,elementary,John P. Oldham Elem School,250906001465,John P Oldham,2509060,best_match
42.185762,-71.208707,Norwood,MA,39 Phillips Ave,elementary,Willett,250906001557,George F. Willett,2509060,best_match
42.193956,-71.188989,Norwood,MA,206 Rock St Apt M5,elementary,Callahan,250906001462,Cornelius M Callahan,2509060,best_match
42.195317,-71.198036,Norwood,MA,211 Central St Ste A111,elementary,C.M. Callahan Elementary,250906001462,Cornelius M Callahan,2509060,distinctive_token
42.208556,-71.192331,Norwood,MA,136 Washington St,elementary,Oldham,250906001465,John P Oldham,2509060,best_match
42.188717,-71.210983,Norwood,MA,41-43 Elliot St Unit 2,elementary,Norwood,,,,
42.176815,-71.208949,Norwood,MA,26 Tremont St,elementary,Balch School,250906001460,Balch,2509060,best_match
42.195041,-71.196838,Norwood,MA,1 Lenox St Apt 312,elementary,C.M Callahan Elementary School,250906001462,Cornelius M Callahan,2509060,distinctive_token
42.19378,-71.195987,Norwood,MA,60 Lenox St Unit 11,elementary,Callahan,250906001462,Cornelius M Callahan,2509060,best_match
42.198872,-71.212022,Norwood,MA,285 Vernon St,elementary,Oldham,250906001465,John P Oldham,2509060,best_match
42.177696,-71.183853,Norwood,MA,35 Brothers Way/295 Dean St,elementary,Prescott,250906001461,Charles J Prescott,2509060,best_match
42.173519,-71.181481,Norwood,MA,Deerfield Rd,elementary,Prescott,250906001461,Charles J Prescott,2509060,best_match
42.181469,-71.215975,Norwood,MA,29 Laurel Rd,elementary,Cleveland,250906001463,F A Cleveland,2509060,best_match
42.173405,-71.206978,Norwood,MA,24 Short St,elementary,Balch Elementary School,250906001460,Balch,2509060,best_match
42.18029,-71.204102,Norwood,MA,11 Brothers Way/295 Dean St,elementary,Prescott,250906001461,Charles J Prescott,2509060,best_match
42.175607,-71.210057,Norwood,MA,26 Alandale Pkwy,elementary,Balch,250906001460,Balch,2509060,best_match
42.176292,-71.21072,Norwood,MA,35 Alandale Pkwy,elementary,Balsh,250906001460,Balch,2509060,embedding
42.19378,-71.195987,Norwood,MA,60 Lenox St Unit 12,elementary,Callahan Elementary,250906001462,Cornelius M Callahan,2509060,distinctive_token
42.193919,-71.186037,Norwood,MA,251 Rock St Apt B4,elementary,C'allahan,,,,
42.16977,-71.177657,Norwood,MA,Quail Run,elementary,Prescott,250906001461,Charles J Prescott,2509060,best_match
42.176915,-71.18407,Norwood,MA,27 Brothers Way,elementary,Prescott,250906001461,Charles J Prescott,2509060,best_match
42.185149,-71.190441,Norwood,MA,111 Gay St,elementary,Prescott Fall 2026,250906001461,Charles J Prescott,2509060,distinctive_token
41.429924,-70.595398,Oak Bluffs,MA,44 Tiffany Dr,elementary,Oak Bluffs,,,,
41.46454,-70.575048,Oak Bluffs,MA,3 Troy St,elementary,Oak Bluffs,,,,
41.447904,-70.571771,Oak Bluffs,MA,3 Kims Way,elementary,Oak Bluffs,250486000689,Mullen-Hall,2504860,single_school
41.435171,-70.582196,Oak Bluffs,MA,68 Pond View Dr,elementary,Oak Bluffs,,,,
41.432144,-70.572594,Oak Bluffs,MA,7 Overview Ln,elementary,Oak Bluffs,,,,
41.468462,-70.573597,Oak Bluffs,MA,312 E Chop Dr,elementary,Oak Bluffs,,,,
42.354218,-72.043639,Oakham,MA,33 Coldbrook Rd,elementary,Oakham Center,250000102402,Oakham Center,2500001,best_match
42.359341,-72.055334,Oakham,MA,357 Barre Rd,elementary,Oakham Center School,250000102402,Oakham Center,2500001,best_match
42.362346,-72.085673,Oakham,MA,1776 Old Turnpike Rd,elementary,Oakham Center School,250000102402,Oakham Center,2500001,best_match
42.342427,-72.034662,Oakham,MA,499 Ware Corner Rd,elementary,Oakham Center School,250000102402,Oakham Center,2500001,best_match
42.334987,-72.010153,Oakham,MA,775 E Hill Rd,elementary,Oakham Center,250000102402,Oakham Center,2500001,best_match
42.099045,-70.676378,Ocean Bluff-Brant Rock,MA,47 Old Colony Ln Apt 127,elementary,Daniel Webster,250735001137,Daniel Webster,2507350,best_match
42.082673,-70.643818,Ocean Bluff-Brant Rock,MA,64 Central St,elementary,Governor Winslow School,250735001140,Gov Edward Winslow,2507350,distinctive_token
42.082673,-70.643818,Ocean Bluff-Brant Rock,MA,64 Central St,elementary,Governor Winslow School,250735001140,Gov Edward Winslow,2507350,distinctive_token
42.115259,-70.675476,Ocean Bluff-Brant Rock,MA,170 Meadowview St,elementary,Daniel Webster,250735001137,Daniel Webster,2507350,best_match
41.727026,-71.207527,Ocean Grove,MA,193 Linden St,elementary,Gardner,251146001892,Gardner,2511460,best_match
41.730522,-71.203941,Ocean Grove,MA,28 Brown St,elementary,Gardner School,251146001892,Gardner,2511460,best_match
41.730662,-71.202722,Ocean Grove,MA,Brown St,elementary,Gardner School,251146001892,Gardner,2511460,best_match
41.742288,-70.664023,Onset,MA,13 5th St,elementary,Wareham Elementary,251206001989,Wareham Elementary School,2512060,best_match
41.743374,-70.655194,Onset,MA,10 East Blvd,elementary,Wareham Elem,251206001989,Wareham Elementary School,2512060,best_match
42.561674,-72.320366,Orange,MA,64 S Shore Dr,elementary,Fisher Hill,250918002593,Fisher Hill,2509180,best_match
42.58484,-72.315295,Orange,MA,123 Congress St,elementary,Fisher Hill,250918002593,Fisher Hill,2509180,best_match
42.591685,-72.314044,Orange,MA,97 W Main St,elementary,Fisher Hill,250918002593,Fisher Hill,2509180,best_match
42.597649,-72.306122,Orange,MA,31 Lincoln Ave,elementary,Orange Elementary,250216000080,Athol Community Elementary School,2502160,distinctive_token
42.592729,-72.314476,Orange,MA,10 Kelton St,elementary,Fisher Hill,250918002593,Fisher Hill,2509180,best_match
42.580629,-72.273036,Orange,MA,31 Brookside Rd,elementary,Orange Elementary,250216000080,Athol Community Elementary School,2502160,distinctive_token
42.572664,-72.330679,Orange,MA,242 Holtshire Rd Lot 5,elementary,Fisher Hill,250918002593,Fisher Hill,2509180,best_match
42.563458,-72.314627,Orange,MA,31 Camp Rd,elementary,Fisher Hill,250918002593,Fisher Hill,2509180,best_match
42.585708,-72.334122,Orange,MA,30 Stone Valley Rd,elementary,Orange Ele,,,,
42.622103,-72.232323,Orange,MA,106 Drew Blvd,elementary,Fisher Hill,250918002593,Fisher Hill,2509180,best_match
42.601569,-72.269479,Orange,MA,60 Bartlett Ln,elementary,Fisher Hill,250918002593,Fisher Hill,2509180,best_match
42.562936,-72.303806,Orange,MA,15 Johnson Rd,elementary,Orange Elementary,250216000080,Athol Community Elementary School,2502160,distinctive_token
42.596837,-72.309798,Orange,MA,39 Dexter St Lot A,elementary,Dexter Park,250918001475,Dexter Park,2509180,best_match
42.586785,-72.30976,Orange,MA,114 S Main St,elementary,Fisher Hill Elementry,250918002593,Fisher Hill,2509180,best_match
42.592402,-72.304287,Orange,MA,30 Summer St,elementary,Fisher Hill,250918002593,Fisher Hill,2509180,best_match
42.585341,-72.319712,Orange,MA,Walnut Hill Rd,elementary,Fisher Hill Elementary,250918002593,Fisher Hill,2509180,best_match
42.572281,-72.330676,Orange,MA,244 Holtshire Rd Lot 4,elementary,Fisher Hill,250918002593,Fisher Hill,2509180,best_match
42.571716,-72.330582,Orange,MA,246 Holtshire Rd Lot 3,elementary,Fisher Hill,250918002593,Fisher Hill,2509180,best_match
41.749684,-69.988046,Orleans,MA,2 Huckleberry Dr,elementary,Orleans Elementary,250921001477,Orleans Elementary,2509210,best_match
41.75022,-69.985365,Orleans,MA,23 Portanimicut Rd,elementary,Orleans,250921001477,Orleans Elementary,2509210,best_match
41.756823,-69.970408,Orleans,MA,152 Namequoit Rd,elementary,Orleans Elementary,250921001477,Orleans Elementary,2509210,best_match
41.78824,-70.014129,Orleans,MA,30 Captain Linnell Rd,elementary,Orleans Elementary,250921001477,Orleans Elementary,2509210,best_match
41.794369,-70.001938,Orleans,MA,2 Shell Ln,elementary,Orleans Elementary,250921001477,Orleans Elementary,2509210,best_match
41.793866,-69.956015,Orleans,MA,7 Little Cove Ln,elementary,Orleans Elementary,250921001477,Orleans Elementary,2509210,best_match
41.77778,-69.970093,Orleans,MA,66 Tides End Ln,elementary,Orleans Elementary,250921001477,Orleans Elementary,2509210,best_match
41.789967,-69.989937,Orleans,MA,88 Route 6A,elementary,Orleans Elementary,250921001477,Orleans Elementary,2509210,best_match
42.173342,-73.046366,Otis,MA,1165 Reservoir Rd,elementary,Farmington River,251332100402,Farmington River Elementary,2513321,best_match
42.201396,-73.151992,Otis,MA,2110 W Center Rd,elementary,Farmington River,251332100402,Farmington River Elementary,2513321,best_match
42.234145,-73.124278,Otis,MA,750 Stebbins Rd,elementary,Farmington River,251332100402,Farmington River Elementary,2513321,best_match
42.16199,-73.048238,Otis,MA,400 Pine Rd,elementary,Farmington River,251332100402,Farmington River Elementary,2513321,best_match
42.187468,-73.042766,Otis,MA,307 Stanley Rd,elementary,Farmington River,251332100402,Farmington River Elementary,2513321,best_match
42.200539,-73.115073,Otis,MA,69 Bliven Rd,elementary,Farmington River,251332100402,Farmington River Elementary,2513321,best_match
42.226568,-73.046214,Otis,MA,138 Kingsley Rd,elementary,Farmington River,251332100402,Farmington River Elementary,2513321,best_match
42.220306,-73.032227,Otis,MA,1791 Algerie Rd,elementary,Farmington River,251332100402,Farmington River Elementary,2513321,best_match
42.203919,-73.079576,Otis,MA,105 Old Quarry Rd,elementary,Farmington River,251332100402,Farmington River Elementary,2513321,best_match
42.226111,-73.1229,Otis,MA,485 Ed Jones Rd,elementary,Farmington River,251332100402,Farmington River Elementary,2513321,best_match
42.161926,-73.056986,Otis,MA,227 Tolland Rd,elementary,Farmington River,251332100402,Farmington River Elementary,2513321,best_match
42.195011,-73.039322,Otis,MA,18 Big Is,elementary,Farmington River,251332100402,Farmington River Elementary,2513321,best_match
42.200422,-73.10842,Otis,MA,50 Harrington Rd,elementary,Farmington River,251332100402,Farmington River Elementary,2513321,best_match
42.218121,-73.12293,Otis,MA,109 Stebbins Rd,elementary,Farmington River,251332100402,Farmington River Elementary,2513321,best_match
42.189789,-73.101243,Otis,MA,245 Clubhouse Dr,elementary,Farmington River,251332100402,Farmington River Elementary,2513321,best_match
42.185545,-73.04358,Otis,MA,98 Loop Dr,elementary,Frrsd,251332100402,Farmington River Elementary,2513321,single_school
42.193735,-73.092463,Otis,MA,27 N Main Rd,elementary,Farmington River,251332100402,Farmington River Elementary,2513321,best_match
42.197781,-73.063385,Otis,MA,190 Becket Rd,elementary,Farmington River,251332100402,Farmington River Elementary,2513321,best_match
42.206629,-73.113214,Otis,MA,254 Harrington Rd,elementary,Farmington River,251332100402,Farmington River Elementary,2513321,best_match
42.245686,-73.149495,Otis,MA,Dimmock Rd Lot 15,elementary,Farmington River,251332100402,Farmington River Elementary,2513321,best_match
42.185545,-73.04358,Otis,MA,98 Loop Dr,elementary,Farmington River,251332100402,Farmington River Elementary,2513321,best_match
42.207322,-73.146832,Otis,MA,13 Hayes Pond Rd,elementary,Farmington River,251332100402,Farmington River Elementary,2513321,best_match
42.221634,-73.091456,Otis,MA,Marcy Rd Lot 1,elementary,Farmington River,251332100402,Farmington River Elementary,2513321,best_match
42.195369,-73.070246,Otis,MA,633 E Otis Rd,elementary,Farmington River,251332100402,Farmington River Elementary,2513321,best_match
42.189381,-73.101105,Otis,MA,Clubhouse Dr,elementary,Farmington River,251332100402,Farmington River Elementary,2513321,best_match
42.16648,-73.029103,Otis,MA,23 Old Blandford Rd,elementary,Farmington River,251332100402,Farmington River Elementary,2513321,best_match
42.188914,-73.048225,Otis,MA,58 Stanley Rd,elementary,Farmington River,251332100402,Farmington River Elementary,2513321,best_match
42.092836,-71.855656,Oxford,MA,36 Mount Pleasant St,elementary,Alfred M. Chaffee Elementary,250927001479,Alfred M Chaffee,2509270,best_match
42.15601,-71.881564,Oxford,MA,647 Main St Unit A,elementary,A M Chaffee School,250927001479,Alfred M Chaffee,2509270,distinctive_token
42.110085,-71.877728,Oxford,MA,25 Old Dudley Rd,elementary,Clara Barton,250927001481,Clara Barton,2509270,best_match
42.185775,-71.905252,Oxford,MA,16 Patricia Dr Unit 16,elementary,Varies Based On Grade Level,,,,
42.181602,-71.90086,Oxford,MA,7 Hartwell Rd,elementary,Clara Barton Elementary,250927001481,Clara Barton,2509270,best_match
42.097015,-71.892261,Oxford,MA,136 Dudley Rd,elementary,Alfred Chaffee/Clara Barton,250927001481,Clara Barton,2509270,best_match
42.119549,-71.868799,Oxford,MA,15 Maple Rd,elementary,Chaffee/Clara Barton,250927001481,Clara Barton,2509270,best_match
42.172574,-71.891371,Oxford,MA,34 Thayer Pond Rd Unit 8,elementary,Oxford,,,,
42.186897,-72.300072,Palmer Town,MA,219 Old Warren Rd,elementary,Old Mill Pond,250930002594,Old Mill Pond,2509300,best_match
42.154173,-72.288169,Palmer Town,MA,6 Carriage Dr,elementary,Old Mill Pond,250930002594,Old Mill Pond,2509300,best_match
42.168226,-72.343718,Palmer Town,MA,18 Wright St,elementary,Old Mill Pond,250930002594,Old Mill Pond,2509300,best_match
42.180712,-72.37363,Palmer Town,MA,5 Sasur St,elementary,Old Mill Pond School,250930002594,Old Mill Pond,2509300,best_match
42.168657,-72.264339,Palmer Town,MA,237 Boston Rd,elementary,Old Mill Pond,250930002594,Old Mill Pond,2509300,best_match
42.222884,-72.25566,Palmer Town,MA,378 Rondeau St,elementary,Thoreau Park Elementary,,,,
42.211388,-72.303345,Palmer Town,MA,748 River St Unit 1,elementary,Mill Valley,250930002594,Old Mill Pond,2509300,distinctive_token
42.210251,-72.293998,Palmer Town,MA,45 Olney Rd,elementary,Old Mill Pond Elementary,250930002594,Old Mill Pond,2509300,best_match
42.154035,-72.315705,Palmer Town,MA,Breckenridge St Lot 8,elementary,Old Mill Pond,250930002594,Old Mill Pond,2509300,best_match
42.20126,-72.264526,Palmer Town,MA,599-607 Old Warren Rd,elementary,Old Mill Pond,250930002594,Old Mill Pond,2509300,best_match
42.161161,-72.338152,Palmer Town,MA,1537 N Main St,elementary,Per District,,,,
42.2271,-72.29406,Palmer Town,MA,1711-1723 Ware St,elementary,Old Mill Pond,250930002594,Old Mill Pond,2509300,best_match
42.167622,-72.327988,Palmer Town,MA,44-50 Lawrence,elementary,Old Mill Pond,250930002594,Old Mill Pond,2509300,best_match
42.184394,-72.32144,Palmer Town,MA,Center St Lot 14,elementary,Old Mill Pond,250930002594,Old Mill Pond,2509300,best_match
42.168074,-72.35343,Palmer Town,MA,54-57 Breton and Calkins Rd,elementary,Old Mill Pond,250930002594,Old Mill Pond,2509300,best_match
42.185508,-72.307968,Palmer Town,MA,Old Warren Rd Lot 34,elementary,Old Mill Pond,250930002594,Old Mill Pond,2509300,best_match
42.323383,-71.952952,Paxton,MA,16 Brigham Rd,elementary,Paxton Center School,,,,
42.287382,-71.898978,Paxton,MA,11 Walbridge Rd,elementary,Paxton Center,251188002730,Early Childhood Center,2511880,distinctive_token
42.51043,-70.950066,Peabody,MA,7 Bay State Blvd,elementary,Brown,250936001501,Captain Samuel Brown,2509360,best_match
42.542845,-71.023531,Peabody,MA,10 Perley Ave,elementary,Burke,250936001496,John E Burke,2509360,best_match
42.518264,-70.939389,Peabody,MA,15 Hourihan St,elementary,William A Welch,250936001506,William A Welch Sr,2509360,best_match
42.552652,-70.988626,Peabody,MA,11 Nichols Rd,elementary,Burke,250936001496,John E Burke,2509360,best_match
42.539056,-70.921678,Peabody,MA,25 Colonial Rd,elementary,Carroll School,250936001503,Thomas Carroll,2509360,best_match
42.547071,-71.00409,Peabody,MA,11 Elginwood Rd,elementary,Mccarthy,250936001821,John E. McCarthy,2509360,best_match
42.543315,-71.017707,Peabody,MA,41 Samoset Rd,elementary,West Memorial,250936001505,West Memorial,2509360,best_match
42.536059,-70.937625,Peabody,MA,3 Fitz Rd,elementary,Carroll,250936001503,Thomas Carroll,2509360,best_match
42.551794,-70.988759,Peabody,MA,12 Rita Rd,elementary,John E. Burke School,250936001496,John E Burke,2509360,best_match
42.549206,-70.975742,Peabody,MA,9 Ledgewood Way Apt 22,elementary,South Memorial,250936001502,South Memorial,2509360,best_match
42.555419,-71.016044,Peabody,MA,1 Eisenhower Rd,elementary,West Memorial Elementary,250936001505,West Memorial,2509360,best_match
42.49908,-70.957657,Peabody,MA,1 Granite Rd,elementary,South Memorial Elementary,250936001502,South Memorial,2509360,best_match
42.501122,-70.95918,Peabody,MA,29 Rockway Rd,elementary,South,250936001502,South Memorial,2509360,best_match
42.51653,-70.988258,Peabody,MA,1100 Salem St Apt 79,elementary,Choice Of 2,,,,
42.547621,-71.021379,Peabody,MA,18 Dana Rd,elementary,John E Burke Elementary,250936001496,John E Burke,2509360,best_match
42.529877,-70.925376,Peabody,MA,19 Tremont St,elementary,Thomas Caroll Elem School,250936001503,Thomas Carroll,2509360,distinctive_token
42.538845,-70.989395,Peabody,MA,154 Newbury St Trlr 26,elementary,John Mccarthy Elementary,250936001821,John E. McCarthy,2509360,distinctive_token
42.544812,-71.010044,Peabody,MA,4 Antrim Rd,elementary,West Elementary,250936001505,West Memorial,2509360,distinctive_token
42.530674,-70.931465,Peabody,MA,33 Warren St,elementary,Carroll Elementary School,250936001503,Thomas Carroll,2509360,distinctive_token
42.535374,-70.975424,Peabody,MA,45 Paul Ave,elementary,John Mccarthy,250936001821,John E. McCarthy,2509360,best_match
42.521768,-70.932217,Peabody,MA,111 Foster St Apt 416,elementary,William Welch,250936001506,William A Welch Sr,2509360,best_match
42.568332,-71.02668,Peabody,MA,157 Russell St,elementary,Burke,250936001496,John E Burke,2509360,best_match
42.513029,-70.960409,Peabody,MA,25 Diane Rd,elementary,South,250936001502,South Memorial,2509360,best_match
42.529235,-70.932207,Peabody,MA,8 Crowninshield St Unit 212,elementary,Welch,250936001506,William A Welch Sr,2509360,best_match
42.511149,-70.949129,Peabody,MA,3 Winnegance Ave,elementary,South Memorial,250936001502,South Memorial,2509360,best_match
42.561314,-71.027037,Peabody,MA,4 Surrey Ln,elementary,Burke Elementary,250936001496,John E Burke,2509360,distinctive_token
42.550967,-71.012093,Peabody,MA,29 Patricia Rd,elementary,West Memorial Elementary,250936001505,West Memorial,2509360,best_match
42.515565,-70.960174,Peabody,MA,4 Calas Cir,elementary,South Memorial,250936001502,South Memorial,2509360,best_match
42.513925,-70.983673,Peabody,MA,4 Will Sawyer St,elementary,Higgins,,,,
42.564367,-71.029467,Peabody,MA,9 Brookbridge Rd,elementary,Burke,250936001496,John E Burke,2509360,best_match
42.517199,-70.924127,Peabody,MA,26 Calumet St,elementary,Welch,250936001506,William A Welch Sr,2509360,best_match
42.560969,-71.033604,Peabody,MA,60 Catherine Dr,elementary,Burke,250936001496,John E Burke,2509360,best_match
42.529001,-70.920011,Peabody,MA,44 Paleologos St,elementary,Thomas Carroll,250936001503,Thomas Carroll,2509360,best_match
42.528511,-70.936348,Peabody,MA,17 Kosciusko St,elementary,Center,250936001493,Center,2509360,best_match
42.534826,-70.927153,Peabody,MA,8 Sparrow Ln,elementary,Thomas Carrol Elementary,250936001503,Thomas Carroll,2509360,distinctive_token
42.549206,-70.975742,Peabody,MA,12 Ledgewood Way Apt 1,elementary,Mccarthy K-5,250936001821,John E. McCarthy,2509360,distinctive_token
42.507265,-70.951588,Peabody,MA,153 Lynn St,elementary,Brown Elementary School,250936001501,Captain Samuel Brown,2509360,distinctive_token
42.519861,-70.923005,Peabody,MA,26 Beckett St,elementary,William A Welch Sr Elementary,250936001506,William A Welch Sr,2509360,best_match
42.50484,-70.951188,Peabody,MA,5 Linden Rd,elementary,Brown Elementary School,250936001501,Captain Samuel Brown,2509360,distinctive_token
42.531868,-70.992485,Peabody,MA,96 Newbury St Unit 9B,elementary,Ivan G Smith,250399000534,Ivan G Smith,2503990,best_match
42.559727,-71.015653,Peabody,MA,4 Waldingfield Ln,elementary,Burke,250936001496,John E Burke,2509360,best_match
42.520336,-70.922417,Peabody,MA,45.5 Aborn St Unit 2,elementary,Fantastic,,,,
42.520336,-70.922417,Peabody,MA,45.5 Aborn St Unit 2,elementary,Fantastic,,,,
42.517631,-70.933953,Peabody,MA,49 Blaney Ave,elementary,Welch,250936001506,William A Welch Sr,2509360,best_match
42.509737,-70.969896,Peabody,MA,5 Pulver Dr,elementary,Brown,250936001501,Captain Samuel Brown,2509360,best_match
42.39226,-72.422265,Pelham,MA,294 N Valley Rd,elementary,Pelham Elementary,250939001507,Pelham Elementary,2509390,best_match
42.38396,-72.44901,Pelham,MA,54 Meetinghouse Rd,elementary,Pelham Elem,250939001507,Pelham Elementary,2509390,best_match
42.367855,-72.461301,Pelham,MA,61 Arnold Rd,elementary,Pelham Elementary,250939001507,Pelham Elementary,2509390,best_match
42.369489,-72.47241,Pelham,MA,61 S Valley Rd,elementary,Pelham Elem,250939001507,Pelham Elementary,2509390,best_match
42.086033,-70.821879,Pembroke,MA,205 W Elm St,elementary,North Pembroke Elementary,250942001510,North Pembroke Elementary,2509420,best_match
42.071933,-70.768333,Pembroke,MA,136 Taylor St,elementary,North Pembroke Elementary,250942001510,North Pembroke Elementary,2509420,best_match
42.091803,-70.788914,Pembroke,MA,37 Pleasant St,elementary,North Pembroke,250942001510,North Pembroke Elementary,2509420,best_match
42.104144,-70.789046,Pembroke,MA,167 Schoosett St,elementary,North Pembroke,250942001510,North Pembroke Elementary,2509420,best_match
42.076973,-70.830904,Pembroke,MA,32 Country Club Cir,elementary,Bryantville Elementary,250942001508,Bryantville Elementary,2509420,best_match
42.037411,-70.823247,Pembroke,MA,155 Elmer St,elementary,Bryantville Grammar School,250942001508,Bryantville Elementary,2509420,distinctive_token
42.058776,-70.810472,Pembroke,MA,290 Center St,elementary,Bryantville,250942001508,Bryantville Elementary,2509420,best_match
42.063248,-70.774419,Pembroke,MA,801 Washington St Apt 8,elementary,North Pembroke,250942001510,North Pembroke Elementary,2509420,best_match
42.054551,-70.816099,Pembroke,MA,23 Cranberry Rd,elementary,Bryantville Elementary,250942001508,Bryantville Elementary,2509420,best_match
42.052967,-70.825138,Pembroke,MA,14 Ames Way,elementary,Bryantville,250942001508,Bryantville Elementary,2509420,best_match
42.064472,-70.794837,Pembroke,MA,17 Kiley Way,elementary,Hobomock,250942001509,Hobomock Elementary,2509420,best_match
42.10141,-70.785255,Pembroke,MA,161 Water St,elementary,North,250942001510,North Pembroke Elementary,2509420,best_match
42.065985,-70.813802,Pembroke,MA,34 Mattakeesett St Apt 19,elementary,Bryantville,250942001508,Bryantville Elementary,2509420,best_match
42.077072,-70.765262,Pembroke,MA,45 Taylor St,elementary,North Pembroke,250942001510,North Pembroke Elementary,2509420,best_match
42.065455,-70.795832,Pembroke,MA,26 Pierce Dr,elementary,Hobomock Elementary,250942001509,Hobomock Elementary,2509420,best_match
42.037354,-70.824485,Pembroke,MA,136 Elmer St,elementary,Bryantville Elementary,250942001508,Bryantville Elementary,2509420,best_match
42.027015,-70.8204,Pembroke,MA,2 Center Hill Rd,elementary,Bryantville Elementary School,250942001508,Bryantville Elementary,2509420,best_match
42.056059,-70.77682,Pembroke,MA,411 High St,elementary,Hobomock Elementary,250942001509,Hobomock Elementary,2509420,best_match
42.067158,-70.823087,Pembroke,MA,56 Wildwood Rd,elementary,Bryantville Elementary School,250942001508,Bryantville Elementary,2509420,best_match
42.036446,-70.799543,Pembroke,MA,52 Plain St,elementary,Pembroke Primary School,250942001510,North Pembroke Elementary,2509420,distinctive_token
42.076544,-70.780119,Pembroke,MA,590 Washington St Apt 7,elementary,North Elementary,250942001510,North Pembroke Elementary,2509420,best_match
42.058932,-70.810048,Pembroke,MA,290 Center St Unit 2,elementary,Bryantville,250942001508,Bryantville Elementary,2509420,best_match
42.700305,-71.644702,Pepperell,MA,6 High Oaks Path,elementary,Varnumbrook,250879002281,Varnum Brook,2508790,embedding
42.673216,-71.553062,Pepperell,MA,7 Joan St,elementary,Varnum Brook,250879002281,Varnum Brook,2508790,best_match
42.688453,-71.628445,Pepperell,MA,18 Lawrence St,elementary,Varnum Brook,250879002281,Varnum Brook,2508790,best_match
42.698033,-71.639125,Pepperell,MA,82 Lawrence St,elementary,Varnum Brook,250879002281,Varnum Brook,2508790,best_match
42.665542,-71.577229,Pepperell,MA,5 Mill St,elementary,Varnum Brook,250879002281,Varnum Brook,2508790,best_match
42.659191,-71.603226,Pepperell,MA,4 Asher Ln,elementary,Varnum Brook,250879002281,Varnum Brook,2508790,best_match
42.664553,-71.58112,Pepperell,MA,103 Main St Apt 10,elementary,Varnum Brook,250879002281,Varnum Brook,2508790,best_match
42.659191,-71.603226,Pepperell,MA,1 Asher Ln,elementary,Varnum Brook,250879002281,Varnum Brook,2508790,best_match
42.674313,-71.575752,Pepperell,MA,24 Nashua Rd Unit 1,elementary,Varnum Brook Elementary,250879002281,Varnum Brook,2508790,best_match
42.667813,-71.642724,Pepperell,MA,75 West St,elementary,Varnum Brook,250879002281,Varnum Brook,2508790,best_match
42.686997,-71.560492,Pepperell,MA,5 Nursery Rd,elementary,Varnum,250879002281,Varnum Brook,2508790,best_match
42.657682,-71.63368,Pepperell,MA,57 Shattuck St,elementary,Varnum Brook Elementary School,250879002281,Varnum Brook,2508790,best_match
42.670013,-71.60231,Pepperell,MA,21-A Heald St,elementary,Varnum Brook,250879002281,Varnum Brook,2508790,best_match
42.674922,-71.64939,Pepperell,MA,113 West St,elementary,Varnum Brook,250879002281,Varnum Brook,2508790,best_match
42.667268,-71.598657,Pepperell,MA,4 Townsend St,elementary,Varnum Brook,250879002281,Varnum Brook,2508790,best_match
42.66513,-71.551535,Pepperell,MA,95 Lowell Rd Unit 1,elementary,Varnum Brook,250879002281,Varnum Brook,2508790,best_match
42.681264,-71.651888,Pepperell,MA,82 Wheeler St,elementary,Varnum Brook,250879002281,Varnum Brook,2508790,best_match
42.689823,-71.570097,Pepperell,MA,3 Chamberlain Way,elementary,Varnum Brook,250879002281,Varnum Brook,2508790,best_match
42.698521,-71.640918,Pepperell,MA,5 Wheeler St,elementary,Varnum Brook,250879002281,Varnum Brook,2508790,best_match
42.683097,-71.561392,Pepperell,MA,3 Suncook Dr,elementary,Varnum Brook,250879002281,Varnum Brook,2508790,best_match
42.66513,-71.551535,Pepperell,MA,95 Lowell Rd Unit 1,elementary,Varnum Brook,250879002281,Varnum Brook,2508790,best_match
42.682436,-71.560244,Pepperell,MA,13 Deerfield Dr,elementary,Varnum Brook,250879002281,Varnum Brook,2508790,best_match
42.419361,-73.029677,Peru,MA,68 Curtin Rd,elementary,Kittredge,250339000465,Kittredge,2503390,best_match
42.426323,-73.074898,Peru,MA,15 Haskell Rd,elementary,Kittredge,250339000465,Kittredge,2503390,best_match
42.417346,-73.068134,Peru,MA,51 Middlefield Rd,elementary,Kittredge,250339000465,Kittredge,2503390,best_match
42.434815,-73.018117,Peru,MA,4 David Dr,elementary,Kittredge,250339000465,Kittredge,2503390,best_match
42.446235,-73.04754,Peru,MA,4 Birch Hill Rd,elementary,Kittredge,250339000465,Kittredge,2503390,best_match
42.487513,-72.191892,Petersham,MA,25 West St,elementary,Petersham Center School,250954001514,Petersham Center,2509540,best_match
42.490421,-72.212511,Petersham,MA,130 West Rd,elementary,Petersham Center,250954001514,Petersham Center,2509540,best_match
42.430098,-72.194652,Petersham,MA,Carter Pond Rd,elementary,Center,250954001514,Petersham Center,2509540,best_match
42.488735,-72.185919,Petersham,MA,N Main St,elementary,Petersham Center School,250954001514,Petersham Center,2509540,best_match
42.570469,-72.175447,Phillipston,MA,65 Secret Lake Rd,elementary,Templeton Elem,250216000080,Athol Community Elementary School,2502160,distinctive_token
42.576119,-72.172142,Phillipston,MA,Ward Hill Rd,elementary,Templeton Elementary,250216000080,Athol Community Elementary School,2502160,distinctive_token
42.527398,-71.238867,Pinehurst,MA,1 Albion Rd,elementary,Thomas Ditson,250267000186,Thomas Ditson,2502670,best_match
42.534531,-71.228759,Pinehurst,MA,6 McHugh Ave,elementary,Ditson,250267000186,Thomas Ditson,2502670,best_match
42.534943,-71.226783,Pinehurst,MA,1 Ridgeway Ave,elementary,Ditson,250267000186,Thomas Ditson,2502670,best_match
42.526697,-71.245832,Pinehurst,MA,15 Weathervane Rd,elementary,Ditson,250267000186,Thomas Ditson,2502670,best_match
42.539565,-71.248644,Pinehurst,MA,9 Payson Rd,elementary,Ditson Elementary School,250267000186,Thomas Ditson,2502670,distinctive_token
42.530315,-71.230868,Pinehurst,MA,14 Greenville St,elementary,Ditson,250267000186,Thomas Ditson,2502670,best_match
42.528736,-71.243399,Pinehurst,MA,44 Wildbrook Rd,elementary,Ditson,250267000186,Thomas Ditson,2502670,best_match
42.547199,-71.225069,Pinehurst,MA,58 Sachem St,elementary,Ditson,250267000186,Thomas Ditson,2502670,best_match
42.530747,-71.220336,Pinehurst,MA,48 Pinedale Ave,elementary,Ditson,250267000186,Thomas Ditson,2502670,best_match
42.528843,-71.226948,Pinehurst,MA,1 Egmont Ave,elementary,Ditson Elementary,250267000186,Thomas Ditson,2502670,distinctive_token
42.538146,-71.251089,Pinehurst,MA,30 Wyman Rd,elementary,Ditson,250267000186,Thomas Ditson,2502670,best_match
42.540617,-71.223588,Pinehurst,MA,61 Cook St,elementary,Ditson Elementary School,250267000186,Thomas Ditson,2502670,distinctive_token
42.471479,-73.204828,Pittsfield,MA,16 Patricia Ave,elementary,Allendale,250963001516,Allendale,2509630,best_match
42.440482,-73.222047,Pittsfield,MA,56 Saratoga Dr,elementary,Egremont,250963001519,Egremont,2509630,best_match
42.490608,-73.258002,Pittsfield,MA,92 Ridge Ave,elementary,Robert T. Capeless,250963001522,Robert T. Capeless Elementary School,2509630,best_match
42.45549,-73.248708,Pittsfield,MA,7 Lincoln St,elementary,Morningside Comm,250963001524,Morningside Community School,2509630,best_match
42.477635,-73.23476,Pittsfield,MA,79 Clark Rd,elementary,Morningside Comm,250963001524,Morningside Community School,2509630,best_match
42.436263,-73.260383,Pittsfield,MA,61 Harding St,elementary,Crosby,250963001528,Crosby,2509630,best_match
42.440534,-73.261552,Pittsfield,MA,96 Boylston St Ext,elementary,Crosby,250963001528,Crosby,2509630,best_match
42.428645,-73.21057,Pittsfield,MA,24 Rockland Dr,elementary,Williams,250963001536,Williams,2509630,best_match
42.428115,-73.209624,Pittsfield,MA,30 Joan Dr,elementary,Williams,250963001536,Williams,2509630,best_match
42.423474,-73.239706,Pittsfield,MA,497 Holmes Rd,elementary,Egremont,250963001519,Egremont,2509630,best_match
42.463417,-73.223037,Pittsfield,MA,85 Somerset Ave,elementary,Allendale,250963001516,Allendale,2509630,best_match
42.491333,-73.27388,Pittsfield,MA,747 Pecks Rd,elementary,Robert T. Capeless,250963001522,Robert T. Capeless Elementary School,2509630,best_match
42.472885,-73.265404,Pittsfield,MA,1 Lakewood Cir,elementary,Robert T. Capeless,250963001522,Robert T. Capeless Elementary School,2509630,best_match
42.451818,-73.19753,Pittsfield,MA,16 Wealthy Ave,elementary,Williams,250963001536,Williams,2509630,best_match
42.447369,-73.228609,Pittsfield,MA,40 Longfellow Ave,elementary,Egremont,250963001519,Egremont,2509630,best_match
42.493387,-73.240329,Pittsfield,MA,1641 North St,elementary,Robert T. Capeless,250963001522,Robert T. Capeless Elementary School,2509630,best_match
42.487041,-73.247139,Pittsfield,MA,1450 North St Apt 107,elementary,Robert T. Capeless,250963001522,Robert T. Capeless Elementary School,2509630,best_match
42.431131,-73.20118,Pittsfield,MA,6 Kara Dr,elementary,Williams,250963001536,Williams,2509630,best_match
42.479412,-73.203616,Pittsfield,MA,55 Howe Rd,elementary,Allendale,250963001516,Allendale,2509630,best_match
42.46258,-73.266753,Pittsfield,MA,4 Garden St,elementary,Robert T. Capeless,250963001522,Robert T. Capeless Elementary School,2509630,best_match
42.457322,-73.225957,Pittsfield,MA,38 Connecticut Ave,elementary,Allendale,250963001516,Allendale,2509630,best_match
42.452343,-73.325356,Pittsfield,MA,9 Eastbrook Ln,elementary,Crosby,250963001528,Crosby,2509630,best_match
42.476246,-73.216538,Pittsfield,MA,67 Partridge Rd,elementary,Allendale,250963001516,Allendale,2509630,best_match
42.447767,-73.29841,Pittsfield,MA,191 Fort Hill Ave,elementary,Crosby,250963001528,Crosby,2509630,best_match
42.445791,-73.232658,Pittsfield,MA,78 Ontario St,elementary,Williams,250963001536,Williams,2509630,best_match
42.426861,-73.211089,Pittsfield,MA,70 Rockland Dr,elementary,Williams,250963001536,Williams,2509630,best_match
42.475464,-73.268852,Pittsfield,MA,7 Ash Ln,elementary,Robert T. Capeless,250963001522,Robert T. Capeless Elementary School,2509630,best_match
42.442286,-73.230652,Pittsfield,MA,5 Putnam Ave,elementary,Egremont,250963001519,Egremont,2509630,best_match
42.474402,-73.271178,Pittsfield,MA,595 Lakeway Dr,elementary,Robert T. Capeless,250963001522,Robert T. Capeless Elementary School,2509630,best_match
42.483283,-73.264367,Pittsfield,MA,61 Sheffield St,elementary,Robert T. Capeless,250963001522,Robert T. Capeless Elementary School,2509630,best_match
42.451603,-73.197552,Pittsfield,MA,22 Wealthy Ave,elementary,Williams,250963001536,Williams,2509630,best_match
42.442524,-73.258095,Pittsfield,MA,50 Buel St,elementary,Crosby,250963001528,Crosby,2509630,best_match
42.437477,-73.22505,Pittsfield,MA,28 Adelaide Ave,elementary,Egremont,250963001519,Egremont,2509630,best_match
42.463843,-73.293144,Pittsfield,MA,122 Blythewood Dr,elementary,Crosby,250963001528,Crosby,2509630,best_match
42.473693,-73.240298,Pittsfield,MA,98 Bryan St,elementary,Robert T. Capeless,250963001522,Robert T. Capeless Elementary School,2509630,best_match
42.445486,-73.250587,Pittsfield,MA,62 Pomeroy Ave,elementary,Egremont,250963001519,Egremont,2509630,best_match
42.442096,-73.236733,Pittsfield,MA,40 Edward Ave,elementary,Egremont,250963001519,Egremont,2509630,best_match
42.455199,-73.192053,Pittsfield,MA,Pondview Dr Unit H2,elementary,Williams,250963001536,Williams,2509630,best_match
42.442996,-73.25124,Pittsfield,MA,136 Pomeroy Ave,elementary,Egremont,250963001519,Egremont,2509630,best_match
42.451139,-73.308149,Pittsfield,MA,35 Meadow Ridge Dr,elementary,Crosby,250963001528,Crosby,2509630,best_match
42.441078,-73.259109,Pittsfield,MA,110 Elizabeth St,elementary,Robert T. Capeless,250963001522,Robert T. Capeless Elementary School,2509630,best_match
42.432585,-73.238561,Pittsfield,MA,99 Whittier Ave,elementary,Egremont,250963001519,Egremont,2509630,best_match
42.462955,-73.230946,Pittsfield,MA,Broadview Ter,elementary,Allendale,250963001516,Allendale,2509630,best_match
42.444302,-73.249084,Pittsfield,MA,108 E Housatonic St Apt 7,elementary,Egremont,250963001519,Egremont,2509630,best_match
42.442837,-73.273674,Pittsfield,MA,21 Woodleigh Rd,elementary,Stearns,250963002489,Stearns,2509630,best_match
42.437307,-73.234245,Pittsfield,MA,24 Marlboro Dr,elementary,Egremont,250963001519,Egremont,2509630,best_match
42.446617,-73.201609,Pittsfield,MA,118 Winesap Rd,elementary,Williams,250963001536,Williams,2509630,best_match
42.437561,-73.255,Pittsfield,MA,38 Crofut St,elementary,Egremont,250963001519,Egremont,2509630,best_match
42.430786,-73.243801,Pittsfield,MA,55 Revilla Ter,elementary,Egremont,250963001519,Egremont,2509630,best_match
42.474557,-73.217801,Pittsfield,MA,560 Crane Ave,elementary,Allendale,250963001516,Allendale,2509630,best_match
42.459519,-73.222837,Pittsfield,MA,246 Dalton Ave,elementary,Allendale,250963001516,Allendale,2509630,best_match
42.425676,-73.215041,Pittsfield,MA,48 Brookside Dr,elementary,Williams,250963001536,Williams,2509630,best_match
42.43339,-73.245485,Pittsfield,MA,47 Warwick St,elementary,Egremont,250963001519,Egremont,2509630,best_match
42.438244,-73.240242,Pittsfield,MA,30 Lexington Pkwy,elementary,Egremont,250963001519,Egremont,2509630,best_match
42.441423,-73.240054,Pittsfield,MA,81 Northumberland Rd,elementary,Egremont,250963001519,Egremont,2509630,best_match
42.438534,-73.201177,Pittsfield,MA,145 Leona Dr,elementary,Williams,250963001536,Williams,2509630,best_match
42.440674,-73.236349,Pittsfield,MA,85 Edward Ave,elementary,Egremont,250963001519,Egremont,2509630,best_match
42.460542,-73.298759,Pittsfield,MA,63 Blythewood Dr,elementary,Crosby,250963001528,Crosby,2509630,best_match
42.434895,-73.246337,Pittsfield,MA,15 Kenilworth St,elementary,Egremont,250963001519,Egremont,2509630,best_match
42.473448,-73.199185,Pittsfield,MA,28 Hopewell Dr,elementary,Allendale,250963001516,Allendale,2509630,best_match
42.45287,-73.225856,Pittsfield,MA,1228 East St,elementary,Allendale,250963001516,Allendale,2509630,best_match
42.487106,-73.257904,Pittsfield,MA,249 Hancock Rd,elementary,Robert T. Capeless,250963001522,Robert T. Capeless Elementary School,2509630,best_match
42.440796,-73.255501,Pittsfield,MA,1 Colt Rd Apt 1,elementary,Egremont,250963001519,Egremont,2509630,best_match
42.439114,-73.224355,Pittsfield,MA,15 Lillian St,elementary,Egremont,250963001519,Egremont,2509630,best_match
42.434618,-73.26363,Pittsfield,MA,106 Gamwell Ave,elementary,Crosby,250963001528,Crosby,2509630,best_match
42.452929,-73.293853,Pittsfield,MA,2 Amy Ct,elementary,Crosby,250963001528,Crosby,2509630,best_match
42.4473,-73.234497,Pittsfield,MA,21-23 Newell St,elementary,Egremont,250963001519,Egremont,2509630,best_match
42.446398,-73.241988,Pittsfield,MA,50 Root Pl,elementary,Egremont,250963001519,Egremont,2509630,best_match
42.458496,-73.304115,Pittsfield,MA,64 Churchill Crst,elementary,Crosby,250963001528,Crosby,2509630,best_match
42.442096,-73.236733,Pittsfield,MA,40 Edward Ave,elementary,Egremont,250963001519,Egremont,2509630,best_match
42.434655,-73.263885,Pittsfield,MA,112 Gamwell Ave,elementary,Crosby,250963001528,Crosby,2509630,best_match
42.444113,-73.232941,Pittsfield,MA,33 Reuter Ave,elementary,Egremont,250963001519,Egremont,2509630,best_match
42.472431,-73.254364,Pittsfield,MA,3 Clarendon St,elementary,Silvio O Conte Comm,250963001535,Silvio O Conte Community,2509630,best_match
42.433071,-73.22279,Pittsfield,MA,500 Williams St,elementary,Williams,250963001536,Williams,2509630,best_match
42.470154,-73.289931,Pittsfield,MA,172 Blythewood Dr,elementary,Crosby,250963001528,Crosby,2509630,best_match
42.473153,-73.244434,Pittsfield,MA,1121 North St,elementary,Morningside Comm,250963001524,Morningside Community School,2509630,best_match
42.433991,-73.214198,Pittsfield,MA,39 Meleca Ave,elementary,Williams,250963001536,Williams,2509630,best_match
42.411739,-73.25794,Pittsfield,MA,130 Oliver Ave,elementary,Williams,250963001536,Williams,2509630,best_match
42.439218,-73.283777,Pittsfield,MA,233 Cadwell Rd,elementary,Crosby,250963001528,Crosby,2509630,best_match
42.452592,-73.290429,Pittsfield,MA,33 Eleanor Rd,elementary,Crosby,250963001528,Crosby,2509630,best_match
42.455769,-73.248833,Pittsfield,MA,232 First St,elementary,Morningside Comm,250963001524,Morningside Community School,2509630,best_match
42.470057,-73.199229,Pittsfield,MA,969 Dalton Ave,elementary,Allendale,250963001516,Allendale,2509630,best_match
42.46771,-73.253936,Pittsfield,MA,44 Pecks Rd,elementary,Silvio O Conte Comm,250963001535,Silvio O Conte Community,2509630,best_match
42.459728,-73.231911,Pittsfield,MA,15-17 Alden Ave,elementary,Allendale,250963001516,Allendale,2509630,best_match
42.452145,-73.193993,Pittsfield,MA,1952 East St,elementary,Williams,250963001536,Williams,2509630,best_match
42.455242,-73.250191,Pittsfield,MA,33 Maplewood Ave Unit 103,elementary,Morningside Comm,250963001524,Morningside Community School,2509630,best_match
42.452652,-73.329133,Pittsfield,MA,26 Westbrook Ter,elementary,Crosby,250963001528,Crosby,2509630,best_match
42.458496,-73.304115,Pittsfield,MA,58 Churchill Crst,elementary,Crosby,250963001528,Crosby,2509630,best_match
42.462629,-73.221406,Pittsfield,MA,144 Elberon Ave,elementary,Allendale,250963001516,Allendale,2509630,best_match
42.445832,-73.238884,Pittsfield,MA,26 Crosier Ave,elementary,Egremont,250963001519,Egremont,2509630,best_match
42.433939,-73.221595,Pittsfield,MA,555 Williams St,elementary,Williams,250963001536,Williams,2509630,best_match
42.482258,-73.240585,Pittsfield,MA,4 Fawn Ln,elementary,Robert T. Capeless,250963001522,Robert T. Capeless Elementary School,2509630,best_match
42.43071,-73.307876,Pittsfield,MA,184 Melbourne Rd,elementary,Stearns,250963002489,Stearns,2509630,best_match
42.457144,-73.23464,Pittsfield,MA,20 Curtis Ter,elementary,Morning Side,,,,
42.451146,-73.277291,Pittsfield,MA,19 Roselyn Dr,elementary,Crosby,250963001528,Crosby,2509630,best_match
42.458357,-73.235496,Pittsfield,MA,112 Plunkett St,elementary,Morningside Comm,250963001524,Morningside Community School,2509630,best_match
42.447959,-73.276849,Pittsfield,MA,16 Trova Ter,elementary,Crosby,250963001528,Crosby,2509630,best_match
42.464078,-73.264904,Pittsfield,MA,48 Crystal St,elementary,Silvio O Conte Comm,250963001535,Silvio O Conte Community,2509630,best_match
42.472437,-73.198597,Pittsfield,MA,97 Morningview Dr,elementary,Allendale,250963001516,Allendale,2509630,best_match
42.451999,-73.266638,Pittsfield,MA,43 State St,elementary,Silvio O Conte Comm,250963001535,Silvio O Conte Community,2509630,best_match
42.450208,-73.309241,Pittsfield,MA,36 Meadow Ridge Dr,elementary,Crosby,250963001528,Crosby,2509630,best_match
42.458714,-73.230087,Pittsfield,MA,81 Dartmouth St Apt 208,elementary,Allendale,250963001516,Allendale,2509630,best_match
42.45698,-73.306551,Pittsfield,MA,1188 West St,elementary,Crosby,250963001528,Crosby,2509630,best_match
42.440436,-73.224938,Pittsfield,MA,35 Dexter St,elementary,Egremont,250963001519,Egremont,2509630,best_match
42.451012,-73.2453,Pittsfield,MA,47-49 Lake St,elementary,Crosby,250963001528,Crosby,2509630,best_match
42.461432,-73.21333,Pittsfield,MA,48 Plastics Ave,elementary,Allendale,250963001516,Allendale,2509630,best_match
42.444302,-73.249084,Pittsfield,MA,106 E Housatonic St Apt 3,elementary,Egremont,250963001519,Egremont,2509630,best_match
42.48179,-73.273562,Pittsfield,MA,561 Pecks Rd,elementary,Robert T. Capeless,250963001522,Robert T. Capeless Elementary School,2509630,best_match
42.453413,-73.25759,Pittsfield,MA,34 Daniels Ave,elementary,Silvio O Conte Comm,250963001535,Silvio O Conte Community,2509630,best_match
42.451389,-73.223045,Pittsfield,MA,82-84 Parkside Ave,elementary,Allendale,250963001516,Allendale,2509630,best_match
42.482447,-73.266039,Pittsfield,MA,116 Bromback St,elementary,Robert T. Capeless,250963001522,Robert T. Capeless Elementary School,2509630,best_match
42.433596,-73.219356,Pittsfield,MA,595 Williams St,elementary,Williams,250963001536,Williams,2509630,best_match
42.45279,-73.250791,Pittsfield,MA,37 Melville St,elementary,Morningside Comm,250963001524,Morningside Community School,2509630,best_match
42.480424,-73.204052,Pittsfield,MA,380 Cheshire Rd,elementary,Allendale,250963001516,Allendale,2509630,best_match
42.440888,-73.294868,Pittsfield,MA,34 Hungerford St,elementary,Stearns,250963002489,Stearns,2509630,best_match
42.471988,-73.212784,Pittsfield,MA,691 Crane Ave,elementary,Allendale,250963001516,Allendale,2509630,best_match
42.459872,-73.233437,Pittsfield,MA,20 Norman Ave,elementary,Morningside Comm,250963001524,Morningside Community School,2509630,best_match
42.459728,-73.231911,Pittsfield,MA,15-17 Alden Ave,elementary,Allendale,250963001516,Allendale,2509630,best_match
42.452929,-73.293853,Pittsfield,MA,2 Amy Ct Unit 2,elementary,Crosby,250963001528,Crosby,2509630,best_match
42.435647,-73.282213,Pittsfield,MA,290 Barker Rd,elementary,Crosby,250963001528,Crosby,2509630,best_match
42.489804,-73.258092,Pittsfield,MA,68 Ridge Ave,elementary,Robert T. Capeless,250963001522,Robert T. Capeless Elementary School,2509630,best_match
42.455368,-73.253304,Pittsfield,MA,29 Linden St,elementary,Morningside Comm,250963001524,Morningside Community School,2509630,best_match
42.41621,-73.275742,Pittsfield,MA,33 Alpine Trl,elementary,Stearns,250963002489,Stearns,2509630,best_match
42.461805,-73.26354,Pittsfield,MA,303 Onota St,elementary,Crosby,250963001528,Crosby,2509630,best_match
42.435791,-73.264268,Pittsfield,MA,38 Velma Ave,elementary,Crosby,250963001528,Crosby,2509630,best_match
42.448162,-73.292344,Pittsfield,MA,194 Eleanor Rd,elementary,Crosby,250963001528,Crosby,2509630,best_match
42.48296,-73.243011,Pittsfield,MA,15 Cherry Hill Dr,elementary,Robert T. Capeless,250963001522,Robert T. Capeless Elementary School,2509630,best_match
42.451003,-73.279356,Pittsfield,MA,32 Jason St,elementary,Stearns,250963002489,Stearns,2509630,best_match
42.446661,-73.269684,Pittsfield,MA,29 Cecelia Ter,elementary,Crosby,250963001528,Crosby,2509630,best_match
42.456867,-73.258881,Pittsfield,MA,158-160 Linden St,elementary,Silvio O Conte Comm,250963001535,Silvio O Conte Community,2509630,best_match
42.441231,-73.249138,Pittsfield,MA,178-180 Appleton Ave,elementary,Egremont,250963001519,Egremont,2509630,best_match
42.491999,-73.239485,Pittsfield,MA,73 Westchester Ave,elementary,Allendale,250963001516,Allendale,2509630,best_match
42.45533,-73.25309,Pittsfield,MA,21-23 Linden St,elementary,Silvio O Conte Comm,250963001535,Silvio O Conte Community,2509630,best_match
42.449257,-73.32781,Pittsfield,MA,39 Old Farm Ln,elementary,Crosby,250963001528,Crosby,2509630,best_match
42.435144,-73.219748,Pittsfield,MA,580 Elm St,elementary,Williams,250963001536,Williams,2509630,best_match
42.482239,-73.245361,Pittsfield,MA,14 Sunrise Cir,elementary,Robert T. Capeless,250963001522,Robert T. Capeless Elementary School,2509630,best_match
42.454304,-73.24353,Pittsfield,MA,110-118 Lincoln St,elementary,Morningside Comm,250963001524,Morningside Community School,2509630,best_match
42.474669,-73.26811,Pittsfield,MA,18 Brierwood Ln,elementary,Robert T. Capeless,250963001522,Robert T. Capeless Elementary School,2509630,best_match
42.454333,-73.24436,Pittsfield,MA,98 Lincoln St,elementary,Morningside Community,250963001524,Morningside Community School,2509630,best_match
42.457978,-73.232608,Pittsfield,MA,29-31 Westminster St,elementary,Allendale,250963001516,Allendale,2509630,best_match
42.470528,-73.260223,Pittsfield,MA,547 Onota St,elementary,Silvio O Conte Comm,250963001535,Silvio O Conte Community,2509630,best_match
42.451339,-73.248313,Pittsfield,MA,17 Wallace Pl,elementary,Morningside Comm,250963001524,Morningside Community School,2509630,best_match
42.443124,-73.262648,Pittsfield,MA,162 W Housatonic St,elementary,Silvio O Conte Comm,250963001535,Silvio O Conte Community,2509630,best_match
42.446719,-73.250675,Pittsfield,MA,31 Bartlett Ave,elementary,Morningside Comm,250963001524,Morningside Community School,2509630,best_match
42.457954,-73.238564,Pittsfield,MA,96-98 Brown St,elementary,Morningside Comm,250963001524,Morningside Community School,2509630,best_match
42.456751,-73.247335,Pittsfield,MA,68 Orchard St,elementary,Morningside Comm,250963001524,Morningside Community School,2509630,best_match
42.458031,-73.24395,Pittsfield,MA,271 Tyler St,elementary,Morningside Comm,250963001524,Morningside Community School,2509630,best_match
42.456436,-73.266823,Pittsfield,MA,16 S Atlantic Ave,elementary,Silvio O Conte Comm,250963001535,Silvio O Conte Community,2509630,best_match
42.443124,-73.262648,Pittsfield,MA,162 W Housatonic St,elementary,Silvio O Conte Comm,250963001535,Silvio O Conte Community,2509630,best_match
42.443147,-73.284312,Pittsfield,MA,100 Essex St,elementary,Crosby,250963001528,Crosby,2509630,best_match
42.489804,-73.258092,Pittsfield,MA,68 Ridge Ave,elementary,Capeless,250963001522,Robert T. Capeless Elementary School,2509630,best_match
42.517051,-72.911145,Plainfield,MA,296 E Main St,elementary,Sanderson,250799001636,Sanderson Academy,2507990,best_match
42.009203,-71.33143,Plainville,MA,18 Evergreen Rd,elementary,A.W.Jackson & B.H.Wood School,250969001538,Beatrice H Wood Elementary,2509690,distinctive_token
42.026441,-71.291735,Plainville,MA,32 Treasure Island Rd,elementary,"Jackson, Wood",250969001538,Beatrice H Wood Elementary,2509690,distinctive_token
42.002056,-71.33721,Plainville,MA,26 Bacon Sq,elementary,Jackson,250969001537,Anna Ware Jackson,2509690,best_match
42.004285,-71.31806,Plainville,MA,62 Terry Ln Unit 62,elementary,Jackson/Wood (Grade Dependent),250969001538,Beatrice H Wood Elementary,2509690,distinctive_token
41.999129,-71.344835,Plainville,MA,2 Mathurin Rd,elementary,Jackson/Wood,250969001538,Beatrice H Wood Elementary,2509690,distinctive_token
42.009576,-71.315192,Plainville,MA,4 Ewald Ave,elementary,Anna Ware Jackson Elementary,250969001537,Anna Ware Jackson,2509690,best_match
42.012932,-71.317543,Plainville,MA,47A George St Unit 1,elementary,Jackson/Wood,250969001538,Beatrice H Wood Elementary,2509690,distinctive_token
42.008259,-71.313583,Plainville,MA,164 E Bacon St Apt A,elementary,Jackson/Wood,250969001538,Beatrice H Wood Elementary,2509690,distinctive_token
42.007903,-71.312636,Plainville,MA,6 George St Apt C,elementary,Jackson/Wood,250969001538,Beatrice H Wood Elementary,2509690,distinctive_token
42.013951,-71.296218,Plainville,MA,87 Messenger St,elementary,Jackson/Wood,250969001538,Beatrice H Wood Elementary,2509690,distinctive_token
42.006764,-71.375555,Plainville,MA,24 Rhodes St,elementary,Plainville- Jackson/Wood,250969001537,Anna Ware Jackson,2509690,slash_split
42.003257,-71.352802,Plainville,MA,Farm Hill Ln Lots 3 & 5,elementary,Jackson/Wood,250969001538,Beatrice H Wood Elementary,2509690,distinctive_token
41.819794,-70.596049,Plymouth,MA,10 Dana Ct,elementary,South Elementary,250972001547,South Elementary,2509720,best_match
41.942982,-70.600514,Plymouth,MA,111 Rocky Hill Rd,elementary,Nathaniel Morton,250972001545,Nathaniel Morton Elementary,2509720,best_match
41.826161,-70.60326,Plymouth,MA,19 Great Wind Dr,elementary,South Elem,250972001547,South Elementary,2509720,best_match
41.945955,-70.695452,Plymouth,MA,6 Cracstone Rd,elementary,Federal Furnance,250972001540,Federal Furnace School,2509720,distinctive_token
41.970003,-70.693018,Plymouth,MA,80 Cherry St,elementary,Hedge,250972001541,Hedge,2509720,best_match
41.807022,-70.558284,Plymouth,MA,50 Nightingale Rd Apt 3,elementary,Indian Brook,250972001542,Indian Brook,2509720,best_match
41.786227,-70.615053,Plymouth,MA,195 Bournehurst Dr,elementary,South,250972001547,South Elementary,2509720,best_match
41.937415,-70.569287,Plymouth,MA,708 Rocky Hill Rd,elementary,Manomet Elementary School,250972001543,Manomet Elementary,2509720,best_match
41.858767,-70.539615,Plymouth,MA,1653 State Rd,elementary,Indian Brook,250972001542,Indian Brook,2509720,best_match
41.902877,-70.655812,Plymouth,MA,32 College Pond Rd,elementary,Nathaniel Morton,250972001545,Nathaniel Morton Elementary,2509720,best_match
41.824149,-70.624557,Plymouth,MA,1 Bearberry Path Unit 1,elementary,Plymouth South,250972001547,South Elementary,2509720,distinctive_token
41.875604,-70.533232,Plymouth,MA,125 Shore Dr,elementary,Indian Brook,250972001542,Indian Brook,2509720,best_match
41.819879,-70.587048,Plymouth,MA,460 Raymond Rd,elementary,South Elementary,250972001547,South Elementary,2509720,best_match
41.849347,-70.540659,Plymouth,MA,60 Ellisville Grn,elementary,Indian Brook,250972001542,Indian Brook,2509720,best_match
41.960634,-70.678734,Plymouth,MA,50 Standish Ave,elementary,Cold Spring Elementary,250972001539,Cold Spring,2509720,best_match
41.927047,-70.619327,Plymouth,MA,116 Sandwich Rd,elementary,Nathaniel Morton,250972001545,Nathaniel Morton Elementary,2509720,best_match
41.84024,-70.600758,Plymouth,MA,57 Justine Rd,elementary,South,250972001547,South Elementary,2509720,best_match
41.919836,-70.700253,Plymouth,MA,39 Goldfinch Ln,elementary,Federal Furnace,250972001540,Federal Furnace School,2509720,best_match
41.916532,-70.551582,Plymouth,MA,13 Thrush Ave,elementary,Manomet Elementary,250972001543,Manomet Elementary,2509720,best_match
41.925319,-70.571083,Plymouth,MA,492 State Rd,elementary,Nathaniel Morton,250972001545,Nathaniel Morton Elementary,2509720,best_match
41.923807,-70.543482,Plymouth,MA,4 Highland Ter Apt 415,elementary,Manomet Elementary,250972001543,Manomet Elementary,2509720,best_match
41.786358,-70.615765,Plymouth,MA,185 Bournehurst Dr,elementary,South Elem,250972001547,South Elementary,2509720,best_match
41.845896,-70.601271,Plymouth,MA,64 Dorothy Dr,elementary,South,250972001547,South Elementary,2509720,best_match
41.839906,-70.599865,Plymouth,MA,60 Justine Rd,elementary,South Elementary,250972001547,South Elementary,2509720,best_match
41.886974,-70.708616,Plymouth,MA,37 Wyndemere Ct,elementary,Federal Furnace,250972001540,Federal Furnace School,2509720,best_match
41.865857,-70.556287,Plymouth,MA,88 Early Red Cir,elementary,Indian Brook,250972001542,Indian Brook,2509720,best_match
41.880464,-70.645473,Plymouth,MA,4 Preservation Way,elementary,Plymouth South,,,,
41.838046,-70.54571,Plymouth,MA,2000 State Rd,elementary,Indian Brook,250972001542,Indian Brook,2509720,best_match
41.81356,-70.560272,Plymouth,MA,1110 Long Pond Rd,elementary,Indian Brook Elementary School,250972001542,Indian Brook,2509720,best_match
41.945591,-70.693519,Plymouth,MA,3 Priest Rd,elementary,West,250972001548,West Elementary,2509720,best_match
41.955108,-70.667653,Plymouth,MA,44 Russell St,elementary,Cold Spring,250972001539,Cold Spring,2509720,best_match
41.874338,-70.53873,Plymouth,MA,33 Trask Rd,elementary,Indian Brook Elementary,250972001542,Indian Brook,2509720,best_match
41.936031,-70.565481,Plymouth,MA,4 Priscilla Beach Rd,elementary,Manomet Elementary,250972001543,Manomet Elementary,2509720,best_match
41.953808,-70.656754,Plymouth,MA,27-1/2 Fremont St Unit 2,elementary,Nathaniel Morto,250972001545,Nathaniel Morton Elementary,2509720,distinctive_token
41.897387,-70.56479,Plymouth,MA,38 Davenport Rd,elementary,Manomet Elementary,250972001543,Manomet Elementary,2509720,best_match
41.879404,-70.540483,Plymouth,MA,12 Cutter Dr,elementary,Indian Brook,250972001542,Indian Brook,2509720,best_match
41.938917,-70.700879,Plymouth,MA,36 Cooke Rd,elementary,Federal Furnace Elem,250972001540,Federal Furnace School,2509720,best_match
41.966708,-70.678131,Plymouth,MA,210 Court St,elementary,Cold Spring,250972001539,Cold Spring,2509720,best_match
41.801688,-70.561229,Plymouth,MA,29 Eagle Hill Dr,elementary,Indian Brook,250972001542,Indian Brook,2509720,best_match
41.948279,-70.658602,Plymouth,MA,64 South St,elementary,Nathaniel Morton,250972001545,Nathaniel Morton Elementary,2509720,best_match
41.943185,-70.601343,Plymouth,MA,106 Rocky Hill Rd,elementary,Manomet,250972001543,Manomet Elementary,2509720,best_match
41.848533,-70.533669,Plymouth,MA,318 Center Hill Rd,elementary,Indian Brook,250972001542,Indian Brook,2509720,best_match
41.892626,-70.714405,Plymouth,MA,877 Federal Furnace Rd,elementary,Federal Furnace,250972001540,Federal Furnace School,2509720,best_match
41.937539,-70.641586,Plymouth,MA,10 Nixon Ave,elementary,Nathaniel Morton Elem,250972001545,Nathaniel Morton Elementary,2509720,best_match
41.931516,-70.73176,Plymouth,MA,241 Carver Rd Apt 8,elementary,West Elementary,250972001548,West Elementary,2509720,best_match
41.798762,-70.599366,Plymouth,MA,35 Raymond Rd,elementary,South Elementary,250972001547,South Elementary,2509720,best_match
41.807022,-70.558284,Plymouth,MA,50 Nightingale Rd Apt 3,elementary,Indian Brook,250972001542,Indian Brook,2509720,best_match
41.922685,-70.555123,Plymouth,MA,83 Beach St,elementary,Manomet,250972001543,Manomet Elementary,2509720,best_match
41.949264,-70.661981,Plymouth,MA,17 Stafford St,elementary,Nathaniel Morton,250972001545,Nathaniel Morton Elementary,2509720,best_match
41.939312,-70.701597,Plymouth,MA,31 Cooke Rd,elementary,Federal Furnace Elementary,250972001540,Federal Furnace School,2509720,best_match
41.87499,-70.588405,Plymouth,MA,110 Fairview Ln,elementary,South Elem,250972001547,South Elementary,2509720,best_match
41.879551,-70.539804,Plymouth,MA,13 Cutter Dr,elementary,Indian Brook Elementary,250972001542,Indian Brook,2509720,best_match
41.898861,-70.557449,Plymouth,MA,24 Cottontail Trl,elementary,Manomet,250972001543,Manomet Elementary,2509720,best_match
41.941644,-70.635924,Plymouth,MA,83 Winding Way,elementary,Nathaniel Morton,250972001545,Nathaniel Morton Elementary,2509720,best_match
41.94725,-70.691689,Plymouth,MA,2 Marc Dr Apt 2B7,elementary,Federal Furnace Elementary,250972001540,Federal Furnace School,2509720,best_match
41.824149,-70.624557,Plymouth,MA,5 Bearberry Path Unit 5,elementary,Plymouth South,250972001547,South Elementary,2509720,distinctive_token
41.911591,-70.550751,Plymouth,MA,802 State Rd,elementary,Manoment Elementary,250972001543,Manomet Elementary,2509720,distinctive_token
41.978344,-70.69347,Plymouth,MA,27 Howland St Unit 7,elementary,N. Morton,250972001545,Nathaniel Morton Elementary,2509720,distinctive_token
41.892962,-70.595868,Plymouth,MA,30 Barnswallow Ln,elementary,Nathaniel Morton Elementary,250972001545,Nathaniel Morton Elementary,2509720,best_match
41.891379,-70.551961,Plymouth,MA,105 Shallow Pond Ln,elementary,Ibes,,,,
41.954685,-70.672229,Plymouth,MA,36 Oak St,elementary,Cold Spring,250972001539,Cold Spring,2509720,best_match
41.951041,-70.653905,Plymouth,MA,5 Winter St,elementary,Nathanial Morton,250972001545,Nathaniel Morton Elementary,2509720,distinctive_token
41.801924,-70.611094,Plymouth,MA,125 Lakeview Blvd,elementary,South,250972001547,South Elementary,2509720,best_match
41.940123,-70.791852,Plympton,MA,133 Pleasant St,elementary,Dennett,250978001551,Dennett Elementary,2509780,best_match
41.947,-70.776907,Plympton,MA,50 Spring St,elementary,Dennett Elem,250978001551,Dennett Elementary,2509780,best_match
41.985208,-70.791404,Plympton,MA,182 County Rd,elementary,Dennett,250978001551,Dennett Elementary,2509780,best_match
41.962025,-70.823817,Plympton,MA,73 Center St,elementary,Dennett,250978001551,Dennett Elementary,2509780,best_match
41.691128,-70.598354,Pocasset,MA,22 Avery Rd,elementary,Bournedale Elementary,250486000690,North Falmouth Elementary,2504860,distinctive_token
42.424575,-71.87166,Princeton,MA,27 Redwood Dr,elementary,Thomas Prince School,,,,
42.420528,-71.868011,Princeton,MA,22 Oak Cir,elementary,Thomas Prince K-8,,,,
42.466212,-71.883779,Princeton,MA,150 Mountain Rd,elementary,Thomas Prince K-8,,,,
42.414865,-71.87425,Princeton,MA,261 Worcester Rd,elementary,Thomas Prince K-8,,,,
42.457633,-71.873677,Princeton,MA,58 Merriam Rd,elementary,Thomas Prince,,,,
42.466842,-71.88428,Princeton,MA,152 Mountain Rd,elementary,Thomas Prince,,,,
42.47752,-71.866965,Princeton,MA,49 Beaman Rd,elementary,Thomas Prince K-8,,,,
42.446828,-71.879261,Princeton,MA,17 Boylston Ave,elementary,Thomas Prince K-8,,,,
42.433319,-71.891909,Princeton,MA,103 Brooks Station Rd,elementary,Thomas Prince School,,,,
42.439565,-71.821705,Princeton,MA,299 Sterling Rd,elementary,Thomas Prince,,,,
42.460979,-71.884557,Princeton,MA,108 Mountain Rd,elementary,Thomas Prince,,,,
42.505612,-71.863122,Princeton,MA,Laurel Ln Lot 5,elementary,Thomas Prince,,,,
42.439565,-71.821705,Princeton,MA,299 Sterling Rd,elementary,Thomas Prince,,,,
42.423669,-71.872083,Princeton,MA,28 Redwood Dr,elementary,Thomas Prince,,,,
42.248771,-71.033857,Quincy,MA,35 Perkins St,elementary,Bernazzani Elementry School,250987001568,Charles A Bernazzani Elementary,2509870,distinctive_token
42.244656,-71.012921,Quincy,MA,54 Quarry St,elementary,Lincoln Hancock Elementary,250987001571,Lincoln-Hancock Community School,2509870,distinctive_token
42.298534,-71.022695,Quincy,MA,19 Schooner Ln Unit 19,elementary,Squantum Elementary,250987001583,Squantum,2509870,best_match
42.286006,-71.026836,Quincy,MA,84 Alstead St,elementary,Squantum,250987001583,Squantum,2509870,best_match
42.245183,-71.008616,Quincy,MA,26 Carlson St,elementary,Lincoln-Hancock,250987001571,Lincoln-Hancock Community School,2509870,best_match
42.256826,-71.008237,Quincy,MA,1025 Hancock St Unit 14F,elementary,Merrymount Elementary School,250987001573,Merrymount,2509870,best_match
42.261068,-70.976452,Quincy,MA,576 Sea St,elementary,Merrymount,250987001573,Merrymount,2509870,best_match
42.274079,-70.951595,Quincy,MA,46 Mears Ave,elementary,Atherton Hough Elementary,250987001560,Atherton Hough,2509870,best_match
42.269018,-70.955408,Quincy,MA,59 Parkhurst St,elementary,Atherton Hough Elementry,250987001560,Atherton Hough,2509870,best_match
42.233532,-70.99937,Quincy,MA,14 Hillsboro St,elementary,Lincoln-Hancock Community,250987001571,Lincoln-Hancock Community School,2509870,best_match
42.301742,-71.012864,Quincy,MA,145 Dorchester St,elementary,Squantum Elementary School,250987001583,Squantum,2509870,best_match
42.295382,-71.013603,Quincy,MA,828 E Squantum St,elementary,Squantum Elementary School,250987001583,Squantum,2509870,best_match
42.251633,-70.981216,Quincy,MA,100 Cove Way Unit 402,elementary,Clifford H. Marshall,250987001220,Clifford H Marshall Elementary,2509870,best_match
42.295302,-71.026298,Quincy,MA,100 Marina Dr Apt 418,elementary,Squantum,250987001583,Squantum,2509870,best_match
42.298433,-71.027551,Quincy,MA,2001 Marina Dr Apt 410,elementary,Squantum,250987001583,Squantum,2509870,best_match
42.294202,-71.013481,Quincy,MA,865 E Squantum St,elementary,Squantum Elementary,250987001583,Squantum,2509870,best_match
42.298433,-71.027551,Quincy,MA,2001 Marina Dr Apt 605,elementary,Squantum,250987001583,Squantum,2509870,best_match
42.275714,-71.024601,Quincy,MA,260 Newbury Ave,elementary,Parker,250987001567,Francis W Parker,2509870,best_match
42.274844,-71.005161,Quincy,MA,11 Chick St,elementary,Beechwood Knoll,250987000772,Beechwood Knoll Elementary,2509870,best_match
42.25261,-71.024071,Quincy,MA,22 Roosevelt Rd Apt 4,elementary,Bernazzani,250987001568,Charles A Bernazzani Elementary,2509870,best_match
42.245481,-70.977361,Quincy,MA,74 Raycroft St,elementary,Clifford Marshall,250987001220,Clifford H Marshall Elementary,2509870,best_match
42.264279,-70.971461,Quincy,MA,716 Sea St,elementary,Atherton Hough,250987001560,Atherton Hough,2509870,best_match
42.259881,-71.018557,Quincy,MA,128 Prospect Ave,elementary,Wollaston,250987002492,Wollaston School,2509870,best_match
42.247506,-70.99685,Quincy,MA,91 Elm St,elementary,Clifford Marshall,250987001220,Clifford H Marshall Elementary,2509870,best_match
42.264171,-70.952844,Quincy,MA,153 Edgewater Dr,elementary,Atherton Hough Elementary,250987001560,Atherton Hough,2509870,best_match
42.237137,-70.982261,Quincy,MA,15 Bower Rd Apt F5,elementary,Quincy Public,250003900599,Boston Renaissance Charter Public School,2500039,distinctive_token
42.269906,-70.958521,Quincy,MA,19 Brinsley St,elementary,Atherton Hough,250987001560,Atherton Hough,2509870,best_match
42.263485,-70.991841,Quincy,MA,65 Narragansett Rd,elementary,Merrymount,250987001573,Merrymount,2509870,best_match
42.246453,-70.998714,Quincy,MA,44 Elm St,elementary,Clifford Marshall Elementary,250987001220,Clifford H Marshall Elementary,2509870,best_match
42.262383,-70.98683,Quincy,MA,334 Sea St,elementary,Merrymount,250987001573,Merrymount,2509870,best_match
42.277106,-71.025974,Quincy,MA,210 Newbury Ave Unit 2L,elementary,Parker,250987001567,Francis W Parker,2509870,best_match
42.255978,-71.018668,Quincy,MA,87 Dewson Rd,elementary,Bernazzani,250987001568,Charles A Bernazzani Elementary,2509870,best_match
42.250682,-70.998795,Quincy,MA,106 Washington St Unit 23,elementary,Clifford Marshall,250987001220,Clifford H Marshall Elementary,2509870,best_match
42.262374,-70.986998,Quincy,MA,330 Sea St,elementary,Merrymount,250987001573,Merrymount,2509870,best_match
42.281084,-71.019431,Quincy,MA,101 Bayfield Rd S,elementary,Francis W. Parker,250987001567,Francis W Parker,2509870,best_match
42.248387,-70.981109,Quincy,MA,500 Washington St Apt 506,elementary,Clifford Marshall,250987001220,Clifford H Marshall Elementary,2509870,best_match
42.256364,-71.004894,Quincy,MA,44 Greenleaf St,elementary,Merrymount,250987001573,Merrymount,2509870,best_match
42.251633,-70.981216,Quincy,MA,100 Cove Way Unit 409,elementary,Clifford H Marshall,250987001220,Clifford H Marshall Elementary,2509870,best_match
42.267931,-70.95929,Quincy,MA,65 Winthrop St,elementary,Atherton Hough,250987001560,Atherton Hough,2509870,best_match
42.251858,-70.979705,Quincy,MA,200 Cove Way Unit 708,elementary,Clifford H. Marshall,250987001220,Clifford H Marshall Elementary,2509870,best_match
42.262711,-70.974413,Quincy,MA,84 Post Island Rd,elementary,Atherton Hough Elementary,250987001560,Atherton Hough,2509870,best_match
42.234844,-71.013412,Quincy,MA,21 Totman St Apt 203,elementary,Lincoln Hancock,250987001571,Lincoln-Hancock Community School,2509870,best_match
42.243066,-71.024385,Quincy,MA,20 Miller St Unit 2,elementary,Lincoln-Hancock Community,250987001571,Lincoln-Hancock Community School,2509870,best_match
42.249149,-70.986168,Quincy,MA,388 Washington St Unit 303,elementary,Clifford Marshall,250987001220,Clifford H Marshall Elementary,2509870,best_match
42.262062,-70.964253,Quincy,MA,173 Rhoda St,elementary,Atherton,250987001560,Atherton Hough,2509870,best_match
42.249149,-70.986168,Quincy,MA,388 Washington St Unit 405,elementary,Clifford Marshall,250987001220,Clifford H Marshall Elementary,2509870,best_match
42.244691,-70.988375,Quincy,MA,19 Keyes St,elementary,Clifford,250987001220,Clifford H Marshall Elementary,2509870,best_match
42.241807,-71.005376,Quincy,MA,8 Jackson St Unit C1,elementary,Lincoln Hancock,250987001571,Lincoln-Hancock Community School,2509870,best_match
42.199261,-71.065156,Randolph Town,MA,34 Sarah St,elementary,Check W/ Supt.,,,,
42.156357,-71.045098,Randolph Town,MA,15 Fairmount St,elementary,Martin E. Young,250993001593,Martin E Young Elementary,2509930,best_match
42.156912,-71.028156,Randolph Town,MA,2 Fairfield Rd,elementary,Jfk Elementary,250993002596,J F Kennedy Elementary,2509930,abbrev_expand
42.158328,-71.045961,Randolph Town,MA,48 Woodlawn St,elementary,Martin E Young Elementary,250993001593,Martin E Young Elementary,2509930,best_match
42.146743,-71.040013,Randolph Town,MA,20 Toscano Way Unit 20,elementary,Young,250993001593,Martin E Young Elementary,2509930,best_match
42.172526,-71.05177,Randolph Town,MA,105 Cross St,elementary,Martin E. Young,250993001593,Martin E Young Elementary,2509930,best_match
42.144388,-71.038472,Randolph Town,MA,10 N Glenway Ave,elementary,Jfk Elementary,250993002596,J F Kennedy Elementary,2509930,abbrev_expand
42.170948,-71.049687,Randolph Town,MA,18 Wales Ave,elementary,J F Kennedy Elementary,250993002596,J F Kennedy Elementary,2509930,best_match
42.146594,-71.040252,Randolph Town,MA,10 Toscano Way Unit 10,elementary,Young,250993001593,Martin E Young Elementary,2509930,best_match
42.177661,-71.047808,Randolph Town,MA,18 Vesey Rd,elementary,Lyon School,,,,
42.185801,-71.075073,Randolph Town,MA,232 Canton St Apt 112,elementary,Donovan Elementary School,250993001592,Margaret L Donovan,2509930,distinctive_token
42.146743,-71.040013,Randolph Town,MA,24 Toscano Way Unit 24,elementary,Young,250993001593,Martin E Young Elementary,2509930,best_match
42.146743,-71.040013,Randolph Town,MA,18 Toscano Way Unit 18,elementary,Young,250993001593,Martin E Young Elementary,2509930,best_match
41.939572,-71.080872,Raynham,MA,260 King Philip St,elementary,Lalib/Merrill,250303002102,Merrill Elementary School,2503030,distinctive_token
41.910531,-71.007064,Raynham,MA,59 Ninas Way,elementary,Merrill Elementary,250303002102,Merrill Elementary School,2503030,best_match
41.935397,-71.04787,Raynham,MA,23 Meadow Brook Rd,elementary,Laliberte Elementary School,250303001755,Laliberte Elementary School,2503030,best_match
41.912958,-71.026775,Raynham,MA,130 Deer Hollow Trl,elementary,Laliberte Elem,250303001755,Laliberte Elementary School,2503030,best_match
41.908092,-71.037469,Raynham,MA,55 Judson St,elementary,Merrill/Lalib,250303002102,Merrill Elementary School,2503030,distinctive_token
41.935637,-71.048502,Raynham,MA,75 White St,elementary,Laliberty,,,,
41.888717,-70.994683,Raynham,MA,58 Shirley Rd,elementary,Laliberte,250303001755,Laliberte Elementary School,2503030,best_match
41.917935,-71.003822,Raynham,MA,334 Forest St,elementary,Laliberte | Merrill,,,,
41.942628,-71.014803,Raynham,MA,Pine St,elementary,Merrill/Lalib,250303002102,Merrill Elementary School,2503030,distinctive_token
41.91121,-70.99689,Raynham,MA,265 Finch Rd,elementary,Merrill/Laliberte Elementary,250303002102,Merrill Elementary School,2503030,slash_split
41.916942,-71.014496,Raynham,MA,864 Locust St,elementary,Merrill/Laliberte,250303002102,Merrill Elementary School,2503030,slash_split
41.961735,-71.065145,Raynham,MA,31 Daisy Ln Unit 31,elementary,Laliberte Elementary School,250303001755,Laliberte Elementary School,2503030,best_match
41.951801,-71.006208,Raynham,MA,45 Spruce St,elementary,Laliberte,250303001755,Laliberte Elementary School,2503030,best_match
41.961037,-71.065193,Raynham,MA,30 Sunflower Dr Unit 30,elementary,Laliberte/Merrill,250303001755,Laliberte Elementary School,2503030,slash_split
41.940338,-71.071822,Raynham,MA,6 Mohawk Rd,elementary,Merrill/Laliberte,250303002102,Merrill Elementary School,2503030,slash_split
41.928865,-71.0388,Raynham,MA,104 Jackson Dr,elementary,Lillie B Merrill & Laliberte,,,,
41.900711,-71.001979,Raynham,MA,68 Oxbow Rd Unit 41-1,elementary,Lliberte/Merril,,,,
41.900404,-71.003176,Raynham,MA,Oxbow Rd Unit 55-1,elementary,Lliberte/Merril,,,,
41.929459,-71.046661,Raynham,MA,98 Sherwood Ln,elementary,Laliberte Elementary School,250303001755,Laliberte Elementary School,2503030,best_match
41.900404,-71.003176,Raynham,MA,Oxbow Unit 46-1,elementary,Lliberte/Merril,,,,
41.900404,-71.003176,Raynham,MA,Oxbow Rd Unit 42-3,elementary,Lliberti/Merril,,,,
41.900711,-71.001979,Raynham,MA,120 Oxbow Rd Unit 56-3,elementary,Lliberte/Merril,,,,
41.900711,-71.001979,Raynham,MA,89 Oxbow Rd Unit 43-1,elementary,Lliberti/Merril,,,,
41.900711,-71.001979,Raynham,MA,103 Oxbow Rd Unit 47-1,elementary,Lliberte/Merril,,,,
41.900711,-71.001979,Raynham,MA,81 Oxbow Rd Unit 39-3,elementary,Lliberti/Merril,,,,
41.900404,-71.003176,Raynham,MA,Oxbow Rd Unit 45-2,elementary,Lliberte/Merril,,,,
41.900711,-71.001979,Raynham,MA,105 Oxbow Rd Unit 47-3,elementary,Lliberte/Merril,,,,
41.900711,-71.001979,Raynham,MA,75 Oxbow Rd Unit 38-3,elementary,Lalibe & Merril,,,,
41.900711,-71.001979,Raynham,MA,77 Oxbow Rd Unit 39-1,elementary,Lalibe & Merril,,,,
41.900711,-71.001979,Raynham,MA,74 Oxbow Rd Unit 45-1,elementary,Lliberte/Merril,,,,
41.900711,-71.001979,Raynham,MA,71 Oxbow Rd Unit 38-1,elementary,Lliberte/Merril,,,,
41.900711,-71.001979,Raynham,MA,91 Oxbow Rd Unit 43-2,elementary,Lalibe & Merril,,,,
41.900711,-71.001979,Raynham,MA,93 Oxbow Rd Unit 44-1,elementary,Lalibe & Merril,,,,
41.900711,-71.001979,Raynham,MA,60 Oxbow Rd Unit 40-2,elementary,Lliberte/Merril,,,,
41.935397,-71.04787,Raynham Center,MA,23 Meadow Brook Rd,elementary,Laliberte Elementary School,250303001755,Laliberte Elementary School,2503030,best_match
41.935637,-71.048502,Raynham Center,MA,75 White St,elementary,Laliberty,,,,
41.928865,-71.0388,Raynham Center,MA,104 Jackson Dr,elementary,Lillie B Merrill & Laliberte,,,,
41.929459,-71.046661,Raynham Center,MA,98 Sherwood Ln,elementary,Laliberte Elementary School,250303001755,Laliberte Elementary School,2503030,best_match
42.526804,-71.095909,Reading,MA,121 Salem St,elementary,J.W. Killam,250999001608,J Warren Killam,2509990,distinctive_token
42.503302,-71.111851,Reading,MA,15 George St,elementary,Joshua Eaton,250999001609,Joshua Eaton,2509990,best_match
42.524637,-71.109181,Reading,MA,51 MT Vernon St,elementary,Barrows,250999001604,Alice M Barrows,2509990,best_match
42.520291,-71.108826,Reading,MA,67 Washington St,elementary,Joshua Eaton,250999001609,Joshua Eaton,2509990,best_match
42.532076,-71.119946,Reading,MA,304 Lowell St,elementary,Reading Memorial High School,250324000431,Memorial,2503240,best_match
42.518311,-71.109332,Reading,MA,42 Riverside Dr,elementary,Joshua Eaton Elementary,250999001609,Joshua Eaton,2509990,best_match
42.530038,-71.130428,Reading,MA,16 Cottage Park,elementary,Call Supt,,,,
42.528835,-71.094303,Reading,MA,79 Orange St,elementary,Killam,250999001608,J Warren Killam,2509990,best_match
42.522501,-71.102684,Reading,MA,531 Main St Unit 1002,elementary,Killiam Elementary School,,,,
42.524985,-71.130343,Reading,MA,127 Johnson Woods Dr Unit 127,elementary,Barrows School,250999001604,Alice M Barrows,2509990,best_match
42.526804,-71.095909,Reading,MA,121 Salem St Unit 121,elementary,J.W. Killam,250999001608,J Warren Killam,2509990,distinctive_token
42.540287,-71.100833,Reading,MA,299 Pearl St,elementary,J. Warren Killam Elementary,250999001608,J Warren Killam,2509990,best_match
42.521935,-71.119835,Reading,MA,84 King St,elementary,Call Supt.,,,,
42.535063,-71.114417,Reading,MA,103 John Carver Rd,elementary,Birch Meadow,250999001606,Birch Meadow,2509990,best_match
42.52005,-71.121769,Reading,MA,24 Glenmere Cir,elementary,Barrows,250999001604,Alice M Barrows,2509990,best_match
42.549462,-71.101691,Reading,MA,20 Nugent Ln,elementary,Wood End,250999001958,Wood End Elementary School,2509990,best_match
42.534226,-71.11908,Reading,MA,51 Grove St,elementary,Birch Meadow Elementray,250999001606,Birch Meadow,2509990,best_match
42.519056,-71.11907,Reading,MA,8 Berkeley St,elementary,Barrows,250999001604,Alice M Barrows,2509990,best_match
42.524985,-71.130343,Reading,MA,127 Johnson Woods Dr Unit 127,elementary,Barrows School,250999001604,Alice M Barrows,2509990,best_match
42.534633,-71.099291,Reading,MA,166 Pearl St,elementary,Killam,250999001608,J Warren Killam,2509990,best_match
42.541388,-71.103195,Reading,MA,18 Wells Rd,elementary,Call Supt.,,,,
42.534716,-71.106487,Reading,MA,10 Grandview Rd,elementary,Call Superintendent,,,,
42.526184,-71.100288,Reading,MA,49 Salem St Unit 1,elementary,Killiam,,,,
41.886533,-71.281062,Rehoboth,MA,18 Allens Ln,elementary,Palmer River Elementary,250420002428,Palmer River,2504200,best_match
41.830948,-71.255908,Rehoboth,MA,20 School St,elementary,Palmer River,250420002428,Palmer River,2504200,best_match
41.806695,-71.24116,Rehoboth,MA,3 Pleasant St,elementary,Palmer River Elementary School,250420002428,Palmer River,2504200,best_match
41.81651,-71.238199,Rehoboth,MA,25 Linden Ln,elementary,Palmer River,250420002428,Palmer River,2504200,best_match
41.866129,-71.202901,Rehoboth,MA,72 New St,elementary,Palmer River,250420002428,Palmer River,2504200,best_match
41.869499,-71.268713,Rehoboth,MA,139 Rocky Hill Rd,elementary,Palmer River,250420002428,Palmer River,2504200,best_match
41.851566,-71.20246,Rehoboth,MA,176 New St,elementary,Palmer River Elementary School,250420002428,Palmer River,2504200,best_match
41.812674,-71.236059,Rehoboth,MA,Linden Ln Lot 42C,elementary,Palmer River,250420002428,Palmer River,2504200,best_match
41.86618,-71.274235,Rehoboth,MA,170 Rocky Hill Rd,elementary,Palmer River,250420002428,Palmer River,2504200,best_match
41.821946,-71.241851,Rehoboth,MA,Linden Ln Lot 8C,elementary,Palmer River,250420002428,Palmer River,2504200,best_match
41.870197,-71.254555,Rehoboth,MA,16 Ledge Hill Ln,elementary,Palmer River,250420002428,Palmer River,2504200,best_match
41.841679,-71.289925,Rehoboth,MA,112 Broad St,elementary,Palmer River,250420002428,Palmer River,2504200,best_match
41.809789,-71.251601,Rehoboth,MA,18 Abbey Ln,elementary,Palmer River,250420002428,Palmer River,2504200,best_match
41.801391,-71.281142,Rehoboth,MA,11 Barney Ave Bldr Lot 7,elementary,Palmer River,250420002428,Palmer River,2504200,best_match
41.888442,-71.292644,Rehoboth,MA,2 Rod Way,elementary,Aitken,251059001696,Mildred Aitken School,2510590,best_match
41.911394,-71.22817,Rehoboth,MA,20 King Philip Dr,elementary,Palmer River,250420002428,Palmer River,2504200,best_match
41.881117,-71.256659,Rehoboth,MA,5 Victoria Ln,elementary,Palmer,250420002428,Palmer River,2504200,best_match
41.869137,-71.202824,Rehoboth,MA,Winthrop St,elementary,Palmer River,250420002428,Palmer River,2504200,best_match
41.820944,-71.244381,Rehoboth,MA,138 Chestnut St,elementary,Palmer River Elementary,250420002428,Palmer River,2504200,best_match
41.873215,-71.255594,Rehoboth,MA,Ledge Hill Ln Lot 11,elementary,Palmer River,250420002428,Palmer River,2504200,best_match
41.803219,-71.280391,Rehoboth,MA,207 Providence Bldr St Lot 2,elementary,Palmer River,250420002428,Palmer River,2504200,best_match
41.814553,-71.236694,Rehoboth,MA,Linden Ln Lot 8B,elementary,Palmer River,250420002428,Palmer River,2504200,best_match
41.784329,-71.274106,Rehoboth,MA,127 Mason St,elementary,Palmer River,250420002428,Palmer River,2504200,best_match
42.417583,-70.992976,Revere,MA,83 Calumet St,elementary,Paul Revere Elementary,251005001629,Paul Revere,2510050,best_match
42.427585,-70.989335,Revere,MA,14 Putnam Rd,elementary,Paul Revere Innovation School,251005001629,Paul Revere,2510050,best_match
42.426968,-70.981488,Revere,MA,474 Revere Beach Blvd Apt 903,elementary,Paul Revere,251005001629,Paul Revere,2510050,best_match
42.419119,-70.997272,Revere,MA,16 Thorndike St,elementary,Paul Revere Innovation School,251005001629,Paul Revere,2510050,best_match
42.416574,-70.999875,Revere,MA,36 Floyd St,elementary,Abraham Lincoln School,251005001618,Abraham Lincoln,2510050,best_match
42.419413,-71.018123,Revere,MA,66 Newhall St,elementary,A.C Whelan,251005001619,A. C. Whelan Elementary School,2510050,best_match
42.41874,-71.002436,Revere,MA,96 Stanton Ave,elementary,Abraham Lincoln School,251005001618,Abraham Lincoln,2510050,best_match
42.415482,-71.023628,Revere,MA,415 417 Mountain Ave,elementary,Hill School,251005001633,Staff Sargent James J. Hill Elementary School,2510050,best_match
42.420643,-70.986412,Revere,MA,350 Revere Beach Blvd Unit 6-5,elementary,Paul Revere School,251005001629,Paul Revere,2510050,best_match
42.419194,-71.006368,Revere,MA,880 Broadway Apt 5,elementary,Abraham Lincoln School,251005001618,Abraham Lincoln,2510050,best_match
42.426968,-70.981488,Revere,MA,474 Revere Beach Blvd Apt 501,elementary,Paul Revere,251005001629,Paul Revere,2510050,best_match
42.440764,-70.963697,Revere,MA,29 Bateman Ave,elementary,Paul Revere,251005001629,Paul Revere,2510050,best_match
42.416246,-71.023476,Revere,MA,361 Proctor Ave,elementary,Abraham Lincoln School,251005001618,Abraham Lincoln,2510050,best_match
42.426968,-70.981488,Revere,MA,474 Revere Beach Blvd Apt 103,elementary,Paul Revere,251005001629,Paul Revere,2510050,best_match
42.420482,-70.998633,Revere,MA,79 Temple St Unit 2,elementary,Paul Revere,251005001629,Paul Revere,2510050,best_match
42.420685,-70.986366,Revere,MA,350 Revere Beach Blvd Unit P212,elementary,Paul Revere Innovation School,251005001629,Paul Revere,2510050,best_match
42.417561,-71.029747,Revere,MA,566 Proctor Ave,elementary,A. C Whelan,251005001619,A. C. Whelan Elementary School,2510050,best_match
42.418475,-70.993161,Revere,MA,2 Sagamore St,elementary,Abraham Lincoln School,251005001618,Abraham Lincoln,2510050,best_match
42.420482,-70.998633,Revere,MA,79 Temple St Unit 2,elementary,Paul Revere,251005001629,Paul Revere,2510050,best_match
42.402257,-71.000462,Revere,MA,382 Revere Beach Pkwy,elementary,Garfield,251005001975,Garfield Elementary School,2510050,best_match
42.403912,-70.994605,Revere,MA,1661 N Shore Rd,elementary,Garfield,251005001975,Garfield Elementary School,2510050,best_match
42.416551,-71.026337,Revere,MA,438 Proctor Ave,elementary,A.C. Whelan,251005001619,A. C. Whelan Elementary School,2510050,best_match
42.352049,-73.389339,Richmond,MA,92 Baker St,elementary,Richmond Consolidate,,,,
42.364137,-73.375017,Richmond,MA,2507 State Rd,elementary,Richmond Consolidate,,,,
42.356242,-73.339881,Richmond,MA,161 Turkey Trot Rd,elementary,Richmond Consolidate,,,,
42.389466,-73.392363,Richmond,MA,765 Canaan Rd,elementary,Richmond Consolidate,,,,
42.41013,-73.331572,Richmond,MA,51 Cherry Rd,elementary,Richmond Consolidate,,,,
42.40958,-73.329768,Richmond,MA,20 Pine Rd,elementary,Richmond Consolidate,,,,
42.369776,-73.341688,Richmond,MA,851 Lenox Rd,elementary,Richmond Consolidate,,,,
42.37146,-73.353496,Richmond,MA,430 Lenox Rd,elementary,Richmond Consolidate,,,,
42.355032,-73.358751,Richmond,MA,2650 Swamp Rd,elementary,Richmond Consolidate,,,,
42.409203,-73.355258,Richmond,MA,752 State Rd,elementary,Richmond Consolidate,,,,
42.377682,-73.385312,Richmond,MA,475 Rossiter Rd,elementary,Richmond Consolidate,,,,
42.3654,-73.370296,Richmond,MA,2447 State Rd,elementary,Richmond Consolidate,,,,
42.40898,-73.358486,Richmond,MA,802 State Rd,elementary,Richmond Consolidate,,,,
42.378379,-73.343306,Richmond,MA,Swamp Rd,elementary,Richmond Consolidate,,,,
41.788369,-70.829278,Rochester,MA,888 Walnut Plain Rd,elementary,Rochester Memorial,251014001637,Rochester Memorial,2510140,best_match
41.75713,-70.815002,Rochester,MA,46-48 Paradise Ln,elementary,Rochester Memorial,251014001637,Rochester Memorial,2510140,best_match
41.72908,-70.822722,Rochester,MA,595 New Bedford Rd,elementary,Rochester Memorial,251014001637,Rochester Memorial,2510140,best_match
41.786282,-70.881485,Rochester,MA,18 Bennett Rd,elementary,Rochester Memorial,251014001637,Rochester Memorial,2510140,best_match
41.74797,-70.827785,Rochester,MA,7 Shadow Farm Ln,elementary,Memorial,251014001637,Rochester Memorial,2510140,best_match
41.73483,-70.866449,Rochester,MA,Rounseville Rd,elementary,Rochester Memor,251014001637,Rochester Memorial,2510140,distinctive_token
42.109253,-70.907,Rockland,MA,440 Summer St,elementary,Phelps Elementary,,,,
42.119209,-70.900195,Rockland,MA,115 Moncrief Rd,elementary,Phelps Elementary,,,,
42.135841,-70.903328,Rockland,MA,375-379 Webster St,elementary,Phelps,,,,
42.128288,-70.931468,Rockland,MA,158 Nevens Cir,elementary,Phelps Elem,,,,
42.128365,-70.933639,Rockland,MA,490 North Ave,elementary,Jefferson,251017001708,Jefferson Elementary School,2510170,best_match
42.132715,-70.903409,Rockland,MA,373 E Water St,elementary,Phelps,,,,
42.135517,-70.899651,Rockland,MA,57 Marks St,elementary,Phelps Elementary,,,,
42.112515,-70.92036,Rockland,MA,77 Willow Pond Dr Unit 77,elementary,Phelps,,,,
42.125984,-70.916519,Rockland,MA,62-64 W Water St,elementary,Phelps,,,,
42.134537,-70.930888,Rockland,MA,460 Salem St,elementary,Phelps Elementary,,,,
42.125811,-70.92199,Rockland,MA,135 Grove St Apt 131,elementary,Phelps Elementary,,,,
42.135319,-70.91626,Rockland,MA,471 Union St,elementary,Memorial Park Elementary,251017001640,Memorial Park,2510170,best_match
42.134871,-70.913553,Rockland,MA,41 Myrtle St,elementary,Phelps Elementary,,,,
42.125811,-70.92199,Rockland,MA,119 Grove St Apt 234,elementary,Beaver Brook Elementary School,250165000434,Beaver Brook Elementary,2501650,best_match
42.659646,-70.597301,Rockport,MA,5 Gap Head Rd,elementary,Rkpt Elem,251020002533,Rockport Elementary,2510200,distinctive_token
42.648628,-70.625907,Rockport,MA,130 Main St,elementary,Rockport,251020002533,Rockport Elementary,2510200,best_match
42.648628,-70.625907,Rockport,MA,130 Main St,elementary,Rockport,251020002533,Rockport Elementary,2510200,best_match
42.658519,-70.626915,Rockport,MA,8 Granite St,elementary,Rockport Elementary,251020002533,Rockport Elementary,2510200,best_match
42.653362,-70.598734,Rockport,MA,97 Marmion Way,elementary,Rockport,251020002533,Rockport Elementary,2510200,best_match
42.686398,-70.626986,Rockport,MA,92 Phillips Ave,elementary,Rockport,251020002533,Rockport Elementary,2510200,best_match
42.678654,-70.626137,Rockport,MA,170 1/2 Granite St Unit 3,elementary,Rockport Public School,251020002533,Rockport Elementary,2510200,distinctive_token
42.674707,-70.629263,Rockport,MA,17 Pigeon Hill St,elementary,Rockport,251020002533,Rockport Elementary,2510200,best_match
42.657239,-70.602692,Rockport,MA,22 Marmion Way,elementary,Rockport,251020002533,Rockport Elementary,2510200,best_match
42.652269,-70.62119,Rockport,MA,4 Toomey Ln Unit 4,elementary,Rockport,251020002533,Rockport Elementary,2510200,best_match
42.652269,-70.62119,Rockport,MA,4 Toomey Ln,elementary,Rockport,251020002533,Rockport Elementary,2510200,best_match
42.657239,-70.602692,Rockport,MA,22 Marmion Way Unit 22,elementary,Rockport,251020002533,Rockport Elementary,2510200,best_match
42.658519,-70.626915,Rockport,MA,8 Granite St,elementary,Rockport Elementary,251020002533,Rockport Elementary,2510200,best_match
42.673146,-70.632075,Rockport,MA,1 Pigeon Hill Ct Unit C,elementary,Rockport,251020002533,Rockport Elementary,2510200,best_match
42.673199,-70.632103,Rockport,MA,1C Pigeon Hill Ct Unit C,elementary,Rockport,251020002533,Rockport Elementary,2510200,best_match
42.695986,-72.94226,Rowe,MA,468 Tunnel Rd,elementary,Rowe Elementary K-6,251023001649,Rowe Elementary,2510230,best_match
42.66589,-72.934933,Rowe,MA,Zoar Rd,elementary,Rowe,251023001649,Rowe Elementary,2510230,best_match
42.709272,-72.885122,Rowe,MA,Cyrus Stage Rd,elementary,Rowe,251023001649,Rowe Elementary,2510230,best_match
42.697689,-72.918581,Rowe,MA,127 County Rd,elementary,Rowe Elementery School,251023001649,Rowe Elementary,2510230,distinctive_token
42.709176,-70.880409,Rowley,MA,12 Merrifield St,elementary,Pine Grove,251174001651,Pine Grove,2511740,best_match
42.707783,-70.901231,Rowley,MA,231 Haverhill St,elementary,Pine Grove,251174001651,Pine Grove,2511740,best_match
42.694157,-70.940833,Rowley,MA,9 Isabelle Cir,elementary,Pine Grove,251174001651,Pine Grove,2511740,best_match
42.698798,-70.943006,Rowley,MA,20 Lawrence Rd Apt 1,elementary,Pine Grove,251174001651,Pine Grove,2511740,best_match
42.707359,-70.942637,Rowley,MA,8 Mill Rd,elementary,Pine Grove,251174001651,Pine Grove,2511740,best_match
42.726934,-70.934585,Rowley,MA,33 Farnham Rd,elementary,Pine Grove,251174001651,Pine Grove,2511740,best_match
42.718489,-70.901105,Rowley,MA,51 Spencer Knowles Rd,elementary,Pine Grove,251174001651,Pine Grove,2511740,best_match
42.710841,-70.927825,Rowley,MA,11 Betsy Ln,elementary,Pine Grove Elementary,251174001651,Pine Grove,2511740,best_match
42.714525,-70.877696,Rowley,MA,21 Hammond St,elementary,Pine Grove,251174001651,Pine Grove,2511740,best_match
42.706099,-70.950103,Rowley,MA,901 Haverhill St,elementary,Pine Grove,251174001651,Pine Grove,2511740,best_match
42.725911,-70.91271,Rowley,MA,399 Wethersfield St,elementary,Pine Grove,251174001651,Pine Grove,2511740,best_match
42.720431,-70.896676,Rowley,MA,23 Oak Ledge Cir,elementary,Pine Grove,251174001651,Pine Grove,2511740,best_match
42.675872,-72.18022,Royalston,MA,21 S Royalston Rd,elementary,Royalston Elementary,250216000931,Royalston Community School,2502160,distinctive_token
42.678396,-72.152429,Royalston,MA,69 Winchendon Rd,elementary,Royalston,250216000931,Royalston Community School,2502160,best_match
42.675909,-72.186825,Royalston,MA,12 On the Cmn,elementary,Royalston Community School,250216000931,Royalston Community School,2502160,best_match
42.674916,-72.186408,Royalston,MA,S Royalston Rd,elementary,Royalston Elementary,250216000931,Royalston Community School,2502160,distinctive_token
42.373907,-71.969302,Rutland,MA,350 Main St,elementary,Naquag /Glennwood,251188002693,Naquag Elementary School,2511880,distinctive_token
42.382191,-71.94944,Rutland,MA,13 Watson Ln,elementary,Naquag And Glenwood,,,,
42.378807,-71.975919,Rutland,MA,52 Woodside Ave,elementary,Naquag Or Glenwood Elementary,251188002693,Naquag Elementary School,2511880,embedding
42.369518,-71.94719,Rutland,MA,2 Highland Park Rd,elementary,Naquag And Glenwood,,,,
42.426332,-71.970074,Rutland,MA,27 Davis St,elementary,Glenwood,251188002131,Glenwood Elementary School,2511880,best_match
42.333549,-71.956304,Rutland,MA,3 Barre Paxton Rd,elementary,Naquag Elementary School,251188002693,Naquag Elementary School,2511880,best_match
42.367527,-71.929665,Rutland,MA,95 Prescott St,elementary,Greenwood Elementary,,,,
42.379278,-71.942446,Rutland,MA,132 Main St,elementary,Rutland,,,,
42.377325,-71.948606,Rutland,MA,25 Edson Ave,elementary,Naquog/Glenwood,251188002131,Glenwood Elementary School,2511880,distinctive_token
42.391828,-71.967269,Rutland,MA,35 Brunelle Dr,elementary,Glenwood/Naquag,251188002131,Glenwood Elementary School,2511880,slash_split
42.395141,-71.974486,Rutland,MA,57 Sassawanna Rd,elementary,Naquag - Glenwood,,,,
42.38134,-71.933551,Rutland,MA,22 Haven Hill Rd,elementary,Wachusett Public School Dist.,,,,
42.370875,-71.944347,Rutland,MA,27 Cherylann Dr,elementary,Naquag & Glenwood,,,,
42.396852,-71.961817,Rutland,MA,4 Brintnal Dr,elementary,Glenwood Elementary,251188002131,Glenwood Elementary School,2511880,best_match
42.369115,-71.967979,Rutland,MA,Pleasantdale Rd Lot 11,elementary,Naquag Elem.,251188002693,Naquag Elementary School,2511880,best_match
42.345006,-71.969316,Rutland,MA,41 Irish Ln,elementary,Rutland,,,,
41.804275,-70.54389,Sagamore,MA,3 Village Green Dr Unit 3B,elementary,Bourne,250282002909,Bourne Intermediate School,2502820,best_match
41.768276,-70.538353,Sagamore,MA,6 Hilltop Dr,elementary,Bourne Elementary,250282002909,Bourne Intermediate School,2502820,distinctive_token
41.792611,-70.53303,Sagamore,MA,15 Clark Rd,elementary,Bourndale Elem/Bourne Intermed,250282002664,Bournedale Elementary School,2502820,distinctive_token
41.785016,-70.541196,Sagamore,MA,1 Homestead Rd,elementary,Bourne,250282002909,Bourne Intermediate School,2502820,best_match
41.789847,-70.540857,Sagamore,MA,16 Ocean Pines Dr Unit A,elementary,Bes/Bis,,,,
41.778062,-70.528765,Sagamore,MA,6 Luigi Ave,elementary,Bourne,250282002909,Bourne Intermediate School,2502820,best_match
41.769249,-70.539497,Sagamore,MA,34 Hilltop Dr,elementary,Bournedale Elem,250282002664,Bournedale Elementary School,2502820,best_match
41.771431,-70.53693,Sagamore,MA,51 Commonwealth Ave,elementary,Bourne Interm.,250282002909,Bourne Intermediate School,2502820,distinctive_token
42.522233,-70.88483,Salem,MA,125 Derby St Unit D,elementary,Bentley,251038002844,Bentley Academy Innovation School,2510380,best_match
42.488631,-70.897249,Salem,MA,3 Linden Ave,elementary,Saltonstall School,,,,
42.509738,-70.888776,Salem,MA,18 Willow Ave,elementary,Controlled Choice,,,,
42.522858,-70.897301,Salem,MA,47 Federal St,elementary,First Choice,,,,
42.519817,-70.888756,Salem,MA,74A Wharf St Unit J7,elementary,Saltonstall,,,,
42.521405,-70.897364,Salem,MA,281 Essex St Unit 306,elementary,Saltonstall School,,,,
42.525385,-70.892104,Salem,MA,31 Williams St,elementary,Bates Elementary,251038001653,Bates,2510380,best_match
42.524223,-70.904816,Salem,MA,52 Mason St,elementary,Bates,251038001653,Bates,2510380,best_match
42.517222,-70.897548,Salem,MA,75 Summer St Apt 5,elementary,Salem Public,251038000127,Salem Early Childhood,2510380,distinctive_token
42.520493,-70.91816,Salem,MA,25 Bow St,elementary,Witchcraft Heights Elementary,251038001668,Witchcraft Heights,2510380,best_match
42.520945,-70.897311,Salem,MA,7 Crombie St Unit 10,elementary,Salem Public,251038000127,Salem Early Childhood,2510380,distinctive_token
42.521705,-70.885887,Salem,MA,149 Derby St Apt A,elementary,Carlton Elementary School,251038001656,Carlton,2510380,best_match
42.534381,-70.88688,Salem,MA,4 Waite St,elementary,Carlton Innovation School,251038001656,Carlton,2510380,best_match
42.532604,-70.907641,Salem,MA,27 Woodside St,elementary,Bates School,251038001653,Bates,2510380,best_match
42.514491,-70.891428,Salem,MA,16 Leavitt St Unit 2,elementary,Saltonstall,,,,
42.522869,-70.886248,Salem,MA,5 Daniels St,elementary,Bentley,251038002844,Bentley Academy Innovation School,2510380,best_match
42.497356,-70.933678,Salem,MA,19 Olde Village Dr Unit 1603,elementary,Witchcraft Heights,251038001668,Witchcraft Heights,2510380,best_match
42.496216,-70.91638,Salem,MA,13 Nightingale Ln Unit 13,elementary,Saltonstall,,,,
42.501676,-70.897507,Salem,MA,11 Adams St,elementary,School Choice/Sa,,,,
42.514491,-70.891428,Salem,MA,16 Leavitt St Unit 3,elementary,Horace Mann School,251038001658,Horace Mann Laboratory,2510380,best_match
42.500129,-70.898277,Salem,MA,3 Preston Rd Unit 1,elementary,Bates,251038001653,Bates,2510380,best_match
42.503361,-70.915504,Salem,MA,13 First St Unit A13,elementary,Horace Mann School,251038001658,Horace Mann Laboratory,2510380,best_match
42.498498,-70.918629,Salem,MA,22 Celestial Way Unit 22,elementary,Saltonstall,,,,
42.497356,-70.933678,Salem,MA,17 Lions Ln Unit 2005,elementary,Witchcraft Heights,251038001668,Witchcraft Heights,2510380,best_match
42.519206,-70.918426,Salem,MA,41 Ord St,elementary,Witchcraft Heights,251038001668,Witchcraft Heights,2510380,best_match
42.497967,-70.934593,Salem,MA,6 Countryside Ln Unit 1303,elementary,Witchcraft Heights,251038001668,Witchcraft Heights,2510380,best_match
42.528271,-70.903631,Salem,MA,137 North St Apt 3,elementary,Bates Elementary School,251038001653,Bates,2510380,best_match
42.497468,-70.922608,Salem,MA,42 Cavendish Cir Unit 42,elementary,Horace Mann Laboratory School,251038001658,Horace Mann Laboratory,2510380,best_match
42.84306,-70.819555,Salisbury,MA,233 Beach Rd Unit A1,elementary,Salisbury Elementary,251174001669,Salisbury Elementary,2511740,best_match
42.850978,-70.817428,Salisbury,MA,178 North End Blvd Unit A,elementary,Salisbury Elementary,251174001669,Salisbury Elementary,2511740,best_match
42.841236,-70.841952,Salisbury,MA,111 Beach Rd Unit 9,elementary,Salisbury,251174001669,Salisbury Elementary,2511740,best_match
42.840007,-70.858679,Salisbury,MA,6 Sea Spray Ln Unit 6,elementary,Salisbury Elementary,251174001669,Salisbury Elementary,2511740,best_match
42.850978,-70.817428,Salisbury,MA,178 North End Blvd Unit F,elementary,Salisbury Elementary School,251174001669,Salisbury Elementary,2511740,best_match
42.827146,-70.855699,Salisbury,MA,86 Ferry Rd,elementary,Salisbury Elementary,251174001669,Salisbury Elementary,2511740,best_match
42.837196,-70.815933,Salisbury,MA,89 Atlantic Ave Unit 2,elementary,Salisbury,251174001669,Salisbury Elementary,2511740,best_match
42.841293,-70.817429,Salisbury,MA,11 Railroad Ave Unit B4,elementary,Salisbury Elementary,251174001669,Salisbury Elementary,2511740,best_match
42.849492,-70.877979,Salisbury,MA,12 Baker Rd,elementary,Salisbury Elementary,251174001669,Salisbury Elementary,2511740,best_match
42.839905,-70.816795,Salisbury,MA,14 Atlantic Ave Unit D,elementary,Salisbury Elementary,251174001669,Salisbury Elementary,2511740,best_match
42.840244,-70.865601,Salisbury,MA,36-A Elm St Unit 1,elementary,Salisbury Elementary,251174001669,Salisbury Elementary,2511740,best_match
42.857542,-70.857708,Salisbury,MA,17 Mason Ln,elementary,Salisbury,251174001669,Salisbury Elementary,2511740,best_match
42.816535,-70.866347,Salisbury,MA,4 Clover Cir Unit B,elementary,Salisbury,251174001669,Salisbury Elementary,2511740,best_match
42.871094,-70.817601,Salisbury,MA,12 Commonwealth Ave,elementary,Salisbury Elementary School,251174001669,Salisbury Elementary,2511740,best_match
42.84742,-70.817841,Salisbury,MA,121 Central Ave Unit B,elementary,Salisbury,251174001669,Salisbury Elementary,2511740,best_match
42.834484,-70.815492,Salisbury,MA,141 Atlantic Ave,elementary,Salisbury Elementary,251174001669,Salisbury Elementary,2511740,best_match
42.818379,-70.866518,Salisbury,MA,13 March Rd,elementary,Salisbury Elementary,251174001669,Salisbury Elementary,2511740,best_match
42.838743,-70.829612,Salisbury,MA,170 Beach Rd Unit 36,elementary,Salisbury,251174001669,Salisbury Elementary,2511740,best_match
42.851461,-70.86258,Salisbury,MA,2 Winterberry Cir,elementary,Salisbury Elementary School,251174001669,Salisbury Elementary,2511740,best_match
42.853864,-70.85698,Salisbury,MA,22 Seabrook Rd,elementary,Salisbury Elementary,251174001669,Salisbury Elementary,2511740,best_match
42.843464,-70.818192,Salisbury,MA,16 North End Blvd Unit 1,elementary,Salisbury,251174001669,Salisbury Elementary,2511740,best_match
42.85767,-70.859329,Salisbury,MA,17 Mason Ln Unit 9,elementary,Salisbury,251174001669,Salisbury Elementary,2511740,best_match
42.848366,-70.86455,Salisbury,MA,55 Lafayette Rd,elementary,Salisbury Elementary School,251174001669,Salisbury Elementary,2511740,best_match
42.866233,-70.881193,Salisbury,MA,12 High St,elementary,Salisbury Elementary,251174001669,Salisbury Elementary,2511740,best_match
42.843464,-70.818192,Salisbury,MA,16 North End Blvd Unit 8,elementary,Salisbury,251174001669,Salisbury Elementary,2511740,best_match
42.843464,-70.818192,Salisbury,MA,16 North End Blvd Unit 7,elementary,Salisbury,251174001669,Salisbury Elementary,2511740,best_match
42.843464,-70.818192,Salisbury,MA,16 North End Blvd Unit 3,elementary,Salisbury,251174001669,Salisbury Elementary,2511740,best_match
42.180599,-73.101348,Sandisfield,MA,309 Tamarack Trl,elementary,Farmington River,251332100402,Farmington River Elementary,2513321,best_match
42.091193,-73.140354,Sandisfield,MA,17 S Sandisfield Rd,elementary,Farmington River,251104001775,New Marlborough Central,2511040,single_school
42.115507,-73.15465,Sandisfield,MA,7 West St,elementary,Farmington River,251332100402,Farmington River Elementary,2513321,best_match
42.120427,-73.12848,Sandisfield,MA,132 Sandisfield Rd,elementary,Farmington River,251332100402,Farmington River Elementary,2513321,best_match
42.162181,-73.146174,Sandisfield,MA,153 Town Hill Rd,elementary,Farmington River,251332100402,Farmington River Elementary,2513321,best_match
42.088758,-73.140187,Sandisfield,MA,25 S Sandisfield Rd,elementary,Farmington River,251104001775,New Marlborough Central,2511040,single_school
42.107943,-73.128116,Sandisfield,MA,87 Silverbrook Rd,elementary,Farmington River,251332100402,Farmington River Elementary,2513321,best_match
42.180569,-73.102242,Sandisfield,MA,311 Tamarack Trl,elementary,Farmington River,251332100402,Farmington River Elementary,2513321,best_match
42.111513,-73.142165,Sandisfield,MA,Sandisfield Rd,elementary,Farmington River,251332100402,Farmington River Elementary,2513321,best_match
42.078771,-73.07242,Sandisfield,MA,14 Roosterville Rd,elementary,Farmington River,,,,
42.142698,-73.131046,Sandisfield,MA,Town Hill Rd Lot 3,elementary,Farmington River,251332100402,Farmington River Elementary,2513321,best_match
42.179294,-73.151413,Sandisfield,MA,17 Jamie Ln,elementary,Farmington River,251332100402,Farmington River Elementary,2513321,best_match
42.153882,-73.142103,Sandisfield,MA,125 Town Hill Rd,elementary,Farmington River,251332100402,Farmington River Elementary,2513321,best_match
42.185867,-73.095449,Sandisfield,MA,303 Lake Shore Dr,elementary,Farmington River,251332100402,Farmington River Elementary,2513321,best_match
42.117435,-73.134283,Sandisfield,MA,165 Sandisfield Rd,elementary,Farmington River,251332100402,Farmington River Elementary,2513321,best_match
41.740348,-70.423586,Sandwich,MA,7 Linden Rd,elementary,Forestdale | Oak Ridge Schools,251047002535,Oak Ridge,2510470,best_match
41.770173,-70.488271,Sandwich,MA,51 Freeman Ave,elementary,Forestdale,251047002857,Forestdale School,2510470,best_match
41.742986,-70.505738,Sandwich,MA,3 Highview Dr Unit 3,elementary,Forestdale,251047002857,Forestdale School,2510470,best_match
41.679322,-70.530626,Sandwich,MA,1 Pebble Path,elementary,Forestdale School,251047002857,Forestdale School,2510470,best_match
41.675381,-70.457622,Sandwich,MA,4 Gimme Cir,elementary,Sandwich,,,,
41.735909,-70.438651,Sandwich,MA,18 Old County Rd,elementary,Sandwich,,,,
41.716965,-70.434367,Sandwich,MA,9 Fairfield Dr,elementary,Oak Ridge School 3-6 1.2 Mi,251047002535,Oak Ridge,2510470,best_match
41.73315,-70.451763,Sandwich,MA,2 Marie Ln,elementary,Oak Ridge,251047002535,Oak Ridge,2510470,best_match
41.737936,-70.427389,Sandwich,MA,507 Route 6A Apt 9,elementary,Oak Ridge,251047002535,Oak Ridge,2510470,best_match
41.735724,-70.451873,Sandwich,MA,23 Manor Dr,elementary,Oak Ridge,251047002535,Oak Ridge,2510470,best_match
41.758494,-70.463021,Sandwich,MA,70 Salt Marsh Rd Unit A,elementary,Forestdale,251047002857,Forestdale School,2510470,best_match
41.687547,-70.521345,Sandwich,MA,8 Racoon Ln,elementary,Forestdale,251047002857,Forestdale School,2510470,best_match
42.475649,-71.006889,Saugus,MA,19 Magnolia St,elementary,Veterans Memorial (Pre-K- 2),251050001687,Veterans Early Learning Center,2510500,distinctive_token
42.471586,-71.008586,Saugus,MA,5 Hull Dr,elementary,Belmonte Stem Academy,251050002929,Belmonte STEAM Academy,2510500,distinctive_token
42.464159,-71.016992,Saugus,MA,86 Main St,elementary,Veterans/Belmonte,251050002929,Belmonte STEAM Academy,2510500,distinctive_token
42.446722,-71.008674,Saugus,MA,70 Clifton Ave,elementary,Veterans,,,,
42.464144,-70.99595,Saugus,MA,150 Hamilton St,elementary,Call Supt.,,,,
42.462311,-71.034432,Saugus,MA,9 Hammersmith Dr,elementary,Veterans/Belmonte,251050002929,Belmonte STEAM Academy,2510500,distinctive_token
42.474091,-70.996482,Saugus,MA,15 Jefferson Ave,elementary,Veterans Memorial Elementary,,,,
42.469788,-71.010241,Saugus,MA,19 Juliette Rd,elementary,Early Learning/Steam Academy,251050002929,Belmonte STEAM Academy,2510500,distinctive_token
42.50284,-71.029185,Saugus,MA,12 Gianna Dr,elementary,Belmonte Steam Academy,251050002929,Belmonte STEAM Academy,2510500,best_match
42.472157,-71.027785,Saugus,MA,39 Forest St,elementary,Oaklandvale,,,,
42.46558,-70.997444,Saugus,MA,4 Oneil Way,elementary,Veterans Mem.,251050001687,Veterans Early Learning Center,2510500,distinctive_token
42.474051,-71.001358,Saugus,MA,33 Fairchild Ave,elementary,Belmonte Stem Academy,251050002929,Belmonte STEAM Academy,2510500,distinctive_token
42.446161,-70.994828,Saugus,MA,28 Naples Ave,elementary,Waybright,,,,
42.467507,-71.040737,Saugus,MA,2703 Lewis O Gray Dr Unit 2703,elementary,Saugus,,,,
42.458786,-70.991527,Saugus,MA,1 Atkinson Dr Apt 1,elementary,Veterans Memorial,251050001687,Veterans Early Learning Center,2510500,distinctive_token
42.551124,-72.989484,Savoy,MA,1155 Main Rd,elementary,Emma L Miller Elementary School,251053001688,Emma L Miller Elementary School,2510530,best_match
42.562918,-73.046237,Savoy,MA,30 Jackson Rd,elementary,Emma L Miller Elementary School,251053001688,Emma L Miller Elementary School,2510530,best_match
42.571684,-73.042325,Savoy,MA,491 Main Rd,elementary,Emma L Miller Elementary School,251053001688,Emma L Miller Elementary School,2510530,best_match
42.583968,-73.075318,Savoy,MA,97 Main Rd,elementary,Emma L Miller Elementary School,250178000023,Hoosac Valley Elementary School,2501780,distinctive_token
42.583968,-73.075318,Savoy,MA,97 Main St,elementary,Emma L. Miller,251053001688,Emma L Miller Elementary School,2510530,best_match
42.176284,-70.741136,Scituate,MA,27 Ladds Way Unit 27,elementary,Jenkins,251056002068,Jenkins Elementary School,2510560,best_match
42.2171,-70.745559,Scituate,MA,13 Borden Rd,elementary,Wampatuck,251056002289,Wampatuck Elementary,2510560,best_match
42.187956,-70.719989,Scituate,MA,38 Inner Harbor Rd,elementary,Jenkins,251056002068,Jenkins Elementary School,2510560,best_match
42.190279,-70.797266,Scituate,MA,822 First Parish Rd,elementary,Cushing,251056001689,Cushing Elementary,2510560,best_match
42.215594,-70.78073,Scituate,MA,701 Country Way,elementary,Hatherly,251056001691,Hatherly Elementary,2510560,best_match
42.216026,-70.779096,Scituate,MA,684 Country Way,elementary,Hatherly Elementary,251056001691,Hatherly Elementary,2510560,best_match
42.210327,-70.776753,Scituate,MA,75 Mann Lot Rd,elementary,Cushing,251056001689,Cushing Elementary,2510560,best_match
42.216026,-70.779096,Scituate,MA,684 Country Way,elementary,Hatherly Elementary,251056001691,Hatherly Elementary,2510560,best_match
42.238068,-70.766944,Scituate,MA,7 Baileys Cswy,elementary,Wampatuck,251056002289,Wampatuck Elementary,2510560,best_match
42.2127,-70.755955,Scituate,MA,12 Cairnslea Ln,elementary,Hatherly,251056001691,Hatherly Elementary,2510560,best_match
42.200007,-70.777689,Scituate,MA,47 Tanglewood Dr,elementary,Cushing Elementary,251056001689,Cushing Elementary,2510560,best_match
42.197489,-70.737634,Scituate,MA,6 Brookside Ln Unit 6,elementary,Wampatuck,251056002289,Wampatuck Elementary,2510560,best_match
42.185138,-70.746321,Scituate,MA,33 Edgewood Rd,elementary,Jenkins Elementary,251056002068,Jenkins Elementary School,2510560,best_match
42.195022,-70.75253,Scituate,MA,2 Grace Way Unit 2,elementary,Cushing,251056001689,Cushing Elementary,2510560,best_match
42.183935,-70.73006,Scituate,MA,59 Greenfield Ln,elementary,Jenkins,251056002068,Jenkins Elementary School,2510560,best_match
42.226207,-70.780903,Scituate,MA,67 Border St,elementary,Hatherly,251056001691,Hatherly Elementary,2510560,best_match
42.197489,-70.737634,Scituate,MA,6 Brookside Ln Unit 6,elementary,Wampatuck,251056002289,Wampatuck Elementary,2510560,best_match
42.207223,-70.723351,Scituate,MA,153 Jericho Rd Apt 2,elementary,Jenkins,251056002068,Jenkins Elementary School,2510560,best_match
42.207223,-70.723351,Scituate,MA,153 Jericho Rd Apt 2,elementary,Jenkins,251056002068,Jenkins Elementary School,2510560,best_match
42.178603,-70.716279,Scituate,MA,119 Gilson Rd,elementary,Jenkins,251056002068,Jenkins Elementary School,2510560,best_match
42.192133,-70.765531,Scituate,MA,4 Old Forge Rd,elementary,Cushing,251056001689,Cushing Elementary,2510560,best_match
42.186682,-70.777587,Scituate,MA,131 Maple St,elementary,Cushing,251056001689,Cushing Elementary,2510560,best_match
42.195344,-70.733663,Scituate,MA,2 Rachels Way Unit 2,elementary,Jenkins,251056002068,Jenkins Elementary School,2510560,best_match
42.171204,-70.717757,Scituate,MA,79 Collier Rd,elementary,Jenkins,251056002068,Jenkins Elementary School,2510560,best_match
42.239065,-70.766249,Scituate,MA,14 Bayberry Rd,elementary,Wampatuck,251056002289,Wampatuck Elementary,2510560,best_match
42.242813,-70.765526,Scituate,MA,135 Glades Rd,elementary,Wampatuck,251056002289,Wampatuck Elementary,2510560,best_match
42.193932,-70.731623,Scituate,MA,58 Brook St,elementary,Jenkins,251056002068,Jenkins Elementary School,2510560,best_match
42.205644,-70.789006,Scituate,MA,185 Booth Hill Rd,elementary,Hatherly,251056001691,Hatherly Elementary,2510560,best_match
42.186239,-70.755254,Scituate,MA,34 Sherman Dr,elementary,Jenkins,251056002068,Jenkins Elementary School,2510560,best_match
42.228477,-70.75626,Scituate,MA,76 Surfside Rd,elementary,Gates,,,,
42.210075,-70.728279,Scituate,MA,18 Oceanside Dr,elementary,Wampatuck,251056002289,Wampatuck Elementary,2510560,best_match
42.195752,-70.72826,Scituate,MA,35 Allen Pl,elementary,Jenkins,251056002068,Jenkins Elementary School,2510560,best_match
42.202931,-70.726136,Scituate,MA,11 Brookline Rd,elementary,Wampatuck,251056002289,Wampatuck Elementary,2510560,best_match
42.19575,-70.750965,Scituate,MA,35 Beach Plum Ln,elementary,Jeankins,,,,
42.212925,-70.736466,Scituate,MA,13 6th Ave,elementary,Wampatuck,251056002289,Wampatuck Elementary,2510560,best_match
42.195763,-70.728264,Scituate,MA,35-B Allen Pl,elementary,Jenkins,251056002068,Jenkins Elementary School,2510560,best_match
42.195022,-70.75253,Scituate,MA,23 Grace Way Unit 23,elementary,Cushing,251056001689,Cushing Elementary,2510560,best_match
42.212893,-70.735605,Scituate,MA,20 Sixth Ave,elementary,Wampatuck,251056002289,Wampatuck Elementary,2510560,best_match
42.195022,-70.75253,Scituate,MA,20 Grace Way Unit 20,elementary,Cushing,251056001689,Cushing Elementary,2510560,best_match
42.195022,-70.75253,Scituate,MA,6 Grace Way Unit 6,elementary,Cushing,251056001689,Cushing Elementary,2510560,best_match
42.195022,-70.75253,Scituate,MA,6 Grace Way Unit 6,elementary,Cushing,251056001689,Cushing Elementary,2510560,best_match
42.195022,-70.75253,Scituate,MA,25 Grace Way Unit 25,elementary,Cushing,251056001689,Cushing Elementary,2510560,best_match
42.196436,-70.772571,Scituate,MA,516 First Parish Rd,elementary,Cushing,251056001689,Cushing Elementary,2510560,best_match
42.195752,-70.72826,Scituate,MA,35 Allen Pl,elementary,Jenkins,251056002068,Jenkins Elementary School,2510560,best_match
42.195022,-70.75253,Scituate,MA,23 Grace Way Unit 23,elementary,Cushing,251056001689,Cushing Elementary,2510560,best_match
42.198687,-70.774287,Scituate,MA,52 Pheasant Hill Dr,elementary,Cushing/New School 2027,251056001689,Cushing Elementary,2510560,distinctive_token
42.217834,-70.764118,Scituate,MA,11 Carriage House Way,elementary,Hatherly,251056001691,Hatherly Elementary,2510560,best_match
42.195022,-70.75253,Scituate,MA,25 Grace Way,elementary,Cushing,251056001689,Cushing Elementary,2510560,best_match
42.214751,-70.742848,Scituate,MA,20 Garden Rd,elementary,Wampatuck,251056002289,Wampatuck Elementary,2510560,best_match
42.195022,-70.75253,Scituate,MA,6 Grace Way Unit 6,elementary,Cushing,251056001689,Cushing Elementary,2510560,best_match
42.191296,-70.73922,Scituate,MA,66 Station Station St,elementary,Jenkins Elementary,251056002068,Jenkins Elementary School,2510560,best_match
41.826997,-71.324945,Seekonk,MA,507 Taunton Ave,elementary,George Martin,251059001695,George R Martin,2510590,best_match
41.835249,-71.326549,Seekonk,MA,25 Pamden Ln,elementary,Mildred Aitken School,251059001696,Mildred Aitken School,2510590,best_match
41.870686,-71.329144,Seekonk,MA,67 Coleman St,elementary,Aitken,251059001696,Mildred Aitken School,2510590,best_match
41.86964,-71.331612,Seekonk,MA,917 Newman Ave,elementary,Aitken Elementary,251059001696,Mildred Aitken School,2510590,distinctive_token
41.833331,-71.29862,Seekonk,MA,1096 Taunton Ave,elementary,Martin Elementary,251059001695,George R Martin,2510590,distinctive_token
41.848717,-71.338559,Seekonk,MA,22 Reservoir St,elementary,Aitken Elementary,251059001696,Mildred Aitken School,2510590,distinctive_token
41.826999,-71.34206,Seekonk,MA,64 Fall River Ave,elementary,Martin,251059001695,George R Martin,2510590,best_match
41.861638,-71.313033,Seekonk,MA,390 Read St,elementary,Aitken School,251059001696,Mildred Aitken School,2510590,best_match
41.814631,-71.335566,Seekonk,MA,478 Fall River Ave,elementary,Martin,251059001695,George R Martin,2510590,best_match
41.873459,-71.304332,Seekonk,MA,39 Letendre Rd,elementary,Aitken,251059001696,Mildred Aitken School,2510590,best_match
41.811712,-71.33034,Seekonk,MA,221 County St,elementary,George R Martin Elem,251059001695,George R Martin,2510590,best_match
41.888442,-71.292644,Seekonk,MA,2 Rod Way,elementary,Aitken,251059001696,Mildred Aitken School,2510590,best_match
41.885968,-71.337702,Seekonk,MA,79 Bergeron St,elementary,Aitken,251059001696,Mildred Aitken School,2510590,best_match
41.806142,-71.31368,Seekonk,MA,27 Tallwood Dr,elementary,Martin,251059001695,George R Martin,2510590,best_match
41.877671,-71.306441,Seekonk,MA,191 Fairway Dr,elementary,Aitken School,251059001696,Mildred Aitken School,2510590,best_match
41.899968,-71.311623,Seekonk,MA,218 Burnside Ave,elementary,Mildred Aitkin,251059001696,Mildred Aitken School,2510590,distinctive_token
42.087916,-71.170541,Sharon,MA,332 Massapoag Ave,elementary,Cottage,251062001702,Cottage Street,2510620,best_match
42.105969,-71.195092,Sharon,MA,41 Essex Rd,elementary,Heights Elemenatary,251062001704,Heights Elementary,2510620,distinctive_token
42.115796,-71.164199,Sharon,MA,175 East St,elementary,Cottage St.,251062001702,Cottage Street,2510620,distinctive_token
42.10879,-71.164221,Sharon,MA,50 Mountain St,elementary,Cottage,251062001702,Cottage Street,2510620,best_match
42.142664,-71.174633,Sharon,MA,47 Dedham St,elementary,East Elementary,251062001703,East Elementary,2510620,best_match
42.112368,-71.169082,Sharon,MA,17 Paul Revere Rd,elementary,Cottage,251062001702,Cottage Street,2510620,best_match
42.096921,-71.135123,Sharon,MA,1 Savel Ln,elementary,East,251062001703,East Elementary,2510620,best_match
42.104434,-71.141619,Sharon,MA,48 Castle Dr,elementary,East,251062001703,East Elementary,2510620,best_match
42.085256,-71.205957,Sharon,MA,84 Cannon Ball Rd,elementary,Heights Elementary School,251062001704,Heights Elementary,2510620,best_match
42.133968,-71.186554,Sharon,MA,175 Maskwonicut St,elementary,Cottage Elementary School,251062001702,Cottage Street,2510620,distinctive_token
42.112988,-71.142807,Sharon,MA,27 Kennedy Rd,elementary,East,251062001703,East Elementary,2510620,best_match
42.115794,-71.17611,Sharon,MA,58 Ames St,elementary,Cottage,251062001702,Cottage Street,2510620,best_match
42.112375,-71.145566,Sharon,MA,19 Country Ln,elementary,East Elementary,251062001703,East Elementary,2510620,best_match
42.115492,-71.189873,Sharon,MA,24 Pleasant Park Rd,elementary,Cottage,251062001702,Cottage Street,2510620,best_match
42.067483,-71.17133,Sharon,MA,619 Massapoag Ave,elementary,Heights Elementary,251062001704,Heights Elementary,2510620,best_match
42.091218,-71.204248,Sharon,MA,54 Barefoot Hill Rd,elementary,Heights,251062001704,Heights Elementary,2510620,best_match
42.079455,-71.177999,Sharon,MA,15 Wadsworth Way,elementary,Heights Elementary School,251062001704,Heights Elementary,2510620,best_match
42.093916,-71.21131,Sharon,MA,35 Foxfire Dr,elementary,Heights,251062001704,Heights Elementary,2510620,best_match
42.071876,-71.183183,Sharon,MA,4 Solstice Way,elementary,Heights,251062001704,Heights Elementary,2510620,best_match
42.125192,-71.17551,Sharon,MA,58 Summit Ave,elementary,Cottage,251062001702,Cottage Street,2510620,best_match
42.120689,-71.148295,Sharon,MA,2 Sandpiper Hl,elementary,East,251062001703,East Elementary,2510620,best_match
42.077848,-71.205121,Sharon,MA,11 Firebrick Rd,elementary,Heights,251062001704,Heights Elementary,2510620,best_match
42.084276,-71.214167,Sharon,MA,12 Iron Hollow Rd,elementary,Heights Elementary,251062001704,Heights Elementary,2510620,best_match
42.112011,-71.18577,Sharon,MA,40 Gunhouse St,elementary,Heights,251062001704,Heights Elementary,2510620,best_match
42.118624,-71.148899,Sharon,MA,1 Partridge Hl,elementary,East,251062001703,East Elementary,2510620,best_match
42.135274,-71.15245,Sharon,MA,32 Bayberry Dr Apt 3,elementary,East,251062001703,East Elementary,2510620,best_match
42.129659,-71.182659,Sharon,MA,18 Terrapin Ln,elementary,Cottage,251062001702,Cottage Street,2510620,best_match
42.12518,-71.166321,Sharon,MA,99 Brook Rd,elementary,Cottage,251062001702,Cottage Street,2510620,best_match
42.135274,-71.15245,Sharon,MA,31 Bayberry Dr Apt 4,elementary,East,251062001703,East Elementary,2510620,best_match
42.112379,-71.169452,Sharon,MA,15 Paul Revere Rd,elementary,Cottage Street,251062001702,Cottage Street,2510620,best_match
42.103089,-71.137054,Sharon,MA,42 Eisenhower Dr,elementary,East,251062001703,East Elementary,2510620,best_match
42.139938,-71.178798,Sharon,MA,14 Baldwin Dr Unit 14,elementary,Cottage,251062001702,Cottage Street,2510620,best_match
42.11104,-71.174606,Sharon,MA,2 East St,elementary,Cottage,251062001702,Cottage Street,2510620,best_match
42.067923,-71.16815,Sharon,MA,10 Cheshire Rd,elementary,Cottage,251062001702,Cottage Street,2510620,best_match
42.096484,-71.189653,Sharon,MA,28 Colburn Dr,elementary,Heights,251062001704,Heights Elementary,2510620,best_match
42.099393,-71.218035,Sharon,MA,7 Laurel Rd,elementary,Heights,251062001704,Heights Elementary,2510620,best_match
42.086562,-71.148971,Sharon,MA,376 Mountain St,elementary,East Elementary,251062001703,East Elementary,2510620,best_match
42.132405,-71.175369,Sharon,MA,24 Maskwonicut St,elementary,Cottage,251062001702,Cottage Street,2510620,best_match
42.103662,-71.139149,Sharon,MA,35 Castle Dr,elementary,East,251062001703,East Elementary,2510620,best_match
42.104016,-71.133891,Sharon,MA,7 Dry Pond Rd,elementary,East,251062001703,East Elementary,2510620,best_match
42.130133,-71.150735,Sharon,MA,15 Larason Farm Rd Unit 15,elementary,East,251062001703,East Elementary,2510620,best_match
42.105278,-71.221179,Sharon,MA,120 S Walpole St,elementary,Heights,251062001704,Heights Elementary,2510620,best_match
42.097192,-71.153554,Sharon,MA,202 Hampton Rd,elementary,East Elementary,251062001703,East Elementary,2510620,best_match
42.152187,-71.185822,Sharon,MA,25 Cape Club Dr Unit 25,elementary,Cottage Street Elementary,251062001702,Cottage Street,2510620,best_match
42.10527,-71.225204,Sharon,MA,180/203 Old Post Rd Unit 203,elementary,Heights Elementary,251062001704,Heights Elementary,2510620,best_match
42.12227,-71.182246,Sharon,MA,10 Pine Rd,elementary,Cottage Street,251062001702,Cottage Street,2510620,best_match
42.087654,-71.220227,Sharon,MA,8 Weyman Ln,elementary,Heights Elementary,251062001704,Heights Elementary,2510620,best_match
42.097317,-71.152794,Sharon,MA,160 Hampton Rd,elementary,East,251062001703,East Elementary,2510620,best_match
42.151868,-71.186668,Sharon,MA,19 Cape Club Dr Unit 19,elementary,Cottage Street Elementary,251062001702,Cottage Street,2510620,best_match
42.105421,-71.154671,Sharon,MA,15 Juniper Rd,elementary,East,251062001703,East Elementary,2510620,best_match
42.152639,-71.184881,Sharon,MA,51 Cape Club Dr Unit 37,elementary,Cottage Street,251062001702,Cottage Street,2510620,best_match
42.151868,-71.186668,Sharon,MA,51 Cape Club Dr,elementary,Cottage Street,251062001702,Cottage Street,2510620,best_match
42.109197,-71.168532,Sharon,MA,50 Arboro Dr,elementary,Cottage,251062001702,Cottage Street,2510620,best_match
42.10527,-71.225204,Sharon,MA,180/208 Old Post Rd Unit 208,elementary,Heights Elementary,251062001704,Heights Elementary,2510620,best_match
42.094139,-71.207735,Sharon,MA,2 Foxfire Dr,elementary,Heights Elementary School,251062001704,Heights Elementary,2510620,best_match
42.059597,-73.321923,Sheffield,MA,200 E Stahl Rd,elementary,Undermountain,251104000428,Undermountain,2511040,best_match
42.05686,-73.318602,Sheffield,MA,397 Clayton Rd,elementary,Undermountain,251104000428,Undermountain,2511040,best_match
42.11347,-73.350123,Sheffield,MA,254 Main St,elementary,Undermountain,251104000428,Undermountain,2511040,best_match
42.111173,-73.352087,Sheffield,MA,168 Main St,elementary,Undermountain,251104000428,Undermountain,2511040,best_match
42.114301,-73.341486,Sheffield,MA,249 Boardman St,elementary,Undermountain,251104000428,Undermountain,2511040,best_match
42.114616,-73.339282,Sheffield,MA,224 Boardman St,elementary,Undermountain,251104000428,Undermountain,2511040,best_match
42.104098,-73.354933,Sheffield,MA,107 S Main St,elementary,Undermountain,251104000428,Undermountain,2511040,best_match
42.111173,-73.352087,Sheffield,MA,168 Main St,elementary,Undermountain,251104000428,Undermountain,2511040,best_match
42.091446,-73.320521,Sheffield,MA,729 Hewins St,elementary,Undermountain,251104000428,Undermountain,2511040,best_match
42.10896,-73.353583,Sheffield,MA,86 Main St,elementary,Undermountain,251104000428,Undermountain,2511040,best_match
42.126181,-73.376424,Sheffield,MA,6 Bay Ln,elementary,Undermountain,251104000428,Undermountain,2511040,best_match
42.124051,-73.35832,Sheffield,MA,689 N Main St,elementary,Undermountain,251104000428,Undermountain,2511040,best_match
42.109671,-73.306291,Sheffield,MA,304 Hickey Hill Rd,elementary,Undermountain,251104000428,Undermountain,2511040,best_match
42.0895,-73.410522,Sheffield,MA,60 Parsley Ln,elementary,Undermountain,251104000428,Undermountain,2511040,best_match
42.06768,-73.301358,Sheffield,MA,594 Shunpike Rd,elementary,Undermountain,251104000428,Undermountain,2511040,best_match
42.104098,-73.354933,Sheffield,MA,107 S Main St,elementary,Undermountain,251104000428,Undermountain,2511040,best_match
42.124051,-73.35832,Sheffield,MA,689 N Main St,elementary,Undermountain,251104000428,Undermountain,2511040,best_match
42.056313,-73.335602,Sheffield,MA,1180 Ashley Falls Rd Unit A,elementary,Undermountain,251104000428,Undermountain,2511040,best_match
42.602667,-72.739074,Shelburne,MA,10 Deerfield Ave Apt 9,elementary,Buckland/Shelburne,250799000424,Buckland-Shelburne Regional,2507990,best_match
42.604693,-72.761813,Shelburne Falls,MA,30 E Buckland Rd,elementary,Buckshlb Elementary,,,,
42.602667,-72.739074,Shelburne Falls,MA,10 Deerfield Ave Apt 9,elementary,Buckland/Shelburne,250799000424,Buckland-Shelburne Regional,2507990,best_match
42.578604,-72.756269,Shelburne Falls,MA,120 Bray Rd,elementary,Buckland Shelburne Elementary,250799000424,Buckland-Shelburne Regional,2507990,distinctive_token
42.214476,-71.380447,Sherborn,MA,62 Mill St,elementary,Sherborn Public,,,,
42.233082,-71.378226,Sherborn,MA,75 Washington St,elementary,Pine Hill,251071001709,Pine Hill,2510710,best_match
42.24315,-71.36898,Sherborn,MA,2 Abbey Rd Unit 2,elementary,Pine Hill,251071001709,Pine Hill,2510710,best_match
42.227301,-71.358876,Sherborn,MA,21 Goulding St E,elementary,Pine Hill,251071001709,Pine Hill,2510710,best_match
42.229029,-71.381052,Sherborn,MA,24 Russett Hill Rd,elementary,Pine Hill School,251071001709,Pine Hill,2510710,best_match
42.24315,-71.36898,Sherborn,MA,2 Abbey Rd Unit 2,elementary,Pine Hill,251071001709,Pine Hill,2510710,best_match
42.21842,-71.403562,Sherborn,MA,26 Southfield Ln Unit 26,elementary,Pine Hill,251071001709,Pine Hill,2510710,best_match
42.23923,-71.375278,Sherborn,MA,42 Washington St,elementary,Pine Hill,251071001709,Pine Hill,2510710,best_match
42.241261,-71.40855,Sherborn,MA,11 Curve St,elementary,Pine Hill,251071001709,Pine Hill,2510710,best_match
42.234026,-71.356523,Sherborn,MA,41 Great Rock Rd,elementary,Pine Hill,251071001709,Pine Hill,2510710,best_match
42.238378,-71.417596,Sherborn,MA,14 Millstone Dr Unit 14,elementary,Pine Hill,251071001709,Pine Hill,2510710,best_match
42.224797,-71.384185,Sherborn,MA,67 Russett Hill Rd,elementary,Pine Hill,251071001709,Pine Hill,2510710,best_match
42.241949,-71.350891,Sherborn,MA,137 Lake St,elementary,Pine Hill,251071001709,Pine Hill,2510710,best_match
42.241828,-71.380749,Sherborn,MA,44 Maple St,elementary,Pine Hill,251071001709,Pine Hill,2510710,best_match
42.216363,-71.361225,Sherborn,MA,2 Snow St,elementary,Pine Hill,251071001709,Pine Hill,2510710,best_match
42.226436,-71.356647,Sherborn,MA,7 Goulding St E,elementary,Pine Hill,251071001709,Pine Hill,2510710,best_match
42.23517,-71.402382,Sherborn,MA,177 Maple St,elementary,Pine Hill,251071001709,Pine Hill,2510710,best_match
42.21842,-71.403562,Sherborn,MA,29 Southfield Ln Unit 29,elementary,Pine Hill Elementary,251071001709,Pine Hill,2510710,best_match
42.238378,-71.417596,Sherborn,MA,14 Millstone Dr,elementary,Pine Hill,251071001709,Pine Hill,2510710,best_match
42.233133,-71.36867,Sherborn,MA,70 S Main St,elementary,Pine Hill School,251071001709,Pine Hill,2510710,best_match
42.239571,-71.35708,Sherborn,MA,63 Farm Rd Lot 5,elementary,Pine Hill,251071001709,Pine Hill,2510710,best_match
42.242716,-71.390313,Sherborn,MA,90 Maple St,elementary,Pine Hill,251071001709,Pine Hill,2510710,best_match
42.227477,-71.39029,Sherborn,MA,147 Washington St Lot 2,elementary,Pine Hill,251071001709,Pine Hill,2510710,best_match
42.238432,-71.415921,Sherborn,MA,7 Adams Ln Unit 7,elementary,Pine Hill Elem,251071001709,Pine Hill,2510710,best_match
42.21842,-71.403562,Sherborn,MA,26 Southfield Ln Unit 26,elementary,Pine Hill,251071001709,Pine Hill,2510710,best_match
42.572933,-71.650691,Shirley,MA,1 Whitney Rd,elementary,Lura A. White,250054202731,Lura A. White Elementary School,2500542,best_match
42.572429,-71.650914,Shirley,MA,194 Center Rd,elementary,Lura A White,250054202731,Lura A. White Elementary School,2500542,best_match
42.612931,-71.651615,Shirley,MA,142 Squannacook Rd,elementary,Laura White,250054202731,Lura A. White Elementary School,2500542,distinctive_token
42.544179,-71.65453,Shirley,MA,19 Main St,elementary,Lura A. White,250054202731,Lura A. White Elementary School,2500542,best_match
42.549407,-71.633847,Shirley,MA,172 Ayer Rd Apt F1,elementary,Laura A. White,250054202731,Lura A. White Elementary School,2500542,distinctive_token
42.533842,-71.652363,Shirley,MA,9 Brandywine Ln,elementary,Laura A White,250054202731,Lura A. White Elementary School,2500542,distinctive_token
42.545036,-71.663612,Shirley,MA,3 Catacunemaug Rd,elementary,Laura A. White,250054202731,Lura A. White Elementary School,2500542,distinctive_token
42.592279,-71.652189,Shirley,MA,24 Townsend Rd,elementary,Lura A. White,250054202731,Lura A. White Elementary School,2500542,best_match
42.572627,-71.646965,Shirley,MA,1 Ambrose Way Unit 1,elementary,Laura White,250054202731,Lura A. White Elementary School,2500542,distinctive_token
42.290069,-71.719181,Shrewsbury,MA,47 Maple Cir,elementary,Paton,251077001719,Walter J. Paton School,2510770,best_match
42.284317,-71.729367,Shrewsbury,MA,219 Maple Ave,elementary,Beal,251077002496,Major Howard W. Beal School,2510770,best_match
42.245717,-71.739864,Shrewsbury,MA,21 Edgemere Blvd,elementary,Beal,251077002496,Major Howard W. Beal School,2510770,best_match
42.299555,-71.68862,Shrewsbury,MA,8 Victoria Cir,elementary,Spring Street,251077001718,Spring Street School,2510770,best_match
42.285744,-71.75476,Shrewsbury,MA,8 Eastern Point Dr Unit 8,elementary,Coolidge,251077001713,Calvin Coolidge School,2510770,best_match
42.278266,-71.754484,Shrewsbury,MA,15 Groveridge Path,elementary,Beal,251077002496,Major Howard W. Beal School,2510770,best_match
42.264559,-71.713161,Shrewsbury,MA,495 Grafton St,elementary,Beal,251077002496,Major Howard W. Beal School,2510770,best_match
42.32493,-71.716587,Shrewsbury,MA,14 Colonial Dr,elementary,Shrewsbury Grade,,,,
42.282566,-71.719036,Shrewsbury,MA,33 Spruce St,elementary,Paton,251077001719,Walter J. Paton School,2510770,best_match
42.29588,-71.717847,Shrewsbury,MA,515 Main St,elementary,Paton,251077001719,Walter J. Paton School,2510770,best_match
42.304124,-71.718178,Shrewsbury,MA,53 Boylston Cir,elementary,Paton,251077001719,Walter J. Paton School,2510770,best_match
42.308676,-71.716838,Shrewsbury,MA,172 Boylston St,elementary,Paton,251077001719,Walter J. Paton School,2510770,best_match
42.274915,-71.734517,Shrewsbury,MA,12 Casavan Ave,elementary,Coolidge,251077001713,Calvin Coolidge School,2510770,best_match
42.278139,-71.722487,Shrewsbury,MA,2 Mayflower Cir,elementary,Maj. Howard W. Beal School,251077002496,Major Howard W. Beal School,2510770,distinctive_token
42.268518,-71.726032,Shrewsbury,MA,36 Roman Dr,elementary,Beal School,251077002496,Major Howard W. Beal School,2510770,best_match
42.315591,-71.720711,Shrewsbury,MA,6 Bryant Ave,elementary,Paton,251077001719,Walter J. Paton School,2510770,best_match
42.281046,-71.742879,Shrewsbury,MA,6 Childs St,elementary,Beal,251077002496,Major Howard W. Beal School,2510770,best_match
42.300955,-71.714272,Shrewsbury,MA,5 Merriam Ave,elementary,Spring Street,251077001718,Spring Street School,2510770,best_match
42.319388,-71.716574,Shrewsbury,MA,22 Barnard St,elementary,Spring St,251077001718,Spring Street School,2510770,distinctive_token
42.283793,-71.704578,Shrewsbury,MA,4 Flint Meadow Ln,elementary,Floral,251077001047,Floral Street School,2510770,best_match
42.303576,-71.718018,Shrewsbury,MA,45 Boylston Cir,elementary,Paton,251077001719,Walter J. Paton School,2510770,best_match
42.315034,-71.720009,Shrewsbury,MA,1 Bryant Ave,elementary,Paton Elementary School,251077001719,Walter J. Paton School,2510770,distinctive_token
42.262506,-71.724605,Shrewsbury,MA,10 Hemingway St,elementary,Beal,251077002496,Major Howard W. Beal School,2510770,best_match
42.284092,-71.721097,Shrewsbury,MA,67 Crescent St,elementary,Beal,251077002496,Major Howard W. Beal School,2510770,best_match
42.298331,-71.717666,Shrewsbury,MA,36 Westwood Rd,elementary,Spring St,251077001718,Spring Street School,2510770,distinctive_token
42.280629,-71.718314,Shrewsbury,MA,65 Janet Cir,elementary,Walter J. Paton Elementary,251077001719,Walter J. Paton School,2510770,best_match
42.314013,-71.735142,Shrewsbury,MA,231 Gulf St,elementary,Paton,251077001719,Walter J. Paton School,2510770,best_match
42.307267,-71.716676,Shrewsbury,MA,154 Boylston St,elementary,Spring Street,251077001718,Spring Street School,2510770,best_match
42.28104,-71.681366,Shrewsbury,MA,27 Lebeaux Dr Unit 27,elementary,Floral Street,251077001047,Floral Street School,2510770,best_match
42.311215,-71.745809,Shrewsbury,MA,75 Sewall St,elementary,Beal,251077002496,Major Howard W. Beal School,2510770,best_match
42.278292,-71.728495,Shrewsbury,MA,26 Williamsburg Ct Unit 12,elementary,Calvin Coolidge Elementary,251077001713,Calvin Coolidge School,2510770,best_match
42.274776,-71.732826,Shrewsbury,MA,17 Stone Ave,elementary,Coolidge,251077001713,Calvin Coolidge School,2510770,best_match
42.279002,-71.754156,Shrewsbury,MA,67 N Quinsigamond Ave Unit 18,elementary,Beal,251077002496,Major Howard W. Beal School,2510770,best_match
42.28781,-71.680771,Shrewsbury,MA,73 Hillando Dr,elementary,Floral,251077001047,Floral Street School,2510770,best_match
42.29058,-71.684937,Shrewsbury,MA,98-R Walnut St,elementary,Floral Street,251077001047,Floral Street School,2510770,best_match
42.2806,-71.733819,Shrewsbury,MA,301 Maple Ave,elementary,Floral,251077001047,Floral Street School,2510770,best_match
42.25349,-71.697299,Shrewsbury,MA,59 Stoney Hill Rd,elementary,Floral,251077001047,Floral Street School,2510770,best_match
42.286042,-71.740548,Shrewsbury,MA,43 Manor Rd,elementary,Beal,251077002496,Major Howard W. Beal School,2510770,best_match
42.27293,-71.726171,Shrewsbury,MA,61 Beverly Hill Dr,elementary,Beal,251077002496,Major Howard W. Beal School,2510770,best_match
42.270426,-71.686008,Shrewsbury,MA,7 Green St Unit 101,elementary,Floral Street Elementary,251077001047,Floral Street School,2510770,best_match
42.262781,-71.717543,Shrewsbury,MA,3 Emerson Cir,elementary,Beal,251077002496,Major Howard W. Beal School,2510770,best_match
42.268038,-71.683734,Shrewsbury,MA,25 Emerald Run Unit 15,elementary,Floral Street Elementary,251077001047,Floral Street School,2510770,best_match
42.261123,-71.712782,Shrewsbury,MA,128 Memorial Dr,elementary,Maj. Howard W. Beal School,251077002496,Major Howard W. Beal School,2510770,distinctive_token
42.288257,-71.718783,Shrewsbury,MA,33 Monroe St,elementary,Paton,251077001719,Walter J. Paton School,2510770,best_match
42.274264,-71.700493,Shrewsbury,MA,63 Brookdale Cir Unit 63,elementary,Floral,251077001047,Floral Street School,2510770,best_match
42.272685,-71.747461,Shrewsbury,MA,32 Plainfield Ave,elementary,Coolidge,251077001713,Calvin Coolidge School,2510770,best_match
42.274264,-71.700493,Shrewsbury,MA,57 Brookdale Cir Unit 57,elementary,Maj Howard Beal,251077002496,Major Howard W. Beal School,2510770,distinctive_token
42.285057,-71.687405,Shrewsbury,MA,28 Ladyslipper Dr,elementary,Floral Street,251077001047,Floral Street School,2510770,best_match
42.26705,-71.724364,Shrewsbury,MA,302 Lake St,elementary,Shrewsbury Grade,,,,
42.313752,-71.722404,Shrewsbury,MA,45 Wachusett Ave,elementary,Paton,251077001719,Walter J. Paton School,2510770,best_match
42.28323,-71.744892,Shrewsbury,MA,82 Odonnell Ave Unit 82,elementary,Beal Elementary,251077002496,Major Howard W. Beal School,2510770,distinctive_token
42.270426,-71.686008,Shrewsbury,MA,7 Green St Unit 204,elementary,Floral Street Elementary,251077001047,Floral Street School,2510770,best_match
42.280998,-71.742905,Shrewsbury,MA,6 Childs St Unit 1,elementary,Beal,251077002496,Major Howard W. Beal School,2510770,best_match
42.268252,-71.682307,Shrewsbury,MA,8 Emerald Run Unit 65,elementary,Floral Street Elementary,251077001047,Floral Street School,2510770,best_match
42.268038,-71.683734,Shrewsbury,MA,23 Emerald Run Unit 14,elementary,Floral Street Elementary,251077001047,Floral Street School,2510770,best_match
42.270426,-71.686008,Shrewsbury,MA,7 Green St Unit 1310,elementary,Floral Street Elementary,251077001047,Floral Street School,2510770,best_match
42.294259,-71.700811,Shrewsbury,MA,6 Trowbridge Cir,elementary,Floral Street,251077001047,Floral Street School,2510770,best_match
42.270426,-71.686008,Shrewsbury,MA,7 Green St Unit 1212,elementary,Floral Street Elementary,251077001047,Floral Street School,2510770,best_match
42.270426,-71.686008,Shrewsbury,MA,7 Green St Unit 109,elementary,Floral Street Elementary,251077001047,Floral Street School,2510770,best_match
42.270426,-71.686008,Shrewsbury,MA,7 Green St Unit 308,elementary,Floral Street Elementary,251077001047,Floral Street School,2510770,best_match
42.29265,-71.689541,Shrewsbury,MA,21 Eaton Pl,elementary,Floral Street School,251077001047,Floral Street School,2510770,best_match
42.270426,-71.686008,Shrewsbury,MA,7 Green St Unit 104,elementary,Floral Street Elementary,251077001047,Floral Street School,2510770,best_match
42.24815,-71.715369,Shrewsbury,MA,1 Purinton St,elementary,"Floral St,",251077001047,Floral Street School,2510770,distinctive_token
42.270426,-71.686008,Shrewsbury,MA,7 Green St Unit 1207,elementary,Floral Street Elementary,251077001047,Floral Street School,2510770,best_match
42.270426,-71.686008,Shrewsbury,MA,7 Green St Unit 107,elementary,Floral Street Elementary,251077001047,Floral Street School,2510770,best_match
42.268252,-71.682307,Shrewsbury,MA,18 Emerald Run Unit 60,elementary,Floral Street Elementary,251077001047,Floral Street School,2510770,best_match
42.268252,-71.682307,Shrewsbury,MA,12 Emerald Run Unit 63,elementary,Floral Street Elementary,251077001047,Floral Street School,2510770,best_match
42.268252,-71.682307,Shrewsbury,MA,14 Emerald Run Unit 62,elementary,Floral Street Elementary,251077001047,Floral Street School,2510770,best_match
42.268038,-71.683734,Shrewsbury,MA,24 Emerald Run Unit 57,elementary,Floral Street Elementary,251077001047,Floral Street School,2510770,best_match
42.270426,-71.686008,Shrewsbury,MA,7 Green St Unit 103,elementary,Floral Street Elementary,251077001047,Floral Street School,2510770,best_match
42.268038,-71.683734,Shrewsbury,MA,15 Emerald Run Unit 10,elementary,Floral Street Elementary,251077001047,Floral Street School,2510770,best_match
42.270426,-71.686008,Shrewsbury,MA,7 Green St Unit 110,elementary,Floral Street Elementary,251077001047,Floral Street School,2510770,best_match
42.268038,-71.683734,Shrewsbury,MA,20 Emerald Run Unit 59,elementary,Floral Street Elementary,251077001047,Floral Street School,2510770,best_match
42.270426,-71.686008,Shrewsbury,MA,7 Green St Unit 202,elementary,Floral Street Elementary,251077001047,Floral Street School,2510770,best_match
42.268038,-71.683734,Shrewsbury,MA,21 Emerald Run Unit 13,elementary,Floral Street Elementary,251077001047,Floral Street School,2510770,best_match
42.270426,-71.686008,Shrewsbury,MA,7 Green St Unit 1108,elementary,Floral Street Elementary,251077001047,Floral Street School,2510770,best_match
41.652785,-70.992371,Smith Mills,MA,17 Green Dr,elementary,Potter,250402000542,George H Potter,2504020,best_match
41.622393,-70.96645,Smith Mills,MA,8 Tenley Ave,elementary,James M Quinn School,250402002028,James M. Quinn School,2504020,best_match
41.645639,-70.991464,Smith Mills,MA,36 S Brown St,elementary,George H. Potter,250402000542,George H Potter,2504020,best_match
41.639792,-70.983286,Smith Mills,MA,260 State Rd,elementary,George H. Potter,250402000542,George H Potter,2504020,best_match
41.642561,-70.971199,Smith Mills,MA,40 Golf St,elementary,James M Quinn,250402002028,James M. Quinn School,2504020,best_match
41.624992,-70.975845,Smith Mills,MA,6 Strathmore Rd,elementary,James M. Quinn,250402002028,James M. Quinn School,2504020,best_match
41.747901,-71.142255,Somerset,MA,110 Grant Ave,elementary,Chase Elementary,,,,
41.756749,-71.151482,Somerset,MA,127 Susie St,elementary,Chase Street Elementary,251086001723,Chace Street,2510860,distinctive_token
41.740731,-71.143944,Somerset,MA,2118 Riverside Ave,elementary,North Elementary,251086002536,North Elementary,2510860,best_match
41.774307,-71.14534,Somerset,MA,226 Olympic Rd,elementary,North Elementary,251086002536,North Elementary,2510860,best_match
41.739039,-71.160025,Somerset,MA,156 Fourth St,elementary,Chase,,,,
41.74628,-71.153611,Somerset,MA,146 Colonial Dr,elementary,Chace,251086001723,Chace Street,2510860,best_match
41.749541,-71.138352,Somerset,MA,13 Wood St,elementary,Chace,251086001723,Chace Street,2510860,best_match
41.780288,-71.13461,Somerset,MA,15 Dolphin Cir,elementary,North Elementary School,251086002536,North Elementary,2510860,best_match
41.732647,-71.152839,Somerset,MA,1292 Riverside Ave,elementary,Chace,251086001723,Chace Street,2510860,best_match
41.77498,-71.139581,Somerset,MA,185 Rosewood Rd,elementary,North Elementary School,251086002536,North Elementary,2510860,best_match
41.775035,-71.152529,Somerset,MA,224 Denham Ave,elementary,North,,,,
41.732647,-71.152839,Somerset,MA,1292 Riverside Ave,elementary,Chace Elementary,251086001723,Chace Street,2510860,distinctive_token
41.740282,-71.173711,Somerset,MA,160 Sherman Rd,elementary,South Elementary,251086001727,South,2510860,best_match
41.763358,-71.151347,Somerset,MA,26 Robin Ln,elementary,North Elementary,251086002536,North Elementary,2510860,best_match
42.382295,-71.1073,Somerville,MA,9 Allen Ct Unit 9,elementary,John F. Kennedy Elementary,250279000265,Kennedy John F Elementary School,2502790,best_match
42.386913,-71.088166,Somerville,MA,15 Everett Ave,elementary,East Somerville Community,250279001118,East Boston Early Education Center,2502790,distinctive_token
42.400313,-71.123592,Somerville,MA,40 Simpson Ave,elementary,West Somerville,250279002514,West Zone Early Learning Center,2502790,distinctive_token
42.382675,-71.100339,Somerville,MA,23 Quincy St,elementary,Albert F. Argenziano School,,,,
42.396275,-71.087883,Somerville,MA,62 Governor Winthrop Rd Unit 1,elementary,Arthur D. Healey School (Pk-8),251317001841,Arthur T. Cummings Elementary School,2513170,distinctive_token
42.384573,-71.088123,Somerville,MA,54 Flint St,elementary,East Somerville Community,250279001118,East Boston Early Education Center,2502790,distinctive_token
42.387217,-71.085539,Somerville,MA,24 Rush St Unit C,elementary,East Somerville Community,250279001118,East Boston Early Education Center,2502790,distinctive_token
42.399395,-71.122983,Somerville,MA,35 Irving St Unit B,elementary,West Somerville Neighborhood,,,,
42.613742,-71.938169,South Ashburnham,MA,148 Center St,elementary,Jr Briggs,250204002368,Briggs Elementary,2502040,distinctive_token
42.604603,-71.943596,South Ashburnham,MA,42 Murray Rd,elementary,Jr Briggs,250204002368,Briggs Elementary,2502040,distinctive_token
42.604809,-71.944041,South Ashburnham,MA,M 18 Rd Lot Murray,elementary,Briggs Elem,250204002368,Briggs Elementary,2502040,best_match
42.487713,-72.605598,South Deerfield,MA,151 N Main St,elementary,Deerfield Elementary,250408000049,Deerfield Elementary,2504080,best_match
42.471219,-72.606461,South Deerfield,MA,31 West St,elementary,Deerfield,250408000049,Deerfield Elementary,2504080,best_match
42.469683,-72.595854,South Deerfield,MA,89 Sugarloaf St,elementary,Deerfield Elementary,250408000049,Deerfield Elementary,2504080,best_match
42.488879,-72.60139,South Deerfield,MA,17 Captain Lathrop Dr,elementary,Deerfield Elementary,250408000049,Deerfield Elementary,2504080,best_match
42.483985,-72.604829,South Deerfield,MA,117 N Main St,elementary,Deerfield Ele,250408000049,Deerfield Elementary,2504080,distinctive_token
41.686982,-70.150457,South Dennis,MA,3 Jennifer Ln,elementary,Ezra Baker,250414000559,Ezra H Baker Innovation School,2504140,best_match
41.723862,-70.154404,South Dennis,MA,12 Fairway Dr,elementary,Ezra Baker Elementary School,250414000559,Ezra H Baker Innovation School,2504140,distinctive_token
42.009359,-70.710364,South Duxbury,MA,21 Hicks Point Rd,elementary,Chandler/Alden,250441000968,Alden School,2504410,best_match
42.019946,-70.671791,South Duxbury,MA,160 Marshall St,elementary,Chandler/Alden,250441000968,Alden School,2504410,best_match
42.013149,-70.706509,South Duxbury,MA,23 Puritan Way,elementary,Chandler/ Alden,250441000968,Alden School,2504410,best_match
42.028737,-70.691318,South Duxbury,MA,173 Meetinghouse Rd,elementary,Chandler & Alden Elementary,250441000593,Chandler Elementary,2504410,embedding
42.026428,-70.675939,South Duxbury,MA,153 Washington St,elementary,Chandler,250441000593,Chandler Elementary,2504410,best_match
42.028106,-70.678572,South Duxbury,MA,65 Partridge Rd,elementary,Chandler/Alden,250441000968,Alden School,2504410,best_match
42.02809,-70.675685,South Duxbury,MA,190 Washington St,elementary,Alden,250441000968,Alden School,2504410,best_match
42.024762,-70.692662,South Duxbury,MA,180 Chestnut St,elementary,Chandler/Alden,250441000968,Alden School,2504410,best_match
42.019446,-70.706203,South Duxbury,MA,372 Tremont St,elementary,Chandler/Alden,250441000968,Alden School,2504410,best_match
42.018944,-70.681943,South Duxbury,MA,104 Standish St,elementary,Chandler,250441000593,Chandler Elementary,2504410,best_match
42.030029,-70.689888,South Duxbury,MA,18 James Rd,elementary,Chandler/Alden,250441000968,Alden School,2504410,best_match
42.029241,-70.700285,South Duxbury,MA,85 Heritage Ln,elementary,Chandler Elementary & Alden,,,,
42.26192,-72.592101,South Hadley,MA,150 Ferry St,elementary,Per School Dep,,,,
42.23206,-72.557058,South Hadley,MA,189 Pine Grove Dr Unit 189,elementary,Henry J Skala,,,,
42.227833,-72.612312,South Hadley,MA,30 Cove Island Rd,elementary,Per Dese,,,,
42.254494,-72.598886,South Hadley,MA,35 Alvord St,elementary,Mosier Elementary,251092002406,Mosier,2510920,best_match
42.230223,-72.581151,South Hadley,MA,56 Lincoln Ave,elementary,Henry J. Skala,,,,
42.261659,-72.580325,South Hadley,MA,47 Hadley St,elementary,Skala Or Mosier,251092002406,Mosier,2510920,best_match
42.24337,-72.585186,South Hadley,MA,28 Pine St,elementary,Skala & Mosier,251092002406,Mosier,2510920,best_match
42.249135,-72.592376,South Hadley,MA,505 Alvord Pl Unit 505,elementary,South Hadley,250558000879,Hadley Elementary,2505580,distinctive_token
42.281935,-72.577086,South Hadley,MA,195 Woodbridge St,elementary,Mosier,251092002406,Mosier,2510920,best_match
42.228021,-72.594577,South Hadley,MA,33 Kimberly Dr,elementary,Henry J. Skala,,,,
42.274925,-72.58945,South Hadley,MA,246 Hadley St,elementary,Plains/Mosier,251092002406,Mosier,2510920,best_match
42.239626,-72.569614,South Hadley,MA,12 Blueberry Bnd,elementary,Henry J Skala,,,,
42.230873,-72.598381,South Hadley,MA,80 Judd Ave,elementary,Henry J Skala,,,,
42.213437,-72.580118,South Hadley,MA,62 Ludlow Rd,elementary,Plains Elementary,251092001753,Plains Elementary,2510920,best_match
42.245794,-72.563988,South Hadley,MA,16 Saybrook Cir,elementary,South Hadley,250558000879,Hadley Elementary,2505580,distinctive_token
42.226595,-72.594647,South Hadley,MA,26 Kimberly Dr,elementary,Mosier,251092002406,Mosier,2510920,best_match
42.216637,-72.598324,South Hadley,MA,21-23 Carew St,elementary,South Hadley,,,,
42.240694,-72.556168,South Hadley,MA,East St Lot A,elementary,Henry J Skala,,,,
42.236451,-72.586125,South Hadley,MA,1 Lexington St,elementary,Henry J Skala,,,,
42.259796,-72.576078,South Hadley,MA,6 Deer Meadow Way Unit 6,elementary,Henry J Skala,,,,
42.273205,-72.56204,South Hadley,MA,9 Deer Meadow Way Unit 9,elementary,Henry J Skala,,,,
42.259693,-72.574564,South Hadley,MA,1 Deer Meadow Way Unit 1,elementary,Henry J Skala,,,,
42.26452,-72.582752,South Hadley,MA,5 Deer Meadow Way Unit 5,elementary,Henry J Skala,,,,
42.266548,-72.573598,South Hadley,MA,4 Deer Meadow Way Unit 4,elementary,Henry J Skala,,,,
42.260155,-72.575559,South Hadley,MA,7 Deer Meadow Way Unit 7,elementary,Henry J Skala,,,,
42.266548,-72.573598,South Hadley,MA,8 Deer Meadow Way Unit 8,elementary,Henry J Skala,,,,
42.259868,-72.577241,South Hadley,MA,14 Deer Meadow Way Unit 14,elementary,Henry J Skala,,,,
42.273205,-72.56204,South Hadley,MA,2 Deer Meadow Way Unit 2,elementary,Henry J Skala,,,,
42.259799,-72.57493,South Hadley,MA,3 Deer Meadow Way Unit 3,elementary,Henry J Skala,,,,
42.259842,-72.576846,South Hadley,MA,12 Deer Meadow Way Unit 12,elementary,Henry J Skala,,,,
42.260648,-72.575675,South Hadley,MA,11 Deer Meadow Way Unit 11,elementary,Henry J Skala,,,,
42.260743,-72.575834,South Hadley,MA,13 Deer Meadow Way Unit 13,elementary,Henry J Skala,,,,
42.266548,-72.573598,South Hadley,MA,10 Deer Meadow Way Unit 10,elementary,Henry J Skala,,,,
42.434596,-71.702754,South Lancaster,MA,78 Poulin Dr,elementary,Mary Rowlandson Elementary,250831000948,Mary Rowlandson Elementary,2508310,best_match
42.42686,-71.702866,South Lancaster,MA,70 Sterling St,elementary,Mary Rowlandson Elementary,250831000948,Mary Rowlandson Elementary,2508310,best_match
42.444099,-71.684151,South Lancaster,MA,307 Main St,elementary,Mary Rowlandson Elementary,250831000948,Mary Rowlandson Elementary,2508310,best_match
42.432318,-71.706341,South Lancaster,MA,54 S Meadow Rd,elementary,Mary Rowlandson,250831000948,Mary Rowlandson Elementary,2508310,best_match
41.664255,-70.219384,South Yarmouth,MA,25 Lake Rd E,elementary,Station Ave Elem,250414000834,Station Avenue Elementary,2504140,distinctive_token
41.680274,-70.176465,South Yarmouth,MA,205 High Bank Rd,elementary,Station Ave Elementary,250414000834,Station Avenue Elementary,2504140,distinctive_token
41.668437,-70.18191,South Yarmouth,MA,45 Seth Ln,elementary,Station Avenue,250414000834,Station Avenue Elementary,2504140,best_match
41.675572,-70.209966,South Yarmouth,MA,49 Captain Besse Rd,elementary,Dennis-Yarmouth Intermediate,,,,
42.233876,-72.698178,Southampton,MA,1 Nicholas Ln,elementary,William E. Norris Elementary,251095001758,William E Norris,2510950,best_match
42.198155,-72.730029,Southampton,MA,106 Valley Rd,elementary,Norris,251095001758,William E Norris,2510950,best_match
42.251899,-72.731454,Southampton,MA,33 Rattle Hill Rd,elementary,Norris School,251095001758,William E Norris,2510950,best_match
42.24313,-72.69175,Southampton,MA,51 Coleman Rd,elementary,Norris,251095001758,William E Norris,2510950,best_match
42.202282,-72.693603,Southampton,MA,17 Bissonnette Cir,elementary,Norris,251095001758,William E Norris,2510950,best_match
42.20453,-72.696707,Southampton,MA,32 Bissonnette Cir,elementary,William E Norris School,251095001758,William E Norris,2510950,best_match
42.215711,-72.726429,Southampton,MA,17 Moose Brook Rd,elementary,Norris,251095001758,William E Norris,2510950,best_match
42.192475,-72.695174,Southampton,MA,55 Pequot Rd,elementary,Norris,251095001758,William E Norris,2510950,best_match
42.202937,-72.697128,Southampton,MA,34 Bissonnette Cir,elementary,William E. Norris School,251095001758,William E Norris,2510950,best_match
42.24194,-72.758156,Southampton,MA,7 Quigley Rd,elementary,Norris,251095001758,William E Norris,2510950,best_match
42.217795,-72.740578,Southampton,MA,2 Kevin Dr,elementary,William E. Norris,251095001758,William E Norris,2510950,best_match
42.25081,-72.799769,Southampton,MA,291 Fomer Rd,elementary,Norris Elementary,251095001758,William E Norris,2510950,distinctive_token
42.30068,-71.549226,Southborough,MA,11 Hickory Rd,elementary,Finn/Woodward/Neary,251098001761,Mary E Finn School,2510980,slash_split
42.294234,-71.55841,Southborough,MA,8 Bantry Rd,elementary,Southborough Public,,,,
42.302521,-71.502005,Southborough,MA,57 Carriage Hill Cir Unit 57,elementary,Wood/Neary/Finn,251098001761,Mary E Finn School,2510980,distinctive_token
42.323982,-71.539142,Southborough,MA,2 Stowe Rd,elementary,Finn/Woodward,251098001761,Mary E Finn School,2510980,slash_split
42.292321,-71.52996,Southborough,MA,39 Meetinghouse Ln Unit 39,elementary,Finn/Wdwd/Neary,251098001761,Mary E Finn School,2510980,distinctive_token
42.276045,-71.521604,Southborough,MA,2 Watkins Ln,elementary,Finn / Woodward,251098001761,Mary E Finn School,2510980,slash_split
42.267152,-71.535462,Southborough,MA,45 Highland St,elementary,Finn / Neary,251098001761,Mary E Finn School,2510980,distinctive_token
42.288083,-71.543015,Southborough,MA,122 Deerfoot Rd,elementary,Finn/Wdrd/Neary,251098001761,Mary E Finn School,2510980,distinctive_token
42.273533,-71.513936,Southborough,MA,39 Darlene Dr,elementary,Finn/Neary/Wdwd,251098001761,Mary E Finn School,2510980,distinctive_token
42.310478,-71.55049,Southborough,MA,12 Wyndemere Dr,elementary,Finn/Woodward/Neary,251098001761,Mary E Finn School,2510980,slash_split
42.312755,-71.543044,Southborough,MA,32 Sears Rd,elementary,Finn/Wood/Neary,251098001761,Mary E Finn School,2510980,distinctive_token
42.276862,-71.533589,Southborough,MA,3 Hubley Ln,elementary,Finn / Woodward / Neary,251098001761,Mary E Finn School,2510980,slash_split
42.301055,-71.529913,Southborough,MA,10 Fayville Ln Unit 10,elementary,Finn/Woodward,251098001761,Mary E Finn School,2510980,slash_split
42.277124,-71.516436,Southborough,MA,8 Ted Ln,elementary,Finn/Neary/Woodward,251098001761,Mary E Finn School,2510980,slash_split
42.295501,-71.559188,Southborough,MA,3 Bantry Rd,elementary,Finn/Woodward,251098001761,Mary E Finn School,2510980,slash_split
42.315452,-71.494519,Southborough,MA,6 Witherbee Ln,elementary,Finn/Woodward,251098001761,Mary E Finn School,2510980,slash_split
42.264684,-71.542681,Southborough,MA,18 Wood St,elementary,Finn / Woodward / Neary,251098001761,Mary E Finn School,2510980,slash_split
42.303684,-71.52208,Southborough,MA,2 Foley Dr,elementary,Finn/Wdwd/Neary,251098001761,Mary E Finn School,2510980,distinctive_token
42.301576,-71.567051,Southborough,MA,6 Old Harry Rd,elementary,"Finn, Woodward, Neary",,,,
42.315804,-71.558944,Southborough,MA,4 Dairy Farm Ln,elementary,Finn,251098001761,Mary E Finn School,2510980,best_match
42.320707,-71.55636,Southborough,MA,4 Nipmuc Ln,elementary,Southborough Elementary,,,,
42.328982,-71.49234,Southborough,MA,7 Metcalf Ln,elementary,"Finn, Woodward, Neary",251098001827,Albert S. Woodward Memorial School,2510980,distinctive_token
42.32098,-71.487995,Southborough,MA,63 Pine Hill Rd,elementary,Finn / Woodward / Neary,251098001761,Mary E Finn School,2510980,slash_split
42.299589,-71.537002,Southborough,MA,20 Parkerville Rd,elementary,Finn/Woodward,251098001761,Mary E Finn School,2510980,slash_split
42.304962,-71.506027,Southborough,MA,26C Meadow Ln,elementary,Neary,,,,
42.28099,-71.502955,Southborough,MA,2 Garrison Ln,elementary,Finn/Neary/Wood,251098001761,Mary E Finn School,2510980,distinctive_token
42.288429,-71.534852,Southborough,MA,8 Leeds Way,elementary,Finn/Wdwd/Neary,251098001761,Mary E Finn School,2510980,distinctive_token
42.301055,-71.529913,Southborough,MA,12 Fayville Ln Unit 12,elementary,Finn/Woodward,251098001761,Mary E Finn School,2510980,slash_split
42.278393,-71.536016,Southborough,MA,188 Parkerville Rd,elementary,"Finn,Woodward",,,,
42.058098,-72.01815,Southbridge Town,MA,284 N Woodstock Rd,elementary,West Street,251101001770,West Street,2511010,best_match
42.070473,-72.028038,Southbridge Town,MA,106-108 Chestnut St,elementary,Southbridge/Choice,,,,
42.061671,-72.063593,Southbridge Town,MA,119 Dennison Cross Rd,elementary,West St. Elementary School,251101001770,West Street,2511010,distinctive_token
42.081423,-72.040363,Southbridge Town,MA,50 Oliver St,elementary,West Street Elementary,251101001770,West Street,2511010,best_match
42.065132,-72.045033,Southbridge Town,MA,22 Jacobs Rd,elementary,Southbridge Public Schools,,,,
42.063826,-72.056916,Southbridge Town,MA,77 Marc Ave,elementary,Charlton Street School,251101001763,Charlton Street,2511010,best_match
42.085492,-72.798989,Southwick,MA,8 Wintergreen Cir,elementary,Woodland,250001301783,Woodland School,2500013,best_match
42.05904,-72.734785,Southwick,MA,8 Lexington Cir,elementary,Woodland,250001301783,Woodland School,2500013,best_match
42.032055,-72.769033,Southwick,MA,93 Sheep Pasture Rd,elementary,Southwick Tolland Granville Re,,,,
42.079238,-72.764049,Southwick,MA,Silvergrass Ln Lot 20,elementary,Woodland,250001301783,Woodland School,2500013,best_match
42.034216,-72.807779,Southwick,MA,138 Vining Hill Rd,elementary,Woodland,250001301783,Woodland School,2500013,best_match
42.090353,-72.767497,Southwick,MA,33 Rosewood Ln Unit 33,elementary,Powder,250001302845,Powder Mill School,2500013,best_match
42.083635,-72.758602,Southwick,MA,14 Revere Rd,elementary,Woodland,250001301783,Woodland School,2500013,best_match
42.249263,-71.989128,Spencer,MA,16 Highland St,elementary,East Brookfield Elementary,250000201766,East Brookfield Elementary,2500002,best_match
42.217838,-71.951658,Spencer,MA,77 Chickering Rd,elementary,Wire Village,250000201859,Wire Village School,2500002,best_match
42.285955,-72.024754,Spencer,MA,111 Northwest Rd,elementary,Wire Village,250000201859,Wire Village School,2500002,best_match
42.200299,-71.94255,Spencer,MA,3 Lake Ave,elementary,Wire Village School K-5,250000201859,Wire Village School,2500002,best_match
42.273917,-72.03029,Spencer,MA,1 Deer Run Rd,elementary,Wire Village School,250000201859,Wire Village School,2500002,best_match
42.245656,-71.995405,Spencer,MA,29 Pleasant St,elementary,Wire Village,250000201859,Wire Village School,2500002,best_match
42.24562,-71.987046,Spencer,MA,5 Irving St,elementary,Wire Village,250000201859,Wire Village School,2500002,best_match
42.258401,-71.992399,Spencer,MA,15 Hastings Rd,elementary,Wire Village,250000201859,Wire Village School,2500002,best_match
42.24256,-72.002429,Spencer,MA,20 Bell St,elementary,Wire Village,250000201859,Wire Village School,2500002,best_match
42.254689,-72.000331,Spencer,MA,4 Eagleton St,elementary,Wire Village,250000201859,Wire Village School,2500002,best_match
42.241142,-71.991928,Spencer,MA,42 Maple St,elementary,Wire Village School,250000201859,Wire Village School,2500002,best_match
42.194891,-71.974971,Spencer,MA,1 Sherry Ln,elementary,Wire Village School,250000201859,Wire Village School,2500002,best_match
42.090465,-72.525071,Springfield,MA,48 Manor Ct Unit 48,elementary,Talmadge,251113001795,Arthur T Talmadge,2511130,best_match
42.114175,-72.57655,Springfield,MA,1030 Worthington St,elementary,Rebecca Johnson,251113000341,Rebecca M Johnson,2511130,best_match
42.103446,-72.583315,Springfield,MA,235 State St Apt 413,elementary,Milton Bradley,251113000896,Milton Bradley School,2511130,best_match
42.067935,-72.538241,Springfield,MA,497 Dwight Rd,elementary,Springfield,251113002898,Springfield International Academy at Johnson,2511130,best_match
42.08466,-72.567782,Springfield,MA,238 Sumner Ave,elementary,Sumner Ave,251113001830,Sumner Avenue,2511130,distinctive_token
42.103446,-72.583315,Springfield,MA,235 State St Apt 414,elementary,Milton Bradley,251113000896,Milton Bradley School,2511130,best_match
42.088007,-72.500138,Springfield,MA,21 Ryan Cir,elementary,Daniel B Brunton,251113001799,Daniel B Brunton,2511130,best_match
42.120256,-72.496684,Springfield,MA,39 Groton St,elementary,Mary M. Walsh Elementary,251113001829,Mary M Walsh,2511130,best_match
42.100891,-72.550422,Springfield,MA,282 Island Pond Rd,elementary,Dryden Memorial,251113001820,Mary A. Dryden Veterans Memorial School,2511130,distinctive_token
42.105904,-72.589966,Springfield,MA,385 Worthington St Apt 2F,elementary,Per Sps,,,,
42.135849,-72.508652,Springfield,MA,70 Shumway St Unit B20,elementary,Springfield Public Schools,251113002898,Springfield International Academy at Johnson,2511130,distinctive_token
42.112053,-72.589241,Springfield,MA,13-15 Cass St,elementary,Alfred G Zanetti,,,,
42.128193,-72.577988,Springfield,MA,44-46 Middle St,elementary,Liberty,251113001814,Liberty,2511130,best_match
42.111784,-72.570613,Springfield,MA,64 Thompson St,elementary,Rebecca M. Johnson School,251113000341,Rebecca M Johnson,2511130,best_match
42.407185,-71.758919,Sterling,MA,9-R Gates Ter,elementary,Houghton,251188001476,Houghton Elementary,2511880,best_match
42.411725,-71.743936,Sterling,MA,51 Lakeshore Dr,elementary,Houghton,251188001476,Houghton Elementary,2511880,best_match
42.423138,-71.825662,Sterling,MA,20 Hynes Ln,elementary,Hildreth,,,,
42.479336,-71.819443,Sterling,MA,193 Justice Hill Cutoff,elementary,Houghton,251188001476,Houghton Elementary,2511880,best_match
42.446637,-71.739553,Sterling,MA,81 Clinton Rd,elementary,Houghton,251188001476,Houghton Elementary,2511880,best_match
42.41965,-71.809753,Sterling,MA,2 Fox Run Rd,elementary,Houghton,251188001476,Houghton Elementary,2511880,best_match
42.407257,-71.763986,Sterling,MA,2 Lakeview Ave,elementary,Houghton,251188001476,Houghton Elementary,2511880,best_match
42.465575,-71.724577,Sterling,MA,2 Carriage Way,elementary,Houghton Elementary,251188001476,Houghton Elementary,2511880,best_match
42.448727,-71.769862,Sterling,MA,33 Taft Rd,elementary,Houghton Elementary,251188001476,Houghton Elementary,2511880,best_match
42.44862,-71.735313,Sterling,MA,15 Leos Way Unit 15,elementary,Houghton,251188001476,Houghton Elementary,2511880,best_match
42.472871,-71.747591,Sterling,MA,280 Leominster Rd,elementary,Houghton,251188001476,Houghton Elementary,2511880,best_match
42.479401,-71.818237,Sterling,MA,186 Justice Hill Farm Rd Unit Mod,elementary,Houghton Elementary,251188001476,Houghton Elementary,2511880,best_match
42.44862,-71.735313,Sterling,MA,13 Leos Way Unit 13,elementary,Houghton,251188001476,Houghton Elementary,2511880,best_match
42.479401,-71.818237,Sterling,MA,186 Justice Hill Rd Unit Oakmont,elementary,Houghton Elementary School,251188001476,Houghton Elementary,2511880,best_match
42.448429,-71.735397,Sterling,MA,9 Leos Way Unit 0,elementary,Houghton,251188001476,Houghton Elementary,2511880,best_match
42.295624,-73.319595,Stockbridge,MA,11 Prospect Hill Rd Apt 8,elementary,Muddy Brook Reg.,250253001999,Muddy Brook Regional Elementary School,2502530,best_match
42.286819,-73.334686,Stockbridge,MA,5-A Butler Rd,elementary,Muddy Brook Reg.,250253001999,Muddy Brook Regional Elementary School,2502530,best_match
42.338048,-73.301712,Stockbridge,MA,19 Hawthorne B Rd Unit Cb,elementary,Muddy Brook Reg.,250253001999,Muddy Brook Regional Elementary School,2502530,best_match
42.300754,-73.295496,Stockbridge,MA,6 Manitauk Hts,elementary,Muddy Brook Reg.,250253001999,Muddy Brook Regional Elementary School,2502530,best_match
42.281978,-73.30769,Stockbridge,MA,53 Main St,elementary,Muddy Brook Reg.,250253001999,Muddy Brook Regional Elementary School,2502530,best_match
42.294275,-73.292021,Stockbridge,MA,2 Wallace Rd Unit 2E,elementary,Muddy Brook Reg.,250253001999,Muddy Brook Regional Elementary School,2502530,best_match
42.298998,-73.337412,Stockbridge,MA,8 Lukeman Ln,elementary,Muddy Brook Reg.,250253001999,Muddy Brook Regional Elementary School,2502530,best_match
42.321442,-73.319502,Stockbridge,MA,15 Interlaken Cross Rd,elementary,Muddy Brook Reg.,250253001999,Muddy Brook Regional Elementary School,2502530,best_match
42.325592,-73.315116,Stockbridge,MA,26 Mahkeenac Rd,elementary,Muddy Brook Reg.,250253001999,Muddy Brook Regional Elementary School,2502530,best_match
42.277849,-73.360289,Stockbridge,MA,1 Pixley Hill Rd,elementary,Muddy Brook Reg.,250253001999,Muddy Brook Regional Elementary School,2502530,best_match
42.331615,-73.315315,Stockbridge,MA,10 Mahkeenac Shores Rd,elementary,Muddy Brook Reg.,250253001999,Muddy Brook Regional Elementary School,2502530,best_match
42.324053,-73.321342,Stockbridge,MA,17 Beachwood Dr,elementary,Muddy Brook Reg.,250253001999,Muddy Brook Regional Elementary School,2502530,best_match
42.313587,-73.331514,Stockbridge,MA,9 Interlaken Rd,elementary,Muddy Brook Reg.,250253001999,Muddy Brook Regional Elementary School,2502530,best_match
42.294174,-73.315558,Stockbridge,MA,10 Prospect Hill Rd,elementary,Muddy Brook Reg,250253001999,Muddy Brook Regional Elementary School,2502530,best_match
42.303817,-73.292973,Stockbridge,MA,1 Devon Rd,elementary,Muddy Brook Reg.,250253001999,Muddy Brook Regional Elementary School,2502530,best_match
42.295624,-73.319595,Stockbridge,MA,11 Prospect Hill Rd Apt 8,elementary,Muddy Brook Reg.,250253001999,Muddy Brook Regional Elementary School,2502530,best_match
42.321981,-73.336962,Stockbridge,MA,16 Old Tree Farm Rd,elementary,Muddy Brook Reg.,250253001999,Muddy Brook Regional Elementary School,2502530,best_match
42.343732,-73.299735,Stockbridge,MA,7 Wheatley Dr,elementary,Muddy Brook Reg.,250253001999,Muddy Brook Regional Elementary School,2502530,best_match
42.288335,-73.290471,Stockbridge,MA,36 Yale Hill Rd,elementary,Muddy Brook Reg.,250253001999,Muddy Brook Regional Elementary School,2502530,best_match
42.270279,-73.36481,Stockbridge,MA,46 Glendale Rd,elementary,Muddy Brook Reg.,250253001999,Muddy Brook Regional Elementary School,2502530,best_match
42.289391,-73.320221,Stockbridge,MA,34 Church St,elementary,Muddy Brook Reg.,250253001999,Muddy Brook Regional Elementary School,2502530,best_match
42.271954,-73.324371,Stockbridge,MA,22 Goodrich St,elementary,Muddy Brook Reg.,250253001999,Muddy Brook Regional Elementary School,2502530,best_match
42.283511,-73.364572,Stockbridge,MA,8 Stone Ridge Rd,elementary,Muddy Brook Reg.,250253001999,Muddy Brook Regional Elementary School,2502530,best_match
42.341213,-73.303036,Stockbridge,MA,11 Hawthorne Rd,elementary,Muddy Brook Reg.,250253001999,Muddy Brook Regional Elementary School,2502530,best_match
42.322586,-73.338131,Stockbridge,MA,14 Old Tree Farm Rd,elementary,Muddy Brook Reg.,250253001999,Muddy Brook Regional Elementary School,2502530,best_match
42.294174,-73.315558,Stockbridge,MA,10 Prospect Hill Rd,elementary,Muddy Brook Reg.,250253001999,Muddy Brook Regional Elementary School,2502530,best_match
42.283521,-73.30826,Stockbridge,MA,8 Shamrock St,elementary,Muddy Brook Reg.,250253001999,Muddy Brook Regional Elementary School,2502530,best_match
42.473052,-71.107159,Stoneham,MA,138 Marble St,elementary,Check W/ Supt.,,,,
42.481787,-71.093157,Stoneham,MA,5 Washington St,elementary,South Elementary,251122001856,South,2511220,best_match
42.489817,-71.104168,Stoneham,MA,34 Oak St,elementary,Robin Hood Elementary School,251122001855,Robin Hood,2511220,best_match
42.471536,-71.085608,Stoneham,MA,12 Sunset Rd,elementary,Colonial Park,251122001851,Colonial Park,2511220,best_match
42.492316,-71.091182,Stoneham,MA,46 Macarthur Rd,elementary,Robin Hood Elementary,251122001855,Robin Hood,2511220,best_match
42.482217,-71.086842,Stoneham,MA,66 Spring St,elementary,Colonial Park,251122001851,Colonial Park,2511220,best_match
42.480378,-71.080974,Stoneham,MA,17 Tamarock Ter,elementary,Colonial Park,251122001851,Colonial Park,2511220,best_match
42.471823,-71.100274,Stoneham,MA,2-4 Peabody Rd,elementary,South Elementary,251122001856,South,2511220,best_match
42.491515,-71.094208,Stoneham,MA,33 High St,elementary,Robin Hood,251122001855,Robin Hood,2511220,best_match
42.498011,-71.099824,Stoneham,MA,66 Main St Apt 26A,elementary,Robin Hood Elementary,251122001855,Robin Hood,2511220,best_match
42.482279,-71.110001,Stoneham,MA,100 Ledgewood Dr Apt 319,elementary,Stoneham,,,,
42.485356,-71.087085,Stoneham,MA,8 Patrick Cir,elementary,South Elementary,251122001856,South,2511220,best_match
42.47218,-71.107067,Stoneham,MA,193 Park St,elementary,Colonial Park / Robin Hood,251122001851,Colonial Park,2511220,slash_split
42.487263,-71.08838,Stoneham,MA,59 Norval Ave,elementary,South School,251122001856,South,2511220,best_match
42.469964,-71.083616,Stoneham,MA,46 Windsor Rd,elementary,Colonial Park,251122001851,Colonial Park,2511220,best_match
42.497723,-71.088683,Stoneham,MA,47 Winship Dr,elementary,Robin Hood,251122001855,Robin Hood,2511220,best_match
42.465874,-71.100288,Stoneham,MA,6-8 South Unit 2,elementary,South,251122001856,South,2511220,best_match
42.489464,-71.084405,Stoneham,MA,269 Green St,elementary,South School,251122001856,South,2511220,best_match
42.494736,-71.094536,Stoneham,MA,62 High St Lot 8,elementary,Robin Hood,251122001855,Robin Hood,2511220,best_match
42.487987,-71.087506,Stoneham,MA,15 Garden Rd,elementary,South Elementary,251122001856,South,2511220,best_match
42.479644,-71.08439,Stoneham,MA,6 Gavin Cir,elementary,Colonial Park Elementary,251122001851,Colonial Park,2511220,best_match
42.478327,-71.102748,Stoneham,MA,26 Maple St Unit B,elementary,South Elementary,251122001856,South,2511220,best_match
42.467554,-71.100848,Stoneham,MA,597 Main St Unit B6,elementary,Supt,,,,
42.481268,-71.097517,Stoneham,MA,7 Pine St,elementary,South Elem,251122001856,South,2511220,best_match
42.103175,-71.084763,Stoughton,MA,90 Atkinson Ave,elementary,South School,251125001863,South Elementary,2511250,best_match
42.092551,-71.129134,Stoughton,MA,209 Highland St,elementary,Gibbons,251125001861,Joseph H Gibbons,2511250,best_match
42.111969,-71.113495,Stoughton,MA,374 Plain St,elementary,Gibbons School,251125001861,Joseph H Gibbons,2511250,best_match
42.075194,-71.134685,Stoughton,MA,10 Lanes End,elementary,Gibbons,251125001861,Joseph H Gibbons,2511250,best_match
42.141765,-71.133541,Stoughton,MA,47 Rosewood Dr Unit 47,elementary,Helen Hansen,251125001858,Helen Hansen Elementary,2511250,best_match
42.124396,-71.108569,Stoughton,MA,210 School St,elementary,Gibbons,251125001861,Joseph H Gibbons,2511250,best_match
42.091626,-71.12695,Stoughton,MA,273 Highland St,elementary,Gibbons,251125001861,Joseph H Gibbons,2511250,best_match
42.121718,-71.070086,Stoughton,MA,39 Brewster Rd,elementary,South,251125001863,South Elementary,2511250,best_match
42.104116,-71.076296,Stoughton,MA,19 Burnham Ct,elementary,South Elementary School,251125001863,South Elementary,2511250,best_match
42.136399,-71.099011,Stoughton,MA,50 Packard Rd,elementary,Joseph R Dawe Jr Elem,251125001862,Joseph R Dawe Jr Elementary,2511250,best_match
42.130116,-71.106888,Stoughton,MA,195 Pearl St,elementary,Richard L. Wilkins,251125001866,Richard L. Wilkins Elementary School,2511250,best_match
42.156647,-71.077901,Stoughton,MA,43 Willow St,elementary,Dawe,251125001862,Joseph R Dawe Jr Elementary,2511250,best_match
42.125523,-71.111332,Stoughton,MA,84 Atherton St,elementary,Gibbons Elementary,251125001861,Joseph H Gibbons,2511250,distinctive_token
42.131868,-71.136137,Stoughton,MA,2 Hillwood Ave,elementary,Helen H Hansen,251125001858,Helen Hansen Elementary,2511250,distinctive_token
42.114839,-71.091054,Stoughton,MA,310 Sumner St,elementary,South Elementary,251125001863,South Elementary,2511250,best_match
42.103043,-71.12389,Stoughton,MA,54 Ross Ave,elementary,Gibbons,251125001861,Joseph H Gibbons,2511250,best_match
42.121931,-71.105779,Stoughton,MA,68 Summer Ave Apt 8,elementary,Gibbons,251125001861,Joseph H Gibbons,2511250,best_match
42.13487,-71.134698,Stoughton,MA,84 Kim Ter Unit 84,elementary,Helen Hansen Ei,251125001858,Helen Hansen Elementary,2511250,distinctive_token
42.113308,-71.081458,Stoughton,MA,33 Alger Way,elementary,South,251125001863,South Elementary,2511250,best_match
42.1374,-71.142713,Stoughton,MA,20 Brian Dr Apt A,elementary,Hansen,,,,
42.104369,-71.130474,Stoughton,MA,140 Grace Ln,elementary,Gibbons,251125001861,Joseph H Gibbons,2511250,best_match
42.121049,-71.114239,Stoughton,MA,161 Winslow Dr,elementary,Gibbons,251125001861,Joseph H Gibbons,2511250,best_match
42.142717,-71.079388,Stoughton,MA,16 Camelot Ct Unit 16,elementary,Dawe,251125001862,Joseph R Dawe Jr Elementary,2511250,best_match
42.08405,-71.136167,Stoughton,MA,5 Eagle Rock Ext,elementary,Gibbons,251125001861,Joseph H Gibbons,2511250,best_match
42.1153,-71.124106,Stoughton,MA,24 Spallus Rd,elementary,Gibbons,251125001861,Joseph H Gibbons,2511250,best_match
42.140072,-71.133347,Stoughton,MA,11 Elderwood Dr Unit 11,elementary,Hansen,,,,
42.121931,-71.105779,Stoughton,MA,84 Summer Ave Apt 3,elementary,Gibbons Elementary,251125001861,Joseph H Gibbons,2511250,distinctive_token
42.103184,-71.087536,Stoughton,MA,163 Atkinson Ave,elementary,South Elementary School,251125001863,South Elementary,2511250,best_match
42.130802,-71.127666,Stoughton,MA,1716 Central St,elementary,"Hansen, Wilkins Elementary",251125001866,Richard L. Wilkins Elementary School,2511250,distinctive_token
42.121718,-71.070086,Stoughton,MA,39 Brewster Rd Unit 39,elementary,South,251125001863,South Elementary,2511250,best_match
42.132303,-71.100797,Stoughton,MA,24 Warren Ave,elementary,Dawe & West,251125001862,Joseph R Dawe Jr Elementary,2511250,distinctive_token
42.1374,-71.142713,Stoughton,MA,55 Brian Dr Apt D,elementary,Helen Hansen Elementary,251125001858,Helen Hansen Elementary,2511250,best_match
42.138491,-71.138259,Stoughton,MA,6 Jennifer Ln Unit 6,elementary,Hanson,,,,
42.114845,-71.102567,Stoughton,MA,93 Rogers Dr,elementary,Gibbons Elem.School,251125001861,Joseph H Gibbons,2511250,distinctive_token
42.436823,-71.505779,Stow,MA,11 Crescent St,elementary,Center School,250831000362,Center School,2508310,best_match
42.436439,-71.48878,Stow,MA,7 Faxon Dr Unit 7,elementary,Center School,250831000362,Center School,2508310,best_match
42.452876,-71.538012,Stow,MA,10 Lowell Dr,elementary,Center,250831000362,Center School,2508310,best_match
42.419404,-71.53853,Stow,MA,13 Edson St,elementary,Center School,250831000362,Center School,2508310,best_match
42.464661,-71.542051,Stow,MA,493 Taylor Rd,elementary,Center School,250831000362,Center School,2508310,best_match
42.422377,-71.505019,Stow,MA,29 Pine Ridge Rd,elementary,Center,250831000362,Center School,2508310,best_match
42.433384,-71.481422,Stow,MA,30 Pompositticutt St,elementary,Center,250831000362,Center School,2508310,best_match
42.446208,-71.539748,Stow,MA,21 Sylvan Dr,elementary,Center,250831000362,Center School,2508310,best_match
42.40621,-71.502869,Stow,MA,66 Pine Point Rd,elementary,"The Center School, K-5",250831000362,Center School,2508310,best_match
42.429536,-71.550172,Stow,MA,120 Maple St,elementary,Center School,250831000362,Center School,2508310,best_match
42.421755,-71.514284,Stow,MA,28 Whitman St,elementary,Center,250831000362,Center School,2508310,best_match
42.433137,-71.489638,Stow,MA,4 Lanes End Rd,elementary,Center,250831000362,Center School,2508310,best_match
42.10392,-72.067722,Sturbridge,MA,51 Whittemore Rd,elementary,Dept Of Ed,,,,
42.086658,-72.070615,Sturbridge,MA,71 Shepard Rd,elementary,Burgess,251131001870,Burgess Elementary,2511310,best_match
42.074836,-72.074042,Sturbridge,MA,50 Hillside Dr,elementary,Burgess Elem,251131001870,Burgess Elementary,2511310,best_match
42.152321,-72.130048,Sturbridge,MA,285 Brookfield Rd,elementary,Burgess,251131001870,Burgess Elementary,2511310,best_match
42.117494,-72.066229,Sturbridge,MA,212 Charlton Rd,elementary,Dept Of Ed,,,,
42.134335,-72.117739,Sturbridge,MA,299 Clark Road Ext,elementary,Burgess,251131001870,Burgess Elementary,2511310,best_match
42.125259,-72.103749,Sturbridge,MA,7 Evergreen Ln,elementary,Burgess,251131001870,Burgess Elementary,2511310,best_match
42.063232,-72.101965,Sturbridge,MA,37 Breakneck Rd,elementary,Burgess Elementary,251131001870,Burgess Elementary,2511310,best_match
42.07943,-72.073845,Sturbridge,MA,27 Hillside Dr,elementary,Burgess,251131001870,Burgess Elementary,2511310,best_match
42.107808,-72.086095,Sturbridge,MA,120 Colonial Dr Unit 120,elementary,Burgess,251131001870,Burgess Elementary,2511310,best_match
42.102211,-72.070817,Sturbridge,MA,30 Whittemore Rd,elementary,Burgess,251131001870,Burgess Elementary,2511310,best_match
42.0788,-72.066261,Sturbridge,MA,6 Belanger Ave,elementary,Dept Of Ed,,,,
42.107808,-72.086095,Sturbridge,MA,66 Steeple Vw Unit 66,elementary,Burgess,251131001870,Burgess Elementary,2511310,best_match
42.063359,-72.132808,Sturbridge,MA,1 Leno Rd,elementary,Burgess,251131001870,Burgess Elementary,2511310,best_match
42.10958,-72.079338,Sturbridge,MA,14 Maple St,elementary,Burgess Elementary,251131001870,Burgess Elementary,2511310,best_match
42.105661,-72.068445,Sturbridge,MA,29 Whittemore Rd,elementary,Burgess,251131001870,Burgess Elementary,2511310,best_match
42.142802,-72.055732,Sturbridge,MA,135 Walker Pond Rd,elementary,Burgess,251131001870,Burgess Elementary,2511310,best_match
42.105917,-72.071104,Sturbridge,MA,16 Hawthorne Rd,elementary,Burgess,251131001870,Burgess Elementary,2511310,best_match
42.400187,-71.405792,Sudbury,MA,28 Thompson Dr,elementary,Nixon,251134000507,General John Nixon Elementary,2511340,best_match
42.399953,-71.437101,Sudbury,MA,12 Trillium Way,elementary,Nixon,251134000507,General John Nixon Elementary,2511340,best_match
42.411828,-71.431077,Sudbury,MA,289 Willis Rd,elementary,Josiah Haynes,251134001876,Josiah Haynes,2511340,best_match
42.382145,-71.444583,Sudbury,MA,153 Pratts Mill Rd,elementary,Noyes,251134001877,Peter Noyes,2511340,best_match
42.403382,-71.437288,Sudbury,MA,355 Maynard Rd,elementary,Nixon Elementary School,251134000507,General John Nixon Elementary,2511340,best_match
42.378289,-71.442845,Sudbury,MA,25 Meadowbrook Rd,elementary,Noyes,251134001877,Peter Noyes,2511340,best_match
42.359905,-71.448454,Sudbury,MA,725 Boston Post Rd Unit 5,elementary,Loring,251134001407,Israel Loring School,2511340,best_match
42.343114,-71.404064,Sudbury,MA,20 Brooks Rd,elementary,Loring,251134001407,Israel Loring School,2511340,best_match
42.431666,-71.427693,Sudbury,MA,11 Rose Way,elementary,Haynes,251134001876,Josiah Haynes,2511340,best_match
42.390986,-71.437739,Sudbury,MA,10 July Rd,elementary,Nixon,251134000507,General John Nixon Elementary,2511340,best_match
42.384643,-71.422262,Sudbury,MA,22 Demarco Rd,elementary,Peter Noyes Elementary School,251134001877,Peter Noyes,2511340,best_match
42.381623,-71.413512,Sudbury,MA,295 Concord Rd,elementary,Noyes,251134001877,Peter Noyes,2511340,best_match
42.421437,-71.418647,Sudbury,MA,409 North Rd,elementary,Haynes Elementary,251134001876,Josiah Haynes,2511340,distinctive_token
42.414435,-71.426689,Sudbury,MA,15 Blandford Dr,elementary,Haynes,251134001876,Josiah Haynes,2511340,best_match
42.392636,-71.449651,Sudbury,MA,9 Priest Rd,elementary,Noyes,251134001877,Peter Noyes,2511340,best_match
42.386992,-71.404303,Sudbury,MA,177 Plympton Rd,elementary,Nixon,251134000507,General John Nixon Elementary,2511340,best_match
42.418825,-71.386029,Sudbury,MA,127 Cold Brook Dr Unit 2,elementary,Nixon Elementary School,251134000507,General John Nixon Elementary,2511340,best_match
42.352001,-71.408887,Sudbury,MA,36 Cutler Farm Rd,elementary,Loring,251134001407,Israel Loring School,2511340,best_match
42.366685,-71.408457,Sudbury,MA,80 Pokonoket Ave,elementary,Loring,251134001407,Israel Loring School,2511340,best_match
42.389814,-71.399938,Sudbury,MA,113 Newbridge Rd,elementary,Nixon,251134000507,General John Nixon Elementary,2511340,best_match
42.422416,-71.422105,Sudbury,MA,20 Cobblestone Pl,elementary,Haynes,251134001876,Josiah Haynes,2511340,best_match
42.403249,-71.431579,Sudbury,MA,71 Cudworth Ln,elementary,Nixon,251134000507,General John Nixon Elementary,2511340,best_match
42.359822,-71.4541,Sudbury,MA,781 Boston Post Rd,elementary,Loring School,251134001407,Israel Loring School,2511340,best_match
42.411948,-71.438067,Sudbury,MA,42 Ironworks Rd,elementary,Haynes,251134001876,Josiah Haynes,2511340,best_match
42.3979,-71.435235,Sudbury,MA,4 Twin Meadow Ln,elementary,Nixon,251134000507,General John Nixon Elementary,2511340,best_match
42.419677,-71.429643,Sudbury,MA,5 Harvard Dr,elementary,Haynes,251134001876,Josiah Haynes,2511340,best_match
42.416881,-71.431714,Sudbury,MA,48 Chanticleer Rd,elementary,Haynes,251134001876,Josiah Haynes,2511340,best_match
42.385762,-71.420174,Sudbury,MA,96 Hudson Rd,elementary,Noyes,251134001877,Peter Noyes,2511340,best_match
42.365466,-71.391474,Sudbury,MA,6 Old County Rd Unit 33,elementary,Noyes,251134001877,Peter Noyes,2511340,best_match
42.388859,-71.446721,Sudbury,MA,51 Atkinson Ln,elementary,Peter Noyes,251134001877,Peter Noyes,2511340,best_match
42.376478,-71.451446,Sudbury,MA,39 Austin Rd,elementary,Noyes,251134001877,Peter Noyes,2511340,best_match
42.400409,-71.414884,Sudbury,MA,189 Morse Rd,elementary,Nixon,251134000507,General John Nixon Elementary,2511340,best_match
42.3636,-71.429862,Sudbury,MA,22 Farmstead Ln Unit 407,elementary,Israel Loring,251134001407,Israel Loring School,2511340,best_match
42.40865,-71.417692,Sudbury,MA,33 Mossman Rd,elementary,Haynes,251134001876,Josiah Haynes,2511340,best_match
42.371654,-71.433768,Sudbury,MA,40 Tall Pine Dr Unit 2,elementary,Loring,251134001407,Israel Loring School,2511340,best_match
42.418565,-71.414322,Sudbury,MA,204 Haynes Rd,elementary,Haynes,251134001876,Josiah Haynes,2511340,best_match
42.402795,-71.432537,Sudbury,MA,55 Widow Rites Ln,elementary,Nixon,251134000507,General John Nixon Elementary,2511340,best_match
42.35549,-71.461138,Sudbury,MA,40 Bigelow Dr,elementary,Loring,251134001407,Israel Loring School,2511340,best_match
42.422683,-71.405213,Sudbury,MA,19 Skyview Ln,elementary,Haynes,251134001876,Josiah Haynes,2511340,best_match
42.391629,-71.447388,Sudbury,MA,419 Hudson Rd,elementary,Noyes,251134001877,Peter Noyes,2511340,best_match
42.375046,-71.445835,Sudbury,MA,65 Fox Run Rd,elementary,Noyes,251134001877,Peter Noyes,2511340,best_match
42.372607,-71.41882,Sudbury,MA,30 Meadow Dr,elementary,Noyes,251134001877,Peter Noyes,2511340,best_match
42.418825,-71.386029,Sudbury,MA,127 Cold Brook Dr Unit 2,elementary,Nixon Elementary School,251134000507,General John Nixon Elementary,2511340,best_match
42.386762,-71.399826,Sudbury,MA,136 Plympton Rd,elementary,Nixon,251134000507,General John Nixon Elementary,2511340,best_match
42.35959,-71.400984,Sudbury,MA,266 Landham Rd,elementary,Loring,251134001407,Israel Loring School,2511340,best_match
42.386736,-71.423646,Sudbury,MA,8 Twillingate Ln,elementary,Peter Noyes,251134001877,Peter Noyes,2511340,best_match
42.40679,-71.414966,Sudbury,MA,238 Marlboro Rd,elementary,Haynes,251134001876,Josiah Haynes,2511340,best_match
42.375078,-71.418927,Sudbury,MA,220 Old Lancaster Rd,elementary,Noyes,251134001877,Peter Noyes,2511340,best_match
42.420934,-71.417658,Sudbury,MA,395 North Rd,elementary,Haynes,251134001876,Josiah Haynes,2511340,best_match
42.365769,-71.470373,Sudbury,MA,111 Dutton Rd,elementary,Noyes,251134001877,Peter Noyes,2511340,best_match
42.418015,-71.43551,Sudbury,MA,167 Belcher Dr,elementary,See Sps For Assignment,,,,
42.384529,-71.432479,Sudbury,MA,31 Normandy Dr,elementary,General John Nixon Elementary,251134000507,General John Nixon Elementary,2511340,best_match
42.399792,-71.427841,Sudbury,MA,57 Marlboro Rd,elementary,Nixon,251134000507,General John Nixon Elementary,2511340,best_match
42.371573,-71.446683,Sudbury,MA,237 Peakham Rd,elementary,Noyes,251134001877,Peter Noyes,2511340,best_match
42.39503,-71.454877,Sudbury,MA,23 Basswood Ave,elementary,Noyes,251134001877,Peter Noyes,2511340,best_match
42.388336,-71.43584,Sudbury,MA,279 Hudson Rd,elementary,Nixon,251134000507,General John Nixon Elementary,2511340,best_match
42.411636,-71.438301,Sudbury,MA,38 Ironworks Rd,elementary,Josiah Haynes,251134001876,Josiah Haynes,2511340,best_match
42.374861,-71.433514,Sudbury,MA,228 Horse Pond Rd,elementary,Peter Noyes,251134001877,Peter Noyes,2511340,best_match
42.384529,-71.432479,Sudbury,MA,31 Normandy Dr,elementary,General John Nixon Elem Sch,251134000507,General John Nixon Elementary,2511340,best_match
42.507101,-72.537484,Sunderland,MA,470 Montague Rd,elementary,Sunderland Elementary,251137001878,Sunderland Elementary,2511370,best_match
42.433941,-72.563033,Sunderland,MA,41 Country Ln,elementary,Sunderland,251137001878,Sunderland Elementary,2511370,best_match
42.459644,-72.577621,Sunderland,MA,46 Old Amherst Rd,elementary,Sunderland,251137001878,Sunderland Elementary,2511370,best_match
42.135658,-71.812454,Sutton,MA,186 Eight Lot Road,elementary,Sutton Elementary,251140001879,Sutton Elementary,2511400,best_match
42.165511,-71.717802,Sutton,MA,11 Skye Line Dr,elementary,Sutton Elementary School,251140001879,Sutton Elementary,2511400,best_match
42.163334,-71.727324,Sutton,MA,14 Millers Way Unit D,elementary,Sutton,,,,
42.154504,-71.742907,Sutton,MA,79 Clubhouse Way Unit 79,elementary,Sutton Elementary,251140001879,Sutton Elementary,2511400,best_match
42.167774,-71.699874,Sutton,MA,5 Peach Tree Dr,elementary,Sutton,,,,
42.154962,-71.768521,Sutton,MA,47 Singletary Ave,elementary,Sutton Elementary School,251140001879,Sutton Elementary,2511400,best_match
42.096083,-71.748297,Sutton,MA,433 Putnam Hill Rd,elementary,Sutton Grade,,,,
42.163134,-71.708587,Sutton,MA,10 Strawberry Knoll Dr,elementary,Sutton Elementary School,251140001879,Sutton Elementary,2511400,best_match
42.11438,-71.702202,Sutton,MA,566 Mendon Rd,elementary,Sutton Elem.,251140001879,Sutton Elementary,2511400,best_match
42.147152,-71.752299,Sutton,MA,63 Uxbridge Rd,elementary,Public,,,,
42.147152,-71.752299,Sutton,MA,63 Uxbridge Rd,elementary,Public,,,,
42.160494,-71.71775,Sutton,MA,82 Dodge Hill Rd,elementary,Sutton,,,,
42.1454,-71.769812,Sutton,MA,5 Putnam Hill Rd,elementary,Sutton,,,,
42.134335,-71.753526,Sutton,MA,369 Central Tpke,elementary,Sutton,,,,
42.463784,-70.890745,Swampscott,MA,25 Rockyledge Rd,elementary,Private/Public,,,,
42.468451,-70.914992,Swampscott,MA,7 Thorndike Ter Unit 1,elementary,Swampscott Elementary School,,,,
42.463824,-70.907278,Swampscott,MA,31 Lincoln House Pt,elementary,Stanley,251143001886,Stanley,2511430,best_match
42.466068,-70.905523,Swampscott,MA,90 Puritan Rd,elementary,Stanley,251143001886,Stanley,2511430,best_match
42.47158,-70.91961,Swampscott,MA,6 Elmwood Rd,elementary,Swampscott Elementary School,,,,
42.478382,-70.926274,Swampscott,MA,4 Clark St,elementary,Swamp Elem,,,,
41.749582,-71.250427,Swansea,MA,304 Bushee Rd,elementary,Mark G. Hoyle Elementary,251146000129,Mark G Hoyle Elementary,2511460,best_match
41.733558,-71.223273,Swansea,MA,433 Pearse Rd,elementary,Luther/Hoyle,251146001895,Joseph G Luther,2511460,slash_split
41.713259,-71.202551,Swansea,MA,1366 Gardners Neck Rd,elementary,Gardner,251146001892,Gardner,2511460,best_match
41.776498,-71.200004,Swansea,MA,1015 Hortonville Rd,elementary,Elizabeth Brown,251146001890,Elizabeth S Brown,2511460,best_match
41.754315,-71.211413,Swansea,MA,7 Villa Ave,elementary,Elizabeth S. Brown,251146001890,Elizabeth S Brown,2511460,best_match
41.764379,-71.222859,Swansea,MA,52 Kensington Ct,elementary,Mark Hoyle Elementary,251146000129,Mark G Hoyle Elementary,2511460,best_match
41.727026,-71.207527,Swansea,MA,193 Linden St,elementary,Gardner,251146001892,Gardner,2511460,best_match
41.733451,-71.202979,Swansea,MA,150 Coolidge St,elementary,Gardner Elementary,251146001892,Gardner,2511460,best_match
41.730522,-71.203941,Swansea,MA,28 Brown St,elementary,Gardner School,251146001892,Gardner,2511460,best_match
41.730662,-71.202722,Swansea,MA,Brown St,elementary,Gardner School,251146001892,Gardner,2511460,best_match
41.776627,-71.214928,Swansea,MA,397RR Locust St,elementary,Gardner/Brown,251146001892,Gardner,2511460,best_match
41.774691,-71.181689,Swansea,MA,0A Cummings Rd,elementary,Brown/Gardner,251146001892,Gardner,2511460,best_match
41.774691,-71.181689,Swansea,MA,0B Cummings Rd,elementary,Brown/Gardner,251146001892,Gardner,2511460,best_match
41.906989,-71.098197,Taunton,MA,59 Park St,elementary,Harold H. Galligan School,251152001908,H H Galligan,2511520,best_match
41.93563,-71.108363,Taunton,MA,86 Lakeview Ave,elementary,Mulcahey,251152002697,James L. Mulcahey Elementary School,2511520,best_match
41.918661,-71.172196,Taunton,MA,Joel Harvey Way Lot 14,elementary,Bennett,251152001905,Edmund Hatch Bennett,2511520,best_match
41.915066,-71.09468,Taunton,MA,21 South Ave,elementary,Elizabeth Pole School,251152001907,Elizabeth Pole,2511520,best_match
41.889405,-71.079496,Taunton,MA,111 Carriage Ln Unit 111,elementary,East Taunton Elementary,251152001065,East Taunton Elementary,2511520,best_match
41.890707,-71.115561,Taunton,MA,170 Highland St Unit 101C,elementary,Mulcahey (K-4),251152002697,James L. Mulcahey Elementary School,2511520,distinctive_token
41.882107,-71.144266,Taunton,MA,25 Arbor Way,elementary,Bennett,251152001905,Edmund Hatch Bennett,2511520,best_match
41.86175,-71.02543,Taunton,MA,45 Metacomet Ave,elementary,East Taunton Elementary,251152001065,East Taunton Elementary,2511520,best_match
41.878235,-71.037373,Taunton,MA,83 Sherborne St,elementary,East Taunton,251152001065,East Taunton Elementary,2511520,best_match
41.882819,-71.044551,Taunton,MA,68 Middleboro Ave,elementary,Etes,,,,
41.897818,-71.094432,Taunton,MA,37 Harrison St,elementary,Mulcahey,251152002697,James L. Mulcahey Elementary School,2511520,best_match
41.885218,-71.033417,Taunton,MA,96 Old Colony Ave Apt 304,elementary,East Taunton,251152001065,East Taunton Elementary,2511520,best_match
41.884857,-71.028388,Taunton,MA,12 Campbell Ct,elementary,East Taunton Elementary,251152001065,East Taunton Elementary,2511520,best_match
41.887296,-71.076607,Taunton,MA,75 Linden St,elementary,Eaat Taunton Elementary,251152001065,East Taunton Elementary,2511520,distinctive_token
41.889445,-71.090774,Taunton,MA,6 Parkin Ct,elementary,Mulcahey Elementary,251152002697,James L. Mulcahey Elementary School,2511520,best_match
41.919022,-71.17256,Taunton,MA,Joel Harvey Way Lot 1,elementary,Chamberlain,251152001565,Joseph C Chamberlain,2511520,best_match
41.903831,-71.163399,Taunton,MA,7 Jocelyn Cir,elementary,Chamberlain,251152001565,Joseph C Chamberlain,2511520,best_match
41.885218,-71.033417,Taunton,MA,96 Old Colony Ave Apt 234,elementary,East Taunton El,251152001065,East Taunton Elementary,2511520,distinctive_token
41.88877,-71.055026,Taunton,MA,104 Ridgewood Dr,elementary,Elizabeth Pole,251152001907,Elizabeth Pole,2511520,best_match
41.878291,-71.171923,Taunton,MA,701 Winthrop St Apt 316,elementary,Bennett,251152001905,Edmund Hatch Bennett,2511520,best_match
41.926868,-71.13753,Taunton,MA,30 Princess Pine Cir,elementary,Chamberlain,251152001565,Joseph C Chamberlain,2511520,best_match
41.877099,-71.119765,Taunton,MA,59 Arabian Dr,elementary,Mulcahey Elem,251152002697,James L. Mulcahey Elementary School,2511520,best_match
41.861624,-71.111898,Taunton,MA,21 Railroad Ave,elementary,Bennett School,251152001905,Edmund Hatch Bennett,2511520,best_match
41.888375,-71.060313,Taunton,MA,35 Pilgrim Village Rd Apt 402,elementary,Elizabeth Pole,251152001907,Elizabeth Pole,2511520,best_match
41.871928,-71.039989,Taunton,MA,71 Tania Dr,elementary,East Taunton,251152001065,East Taunton Elementary,2511520,best_match
41.893965,-71.116911,Taunton,MA,3 Crossman St Unit A,elementary,Mulcahey,251152002697,James L. Mulcahey Elementary School,2511520,best_match
41.913934,-71.106811,Taunton,MA,71 Eldridge St,elementary,Chamberlain,251152001565,Joseph C Chamberlain,2511520,best_match
41.894625,-71.060812,Taunton,MA,24 Hunter St Unit A,elementary,E. Pole,,,,
41.877127,-71.042188,Taunton,MA,40 Azalea Dr Unit 40,elementary,East Taunton Elem,251152001065,East Taunton Elementary,2511520,best_match
41.903037,-71.170754,Taunton,MA,240 Burt St,elementary,Bennett,251152001905,Edmund Hatch Bennett,2511520,best_match
41.875857,-71.103701,Taunton,MA,3 Lawton St,elementary,James L. Mulcahey,251152002697,James L. Mulcahey Elementary School,2511520,best_match
41.891601,-71.11118,Taunton,MA,215 Winthrop St,elementary,Mulcahey Elementary,251152002697,James L. Mulcahey Elementary School,2511520,best_match
41.878265,-71.042,Taunton,MA,12 Pinehill St,elementary,East Taunton Elementary,251152001065,East Taunton Elementary,2511520,best_match
41.884114,-71.101179,Taunton,MA,34 Marvel St,elementary,Mccauley,,,,
41.920553,-71.100888,Taunton,MA,24 Cottage St,elementary,Joseph Chamberlain Elementary,251152001565,Joseph C Chamberlain,2511520,distinctive_token
41.560902,-70.58805,Teaticket,MA,57 Oak St,elementary,Teaticket,250486000691,Teaticket,2504860,best_match
41.574294,-70.580815,Teaticket,MA,9 E Harbor Cir,elementary,Teaticket Elem,250486000691,Teaticket,2504860,best_match
42.527665,-72.043111,Templeton,MA,481 Hubbardston Rd,elementary,Templeton Elementary,250828001288,Templeton Elementary School,2508280,best_match
42.563553,-72.112014,Templeton,MA,61 Carruth Rd,elementary,Templeton Elem,250828001288,Templeton Elementary School,2508280,best_match
42.531388,-72.091981,Templeton,MA,100 Stone Bridge Rd,elementary,Templeton Elementary School,250828001288,Templeton Elementary School,2508280,best_match
42.564842,-72.117941,Templeton,MA,125 Carruth Rd,elementary,Templeton Elementary,250828001288,Templeton Elementary School,2508280,best_match
42.559242,-72.0299,Templeton,MA,72 Cottage Ln Unit B,elementary,Templeton Elementary School,250828001288,Templeton Elementary School,2508280,best_match
42.559349,-72.029692,Templeton,MA,72 Cottage Ln,elementary,Templeton Elementary School,250828001288,Templeton Elementary School,2508280,best_match
42.526987,-72.057306,Templeton,MA,22 Lafayette Rd,elementary,Templeton Elementary School,250828001288,Templeton Elementary School,2508280,best_match
42.559242,-72.0299,Templeton,MA,72 Cottage Ln Unit A,elementary,Templeton Elementary School,250828001288,Templeton Elementary School,2508280,best_match
42.605903,-72.072222,Templeton,MA,Mill St Lot 284-5,elementary,Center,,,,
42.632204,-71.235448,Tewksbury,MA,22 Northgate Rd,elementary,Dewing/Center,251158001922,L F Dewing,2511580,distinctive_token
42.601238,-71.246342,Tewksbury,MA,27 Ferncroft Rd,elementary,Heath Brook Ele,251158001921,Heath-Brook,2511580,best_match
42.642695,-71.243065,Tewksbury,MA,1563 Andover St Unit 10,elementary,Dewing/Center,251158001922,L F Dewing,2511580,distinctive_token
42.621375,-71.228403,Tewksbury,MA,320 North St,elementary,Check W/ Supt,,,,
42.614689,-71.258171,Tewksbury,MA,160 Navillus Rd,elementary,Loella F Dewing Elementary,251158001922,L F Dewing,2511580,distinctive_token
42.599245,-71.241634,Tewksbury,MA,7 Leary Dr,elementary,Heath Brook,251158001921,Heath-Brook,2511580,best_match
42.600253,-71.185382,Tewksbury,MA,90 Rounsevell Rd,elementary,Heathbrook/Center,,,,
42.602225,-71.196808,Tewksbury,MA,99 Apache Way Unit 99,elementary,Heath Brook,251158001921,Heath-Brook,2511580,best_match
42.602225,-71.196808,Tewksbury,MA,68 Apache Way Unit 68,elementary,Heath Brook,251158001921,Heath-Brook,2511580,best_match
42.589579,-71.242421,Tewksbury,MA,969 Chandler St,elementary,Heath Brook & Loella Dewing,251158001921,Heath-Brook,2511580,best_match
42.620139,-71.225155,Tewksbury,MA,67 Randolph Dr Unit 67,elementary,Dewing And Center School,251158001922,L F Dewing,2511580,distinctive_token
42.602225,-71.196808,Tewksbury,MA,133 Apache Way Unit 133,elementary,John F. Ryan,250267000181,John F Kennedy,2502670,distinctive_token
42.602022,-71.218679,Tewksbury,MA,144 Patrick Rd Unit 144,elementary,Loella F. Dewing Elementary Sc,251158001922,L F Dewing,2511580,distinctive_token
42.614891,-71.241921,Tewksbury,MA,811 Main St Unit 2,elementary,Marshall,,,,
42.596104,-71.220074,Tewksbury,MA,62 Villa Roma Dr Unit 62,elementary,Ryan/Center,,,,
42.616846,-71.216145,Tewksbury,MA,11 Nolan Ct Unit 11,elementary,North Street,251158001923,North Street,2511580,best_match
42.642204,-71.24237,Tewksbury,MA,1575 Andover St,elementary,Loella/North/John F. Ryan,251158001923,North Street,2511580,distinctive_token
42.58108,-71.191154,Tewksbury,MA,6 Oakland Ave,elementary,Heath Brook,251158001921,Heath-Brook,2511580,best_match
42.599764,-71.185728,Tewksbury,MA,61 Regina S Dr,elementary,Heath Brook Elementary School,251158001921,Heath-Brook,2511580,best_match
41.892962,-70.595868,The Pinehills,MA,30 Barnswallow Ln,elementary,Nathaniel Morton Elementary,250972001545,Nathaniel Morton Elementary,2509720,best_match
41.912819,-70.5914,The Pinehills,MA,10 Owls Nest Unit 4,elementary,Plymouth,250972000318,Plymouth Early Childhood Center,2509720,best_match
41.913128,-70.591019,The Pinehills,MA,4 Owls Nest Unit 1,elementary,Plymouth,250972000318,Plymouth Early Childhood Center,2509720,best_match
41.911719,-70.595166,The Pinehills,MA,30 Loons Call Unit 113,elementary,Plymouth,250972000318,Plymouth Early Childhood Center,2509720,best_match
41.9081,-70.595207,The Pinehills,MA,81 Kestrel Hts Unit 46,elementary,Plymouth,250972000318,Plymouth Early Childhood Center,2509720,best_match
41.907627,-70.595299,The Pinehills,MA,87 Kestrel Hts Unit 43,elementary,Plymouth,250972000318,Plymouth Early Childhood Center,2509720,best_match
41.912701,-70.591492,The Pinehills,MA,12 Owls Nest Unit 5,elementary,Plymouth,250972000318,Plymouth Early Childhood Center,2509720,best_match
41.908459,-70.594963,The Pinehills,MA,75 Kestrel Hts Unit 49,elementary,Plymouth,250972000318,Plymouth Early Childhood Center,2509720,best_match
41.912019,-70.594896,The Pinehills,MA,26 Loons Call Unit 111,elementary,Plymouth,250972000318,Plymouth Early Childhood Center,2509720,best_match
41.911864,-70.59502,The Pinehills,MA,28 Loons Call Unit 112,elementary,Plymouth,250972000318,Plymouth Early Childhood Center,2509720,best_match
41.912355,-70.594727,The Pinehills,MA,22 Loons Call Unit 109,elementary,Plymouth,250972000318,Plymouth Early Childhood Center,2509720,best_match
41.911584,-70.595341,The Pinehills,MA,32 Loons Call Unit 114,elementary,Plymouth,250972000318,Plymouth Early Childhood Center,2509720,best_match
41.912185,-70.595435,The Pinehills,MA,27 Loons Call Unit 130,elementary,Plymouth,250972000318,Plymouth Early Childhood Center,2509720,best_match
41.907558,-70.595093,The Pinehills,MA,89 Kestrel Hts Unit 42,elementary,Plymouth,250972000318,Plymouth Early Childhood Center,2509720,best_match
41.908859,-70.594757,The Pinehills,MA,69 Kestrel Hts Unit 52,elementary,Plymouth,250972000318,Plymouth Early Childhood Center,2509720,best_match
41.911474,-70.596286,The Pinehills,MA,37 Loons Call Unit 125,elementary,Plymouth,250972000318,Plymouth Early Childhood Center,2509720,best_match
41.912937,-70.591293,The Pinehills,MA,8 Owls Nest Unit 3,elementary,Plymouth,250972000318,Plymouth Early Childhood Center,2509720,best_match
41.911619,-70.596136,The Pinehills,MA,35 Loons Call Unit 126,elementary,Plymouth,250972000318,Plymouth Early Childhood Center,2509720,best_match
41.911031,-70.595998,The Pinehills,MA,40 Loons Call Unit 118,elementary,Plymouth,250972000318,Plymouth Early Childhood Center,2509720,best_match
41.908718,-70.594788,The Pinehills,MA,71 Kestrel Hts Unit 51,elementary,Plymouth,250972000318,Plymouth Early Childhood Center,2509720,best_match
41.91304,-70.591164,The Pinehills,MA,6 Owls Nest Unit 2,elementary,Plymouth,250972000318,Plymouth Early Childhood Center,2509720,best_match
41.912579,-70.591583,The Pinehills,MA,14 Owls Nest Unit 6,elementary,Plymouth,250972000318,Plymouth Early Childhood Center,2509720,best_match
41.913265,-70.594503,The Pinehills,MA,12 Loons Call Unit 104,elementary,Plymouth,250972000318,Plymouth Early Childhood Center,2509720,best_match
41.90797,-70.595284,The Pinehills,MA,83 Kestrel Hts Unit 45,elementary,Plymouth,250972000318,Plymouth Early Childhood Center,2509720,best_match
41.909008,-70.594742,The Pinehills,MA,67 Kestrel Hts Unit 53,elementary,Plymouth,250972000318,Plymouth Early Childhood Center,2509720,best_match
41.447538,-70.601687,Tisbury,MA,51 Davis St,elementary,Tisbury Elementary School,250486000689,Mullen-Hall,2504860,single_school
41.452532,-70.612622,Tisbury,MA,21 W Spring St,elementary,Tisbury Elementary School,250486000689,Mullen-Hall,2504860,single_school
41.456148,-70.615066,Tisbury,MA,159 Lake St,elementary,Tisbury School,,,,
41.455808,-70.602054,Tisbury,MA,26 Union Ct Unit 7,elementary,Tisbury School,,,,
41.469433,-70.59897,Tisbury,MA,5 Pine Tree Ln,elementary,Tisbury School,,,,
41.449789,-70.618839,Tisbury,MA,52 Heath Hen Ln,elementary,Tisbury School,250486000689,Mullen-Hall,2504860,single_school
41.453007,-70.601471,Tisbury,MA,29 and 33 Lagoon Pond Rd,elementary,Tisbury School,,,,
42.066992,-73.000796,Tolland,MA,154 Brook Ln,elementary,Woodland,,,,
42.067963,-73.005117,Tolland,MA,23 Chipmunk Xing,elementary,Southwick,,,,
42.066944,-73.000687,Tolland,MA,154 Brook Lane Brook Lane Rd,elementary,Woodland,,,,
42.067054,-73.006478,Tolland,MA,32 Woodchuck Holw,elementary,Southwick,,,,
42.056699,-73.035632,Tolland,MA,1282 Burt Hill Rd,elementary,Southwick,,,,
42.644752,-70.935998,Topsfield,MA,13 Andrews Rd,elementary,Steward/Proctor,251167001929,Steward Elementary,2511670,distinctive_token
42.635742,-70.949455,Topsfield,MA,3 Summer St Unit 2,elementary,Steward/Proctor,251167001929,Steward Elementary,2511670,distinctive_token
42.654362,-70.931787,Topsfield,MA,29 Canterbury Hill Rd,elementary,Steward / Proctor,251167001929,Steward Elementary,2511670,distinctive_token
42.636732,-70.926745,Topsfield,MA,57 Candlewood Dr,elementary,Steward/Proctor,251167001929,Steward Elementary,2511670,distinctive_token
42.635429,-70.969794,Topsfield,MA,188 Washington St,elementary,Steward/Proctor,251167001929,Steward Elementary,2511670,distinctive_token
42.66035,-70.947918,Topsfield,MA,22 Timber Ln,elementary,Steward/Proctor,251167001929,Steward Elementary,2511670,distinctive_token
42.626526,-70.935564,Topsfield,MA,4 Juniper Ln,elementary,Steward/Proctor,251167001929,Steward Elementary,2511670,distinctive_token
42.650005,-70.934929,Topsfield,MA,125 Ipswich Rd,elementary,Steward/Proctor,251167001929,Steward Elementary,2511670,distinctive_token
42.662625,-70.941292,Topsfield,MA,19 Pheasant Ln,elementary,Steward /Proctor,251167001929,Steward Elementary,2511670,distinctive_token
42.663156,-70.952922,Topsfield,MA,5 Blueberry Ln,elementary,Steward/Proctor,251167001929,Steward Elementary,2511670,distinctive_token
42.642364,-70.971597,Topsfield,MA,8 Millbrook Ln,elementary,Proctor,,,,
42.640894,-70.969927,Topsfield,MA,15 Lockwood Ln,elementary,Steward/Proctor,251167001929,Steward Elementary,2511670,distinctive_token
42.65332,-70.91732,Topsfield,MA,6 Pearl Way Lot 3,elementary,Steward Elementary School,251167001929,Steward Elementary,2511670,best_match
42.652954,-70.917068,Topsfield,MA,8 Pearl Way Lot 4,elementary,Steward Elementary School,251167001929,Steward Elementary,2511670,best_match
42.652909,-70.917981,Topsfield,MA,Pearl Way Lot 7,elementary,Steward Elementary School,251167001929,Steward Elementary,2511670,best_match
42.65369,-70.918488,Topsfield,MA,2 Pearl Way Lot 1,elementary,Steward Elementary School,251167001929,Steward Elementary,2511670,best_match
42.653149,-70.918922,Topsfield,MA,1 Ruby Cir Lot 11,elementary,Steward Elementary School,251167001929,Steward Elementary,2511670,best_match
42.674501,-71.763354,Townsend,MA,549 Main St,elementary,Spaulding Memorial,250879000621,Spaulding Memorial,2508790,best_match
42.670448,-71.688696,Townsend,MA,6 Adams Rd,elementary,Spaulding Memorial School,250879000621,Spaulding Memorial,2508790,best_match
42.628967,-71.714537,Townsend,MA,79 Tyler Rd,elementary,Spalding Memorial,250879000621,Spaulding Memorial,2508790,distinctive_token
42.670078,-71.710677,Townsend,MA,9 Turnpike Rd,elementary,Spaulding Memorial School,250879000621,Spaulding Memorial,2508790,best_match
42.667075,-71.711754,Townsend,MA,10 Worcester Rd,elementary,Spaulding,250879000621,Spaulding Memorial,2508790,best_match
42.664394,-71.705513,Townsend,MA,1 Depot Street Ext Unit 1,elementary,Spaulding Memorial School,250879000621,Spaulding Memorial,2508790,best_match
42.672516,-71.655922,Townsend,MA,110 Haynes Rd,elementary,Squannacook,250879002686,Squannacook Early Childhood Center,2508790,best_match
42.701315,-71.725336,Townsend,MA,134 Barker Hill Rd,elementary,Spaulding Memorial School,250879000621,Spaulding Memorial,2508790,best_match
42.664421,-71.705322,Townsend,MA,1 Depot Street Ext Unit 5,elementary,Spaulding Memorial School,250879000621,Spaulding Memorial,2508790,best_match
42.664421,-71.705322,Townsend,MA,1 Depot Street Ext Unit 4,elementary,Spaulding Memorial School,250879000621,Spaulding Memorial,2508790,best_match
42.680457,-71.696477,Townsend,MA,87A Brookline St,elementary,Spaulding,250879000621,Spaulding Memorial,2508790,best_match
42.695606,-71.670741,Townsend,MA,98 N End Rd,elementary,Spaulding,250879000621,Spaulding Memorial,2508790,best_match
42.664421,-71.705322,Townsend,MA,1 Depot Street Ext Unit 3,elementary,Spaulding Memorial School,250879000621,Spaulding Memorial,2508790,best_match
42.031942,-70.094413,Truro,MA,41 Pond Rd,elementary,Truro,251173001930,Truro Central,2511730,best_match
42.009469,-70.047852,Truro,MA,35A Higgins Hollow Rd,elementary,Truro Element.,251173001930,Truro Central,2511730,distinctive_token
42.002382,-70.049516,Truro,MA,11 Bayberry Ln,elementary,Truro,251173001930,Truro Central,2511730,best_match
41.981308,-70.074336,Truro,MA,9 Benson Rd,elementary,Truro,251173001930,Truro Central,2511730,best_match
42.601438,-72.556842,Turners Falls,MA,4 Davis St,elementary,Hillcrest/Sheffield Elementary,250527002816,Hillcrest Elementary School,2505270,slash_split
42.599638,-72.559386,Turners Falls,MA,25 Montague St,elementary,Hillcrest/Sheffield Elementary,250527002816,Hillcrest Elementary School,2505270,slash_split
42.60593,-72.555141,Turners Falls,MA,138 4th St,elementary,Montague Elementary School,,,,
42.591253,-72.565202,Turners Falls,MA,10 Walnut St Unit 10,elementary,Gill-Montague,250527002382,Gill Elementary,2505270,distinctive_token
42.601069,-72.556515,Turners Falls,MA,8 Davis St,elementary,Hillcest/Sheffield,250527002385,Sheffield Elementary School,2505270,distinctive_token
42.609009,-72.556839,Turners Falls,MA,28-30 Second St,elementary,Gill-Montague Elementary,250527002382,Gill Elementary,2505270,best_match
42.584714,-72.595538,Turners Falls,MA,52 Prospect St Unit A,elementary,Federal St Elementary,250549002577,Federal Street School,2505490,distinctive_token
42.609091,-72.557123,Turners Falls,MA,24 Second St,elementary,Gill-Montague Elementary,250527002382,Gill Elementary,2505270,best_match
42.588733,-72.537344,Turners Falls,MA,183 Millers Falls Rd,elementary,Sheffield,250527002385,Sheffield Elementary School,2505270,best_match
42.604794,-72.565574,Turners Falls,MA,7 I St,elementary,Gill-Montague,250527002382,Gill Elementary,2505270,distinctive_token
42.662679,-71.445147,Tyngsborough,MA,4 Brookview Cir,elementary,Tyngsborough Elementary,251176001714,Tyngsborough Elementary,2511760,best_match
42.672087,-71.409285,Tyngsborough,MA,48 Sherburne Ave,elementary,Tyngsborough Elementary School,251176001714,Tyngsborough Elementary,2511760,best_match
42.672125,-71.410928,Tyngsborough,MA,40 Sherburne Ave,elementary,Tyngsborough Elementary School,251176001714,Tyngsborough Elementary,2511760,best_match
42.689598,-71.413308,Tyngsborough,MA,33 Phalanx St,elementary,Tyngsboro Elementary,251176001714,Tyngsborough Elementary,2511760,embedding
42.655687,-71.448358,Tyngsborough,MA,20 Emerald St,elementary,Tyngsboro,,,,
42.672187,-71.415259,Tyngsborough,MA,46 Pawtucket Blvd Unit 34,elementary,Tyngsborough Elementary,251176001714,Tyngsborough Elementary,2511760,best_match
42.638932,-71.495027,Tyngsborough,MA,2 Montana Dr,elementary,Tyngsborough Elementary School,251176001714,Tyngsborough Elementary,2511760,best_match
42.663445,-71.408351,Tyngsborough,MA,22 Merrimac Way Unit B,elementary,Tyngsborough Elementary School,251176001714,Tyngsborough Elementary,2511760,best_match
42.684692,-71.378831,Tyngsborough,MA,3 Birchmont St,elementary,Tyngsboro Elementary,251176001714,Tyngsborough Elementary,2511760,embedding
42.665251,-71.409362,Tyngsborough,MA,95 Riley Rd Unit 95,elementary,Tyngsborough,251176001714,Tyngsborough Elementary,2511760,best_match
42.677727,-71.406406,Tyngsborough,MA,15 17 Lawndale Rd,elementary,Tyngsborough Elementary School,251176001714,Tyngsborough Elementary,2511760,best_match
42.665251,-71.409362,Tyngsborough,MA,66 Riley Rd Unit 66,elementary,Tyngsborough Elementary School,251176001714,Tyngsborough Elementary,2511760,best_match
42.634094,-71.483119,Tyngsborough,MA,10 Davis Rd,elementary,Tyngsboro Elementary,251176001714,Tyngsborough Elementary,2511760,embedding
42.633408,-71.481791,Tyngsborough,MA,5 Farmers Way,elementary,Tyngsboro Elementary,251176001714,Tyngsborough Elementary,2511760,embedding
42.65935,-71.403303,Tyngsborough,MA,3 Bridgeview Cir Unit 53,elementary,Tyngsborough,251176001714,Tyngsborough Elementary,2511760,best_match
42.665251,-71.409362,Tyngsborough,MA,27 Riley Rd Unit 27,elementary,Tyngsborough,251176001714,Tyngsborough Elementary,2511760,best_match
42.664363,-71.401585,Tyngsborough,MA,41 Derby Ln Unit 41,elementary,Tyngsboro,,,,
42.665257,-71.40937,Tyngsborough,MA,87 Riley Rd Unit 87,elementary,Tyngsborough,251176001714,Tyngsborough Elementary,2511760,best_match
42.674357,-71.41029,Tyngsborough,MA,506 Cardinal Ln Unit 506,elementary,Tyngsborough Elementary,251176001714,Tyngsborough Elementary,2511760,best_match
42.172928,-71.574723,Upton,MA,149 Glenview St,elementary,Memorial,,,,
42.142314,-71.601806,Upton,MA,117 South St,elementary,Memorial,,,,
42.179101,-71.593883,Upton,MA,52 Elm St,elementary,Memorial,250768001277,Memorial School,2507680,best_match
42.15048,-71.628481,Upton,MA,175 Pleasant St,elementary,Memorial,250768001277,Memorial School,2507680,best_match
42.171234,-71.642461,Upton,MA,33 Dairy Dr,elementary,Memorial,250768001277,Memorial School,2507680,best_match
42.144001,-71.602292,Upton,MA,10 Sadler Rd,elementary,Memorial,,,,
42.166627,-71.57861,Upton,MA,90 Glenview St,elementary,Memorial,,,,
42.172655,-71.610632,Upton,MA,7 Hazeltine Rd,elementary,Memorial,250768001277,Memorial School,2507680,best_match
42.172113,-71.597781,Upton,MA,33 Milford St,elementary,Memorial Elementay School,250768001277,Memorial School,2507680,best_match
42.170056,-71.607541,Upton,MA,5 Pleasant St,elementary,Memorial,250768001277,Memorial School,2507680,best_match
42.158409,-71.633965,Upton,MA,87 Shannon Way Unit 86,elementary,Memorial,250768001277,Memorial School,2507680,best_match
42.165499,-71.611216,Upton,MA,32 Mendon St,elementary,Henry P. Clough School,250768001200,Henry P Clough,2507680,best_match
42.208797,-71.615447,Upton,MA,35 Howarth Dr,elementary,Memorial,250768001277,Memorial School,2507680,best_match
42.147973,-71.583541,Upton,MA,236 Mendon St,elementary,Memorial,,,,
42.170644,-71.604665,Upton,MA,24 Main St,elementary,Memorial,250768001277,Memorial School,2507680,best_match
42.15778,-71.611478,Upton,MA,27 W River St,elementary,Memorial,250768001277,Memorial School,2507680,best_match
42.166091,-71.611079,Upton,MA,30 Mendon St,elementary,Henry P. Clough School,250768001200,Henry P Clough,2507680,best_match
42.157745,-71.603863,Upton,MA,1 South St,elementary,Memorial,,,,
42.06819,-71.605128,Uxbridge,MA,286 Blackstone St,elementary,Taft Early Learning Center,251185001936,Taft Early Learning Center,2511850,best_match
42.092239,-71.636599,Uxbridge,MA,1 Strathmore Shire Dr Unit A,elementary,Taft,251185001936,Taft Early Learning Center,2511850,best_match
42.104691,-71.616591,Uxbridge,MA,3 Pudding St,elementary,Taft Early Learning Center,251185001936,Taft Early Learning Center,2511850,best_match
42.096906,-71.600436,Uxbridge,MA,75 Connor Pass,elementary,Taft,251185001936,Taft Early Learning Center,2511850,best_match
42.074606,-71.627446,Uxbridge,MA,42 S Main St,elementary,Taft Early Learning,251185001936,Taft Early Learning Center,2511850,best_match
42.088648,-71.658918,Uxbridge,MA,15 Gervais Way,elementary,Taft,251185001936,Taft Early Learning Center,2511850,best_match
42.039349,-71.597774,Uxbridge,MA,203 Albee Rd,elementary,Taft Elc,251185001936,Taft Early Learning Center,2511850,distinctive_token
42.060202,-71.603888,Uxbridge,MA,14 Kettle Hill Rd,elementary,Taft/Whitin,251185001936,Taft Early Learning Center,2511850,distinctive_token
42.062492,-71.599262,Uxbridge,MA,85 East St,elementary,Taft,251185001936,Taft Early Learning Center,2511850,best_match
42.08538,-71.65544,Uxbridge,MA,21 Concord Ln Unit 21,elementary,Taft Elc,251185001936,Taft Early Learning Center,2511850,distinctive_token
42.09173,-71.638721,Uxbridge,MA,59 Hartford Ave E,elementary,Taft Early Learning Center,251185001936,Taft Early Learning Center,2511850,best_match
42.074341,-71.645721,Uxbridge,MA,101 Hunter Rd,elementary,Taft Early Learning Center,251185001936,Taft Early Learning Center,2511850,best_match
42.088019,-71.636892,Uxbridge,MA,60 Rogerson Xing Unit 60,elementary,Taft,251185001936,Taft Early Learning Center,2511850,best_match
42.049948,-71.643603,Uxbridge,MA,7 Lamire Way,elementary,Taft,251185001936,Taft Early Learning Center,2511850,best_match
42.07354,-71.625872,Uxbridge,MA,1 Carpenter Ter,elementary,Taft,251185001936,Taft Early Learning Center,2511850,best_match
42.508597,-71.094829,Wakefield,MA,86 Redfield Rd,elementary,Walton,251191001948,Walton,2511910,best_match
42.505984,-71.071201,Wakefield,MA,298 Main St Apt 31,elementary,Dolbeare,251191001941,Dolbeare,2511910,best_match
42.509515,-71.059711,Wakefield,MA,11 Preston St,elementary,Check W/ Supt.,,,,
42.502598,-71.09243,Wakefield,MA,163 Prospect St Unit 163,elementary,Check W/ Supt.,,,,
42.498712,-71.052154,Wakefield,MA,7 Kennedy Cir,elementary,Woodville,251191001943,Woodville School,2511910,best_match
42.504971,-71.088327,Wakefield,MA,72 Eustis Ave,elementary,Walton,251191001948,Walton,2511910,best_match
42.484564,-71.06984,Wakefield,MA,69 Meriam St,elementary,Super's Office,,,,
42.49762,-71.068258,Wakefield,MA,18 Nahant St,elementary,Woodville,251191001943,Woodville School,2511910,best_match
42.502683,-71.092486,Wakefield,MA,165 Prospect St Unit 165,elementary,Check W/ Supt,,,,
42.524373,-71.067397,Wakefield,MA,8 Indian Ln,elementary,Dolbeare,251191001941,Dolbeare,2511910,best_match
42.499164,-71.076401,Wakefield,MA,248 Albion St Apt 315,elementary,Woodville Elementary,251191001943,Woodville School,2511910,best_match
42.506457,-71.069301,Wakefield,MA,24 Park St,elementary,Dolbeare,251191001941,Dolbeare,2511910,best_match
42.504276,-71.047271,Wakefield,MA,70 Montrose Ave,elementary,Woodville Or Dolbeare,,,,
42.480786,-71.072067,Wakefield,MA,19 Belmont Rd,elementary,Check W/ Supt.,,,,
42.480408,-71.063294,Wakefield,MA,34 Greenwood Ave,elementary,Greenwood,251191001944,Greenwood,2511910,best_match
42.52325,-71.060049,Wakefield,MA,64 Paon Blvd,elementary,Dolbeare Elementary School,251191001941,Dolbeare,2511910,best_match
42.476762,-71.059332,Wakefield,MA,6 Findlay St,elementary,Greenwood Elementary,251191001944,Greenwood,2511910,best_match
42.492298,-71.085008,Wakefield,MA,380 Albion St,elementary,Woodville,251191001943,Woodville School,2511910,best_match
42.504677,-71.06677,Wakefield,MA,20 Otis St,elementary,Dolbeare/Woodvi,251191001941,Dolbeare,2511910,best_match
42.494338,-71.052792,Wakefield,MA,85 Farm St,elementary,Woodville,251191001943,Woodville School,2511910,best_match
42.479573,-71.075882,Wakefield,MA,25 Fellsmere Ave,elementary,Greenwood,251191001944,Greenwood,2511910,best_match
42.493009,-71.075159,Wakefield,MA,42 Woodland Rd,elementary,Woodville,251191001943,Woodville School,2511910,best_match
42.505283,-71.072301,Wakefield,MA,317 Main St Apt 7,elementary,Greenwood,251191001944,Greenwood,2511910,best_match
42.490334,-71.05388,Wakefield,MA,33 Reynolds Rd,elementary,Ask Superintendent,,,,
42.499164,-71.076401,Wakefield,MA,248 Albion St Apt 215,elementary,Woodville Elementary,251191001943,Woodville School,2511910,best_match
42.501739,-71.065238,Wakefield,MA,11 Columbia Rd Apt 8,elementary,Woodville,251191001943,Woodville School,2511910,best_match
42.499164,-71.076401,Wakefield,MA,248 Albion St Apt 324,elementary,Woodville,251191001943,Woodville School,2511910,best_match
42.503735,-71.068771,Wakefield,MA,43-45 Crescent St,elementary,Dolbeare / Woodville,251191001941,Dolbeare,2511910,slash_split
42.075998,-72.231826,Wales,MA,32 Hollow Rd,elementary,Wales Elem,251194001956,Wales Elementary,2511940,best_match
42.067673,-72.222755,Wales,MA,2 Monson Rd,elementary,Wales Elem.,251194001956,Wales Elementary,2511940,best_match
42.054541,-72.217905,Wales,MA,50 Fountain Rd,elementary,Wales Elem.,251194001956,Wales Elementary,2511940,best_match
42.161262,-71.219839,Walpole,MA,7 Riverwalk Ln Unit 7,elementary,Old Post Road,251197001961,Old Post Road,2511970,best_match
42.111781,-71.250292,Walpole,MA,87 Pine St,elementary,Boyden,251197002563,Boyden,2511970,best_match
42.125098,-71.235658,Walpole,MA,15 Morningside Dr,elementary,Boyden,251197002563,Boyden,2511970,best_match
42.157205,-71.27472,Walpole,MA,602 Elm St,elementary,Elm St. School,251197001235,Elm Street School,2511970,abbrev_expand
42.149872,-71.225879,Walpole,MA,532 Washington St,elementary,Old Post,251197001961,Old Post Road,2511970,best_match
42.142948,-71.211323,Walpole,MA,335 Moosehill Rd,elementary,Old Post Road,251197001961,Old Post Road,2511970,best_match
42.121271,-71.248591,Walpole,MA,665 South St,elementary,Boyden,251197002563,Boyden,2511970,best_match
42.098475,-71.273998,Walpole,MA,10 Warwick Rd,elementary,Boyden,251197002563,Boyden,2511970,best_match
42.139657,-71.255126,Walpole,MA,85 Lewis Ave,elementary,Elm Street School,251197001235,Elm Street School,2511970,best_match
42.180204,-71.26618,Walpole,MA,36 Wagon Rd,elementary,Fisher,251197001960,Fisher,2511970,best_match
42.140845,-71.251848,Walpole,MA,24 Riverside Pl,elementary,Boyden Elementary,251197002563,Boyden,2511970,best_match
42.181148,-71.248038,Walpole,MA,845 North St,elementary,Fisher,251197001960,Fisher,2511970,best_match
42.14479,-71.224765,Walpole,MA,24 Pontiac Rd,elementary,Old Post Road,251197001961,Old Post Road,2511970,best_match
42.136164,-71.253288,Walpole,MA,145 South St Apt 6,elementary,Elm Street School,251197001235,Elm Street School,2511970,best_match
42.142321,-71.27976,Walpole,MA,3 Granite St,elementary,Elm Street,251197001235,Elm Street School,2511970,best_match
42.139568,-71.244247,Walpole,MA,261 Stone St,elementary,Boyden,251197002563,Boyden,2511970,best_match
42.177205,-71.231477,Walpole,MA,269 Bullard St,elementary,Fisher,251197001960,Fisher,2511970,best_match
42.187069,-71.242023,Walpole,MA,7 Pettees Pond Ln,elementary,Fisher,251197001960,Fisher,2511970,best_match
42.147938,-71.221548,Walpole,MA,8 Bristol Ln,elementary,Old Post Elementary,251197001961,Old Post Road,2511970,distinctive_token
42.177939,-71.266844,Walpole,MA,16 Foxhunt Trl,elementary,Fisher,251197001960,Fisher,2511970,best_match
42.15226,-71.223495,Walpole,MA,448 Washington St,elementary,Old Post,251197001961,Old Post Road,2511970,best_match
42.14021,-71.25896,Walpole,MA,120 Spring St,elementary,Elm Street School,251197001235,Elm Street School,2511970,best_match
42.161814,-71.235869,Walpole,MA,31 Congress St,elementary,Walpole School District,,,,
42.117657,-71.251747,Walpole,MA,1549 Washington St Unit 2,elementary,Boyden,251197002563,Boyden,2511970,best_match
42.156523,-71.205495,Walpole,MA,15 Killeen Rd,elementary,Old Post,251197001961,Old Post Road,2511970,best_match
42.129426,-71.241087,Walpole,MA,510 Common St,elementary,Boyden,251197002563,Boyden,2511970,best_match
42.143976,-71.232251,Walpole,MA,745 Washington St,elementary,Old Post Road,251197001961,Old Post Road,2511970,best_match
42.148552,-71.242578,Walpole,MA,4402 Pennington Dr Unit 4402,elementary,Elm St. School,251197001235,Elm Street School,2511970,abbrev_expand
42.117657,-71.251747,Walpole,MA,1549 Washington St Unit 2,elementary,Boyden,251197002563,Boyden,2511970,best_match
42.187927,-71.245659,Walpole,MA,1080 North St,elementary,Fisher,251197001960,Fisher,2511970,best_match
42.107026,-71.284156,Walpole,MA,3 Drone Rd,elementary,Boyden,251197002563,Boyden,2511970,best_match
42.154372,-71.210202,Walpole,MA,Powder House Ln Unit 4,elementary,Old Post Road,251197001961,Old Post Road,2511970,best_match
42.138626,-71.273933,Walpole,MA,530 West St Unit 1,elementary,Elm School,251197001235,Elm Street School,2511970,best_match
42.159966,-71.20746,Walpole,MA,Powder House Ln Unit 5,elementary,Old Post Road,251197001961,Old Post Road,2511970,best_match
42.139657,-71.255126,Walpole,MA,85 Lewis Ave Unit 85,elementary,Elm Street School,251197001235,Elm Street School,2511970,best_match
42.159666,-71.207633,Walpole,MA,Powder House Ln Unit 6,elementary,Old Post Road,251197001961,Old Post Road,2511970,best_match
42.379968,-71.216021,Waltham,MA,65 Brightwood Rd,elementary,Fitzgerald,251200001970,James Fitzgerald Elementary School,2512000,best_match
42.40734,-71.223541,Waltham,MA,4 Abbott Rd,elementary,Northeast,251200001974,Northeast Elementary School,2512000,best_match
42.394423,-71.224543,Waltham,MA,10 Juniper Hill Rd,elementary,Northeast Elementary,251200001974,Northeast Elementary School,2512000,best_match
42.411679,-71.253985,Waltham,MA,31 Smith St,elementary,Macarthur,251200001967,Douglas MacArthur Elementary School,2512000,best_match
42.38526,-71.231269,Waltham,MA,45 Gentlemans Way,elementary,Plympton Elementary School,251200001978,Thomas R Plympton Elementary School,2512000,best_match
42.411861,-71.247099,Waltham,MA,15 Oak Rd,elementary,Macarthur,251200001967,Douglas MacArthur Elementary School,2512000,best_match
42.372976,-71.226,Waltham,MA,16 Peirce St Unit 1,elementary,Fitzgerald,251200001970,James Fitzgerald Elementary School,2512000,best_match
42.402252,-71.215589,Waltham,MA,542 Trapelo Rd,elementary,Northeast,251200001974,Northeast Elementary School,2512000,best_match
42.401927,-71.248426,Waltham,MA,71 Milner St,elementary,Douglas Macarthur,251200001967,Douglas MacArthur Elementary School,2512000,best_match
42.402146,-71.253266,Waltham,MA,19 Weir Rd,elementary,Macarthur,251200001967,Douglas MacArthur Elementary School,2512000,best_match
42.368108,-71.230686,Waltham,MA,268 Newton St,elementary,Whittemore,251200001969,Henry Whittemore Elementary School,2512000,best_match
42.406193,-71.219914,Waltham,MA,694 Trapelo Rd,elementary,Northeast,251200001974,Northeast Elementary School,2512000,best_match
42.36762,-71.26478,Waltham,MA,127 Westgate Rd,elementary,Stanley,251200001973,William F. Stanley Elementary School,2512000,best_match
42.377061,-71.223405,Waltham,MA,11 Bright St,elementary,Fitzgerald,251200001970,James Fitzgerald Elementary School,2512000,best_match
42.365395,-71.239082,Waltham,MA,92 Brown St Apt 5,elementary,Whittemore,251200001969,Henry Whittemore Elementary School,2512000,best_match
42.374007,-71.215294,Waltham,MA,32 Grosvenor Rd,elementary,Fitzgerald,251200001970,James Fitzgerald Elementary School,2512000,best_match
42.370047,-71.263425,Waltham,MA,79 Cedarwood Ave,elementary,Stanley,251200001973,William F. Stanley Elementary School,2512000,best_match
42.377548,-71.207117,Waltham,MA,111 Warren St,elementary,Fitzgerald,251200001970,James Fitzgerald Elementary School,2512000,best_match
42.380144,-71.237626,Waltham,MA,31 Pond St Apt 22,elementary,Plympton,251200001978,Thomas R Plympton Elementary School,2512000,best_match
42.368167,-71.224273,Waltham,MA,142 Calvary St,elementary,Whittemore,251200001969,Henry Whittemore Elementary School,2512000,best_match
42.368958,-71.23558,Waltham,MA,61 Hall St Ph 18,elementary,Whittemore,251200001969,Henry Whittemore Elementary School,2512000,best_match
42.377842,-71.23786,Waltham,MA,150 School St Apt 5,elementary,Plympton,251200001978,Thomas R Plympton Elementary School,2512000,best_match
42.409097,-71.223938,Waltham,MA,87 Clocktower Dr Unit 203,elementary,Northeast,251200001974,Northeast Elementary School,2512000,best_match
42.379227,-71.206446,Waltham,MA,158 Warren St,elementary,Fitzgerald,251200001970,James Fitzgerald Elementary School,2512000,best_match
42.376114,-71.230613,Waltham,MA,26 Cross St,elementary,Whittemore,251200001969,Henry Whittemore Elementary School,2512000,best_match
42.366296,-71.241759,Waltham,MA,29 Ash St,elementary,Whittemore,251200001969,Henry Whittemore Elementary School,2512000,best_match
42.394928,-71.246785,Waltham,MA,221 Totten Pond Rd,elementary,Plymton,,,,
42.382439,-71.247466,Waltham,MA,57 Lawrence St,elementary,Plympton,251200001978,Thomas R Plympton Elementary School,2512000,best_match
42.362119,-71.239802,Waltham,MA,408-410 Crescent St,elementary,Thomas R. Plympton,251200001978,Thomas R Plympton Elementary School,2512000,best_match
42.381953,-71.199597,Waltham,MA,329 Warren St,elementary,Fitzgerald,251200001970,James Fitzgerald Elementary School,2512000,best_match
42.41257,-71.250723,Waltham,MA,301 Hardy Pond Rd,elementary,Macarthur Elementary School,251200001967,Douglas MacArthur Elementary School,2512000,best_match
42.398653,-71.216901,Waltham,MA,38 Hillcroft Rd,elementary,Northeast,251200001974,Northeast Elementary School,2512000,best_match
42.401968,-71.251255,Waltham,MA,11 Autumn Ln,elementary,Macarthur,251200001967,Douglas MacArthur Elementary School,2512000,best_match
42.398567,-71.250613,Waltham,MA,27 Cedarcroft Ln,elementary,Douglas Macarther Elementary,251200001967,Douglas MacArthur Elementary School,2512000,distinctive_token
42.36499,-71.236938,Waltham,MA,134 Brown St Unit 2,elementary,Whittemore,251200001969,Henry Whittemore Elementary School,2512000,best_match
42.409097,-71.223938,Waltham,MA,204 Clocktower Dr Unit 307,elementary,Northeast,251200001974,Northeast Elementary School,2512000,best_match
42.376235,-71.260238,Waltham,MA,1180 Main St Unit 2,elementary,Plympton,251200001978,Thomas R Plympton Elementary School,2512000,best_match
42.417659,-71.263237,Waltham,MA,12 Mountain Rd,elementary,Macarthur,251200001967,Douglas MacArthur Elementary School,2512000,best_match
42.403817,-71.245554,Waltham,MA,38 Overlook Rd,elementary,Douglas Macarthur Elementary,251200001967,Douglas MacArthur Elementary School,2512000,best_match
42.377312,-71.245049,Waltham,MA,28 Howard St Unit 2,elementary,Plympton,251200001978,Thomas R Plympton Elementary School,2512000,best_match
42.378532,-71.24807,Waltham,MA,30 Columbus Ave,elementary,Plympton Elementary School,251200001978,Thomas R Plympton Elementary School,2512000,best_match
42.404259,-71.244568,Waltham,MA,236 Lake St,elementary,Macarthur,251200001967,Douglas MacArthur Elementary School,2512000,best_match
42.404583,-71.222101,Waltham,MA,113 Warwick Ave,elementary,Northeast,251200001974,Northeast Elementary School,2512000,best_match
42.366475,-71.231335,Waltham,MA,308 Newton St,elementary,Whittemore,251200001969,Henry Whittemore Elementary School,2512000,best_match
42.380974,-71.231422,Waltham,MA,200-202 Church St Unit 200-202,elementary,Plympton,251200001978,Thomas R Plympton Elementary School,2512000,best_match
42.390984,-71.2227,Waltham,MA,174 Forest St,elementary,Northeast,251200001974,Northeast Elementary School,2512000,best_match
42.361104,-71.246633,Waltham,MA,20 Riverview Ave,elementary,William F. Stanley Elementary,251200001973,William F. Stanley Elementary School,2512000,best_match
42.357285,-71.262835,Waltham,MA,22 Irene Cir,elementary,Stanley,251200001973,William F. Stanley Elementary School,2512000,best_match
42.371667,-71.224283,Waltham,MA,172 Bright St Apt 3,elementary,Fitzgerald,251200001970,James Fitzgerald Elementary School,2512000,best_match
42.40595,-71.221162,Waltham,MA,113 Temple Rd,elementary,Northeast,251200001974,Northeast Elementary School,2512000,best_match
42.363739,-71.2304,Waltham,MA,72-74 Parmenter Rd Unit 2,elementary,Whittemore Elementary School,251200001969,Henry Whittemore Elementary School,2512000,best_match
42.410244,-71.241144,Waltham,MA,87 Hardy Pond Rd,elementary,Macarthur,251200001967,Douglas MacArthur Elementary School,2512000,best_match
42.396097,-71.224819,Waltham,MA,32 Lauricella Ln,elementary,Northeast,251200001974,Northeast Elementary School,2512000,best_match
42.367285,-71.221069,Waltham,MA,218 Calvary St Unit 2,elementary,Whittemore,251200001969,Henry Whittemore Elementary School,2512000,best_match
42.372154,-71.242638,Waltham,MA,110-116 Harvard St,elementary,Stanley,251200001973,William F. Stanley Elementary School,2512000,best_match
42.411921,-71.231543,Waltham,MA,1105 Lexington St Unit 4-1,elementary,Northeast,251200001974,Northeast Elementary School,2512000,best_match
42.366474,-71.231331,Waltham,MA,308 Newton St Unit 1,elementary,Whittemore,251200001969,Henry Whittemore Elementary School,2512000,best_match
42.368838,-71.239787,Waltham,MA,68 Adams St,elementary,Stanley,251200001973,William F. Stanley Elementary School,2512000,best_match
42.364989,-71.238678,Waltham,MA,659 Moody St Unit 3,elementary,Waltham,251200002863,Waltham Public Schools Dual Language Program,2512000,best_match
42.372643,-71.242912,Waltham,MA,102-104 Harvard St,elementary,Stanley,251200001973,William F. Stanley Elementary School,2512000,best_match
42.379638,-71.2187,Waltham,MA,74 Rose Hill Way,elementary,Fitzgerald,251200001970,James Fitzgerald Elementary School,2512000,best_match
42.417018,-71.252017,Waltham,MA,197 Smith St,elementary,Macarthur,251200001967,Douglas MacArthur Elementary School,2512000,best_match
42.365478,-71.231375,Waltham,MA,138 Myrtle St Unit 2,elementary,Whittemore,251200001969,Henry Whittemore Elementary School,2512000,best_match
42.406137,-71.245173,Waltham,MA,44 Lakeview Ter,elementary,Macarthur,251200001967,Douglas MacArthur Elementary School,2512000,best_match
42.40172,-71.237439,Waltham,MA,3 Mount Walley Rd,elementary,Macarthur,251200001967,Douglas MacArthur Elementary School,2512000,best_match
42.362631,-71.238067,Waltham,MA,17 Washington Ave Unit 4,elementary,Whittemore,251200001969,Henry Whittemore Elementary School,2512000,best_match
42.4,-71.235699,Waltham,MA,20 College Farm Rd,elementary,Macarthur,251200001967,Douglas MacArthur Elementary School,2512000,best_match
42.366474,-71.231331,Waltham,MA,312 Newton St Unit 2A,elementary,Whittemore,251200001969,Henry Whittemore Elementary School,2512000,best_match
42.366474,-71.231331,Waltham,MA,308 Newton St Unit 1A,elementary,Whittemore,251200001969,Henry Whittemore Elementary School,2512000,best_match
42.374132,-71.252116,Waltham,MA,4 Boynton St Unit 1,elementary,Stanley,251200001973,William F. Stanley Elementary School,2512000,best_match
42.370398,-71.2383,Waltham,MA,29 Spruce St Unit 23,elementary,Whittemore,251200001969,Henry Whittemore Elementary School,2512000,best_match
42.378532,-71.24807,Waltham,MA,30 Columbus Ave Unit 30,elementary,Plympton Elementary School,251200001978,Thomas R Plympton Elementary School,2512000,best_match
42.370796,-71.259496,Waltham,MA,6 Virginia Rd,elementary,Stanley,251200001973,William F. Stanley Elementary School,2512000,best_match
42.362427,-71.236371,Waltham,MA,231 Lowell St Unit 2,elementary,Whittemore,251200001969,Henry Whittemore Elementary School,2512000,best_match
42.380759,-71.23224,Waltham,MA,128 Church St Unit 2,elementary,Plympton,251200001978,Thomas R Plympton Elementary School,2512000,best_match
42.378479,-71.248138,Waltham,MA,59 61 Wellington St Unit 2,elementary,Plympton Elementary School,251200001978,Thomas R Plympton Elementary School,2512000,best_match
42.378479,-71.248138,Waltham,MA,59 Wellington Unit 3,elementary,Plympton Elementary School,251200001978,Thomas R Plympton Elementary School,2512000,best_match
42.377211,-71.233965,Waltham,MA,11 Mount Pleasant St Unit 11,elementary,Plympton,251200001978,Thomas R Plympton Elementary School,2512000,best_match
42.373807,-71.223873,Waltham,MA,61 Gale St Unit 1,elementary,Fitzgerald,251200001970,James Fitzgerald Elementary School,2512000,best_match
42.364109,-71.230693,Waltham,MA,61 Parmenter Rd Unit 1,elementary,Whittemore,251200001969,Henry Whittemore Elementary School,2512000,best_match
42.365482,-71.243385,Waltham,MA,252-254 Crescent St,elementary,Whittemore,251200001969,Henry Whittemore Elementary School,2512000,best_match
42.36644,-71.239937,Waltham,MA,66 Ash St Unit 1,elementary,Whittemore,251200001969,Henry Whittemore Elementary School,2512000,best_match
42.36644,-71.239937,Waltham,MA,66 Ash St Unit 2,elementary,Whittemore,251200001969,Henry Whittemore Elementary School,2512000,best_match
42.250649,-72.304441,Ware,MA,93 Beaver Lake Rd,elementary,Koziel Elementary,251203001982,Stanley M Koziol Elementary School,2512030,distinctive_token
42.308147,-72.226436,Ware,MA,73 Hardwick Pond Rd,elementary,Koziol Elem,250000102398,Hardwick Elementary,2500001,distinctive_token
42.250444,-72.259861,Ware,MA,5 1st Ave,elementary,Stanley M Kozio,251203001982,Stanley M Koziol Elementary School,2512030,distinctive_token
42.261204,-72.245318,Ware,MA,26 Eddy St,elementary,Stanley M Koziol,251203001982,Stanley M Koziol Elementary School,2512030,best_match
42.268997,-72.325562,Ware,MA,115 Webster Rd,elementary,Ware,,,,
42.263887,-72.239254,Ware,MA,25 Prospect St,elementary,Ware Elementary,251203001982,Stanley M Koziol Elementary School,2512030,distinctive_token
42.270917,-72.32696,Ware,MA,17 Sherman Hill Rd,elementary,Stanley Koziol,251203001982,Stanley M Koziol Elementary School,2512030,best_match
42.265904,-72.236643,Ware,MA,10 Walnut St,elementary,Stanley M. Koziol Elementary,251203001982,Stanley M Koziol Elementary School,2512030,best_match
42.262936,-72.242068,Ware,MA,19 Vigeant St,elementary,Stanley,251203001982,Stanley M Koziol Elementary School,2512030,best_match
41.793515,-70.636788,Wareham,MA,100 Park Ave,elementary,Wareham Elementary,251206001989,Wareham Elementary School,2512060,best_match
41.75295,-70.740385,Wareham,MA,119 Hathaway St,elementary,Minot,,,,
41.7397,-70.698886,Wareham,MA,49 Edgewater Way,elementary,Minot,,,,
41.781425,-70.774391,Wareham,MA,18 Bethel Way,elementary,Wareham Elementary School,251206001989,Wareham Elementary School,2512060,best_match
41.742288,-70.664023,Wareham,MA,13 5th St,elementary,Wareham Elementary,251206001989,Wareham Elementary School,2512060,best_match
41.743374,-70.655194,Wareham,MA,10 East Blvd,elementary,Wareham Elem,251206001989,Wareham Elementary School,2512060,best_match
41.797095,-70.685255,Wareham,MA,264 Charge Pond Rd,elementary,Wareham Elementary,251206001989,Wareham Elementary School,2512060,best_match
41.765282,-70.693151,Wareham,MA,2743 Cranberry Hwy Apt 13B,elementary,Minot,,,,
41.734789,-70.732506,Wareham,MA,Cromesett Rd,elementary,Wareham,251206001989,Wareham Elementary School,2512060,best_match
41.793218,-70.718448,Wareham,MA,22 Red Pine Ln,elementary,Wareham,251206001989,Wareham Elementary School,2512060,best_match
41.795582,-70.63644,Wareham,MA,137 Lake Ave,elementary,Wareham Elementary,251206001989,Wareham Elementary School,2512060,best_match
41.748513,-70.629183,Wareham,MA,8 Onset Ave,elementary,Wareham Elementary,250282002664,Bournedale Elementary School,2502820,distinctive_token
42.184852,-72.180676,Warren,MA,230 Keys Rd,elementary,Warren Elementary,251210001993,Warren Elementary,2512100,best_match
42.21207,-72.185133,Warren,MA,84 Burbank Ave,elementary,Warren Elementary,251210001993,Warren Elementary,2512100,best_match
42.210474,-72.193067,Warren,MA,32 Nelson St,elementary,Wces,,,,
42.190763,-72.153083,Warren,MA,893 Cronin Rd,elementary,Warren Community Elementery,251210001993,Warren Elementary,2512100,distinctive_token
42.205632,-72.159494,Warren,MA,215 Sarty Rd,elementary,Wces,,,,
42.22003,-72.213451,Warren,MA,95 Town Farm Rd,elementary,Wces,,,,
42.211575,-72.200033,Warren,MA,100 Mechanic St,elementary,Warren Community,251210001993,Warren Elementary,2512100,distinctive_token
42.209023,-72.190544,Warren,MA,71 Pine St Unit A,elementary,Wces,,,,
42.23334,-72.177073,Warren,MA,950 Old West Brookfield Rd,elementary,Warren Elementa,251210001993,Warren Elementary,2512100,distinctive_token
42.231531,-72.143445,Warren,MA,High St,elementary,Warren Community,251210001993,Warren Elementary,2512100,distinctive_token
42.199779,-72.15852,Warren,MA,1102 East Rd,elementary,Wces,,,,
42.232991,-72.177121,Warren,MA,940 Old West Brookfield Rd,elementary,Warren Elementa,251210001993,Warren Elementary,2512100,distinctive_token
42.205808,-72.189299,Warren,MA,Southbridge Rd,elementary,Warren Elem,251210001993,Warren Elementary,2512100,best_match
42.373152,-73.116196,Washington,MA,Summit Hill Rd Lot 3,elementary,Becket Washington,250339000459,Becket Washington School,2503390,best_match
42.380562,-73.123718,Washington,MA,349 N Washington State Rd,elementary,Becket Washington,250339000459,Becket Washington School,2503390,best_match
42.366519,-73.111042,Washington,MA,Frost Rd,elementary,Becket Washington School,250339000459,Becket Washington School,2503390,best_match
42.366519,-73.111042,Washington,MA,Frost Rd,elementary,Becket Washington School,250339000459,Becket Washington School,2503390,best_match
42.366519,-73.111042,Washington,MA,Frost Rd,elementary,Becket Washington School,250339000459,Becket Washington School,2503390,best_match
42.366519,-73.111042,Washington,MA,Frost Rd,elementary,Becket Washington School,250339000459,Becket Washington School,2503390,best_match
42.378288,-71.183884,Watertown Town,MA,55-57 York Ave,elementary,Lowell,251218002002,James Russell Lowell,2512180,best_match
42.380059,-71.192834,Watertown Town,MA,958 Belmont St Unit 958,elementary,Cunniff,251218001998,Cunniff,2512180,best_match
42.375031,-71.201521,Watertown Town,MA,61 Wilmot St,elementary,Cunniff,251218001998,Cunniff,2512180,best_match
42.372285,-71.160943,Watertown Town,MA,28 Appleton St,elementary,Hosmer,251218002001,Hosmer,2512180,best_match
42.372009,-71.176735,Watertown Town,MA,68 Barnard Ave,elementary,Hosmer,251218002001,Hosmer,2512180,best_match
42.372853,-71.165149,Watertown Town,MA,14 Flint Rd Unit 14,elementary,Hosmer,251218002001,Hosmer,2512180,best_match
42.370022,-71.165451,Watertown Town,MA,204-206 School St,elementary,Hosmer,251218002001,Hosmer,2512180,best_match
42.368358,-71.178884,Watertown Town,MA,134 Mount Auburn St Unit 7,elementary,Hosmer,251218002001,Hosmer,2512180,best_match
42.374755,-71.162619,Watertown Town,MA,108 Langdon Ave,elementary,Hosmer,251218002001,Hosmer,2512180,best_match
42.373314,-71.165672,Watertown Town,MA,25-27 Flint Rd,elementary,Hosmer,251218002001,Hosmer,2512180,best_match
42.369708,-71.184224,Watertown Town,MA,8 Hawthorne St,elementary,Check With School Dept.,,,,
42.370815,-71.17437,Watertown Town,MA,55 Bates Rd Unit B,elementary,Hosmer,251218002001,Hosmer,2512180,best_match
42.375712,-71.19927,Watertown Town,MA,43 Grandview Ave,elementary,Cunniff,251218001998,Cunniff,2512180,best_match
42.378534,-71.18999,Watertown Town,MA,273 Edenfield Ave,elementary,Lowell,251218002002,James Russell Lowell,2512180,best_match
42.378214,-71.179146,Watertown Town,MA,110 Poplar St Unit 2,elementary,Lowell,251218002002,James Russell Lowell,2512180,best_match
42.367983,-71.212561,Watertown Town,MA,5 Repton Cir Unit 5405,elementary,Cunniff,251218001998,Cunniff,2512180,best_match
42.36617,-71.19013,Watertown Town,MA,99 Pleasant St Unit A4,elementary,Hosmer,251218002001,Hosmer,2512180,best_match
42.371774,-71.159612,Watertown Town,MA,34 Irma Ave,elementary,Hosmer,251218002001,Hosmer,2512180,best_match
42.364299,-71.174361,Watertown Town,MA,48 Beacon Park,elementary,See Wps For Elem. Assignments,,,,
42.378534,-71.18999,Watertown Town,MA,273 Edenfield Ave Unit 273,elementary,Lowell,251218002002,James Russell Lowell,2512180,best_match
42.375349,-71.196339,Watertown Town,MA,26-28 Desmond Ave,elementary,Cunnif,251218001998,Cunniff,2512180,embedding
42.364912,-71.147917,Watertown Town,MA,131 Coolidge Ave Apt 122,elementary,Ask School Dept.,,,,
42.375971,-71.192526,Watertown Town,MA,199 Lexington St Unit 199,elementary,Cunniff,251218001998,Cunniff,2512180,best_match
42.370038,-71.165449,Watertown Town,MA,204 School St,elementary,Hosmer,251218002001,Hosmer,2512180,best_match
42.359622,-71.184926,Watertown Town,MA,164 Galen St Apt 15,elementary,Hosmer,251218002001,Hosmer,2512180,best_match
42.366582,-71.16649,Watertown Town,MA,70 Putnam St Unit 70,elementary,Hosmer,251218002001,Hosmer,2512180,best_match
42.363185,-71.188621,Watertown Town,MA,68 Aldrich Rd Unit B,elementary,Hosmer School,251218002001,Hosmer,2512180,best_match
42.374428,-71.194874,Watertown Town,MA,31 Angela Ln Unit 31,elementary,Cunniff,251218001998,Cunniff,2512180,best_match
42.37612,-71.184895,Watertown Town,MA,172 Orchard St Unit 172,elementary,J.R. Lowell,251218002002,James Russell Lowell,2512180,distinctive_token
42.372059,-71.15983,Watertown Town,MA,3 Clayton St Unit 3,elementary,Hosmer,251218002001,Hosmer,2512180,best_match
42.37251,-71.190112,Watertown Town,MA,200 Fayette St Unit 200,elementary,Watertown Elementary,,,,
42.369498,-71.188684,Watertown Town,MA,32 Whites Ave Unit D43,elementary,J.R. Lowell Elementary School,251218002002,James Russell Lowell,2512180,distinctive_token
42.373006,-71.193775,Watertown Town,MA,107 Lexington St Unit 1,elementary,Watertown Public School,,,,
42.375993,-71.19255,Watertown Town,MA,197 Lexington St Unit 197,elementary,Cunniff,251218001998,Cunniff,2512180,best_match
42.374895,-71.166329,Watertown Town,MA,64 Commonwealth Rd,elementary,Hosmer,251218002001,Hosmer,2512180,best_match
42.366025,-71.144527,Watertown Town,MA,231 Coolidge Ave Apt 409,elementary,Hosmer,251218002001,Hosmer,2512180,best_match
42.362419,-71.188367,Watertown Town,MA,51 Eliot St Unit 51,elementary,Hosmer,251218002001,Hosmer,2512180,best_match
42.359561,-71.184148,Watertown Town,MA,10 Williams St Apt 55,elementary,Hosmer,251218002001,Hosmer,2512180,best_match
42.370038,-71.165449,Watertown Town,MA,204 School St,elementary,Hosmer,251218002001,Hosmer,2512180,best_match
42.333834,-71.376729,Wayland,MA,15 Woodland Rd,elementary,Happy Hollow,251221002008,Happy Hollow School,2512210,best_match
42.332596,-71.344899,Wayland,MA,6 Brewster Rd,elementary,Loker,251221000153,Loker School,2512210,best_match
42.334098,-71.372885,Wayland,MA,10 Mayflower Path,elementary,Happy Hollow,251221002008,Happy Hollow School,2512210,best_match
42.338889,-71.331543,Wayland,MA,12 Steepletree Ln Unit 12,elementary,Wayland Grade School,,,,
42.334532,-71.36807,Wayland,MA,13 Park Ln,elementary,Happy Hollow,251221002008,Happy Hollow School,2512210,best_match
42.354488,-71.376195,Wayland,MA,175 Pelham Island Rd,elementary,Claypit Hill/Buffer,251221002007,Claypit Hill School,2512210,best_match
42.34082,-71.334275,Wayland,MA,16 Coltsway Unit 16,elementary,Loker,251221000153,Loker School,2512210,best_match
42.33535,-71.337141,Wayland,MA,93 Hillside Dr Unit 93,elementary,Wayland,,,,
42.329069,-71.366895,Wayland,MA,5 Crest Rd,elementary,Happy Hollow,251221002008,Happy Hollow School,2512210,best_match
42.326416,-71.377959,Wayland,MA,190 W Plain St,elementary,Happy Hollow,251221002008,Happy Hollow School,2512210,best_match
42.338631,-71.358631,Wayland,MA,226 Cochituate Rd,elementary,Happy Hollow,251221002008,Happy Hollow School,2512210,best_match
42.380806,-71.342208,Wayland,MA,96 Draper Rd,elementary,Claypit,251221002007,Claypit Hill School,2512210,best_match
42.365489,-71.370209,Wayland,MA,11 Lillian Way Unit 11,elementary,Claypit Hill School,251221002007,Claypit Hill School,2512210,best_match
42.327806,-71.378102,Wayland,MA,203 W Plain St,elementary,Happy Hollow Or Loker,251221002008,Happy Hollow School,2512210,distinctive_token
42.335754,-71.3762,Wayland,MA,348 Old Connecticut Path,elementary,Happy Hollow,251221002008,Happy Hollow School,2512210,best_match
42.338889,-71.331543,Wayland,MA,3 Steepletree Ln Unit 3,elementary,Loker,251221000153,Loker School,2512210,best_match
42.33535,-71.337141,Wayland,MA,51 Hillside Dr Unit 51,elementary,Wayland Grade School,,,,
42.337213,-71.375023,Wayland,MA,9 Stonebridge Rd,elementary,Happy Hollow,251221002008,Happy Hollow School,2512210,best_match
42.324486,-71.372624,Wayland,MA,125 W Plain St,elementary,Happy Hollow,251221002008,Happy Hollow School,2512210,best_match
42.406582,-71.354537,Wayland,MA,54 Campbell Rd,elementary,Claypit,251221002007,Claypit Hill School,2512210,best_match
42.345643,-71.331408,Wayland,MA,12 Brandywyne Unit 12,elementary,Loker Elementary School,251221000153,Loker School,2512210,best_match
42.324285,-71.344813,Wayland,MA,389 Commonwealth Rd,elementary,Locker School,,,,
42.405549,-71.35013,Wayland,MA,37 Oxbow Rd,elementary,Claypit Hill,251221002007,Claypit Hill School,2512210,best_match
42.352122,-71.349654,Wayland,MA,12 Forest Hill Rd,elementary,Claypit Buffer,251221002007,Claypit Hill School,2512210,distinctive_token
42.362261,-71.354663,Wayland,MA,10 Bennett Rd,elementary,Claypit,251221002007,Claypit Hill School,2512210,best_match
42.377848,-71.365085,Wayland,MA,55 Glezen Ln,elementary,Claypit,251221002007,Claypit Hill School,2512210,best_match
42.403719,-71.351057,Wayland,MA,41 York Rd,elementary,Claypit Hill,251221002007,Claypit Hill School,2512210,best_match
42.387174,-71.346335,Wayland,MA,188 Glezen Ln,elementary,Claypit Elementary,251221002007,Claypit Hill School,2512210,distinctive_token
42.358351,-71.34522,Wayland,MA,17 Wadsworth Ln Unit 17,elementary,Claypit,251221002007,Claypit Hill School,2512210,best_match
42.335956,-71.331591,Wayland,MA,16 Indian Dawn Unit 16,elementary,Loker,251221000153,Loker School,2512210,best_match
42.344408,-71.335948,Wayland,MA,202 Dahlia Dr Unit 202,elementary,Loker,251221000153,Loker School,2512210,best_match
42.338506,-71.375545,Wayland,MA,5 Holbrook Rd,elementary,Happy Hollow,251221002008,Happy Hollow School,2512210,best_match
42.342888,-71.340526,Wayland,MA,1003 Wisteria Way Unit 1003,elementary,Loker,251221000153,Loker School,2512210,best_match
42.337091,-71.377163,Wayland,MA,30 Stonebridge Rd,elementary,Happy Hollow,251221002008,Happy Hollow School,2512210,best_match
42.335956,-71.331591,Wayland,MA,18 Indian Dawn Unit 18,elementary,Loker,251221000153,Loker School,2512210,best_match
42.035013,-71.852554,Webster,MA,45 Point Pleasant Rd,elementary,Park Ave,251224002018,Park Avenue Elementary,2512240,distinctive_token
42.033057,-71.820574,Webster,MA,11 Humes St,elementary,Park Ave,251224002018,Park Avenue Elementary,2512240,distinctive_token
42.044046,-71.84935,Webster,MA,20 Indian Point Rd,elementary,Park Ave Elementry,251224002018,Park Avenue Elementary,2512240,distinctive_token
42.044046,-71.84935,Webster,MA,20 Indian Point Rd,elementary,Park Ave Elementry,251224002018,Park Avenue Elementary,2512240,distinctive_token
42.046104,-71.885376,Webster,MA,214 High St,elementary,Park Ave Elementary,251224002018,Park Avenue Elementary,2512240,distinctive_token
42.041992,-71.884926,Webster,MA,411 High St,elementary,Park Ave,251224002018,Park Avenue Elementary,2512240,distinctive_token
42.050043,-71.877343,Webster,MA,5 Granite St,elementary,Park Ave,251224002018,Park Avenue Elementary,2512240,distinctive_token
42.049636,-71.866448,Webster,MA,39 Everett Ave,elementary,Public/Parochial,,,,
42.059995,-71.864166,Webster,MA,Thompson Rd,elementary,Park Ave Elementary,251224002018,Park Avenue Elementary,2512240,distinctive_token
42.044346,-71.885132,Webster,MA,315 High St,elementary,Park Ave Elemen,251224002018,Park Avenue Elementary,2512240,distinctive_token
42.043099,-71.8812,Webster,MA,17 Mount Pleasant St,elementary,Park Ave,251224002018,Park Avenue Elementary,2512240,distinctive_token
42.056705,-71.842142,Webster,MA,149 Gore Rd,elementary,Park Ave,251224002018,Park Avenue Elementary,2512240,distinctive_token
42.056864,-71.871316,Webster,MA,Stoughton Ave,elementary,Private/Public,,,,
42.300556,-71.286017,Wellesley,MA,43 Atwood St,elementary,Hunnewell,251227002022,Hunnewell,2512270,best_match
42.315319,-71.242678,Wellesley,MA,6 Willow St,elementary,Fiske,251227002024,Joseph E Fiske,2512270,best_match
42.32271,-71.254339,Wellesley,MA,126 Walnut St Unit 126,elementary,Wellesley,251227002893,Preschool at Wellesley Schools,2512270,best_match
42.275091,-71.298366,Wellesley,MA,12 Winding River Cir,elementary,Hunnewell,251227002022,Hunnewell,2512270,best_match
42.319214,-71.293804,Wellesley,MA,43 Monadnock Rd,elementary,Bates,251227002025,Katharine Lee Bates,2512270,best_match
42.3167,-71.294897,Wellesley,MA,23 Bellevue,elementary,Bates Elementary School,251227002025,Katharine Lee Bates,2512270,distinctive_token
42.308738,-71.282875,Wellesley,MA,20 Shaw Rd,elementary,Sprague,251227001733,Sprague Elementary School,2512270,best_match
42.316522,-71.23943,Wellesley,MA,31 Lantern Ln,elementary,Fiske,251227002024,Joseph E Fiske,2512270,best_match
42.292953,-71.281726,Wellesley,MA,98 Brook St,elementary,Hunnewell,251227002022,Hunnewell,2512270,best_match
42.315686,-71.29054,Wellesley,MA,14 Bristol Rd,elementary,Bates,251227002025,Katharine Lee Bates,2512270,best_match
42.32271,-71.254339,Wellesley,MA,126 Walnut St Unit 126,elementary,Wellesley,251227002893,Preschool at Wellesley Schools,2512270,best_match
42.322287,-71.25172,Wellesley,MA,22 Cedar St,elementary,Schofield,251227002503,Schofield,2512270,best_match
42.316522,-71.23943,Wellesley,MA,31 Lantern Ln,elementary,Fiske,251227002024,Joseph E Fiske,2512270,best_match
42.313478,-71.276529,Wellesley,MA,7 Garden Rd,elementary,Sprague,251227001733,Sprague Elementary School,2512270,best_match
42.318439,-71.300152,Wellesley,MA,46 Royalston Rd,elementary,Bates,251227002025,Katharine Lee Bates,2512270,best_match
42.286194,-71.29112,Wellesley,MA,18 Benvenue St,elementary,Hunnewell,251227002022,Hunnewell,2512270,best_match
42.303316,-71.287059,Wellesley,MA,296 Linden St,elementary,Sprague,251227001733,Sprague Elementary School,2512270,best_match
42.303378,-71.315804,Wellesley,MA,11 Shadow Ln,elementary,John D. Hardy Elementary,251227002023,John D Hardy,2512270,best_match
42.307499,-71.287659,Wellesley,MA,44 Windemere Rd,elementary,Sprague Elementary,251227001733,Sprague Elementary School,2512270,best_match
42.302515,-71.309155,Wellesley,MA,265 Weston Rd,elementary,Hardy Elementary School,251227002023,John D Hardy,2512270,distinctive_token
42.302016,-71.293341,Wellesley,MA,11 Oak St Unit 33,elementary,Sprague Elementary,251227001733,Sprague Elementary School,2512270,best_match
42.283515,-71.287074,Wellesley,MA,222 Grove St,elementary,Hunnewell,251227002022,Hunnewell,2512270,best_match
42.314256,-71.322253,Wellesley,MA,58 Manor Ave,elementary,Hardy,251227002023,John D Hardy,2512270,best_match
42.313762,-71.324291,Wellesley,MA,2 Marigold Ave,elementary,Hardy,251227002023,John D Hardy,2512270,best_match
42.306557,-71.292065,Wellesley,MA,642 Worcester St,elementary,Sprague,251227001733,Sprague Elementary School,2512270,best_match
42.306659,-71.249578,Wellesley,MA,279 Oakland St,elementary,Fiske,251227002024,Joseph E Fiske,2512270,best_match
42.317306,-71.276923,Wellesley,MA,63 Garden Rd Apt C5,elementary,Sprague Elementary,251227001733,Sprague Elementary School,2512270,best_match
42.318299,-71.250216,Wellesley,MA,32 Bobolink Rd,elementary,Schofield Elementery School,251227002503,Schofield,2512270,best_match
42.321799,-71.276258,Wellesley,MA,8 Valley Rd,elementary,Schofield,251227002503,Schofield,2512270,best_match
42.307467,-71.308004,Wellesley,MA,59 Cleveland Rd,elementary,Bates,251227002025,Katharine Lee Bates,2512270,best_match
42.308715,-71.309723,Wellesley,MA,7 Massasoit Rd,elementary,Bates,251227002025,Katharine Lee Bates,2512270,best_match
42.273467,-71.309738,Wellesley,MA,30 S River St,elementary,Hunnewell,251227002022,Hunnewell,2512270,best_match
42.315942,-71.262378,Wellesley,MA,47 Longfellow Rd,elementary,Schofield,251227002503,Schofield,2512270,best_match
42.315586,-71.300809,Wellesley,MA,162 Hampshire Rd,elementary,Bates,251227002025,Katharine Lee Bates,2512270,best_match
42.298467,-71.31,Wellesley,MA,48 Marshall Rd,elementary,John D. Hardy Elementary,251227002023,John D Hardy,2512270,best_match
42.309941,-71.300766,Wellesley,MA,209 Bristol Rd,elementary,Bates,251227002025,Katharine Lee Bates,2512270,best_match
42.309041,-71.249604,Wellesley,MA,34 Sheridan Rd,elementary,Fiske,251227002024,Joseph E Fiske,2512270,best_match
42.314228,-71.26727,Wellesley,MA,37 Oakland St,elementary,Fisk,,,,
42.311124,-71.297511,Wellesley,MA,22 Tanglewood Rd,elementary,Bates,251227002025,Katharine Lee Bates,2512270,best_match
42.293644,-71.29204,Wellesley,MA,75 Grove St Apt 225,elementary,Hunnewell,251227002022,Hunnewell,2512270,best_match
42.305122,-71.295631,Wellesley,MA,16 Stearns Rd Apt 302,elementary,Sprague,251227001733,Sprague Elementary School,2512270,best_match
42.275598,-71.310893,Wellesley,MA,7 Schaller St,elementary,Hunnewell,251227002022,Hunnewell,2512270,best_match
42.29677,-71.298368,Wellesley,MA,33 Linden St,elementary,Sprague,251227001733,Sprague Elementary School,2512270,best_match
42.29537,-71.292697,Wellesley,MA,580 Washington St Unit 304,elementary,Hunnewell,251227002022,Hunnewell,2512270,best_match
42.311187,-71.318692,Wellesley,MA,28 Parker Rd,elementary,Hardy,251227002023,John D Hardy,2512270,best_match
42.291655,-71.319808,Wellesley,MA,196 Pond Rd,elementary,Hunnewell,251227002022,Hunnewell,2512270,best_match
42.30684,-71.317536,Wellesley,MA,31 Shirley Rd,elementary,Hardy,251227002023,John D Hardy,2512270,best_match
42.293303,-71.271964,Wellesley,MA,122 Great Plain Ave,elementary,Wellesley Public Elementary,251227002893,Preschool at Wellesley Schools,2512270,distinctive_token
42.302701,-71.291107,Wellesley,MA,20 Hill Top Rd,elementary,Sprague,251227001733,Sprague Elementary School,2512270,best_match
42.291228,-71.285872,Wellesley,MA,42 Temple Rd,elementary,Hunnewell,251227002022,Hunnewell,2512270,best_match
42.303108,-71.296783,Wellesley,MA,63 Oak St Unit A,elementary,Sprague,251227001733,Sprague Elementary School,2512270,best_match
42.306526,-71.310102,Wellesley,MA,35 Cleveland Rd,elementary,Bates,251227002025,Katharine Lee Bates,2512270,best_match
42.307081,-71.246289,Wellesley,MA,319 Oakland St,elementary,Fiske,251227002024,Joseph E Fiske,2512270,best_match
42.309695,-71.310766,Wellesley,MA,53 Elmwood Rd,elementary,Bates,251227002025,Katharine Lee Bates,2512270,best_match
42.302674,-71.288234,Wellesley,MA,286 Linden St Unit 286,elementary,Sprague,251227001733,Sprague Elementary School,2512270,best_match
42.309171,-71.324473,Wellesley,MA,99 Parker Rd,elementary,Hardy,251227002023,John D Hardy,2512270,best_match
42.309383,-71.246394,Wellesley,MA,41-A Hunnewell St,elementary,Fiske,251227002024,Joseph E Fiske,2512270,best_match
42.310654,-71.248532,Wellesley,MA,21 Madison Rd,elementary,Wellesley,251227002893,Preschool at Wellesley Schools,2512270,best_match
42.300304,-71.323577,Wellesley,MA,30R Morses Pond Rd,elementary,Hardy,251227002023,John D Hardy,2512270,best_match
42.304867,-71.307543,Wellesley,MA,33 Hickory Rd,elementary,Hardy,251227002023,John D Hardy,2512270,best_match
42.288582,-71.295209,Wellesley,MA,17 Midland Rd,elementary,Hunnewell,251227002022,Hunnewell,2512270,best_match
42.31435,-71.300222,Wellesley,MA,78 Suffolk Rd,elementary,Bates,251227002025,Katharine Lee Bates,2512270,best_match
42.309719,-71.279259,Wellesley,MA,18 Rockland St,elementary,Sprague,251227001733,Sprague Elementary School,2512270,best_match
42.29677,-71.298368,Wellesley,MA,33 Linden St,elementary,Sprague,251227001733,Sprague Elementary School,2512270,best_match
42.306297,-71.286986,Wellesley,MA,31 Alba Rd,elementary,Sprague,251227001733,Sprague Elementary School,2512270,best_match
42.32615,-71.272681,Wellesley,MA,33 Boulder Rd,elementary,Schofield,251227002503,Schofield,2512270,best_match
42.313025,-71.325684,Wellesley,MA,16 Sunnyside Ave,elementary,Hardy*,251227002023,John D Hardy,2512270,best_match
42.316064,-71.315669,Wellesley,MA,23 Northgate Rd,elementary,Bates,251227002025,Katharine Lee Bates,2512270,best_match
42.309695,-71.310766,Wellesley,MA,53 Elmwood Rd,elementary,Bates,251227002025,Katharine Lee Bates,2512270,best_match
42.281804,-71.284282,Wellesley,MA,10 Colgate Rd,elementary,Hunnewell,251227002022,Hunnewell,2512270,best_match
42.305122,-71.295631,Wellesley,MA,16 Stearns Rd Apt 208,elementary,Sprague,251227001733,Sprague Elementary School,2512270,best_match
42.307772,-71.282945,Wellesley,MA,10 Kirkland Cir,elementary,Sprague,251227001733,Sprague Elementary School,2512270,best_match
42.313746,-71.316323,Wellesley,MA,449 Weston Rd,elementary,Bates,251227002025,Katharine Lee Bates,2512270,best_match
42.311482,-71.327849,Wellesley,MA,107 Overbrook Dr,elementary,Hardy,251227002023,John D Hardy,2512270,best_match
42.303108,-71.296783,Wellesley,MA,63 Oak St Unit B,elementary,Sprague,251227001733,Sprague Elementary School,2512270,best_match
42.305122,-71.295631,Wellesley,MA,16 Stearns Rd Apt 304,elementary,Sprague,251227001733,Sprague Elementary School,2512270,best_match
42.315586,-71.300809,Wellesley,MA,162 Hampshire Rd,elementary,Bates,251227002025,Katharine Lee Bates,2512270,best_match
42.305122,-71.295631,Wellesley,MA,16 Stearns Rd Apt 203,elementary,Sprague,251227001733,Sprague Elementary School,2512270,best_match
42.305122,-71.295631,Wellesley,MA,16 Stearns Rd Apt 104,elementary,Sprague,251227001733,Sprague Elementary School,2512270,best_match
41.916326,-70.007246,Wellfleet,MA,50 Amys Way,elementary,Wellfleet Elem,251230002031,Wellfleet Elementary,2512300,best_match
41.910805,-70.005483,Wellfleet,MA,125 Pleasant Point Rd,elementary,Wellfleet Elementary,251230002031,Wellfleet Elementary,2512300,best_match
41.952911,-70.030301,Wellfleet,MA,60 Perch Pond Way,elementary,Wellfleet Elementary,251230002031,Wellfleet Elementary,2512300,best_match
41.956656,-70.028112,Wellfleet,MA,110 Wellfleet Woods Ln,elementary,Wellfleet,251230002031,Wellfleet Elementary,2512300,best_match
41.927249,-70.002155,Wellfleet,MA,175 Delphi Path,elementary,Wellfleet,251230002031,Wellfleet Elementary,2512300,best_match
42.579415,-72.432333,Wendell,MA,240 Farley Rd,elementary,Swift River,250853001346,Swift River,2508530,best_match
42.578232,-72.383068,Wendell,MA,270 Wendell Depot Rd,elementary,Swift River School,250853001346,Swift River,2508530,best_match
42.578053,-72.383789,Wendell,MA,264-270 Wendell Depot Rd,elementary,Swift River School,250853001346,Swift River,2508530,best_match
42.524115,-72.425952,Wendell,MA,West St Lot 4,elementary,Swift River,250853001346,Swift River,2508530,best_match
42.592179,-70.882843,Wenham,MA,9 Great Pond Rd,elementary,Hamilton Wenham,,,,
42.594381,-70.832616,Wenham,MA,1 Gussett Rd,elementary,Hamilton/Wenham,,,,
42.605423,-70.927344,Wenham,MA,13 Conrad Cir,elementary,Hamilton/Wenham,,,,
42.607966,-70.910671,Wenham,MA,18 Kimball Ave,elementary,Hamilton Wenham,,,,
42.60368,-70.886115,Wenham,MA,10 Friend Ct Unit 3,elementary,Buker,250567001459,Bessie Buker Elementary,2505670,best_match
42.594081,-70.927857,Wenham,MA,115 Maple St,elementary,Hamilton-Wenham,,,,
42.603972,-70.880019,Wenham,MA,18 Larch Row,elementary,Bessie Buker,250567001459,Bessie Buker Elementary,2505670,best_match
42.355997,-71.780082,West Boylston,MA,19 Richards Ave,elementary,Major Edwards,251239002034,Major Edwards Elementary,2512390,best_match
42.341645,-71.78416,West Boylston,MA,20 Highland Ave,elementary,Major Edwards,251239002034,Major Edwards Elementary,2512390,best_match
42.344637,-71.780937,West Boylston,MA,25 Kings Mountain Dr,elementary,Major Edwards,251239002034,Major Edwards Elementary,2512390,best_match
42.397895,-71.770197,West Boylston,MA,330 Sterling St Unit B8,elementary,Major Edwards Elementary,251239002034,Major Edwards Elementary,2512390,best_match
42.393206,-71.780653,West Boylston,MA,225 Prescott St,elementary,Edwards,251239002034,Major Edwards Elementary,2512390,best_match
42.394412,-71.761775,West Boylston,MA,136 Fairbanks St,elementary,Major Edwards,251239002034,Major Edwards Elementary,2512390,best_match
42.380514,-71.773889,West Boylston,MA,90 Sterling St Unit E,elementary,Major Edwards,251239002034,Major Edwards Elementary,2512390,best_match
42.389561,-71.793053,West Boylston,MA,16 N Main St,elementary,Major Edwards,251239002034,Major Edwards Elementary,2512390,best_match
42.396672,-71.795642,West Boylston,MA,127 N Main St,elementary,Major Edwards,251239002034,Major Edwards Elementary,2512390,best_match
42.030146,-70.989821,West Bridgewater,MA,7 Rising Sun Ln,elementary,"Spring, Rose L, Howard",,,,
42.027308,-71.017328,West Bridgewater,MA,14 Fieldstone Ter,elementary,Howard,,,,
42.006252,-70.997276,West Bridgewater,MA,30 Keenan St,elementary,Rose L,251242002037,Rose L Macdonald,2512420,best_match
42.021352,-70.992194,West Bridgewater,MA,31 Captain Carlson Way Unit 31,elementary,Rose L Macdonald,251242002037,Rose L Macdonald,2512420,best_match
42.03709,-71.066525,West Bridgewater,MA,15 Walnut St,elementary,Rose L Macdonald School,251242002037,Rose L Macdonald,2512420,best_match
42.035448,-71.065362,West Bridgewater,MA,3 Marisa Dr,elementary,Rose Macdonald/Howard,251242002037,Rose L Macdonald,2512420,distinctive_token
42.030267,-71.014118,West Bridgewater,MA,Jeffrey Ln Lot 4,elementary,Rose Macdonald,251242002037,Rose L Macdonald,2512420,best_match
42.037545,-71.030143,West Bridgewater,MA,43 Progressive Ave,elementary,Rose L. Macdonald,251242002037,Rose L Macdonald,2512420,best_match
42.016399,-70.98666,West Bridgewater,MA,455 East St,elementary,Spring Street School,251242001663,Spring Street School,2512420,best_match
42.247761,-72.161728,West Brookfield,MA,58 Lakeshore Dr Ext,elementary,Wces,,,,
42.260978,-72.187775,West Brookfield,MA,59 Shoreline Dr,elementary,West Brookfield,251210002040,West Brookfield Elementary,2512100,best_match
42.242302,-72.169319,West Brookfield,MA,240 W Main St,elementary,W Brookfield Elementary,251210002040,West Brookfield Elementary,2512100,best_match
42.230566,-72.119872,West Brookfield,MA,19 George Allen Rd,elementary,Warren Community Elementary,251210001993,Warren Elementary,2512100,best_match
42.184852,-72.180676,West Brookfield,MA,230 Keys Rd,elementary,Warren Elementary,251210001993,Warren Elementary,2512100,best_match
42.24993,-72.160591,West Brookfield,MA,91 Lakeshore Drive Ext,elementary,West Brookfield,251210002040,West Brookfield Elementary,2512100,best_match
42.234989,-72.15139,West Brookfield,MA,17 Moorings Way,elementary,West Brookfield,251210002040,West Brookfield Elementary,2512100,best_match
42.260762,-72.185453,West Brookfield,MA,66 Pierce Rd,elementary,Wces,,,,
42.243492,-72.160378,West Brookfield,MA,21-22 Beach Dr,elementary,Wbes,,,,
42.247626,-72.153072,West Brookfield,MA,15 Oak Dr,elementary,West Brookfield Elementary Sch,251210002040,West Brookfield Elementary,2512100,distinctive_token
42.231531,-72.143445,West Brookfield,MA,High St,elementary,Warren Community,251210001993,Warren Elementary,2512100,distinctive_token
41.675367,-69.990508,West Chatham,MA,268 Barn Hill Rd,elementary,Chatham,250054400469,Chatham Elementary School,2500544,best_match
41.674605,-69.994925,West Chatham,MA,50 Pine Ridge Rd,elementary,Chatham,250054400469,Chatham Elementary School,2500544,best_match
41.675932,-69.998278,West Chatham,MA,38 Indian Trl,elementary,Chatham,250054400469,Chatham Elementary School,2500544,best_match
42.454754,-71.40397,West Concord,MA,51 Damon St,elementary,Thoreau,250384000525,Thoreau,2503840,best_match
42.452817,-71.397839,West Concord,MA,175 Central St,elementary,Thoreau,250384000525,Thoreau,2503840,best_match
42.450654,-71.41227,West Concord,MA,1832 Main St,elementary,Thoreau,250384000525,Thoreau,2503840,best_match
42.457598,-71.383296,West Concord,MA,3 Concord Greene Unit 3,elementary,Willard,250384000526,Willard,2503840,best_match
42.455516,-71.410919,West Concord,MA,165 Old Stow Rd,elementary,Thoreau,250384000525,Thoreau,2503840,best_match
42.452858,-71.389175,West Concord,MA,132 Cottage St,elementary,Willard,250384000526,Willard,2503840,best_match
42.44718,-71.41316,West Concord,MA,62 Edgewood Rd,elementary,Thoreau,250384000525,Thoreau,2503840,best_match
42.450378,-71.412598,West Concord,MA,1844 Main St,elementary,Thoreau,250384000525,Thoreau,2503840,best_match
42.453943,-71.378616,West Concord,MA,56 Old Marlboro Rd,elementary,Willard,250384000526,Willard,2503840,best_match
42.451589,-71.413045,West Concord,MA,1814 Main St,elementary,Thoreau,250384000525,Thoreau,2503840,best_match
42.452259,-71.412445,West Concord,MA,39 Winslow St,elementary,Thoreau,250384000525,Thoreau,2503840,best_match
42.45439,-71.403424,West Concord,MA,189 Conant St Unit 189,elementary,Thoreau,250384000525,Thoreau,2503840,best_match
42.457241,-71.384479,West Concord,MA,14 Concord Greene Unit 8,elementary,Willard,250384000526,Willard,2503840,best_match
42.458562,-71.407894,West Concord,MA,297 Laws Brook Rd,elementary,Thoreau Elementary,250384000525,Thoreau,2503840,best_match
42.450377,-71.412597,West Concord,MA,1844 Main St Unit 1,elementary,Thoreau,250384000525,Thoreau,2503840,best_match
42.45439,-71.403424,West Concord,MA,189 Conant St Unit 189,elementary,Thoreau,250384000525,Thoreau,2503840,best_match
42.456968,-71.398534,West Concord,MA,54 Maple St,elementary,Thoreau,250384000525,Thoreau,2503840,best_match
41.653672,-70.168992,West Dennis,MA,10 Uncle Stephens Rd,elementary,Ezra Baker,250414000559,Ezra H Baker Innovation School,2504140,best_match
41.670099,-70.156922,West Dennis,MA,75 Old Main St,elementary,Ezra Baker,250414000559,Ezra H Baker Innovation School,2504140,best_match
41.608423,-70.626197,West Falmouth,MA,55 Ridgeview Dr,elementary,North Falmouth Elementary,250486000690,North Falmouth Elementary,2504860,best_match
42.806705,-70.972245,West Newbury,MA,588 Main St,elementary,Dr. Page Elementary,250945000408,Dr John C Page School,2509450,distinctive_token
42.799982,-70.978852,West Newbury,MA,36 Stewart St,elementary,Page,250945000408,Dr John C Page School,2509450,best_match
42.790303,-70.985047,West Newbury,MA,13 Meeting House Hill Rd,elementary,Dr. John C. Page School,250945000408,Dr John C Page School,2509450,best_match
42.80489,-70.9741,West Newbury,MA,555 Main St,elementary,John C. Page,250945000408,Dr John C Page School,2509450,best_match
42.805836,-70.974529,West Newbury,MA,557 Main St,elementary,Dr. Page Elementary,250945000408,Dr John C Page School,2509450,distinctive_token
42.781891,-70.994908,West Newbury,MA,53 Crane Neck St,elementary,Page,250945000408,Dr John C Page School,2509450,best_match
42.810896,-70.952076,West Newbury,MA,10 Way to the River Rd,elementary,Dr. Page Elem,250945000408,Dr John C Page School,2509450,distinctive_token
42.807919,-70.949088,West Newbury,MA,8 Ridgeway Cir Unit 8,elementary,Dr. Page Elementary,250945000408,Dr John C Page School,2509450,distinctive_token
42.805734,-70.990357,West Newbury,MA,12 Steed Ave,elementary,Page School,250945000408,Dr John C Page School,2509450,best_match
42.792339,-71.003132,West Newbury,MA,27 Pleasant St,elementary,Dr Page Elementary,250945000408,Dr John C Page School,2509450,distinctive_token
42.144267,-72.66543,West Springfield Town,MA,1452 Morgan Rd,elementary,Fausey,251251002044,John R Fausey,2512510,best_match
42.129115,-72.666764,West Springfield Town,MA,231 Edgewood Rd,elementary,John R Fausey,251251002044,John R Fausey,2512510,best_match
42.151505,-72.650686,West Springfield Town,MA,780 Birnie Ave,elementary,Tatham Elementary,251251002050,Tatham,2512510,best_match
42.106586,-72.63858,West Springfield Town,MA,106 Chestnut St Unit 106,elementary,Mittineague,251251002048,Mittineague,2512510,best_match
42.126692,-72.636574,West Springfield Town,MA,16 Hickory Hl Unit 16,elementary,Fausey,251251002044,John R Fausey,2512510,best_match
42.105588,-72.668901,West Springfield Town,MA,42 Ohio Ave,elementary,Tatham,251251002050,Tatham,2512510,best_match
42.100364,-72.603776,West Springfield Town,MA,34 E School St,elementary,Memorial Elementary,251251002047,Memorial,2512510,best_match
42.123684,-72.666239,West Springfield Town,MA,291 Forest Gln,elementary,Fausey,251251002044,John R Fausey,2512510,best_match
42.118498,-72.659561,West Springfield Town,MA,42 Allison Ln,elementary,Fausey,251251002044,John R Fausey,2512510,best_match
42.113811,-72.628494,West Springfield Town,MA,82-84 Kings Hwy,elementary,Fausey Elementary,251251002044,John R Fausey,2512510,distinctive_token
42.266046,-73.380978,West Stockbridge,MA,290 Great Barrington Rd,elementary,Muddy Brook Reg.,250253001999,Muddy Brook Regional Elementary School,2502530,best_match
42.335304,-73.366169,West Stockbridge,MA,4 Lenox Rd,elementary,Muddy Brook Reg.,250253001999,Muddy Brook Regional Elementary School,2502530,best_match
42.335561,-73.405381,West Stockbridge,MA,2 Woodruff Rd,elementary,Muddy Brook Reg.,250253001999,Muddy Brook Regional Elementary School,2502530,best_match
42.341236,-73.37397,West Stockbridge,MA,3 Jennifer Ln,elementary,Muddy Brook Reg.,250253001999,Muddy Brook Regional Elementary School,2502530,best_match
42.331263,-73.366158,West Stockbridge,MA,4 Stockbridge Rd,elementary,Muddy Brook Reg.,250253001999,Muddy Brook Regional Elementary School,2502530,best_match
42.348379,-73.366011,West Stockbridge,MA,3 Cone Hill Rd,elementary,Muddy Brook Reg.,250253001999,Muddy Brook Regional Elementary School,2502530,best_match
42.343456,-73.366547,West Stockbridge,MA,45 Swamp Rd,elementary,Muddy Brook Reg.,250253001999,Muddy Brook Regional Elementary School,2502530,best_match
42.336288,-73.367668,West Stockbridge,MA,7 Swamp Rd,elementary,Muddy Brook Reg.,250253001999,Muddy Brook Regional Elementary School,2502530,best_match
42.28062,-73.370474,West Stockbridge,MA,29 Pixley Hill Rd,elementary,Muddy Brook Reg.,250253001999,Muddy Brook Regional Elementary School,2502530,best_match
42.294142,-73.406851,West Stockbridge,MA,176 W Center Rd,elementary,Muddy Brook Reg.,250253001999,Muddy Brook Regional Elementary School,2502530,best_match
42.33309,-73.366528,West Stockbridge,MA,35 Main St,elementary,Muddy Brook Reg.,250253001999,Muddy Brook Regional Elementary School,2502530,best_match
42.34196,-73.362081,West Stockbridge,MA,Lenox Rd,elementary,Muddy Brook Reg.,250253001999,Muddy Brook Regional Elementary School,2502530,best_match
42.302495,-73.375445,West Stockbridge,MA,E Alford Rd,elementary,Muddy Brook,250253001999,Muddy Brook Regional Elementary School,2502530,best_match
41.416483,-70.663599,West Tisbury,MA,52 Oak Knoll Rd,elementary,West Tisbury School,250004300508,Chilmark Elementary,2500043,single_school
41.408081,-70.708603,West Tisbury,MA,85 N Reservoir Rd,elementary,West Tisbury,250004300508,Chilmark Elementary,2500043,single_school
41.39846,-70.663399,West Tisbury,MA,35 Nats Farm Ln,elementary,West Tisbury,250004300508,Chilmark Elementary,2500043,single_school
41.781425,-70.774391,West Wareham,MA,18 Bethel Way,elementary,Wareham Elementary School,251206001989,Wareham Elementary School,2512060,best_match
41.664255,-70.219384,West Yarmouth,MA,25 Lake Rd E,elementary,Station Ave Elem,250414000834,Station Avenue Elementary,2504140,distinctive_token
41.642501,-70.235647,West Yarmouth,MA,11 Barnes Ln,elementary,Me Small,250414000561,Marguerite E Small Elementary,2504140,distinctive_token
41.643657,-70.240711,West Yarmouth,MA,64 Rainbow Rd,elementary,Station Avenue,250414000834,Station Avenue Elementary,2504140,best_match
42.259205,-71.612628,Westborough,MA,1 Denny St,elementary,Fales,251260002055,Annie E Fales,2512600,best_match
42.266346,-71.613148,Westborough,MA,24 School St,elementary,Fales,251260002055,Annie E Fales,2512600,best_match
42.259205,-71.612628,Westborough,MA,1 Denny St,elementary,Fales,251260002055,Annie E Fales,2512600,best_match
42.26525,-71.620746,Westborough,MA,99 W Main St,elementary,Armstrong/Mill,251260002056,J Harding Armstrong,2512600,distinctive_token
42.252278,-71.599088,Westborough,MA,23 Piccadilly Way,elementary,Mill Pond,,,,
42.256235,-71.656889,Westborough,MA,9 Carolyn Dr,elementary,Armstrong,251260002056,J Harding Armstrong,2512600,best_match
42.27015,-71.618103,Westborough,MA,14 Boardman St,elementary,Harding Armstrong & Mill Pond,251260002056,J Harding Armstrong,2512600,distinctive_token
42.296704,-71.583234,Westborough,MA,6 Warburton Ln,elementary,Hastings,251260002058,Elsie A Hastings Elementary,2512600,best_match
42.243711,-71.614547,Westborough,MA,3 Olde Meetinghouse Rd,elementary,Fales,251260002055,Annie E Fales,2512600,best_match
42.231622,-71.60349,Westborough,MA,43 Lackey St,elementary,Fales Elementary School,251260002055,Annie E Fales,2512600,distinctive_token
42.237396,-71.620617,Westborough,MA,191 Ruggles St,elementary,Fales/Mill,251260002055,Annie E Fales,2512600,distinctive_token
42.251221,-71.59276,Westborough,MA,45 Piccadilly Way,elementary,Hastings,251260002058,Elsie A Hastings Elementary,2512600,best_match
42.299191,-71.580313,Westborough,MA,15 Walker St,elementary,Hastings,251260002058,Elsie A Hastings Elementary,2512600,best_match
42.297232,-71.586428,Westborough,MA,17 Jacob Amsden Rd,elementary,Hastings,251260002058,Elsie A Hastings Elementary,2512600,best_match
42.24839,-71.63437,Westborough,MA,18 Cortland Dr,elementary,Fales,251260002055,Annie E Fales,2512600,best_match
42.232641,-71.628011,Westborough,MA,4 Quick Farm Rd,elementary,Fales,251260002055,Annie E Fales,2512600,best_match
42.232581,-71.640377,Westborough,MA,2 Eden Cir,elementary,Fales,251260002055,Annie E Fales,2512600,best_match
42.250677,-71.637158,Westborough,MA,14 McTaggart St,elementary,Fales Elm,251260002055,Annie E Fales,2512600,distinctive_token
42.230077,-71.603819,Westborough,MA,51 Lackey St,elementary,Annie Fales,251260002055,Annie E Fales,2512600,best_match
42.251782,-71.624008,Westborough,MA,44 Old Colony Dr,elementary,Fales,251260002055,Annie E Fales,2512600,best_match
42.244421,-71.613237,Westborough,MA,9 Olde Meetinghouse Rd,elementary,Fales,251260002055,Annie E Fales,2512600,best_match
42.230011,-71.600426,Westborough,MA,48 Lackey St,elementary,Hastings,251260002058,Elsie A Hastings Elementary,2512600,best_match
42.271809,-71.657182,Westborough,MA,113 Corning Fairbanks Way Unit 113,elementary,Fales/Millpond,251260002055,Annie E Fales,2512600,distinctive_token
42.271809,-71.657182,Westborough,MA,38 Simeon Howard Way Unit 38,elementary,Fales/Gibbons,251260002055,Annie E Fales,2512600,distinctive_token
42.292377,-71.582554,Westborough,MA,6 Crestview Dr,elementary,Hastings,251260002058,Elsie A Hastings Elementary,2512600,best_match
42.249482,-71.5958,Westborough,MA,7 Grindstone Ct,elementary,Hastings,251260002058,Elsie A Hastings Elementary,2512600,best_match
42.271546,-71.65729,Westborough,MA,59 Townsendblvd Unit 59,elementary,Fales/Millpond,251260002055,Annie E Fales,2512600,distinctive_token
42.271809,-71.657182,Westborough,MA,57 Townsend Blvd Unit 57,elementary,Fales/Millpond,251260002055,Annie E Fales,2512600,distinctive_token
42.271809,-71.657182,Westborough,MA,2106 Simeon Howard Way Unit 2106,elementary,Fales/Millpond,251260002055,Annie E Fales,2512600,distinctive_token
42.096928,-72.724713,Westfield,MA,56 Cardinal Ln,elementary,Munger Hill Elementary School,251263002605,Munger Hill,2512630,best_match
42.14972,-72.736934,Westfield,MA,164 Barbara St,elementary,Southampton Rd Or Per Boe,251263002071,Southampton Road,2512630,distinctive_token
42.099858,-72.730257,Westfield,MA,71 Wildflower Cir,elementary,Munger Hill,251263002605,Munger Hill,2512630,best_match
42.095916,-72.730746,Westfield,MA,210 Steiger Dr,elementary,Munger Hill Elementary School,251263002605,Munger Hill,2512630,best_match
42.114816,-72.707543,Westfield,MA,34 Gloria Dr,elementary,Paper Mill Elementary,251263002606,Paper Mill,2512630,best_match
42.14972,-72.736934,Westfield,MA,164 Barbara St,elementary,Southampton Rd Or Per Boe,251263002071,Southampton Road,2512630,distinctive_token
42.117143,-72.708122,Westfield,MA,69 Rachael Ter,elementary,Paper Mill,251263002606,Paper Mill,2512630,best_match
42.101326,-72.767248,Westfield,MA,8 Patterson St,elementary,Highland,251263002065,Highland,2512630,best_match
42.149815,-72.731301,Westfield,MA,67 Woodside Ter,elementary,Southampton Road,251263002071,Southampton Road,2512630,best_match
42.121697,-72.775804,Westfield,MA,32 Spruce St,elementary,Highland Elementary School,251263002065,Highland,2512630,best_match
42.094212,-72.741893,Westfield,MA,451 Falley Dr,elementary,Munger Hill,251263002605,Munger Hill,2512630,best_match
42.102014,-72.732463,Westfield,MA,42 Gary Dr,elementary,Munger Hill,251263002605,Munger Hill,2512630,best_match
42.139248,-72.764731,Westfield,MA,89 Kane Brothers Cir,elementary,Southampton,251263002071,Southampton Road,2512630,best_match
42.132059,-72.746252,Westfield,MA,9 Montgomery St,elementary,Southampton Road,251263002071,Southampton Road,2512630,best_match
42.118642,-72.757644,Westfield,MA,20 Perkins St,elementary,Westfield Intermediate,,,,
42.580671,-71.478848,Westford,MA,6 Abbot St,elementary,Abbot Elementary,251266000163,Abbot Elementary,2512660,best_match
42.620251,-71.446306,Westford,MA,6 Weetamoo Way,elementary,Normal. Day School (3-5),,,,
42.546839,-71.412416,Westford,MA,91 Carlisle Rd,elementary,Crisafulli-Robinson,,,,
42.592303,-71.444745,Westford,MA,33 Cold Spring Rd,elementary,Abbot Elementary,251266000163,Abbot Elementary,2512660,best_match
42.552868,-71.416957,Westford,MA,58 Carlisle Rd,elementary,John Robinson Ojohn Crisafulli,,,,
42.613218,-71.423058,Westford,MA,12 Hemlock Rd,elementary,Westford,,,,
42.603058,-71.426669,Westford,MA,19 Villanova Dr,elementary,Abbot,251266000163,Abbot Elementary,2512660,best_match
42.60872,-71.411592,Westford,MA,12 Brookside Rd Unit 25,elementary,Nabnasset/Abbot,251266002078,Nabnasset,2512660,best_match
42.611723,-71.464608,Westford,MA,8 Pilgrim Dr Unit A,elementary,Stony Brook,250879002281,Varnum Brook,2508790,distinctive_token
42.612309,-71.43493,Westford,MA,43 Newport Dr,elementary,Nabnasset,251266002078,Nabnasset,2512660,best_match
42.609533,-71.464605,Westford,MA,168 Groton Rd,elementary,Abbot Elementary School,251266000163,Abbot Elementary,2512660,best_match
42.600944,-71.437243,Westford,MA,87 Depot St,elementary,Westford,,,,
42.564773,-71.412615,Westford,MA,27 Southgate Rd Unit 29,elementary,Robinson/Crisafulli,251266002077,Col John Robinson,2512660,slash_split
42.557964,-71.461938,Westford,MA,4 Juneberry Ln,elementary,Rob/Crisfuli,,,,
42.614728,-71.421713,Westford,MA,36 Elm Rd,elementary,Abbot-Nab,251266000163,Abbot Elementary,2512660,distinctive_token
42.633168,-71.433168,Westford,MA,3 Perham Cir,elementary,Norman E. Day,,,,
42.565385,-71.475782,Westford,MA,11 True Bean Way,elementary,Robinson/Crisafulli,251266002077,Col John Robinson,2512660,slash_split
42.606512,-71.441703,Westford,MA,117 Depot St,elementary,Nabnasset/Abbot,251266002078,Nabnasset,2512660,best_match
42.548384,-71.388774,Westford,MA,14 Anne Teresa Way,elementary,Robinson/Crisafulli,251266001737,John A. Crisafulli Elementary School,2512660,distinctive_token
42.603911,-71.41551,Westford,MA,14 Morning Glory Cir,elementary,Abbot,251266000163,Abbot Elementary,2512660,best_match
42.564843,-71.392688,Westford,MA,4 Northview Ave,elementary,Robinson/Cristafulli,251266002077,Col John Robinson,2512660,distinctive_token
42.556733,-71.451726,Westford,MA,12 Minuteman Ln Unit 6,elementary,Robinson/Crisafulli,251266002077,Col John Robinson,2512660,slash_split
42.547239,-71.42813,Westford,MA,16 Preservation Way,elementary,Crisafulli,251266001737,John A. Crisafulli Elementary School,2512660,best_match
42.528493,-71.423172,Westford,MA,3 Sydney Ln,elementary,Robinson/Crisafulli,251266002077,Col John Robinson,2512660,slash_split
42.621202,-71.432793,Westford,MA,427 Groton Rd,elementary,Nabnasset Elementary,251266002078,Nabnasset,2512660,best_match
42.608379,-71.415168,Westford,MA,10 Lucille Ave,elementary,Nab/ Abbott,,,,
42.549874,-71.417239,Westford,MA,252 Concord Rd Lot 3A,elementary,John A. Crisafulli Elementary,251266001737,John A. Crisafulli Elementary School,2512660,best_match
42.548446,-71.407665,Westford,MA,5 Overlook Cir,elementary,"Robinson, Crisafulli",,,,
42.564582,-71.446536,Westford,MA,40 Monadnock Dr Unit 40,elementary,Robinson/Crisafulli,251266002077,Col John Robinson,2512660,slash_split
42.575266,-71.445235,Westford,MA,3 Notch Dr,elementary,John A. Crisafulli,251266001737,John A. Crisafulli Elementary School,2512660,best_match
42.610451,-71.457041,Westford,MA,100 Nutting Rd Unit A3,elementary,Miller/Day,251266001740,Rita E. Miller Elementary School,2512660,distinctive_token
42.582446,-71.44504,Westford,MA,11 Graniteville Rd,elementary,Abbott/Nabnasset,251266002078,Nabnasset,2512660,best_match
42.594497,-71.464367,Westford,MA,55 Broadway St,elementary,Westford,,,,
42.580626,-71.489226,Westford,MA,28 W Prescott St,elementary,Norman E Day School,,,,
42.597583,-71.405972,Westford,MA,2 Bartlett Rd,elementary,Abbot & Nabnasset,251266002078,Nabnasset,2512660,best_match
42.616013,-71.45799,Westford,MA,16 St Paul Ln Lot 20,elementary,Day Miller,251266001740,Rita E. Miller Elementary School,2512660,distinctive_token
42.549215,-71.396834,Westford,MA,6 Colonial Dr,elementary,Robinson/Crisafulli,251266002077,Col John Robinson,2512660,slash_split
42.592724,-71.429997,Westford,MA,9 Boxwood Rd,elementary,Nabnasset,251266002078,Nabnasset,2512660,best_match
42.59396,-71.410194,Westford,MA,164 Main St Unit A,elementary,Abbot,251266000163,Abbot Elementary,2512660,best_match
42.563179,-71.462248,Westford,MA,13 Howard Rd,elementary,Robinson/Crisafulli,251266002077,Col John Robinson,2512660,slash_split
42.583157,-71.43739,Westford,MA,62 Main St,elementary,Nab/Abbot,251266000163,Abbot Elementary,2512660,distinctive_token
42.586574,-71.444234,Westford,MA,19 Bradley Ln Unit 19,elementary,Nabnasset/Abbot,251266002078,Nabnasset,2512660,best_match
42.59396,-71.410194,Westford,MA,164 Main St Unit B,elementary,Abbot,251266000163,Abbot Elementary,2512660,best_match
42.527526,-71.424548,Westford,MA,Durkee Ln Lot A2,elementary,Westford,,,,
42.57627,-71.455533,Westford,MA,6 Colonel Rolls Dr,elementary,Robin & Crisaf,,,,
42.613109,-71.416448,Westford,MA,1 Myrtle Ave,elementary,Nabnasset,251266002078,Nabnasset,2512660,best_match
42.61679,-71.447496,Westford,MA,9 Butternut Rd,elementary,"Miller, Day",251266001740,Rita E. Miller Elementary School,2512660,distinctive_token
42.594083,-71.410198,Westford,MA,164 Main St Unit 2,elementary,Abbot Elementary School,251266000163,Abbot Elementary,2512660,best_match
42.629678,-71.430938,Westford,MA,22 Briarwood Dr,elementary,"Miller, Day",251266001740,Rita E. Miller Elementary School,2512660,distinctive_token
42.570326,-71.457422,Westford,MA,1 Hutchins Way,elementary,Robinson/Crisafuli,251266002077,Col John Robinson,2512660,distinctive_token
42.611502,-71.444571,Westford,MA,16 Shipley Cir,elementary,Rita E. Miller,251266001740,Rita E. Miller Elementary School,2512660,best_match
42.599311,-71.407347,Westford,MA,10 Baldwin Rd,elementary,Nab/Abbot,251266000163,Abbot Elementary,2512660,distinctive_token
42.603925,-71.404485,Westford,MA,14 Frances Hill Rd,elementary,John A. Crisafulli Elementary,251266001737,John A. Crisafulli Elementary School,2512660,best_match
42.280146,-72.790997,Westhampton,MA,302 Main Rd,elementary,Westhampton Elem.,251269002083,Westhampton Elementary School,2512690,best_match
42.335206,-72.741228,Westhampton,MA,12 Chesterfield Rd,elementary,Westhampton Elem,251269002083,Westhampton Elementary School,2512690,best_match
42.538647,-71.965984,Westminster,MA,17 Whitney St,elementary,Westminster Elementary,250204002367,Westminster Elementary,2502040,best_match
42.528723,-71.873809,Westminster,MA,6 Winters Dr,elementary,Meetinghouse/Westminster Elem.,250204000397,Meetinghouse School,2502040,slash_split
42.542486,-71.924948,Westminster,MA,25 Ellis Rd,elementary,Westminster Elem,250204002367,Westminster Elementary,2502040,best_match
42.57044,-71.876198,Westminster,MA,22 Woodland Dr,elementary,Meetinghouse/Westminster Elem,250204000397,Meetinghouse School,2502040,slash_split
42.553249,-71.883146,Westminster,MA,7 Old Mill Cir,elementary,Meetinghouse,250204000397,Meetinghouse School,2502040,best_match
42.567728,-71.875882,Westminster,MA,10 Woodland Dr,elementary,Meetinghouse/Westminster Elem,250204000397,Meetinghouse School,2502040,slash_split
42.547088,-71.921172,Westminster,MA,2 Elm St,elementary,Westminster Elementary,250204002367,Westminster Elementary,2502040,best_match
42.534522,-71.898068,Westminster,MA,23 Hager Park Rd,elementary,Meetinghouse Wes,250204000397,Meetinghouse School,2502040,best_match
42.562827,-71.868023,Westminster,MA,16 W Hill Dr Unit B,elementary,Westminster Elementary,250204002367,Westminster Elementary,2502040,best_match
42.538468,-71.88468,Westminster,MA,13 Linda Connor Dr Unit The,elementary,Meetinghouse,250204000397,Meetinghouse School,2502040,best_match
42.556044,-71.943391,Westminster,MA,29 Shady Ave,elementary,"Meetinghouse, Westminster",250204000397,Meetinghouse School,2502040,best_match
42.545676,-71.920157,Westminster,MA,5 Ripley Rd,elementary,Mhs/Wes,,,,
42.519646,-71.954912,Westminster,MA,19 Lighthouse Ln,elementary,Meetinghouse School,250204000397,Meetinghouse School,2502040,best_match
42.5783,-71.910393,Westminster,MA,62A E Gardner Rd,elementary,Westminster Elementary,250204002367,Westminster Elementary,2502040,best_match
42.544563,-71.908142,Westminster,MA,2 Seaver St,elementary,Meetinghouse/Westminster Elem.,250204002367,Westminster Elementary,2502040,distinctive_token
42.568465,-71.901522,Westminster,MA,5 Blueberry Hill Ln,elementary,Mhs/Wes,,,,
42.517975,-71.887785,Westminster,MA,226 Worcester Rd Unit A,elementary,Meetinghouse,250204000397,Meetinghouse School,2502040,best_match
42.530804,-71.883186,Westminster,MA,34 Edro Isle Rd Unit 36,elementary,Westminster,250204002367,Westminster Elementary,2502040,best_match
42.538468,-71.88468,Westminster,MA,3 Linda Dr,elementary,Meetinghouse,250204000397,Meetinghouse School,2502040,best_match
42.53831,-71.914242,Westminster,MA,73 Carter Rd,elementary,Westminster Elementary,250204002367,Westminster Elementary,2502040,best_match
42.549327,-71.91599,Westminster,MA,7 Brooks Ave,elementary,Meetinghouse,250204000397,Meetinghouse School,2502040,best_match
42.56394,-71.93354,Westminster,MA,57 Sargent Rd,elementary,Westminster Elementary School,250204002367,Westminster Elementary,2502040,best_match
42.549837,-71.957301,Westminster,MA,Park St Lot 8,elementary,Meetinghouse,250204000397,Meetinghouse School,2502040,best_match
42.603841,-71.869937,Westminster,MA,261 Bean Porridge Hill Rd,elementary,Meetinghouse,250204000397,Meetinghouse School,2502040,best_match
42.543682,-71.908044,Westminster,MA,17 Leominster St,elementary,Meetinghouse,250204000397,Meetinghouse School,2502040,best_match
42.543058,-71.921115,Westminster,MA,Knower Rd Lot 9,elementary,Westminster Elementary School,250204002367,Westminster Elementary,2502040,best_match
42.552235,-71.88987,Westminster,MA,22 Newcomb Rd Lot 1,elementary,Westminster Elementary,250204002367,Westminster Elementary,2502040,best_match
42.517975,-71.887785,Westminster,MA,226 Worcester Rd Unit A,elementary,Meetinghouse,250204000397,Meetinghouse School,2502040,best_match
42.363408,-71.286786,Weston,MA,50 Winsor Way,elementary,Weston Elem,,,,
42.3949,-71.311333,Weston,MA,46 Black Burnian Rd,elementary,Weston,,,,
42.398121,-71.299932,Weston,MA,325 Merriam St,elementary,Weston,,,,
42.369751,-71.310316,Weston,MA,16 Jericho Rd Unit 16,elementary,Woodland Country,251275002089,Woodland,2512750,embedding
42.373377,-71.291162,Weston,MA,44 Old Rd,elementary,"Woodland, Country And Field",,,,
42.385214,-71.291639,Weston,MA,81 Brook Rd,elementary,Weston,,,,
42.389648,-71.322922,Weston,MA,448 and 454 Concord Rd,elementary,"Woodland, Country, Field",251275002089,Woodland,2512750,embedding
42.369631,-71.312665,Weston,MA,43 Jericho Rd Unit 43,elementary,Weston Elem,,,,
42.333194,-71.284256,Weston,MA,67 Byron Rd,elementary,Weston Elem,,,,
42.341735,-71.291343,Weston,MA,24 Trailside Rd,elementary,Country/Woodland,251275002085,Country,2512750,slash_split
42.344386,-71.321022,Weston,MA,5 Deer Path Ln,elementary,Weston Elementary School,,,,
42.387876,-71.305126,Weston,MA,26 Arrowhead Rd,elementary,Weston,,,,
42.34996,-71.270965,Weston,MA,44 Meadowbrook Rd,elementary,Woodland/Country/Field,251275002089,Woodland,2512750,slash_split
42.385214,-71.291639,Weston,MA,81 Brook Rd Unit 81,elementary,Weston,,,,
42.358924,-71.310063,Weston,MA,10 Chandler Cir,elementary,Weston Elementary,,,,
42.381977,-71.279488,Weston,MA,29 Page Rd,elementary,Weston,,,,
42.339469,-71.30773,Weston,MA,451 Wellesley St,elementary,Field Elementary School,,,,
42.358051,-71.298805,Weston,MA,131 Wellesley St,elementary,Weston,,,,
42.357792,-71.299591,Weston,MA,133 Wellesley St,elementary,Weston,,,,
42.365249,-71.311173,Weston,MA,678 Boston Post Rd,elementary,Weston,,,,
42.385994,-71.301731,Weston,MA,47 Bakers Hill Rd,elementary,Woodland Country,251275002089,Woodland,2512750,embedding
42.327938,-71.320319,Weston,MA,242 Winter St,elementary,Weston,,,,
42.368603,-71.283028,Weston,MA,11 Hillcrest Rd,elementary,Weston,,,,
42.392725,-71.282611,Weston,MA,11 Winthrop Cir,elementary,Weston,,,,
42.377613,-71.278593,Weston,MA,40 Hobbs Brook Rd,elementary,Woodland/Country/Field,251275002089,Woodland,2512750,slash_split
42.400287,-71.304293,Weston,MA,23 Stony Brook Rd,elementary,Weston,,,,
42.386472,-71.306136,Weston,MA,10 Bakers Hill Rd,elementary,Country/Woodland/Field,251275002085,Country,2512750,slash_split
42.393675,-71.288988,Weston,MA,39 Kings Grant Rd,elementary,Country Es / Field School,251275002085,Country,2512750,best_match
42.347253,-71.330155,Weston,MA,231 Westerly Rd,elementary,Weston Public,251200002863,Waltham Public Schools Dual Language Program,2512000,distinctive_token
42.337498,-71.3094,Weston,MA,15 Brown St,elementary,Woodland/Country/Field,251275002089,Woodland,2512750,slash_split
42.370733,-71.29397,Weston,MA,39 Church St Unit 39,elementary,Weston Grade School,,,,
42.365557,-71.287693,Weston,MA,9 Skating Pond Rd,elementary,Weston,,,,
42.376674,-71.283101,Weston,MA,10 Hitching Post Ln,elementary,Weston,,,,
42.357322,-71.299394,Weston,MA,135 Wellesley St,elementary,Weston,,,,
42.359633,-71.320541,Weston,MA,25 Livermore Ln Unit 25,elementary,Weston,,,,
42.3503,-71.275147,Weston,MA,80 Doublet Hill Rd,elementary,Weston,,,,
42.367056,-71.276752,Weston,MA,5 Summer St,elementary,Weston,,,,
42.390198,-71.303406,Weston,MA,21 Bemis St,elementary,Weston,,,,
42.364665,-71.296001,Weston,MA,37 School St,elementary,Weston,,,,
42.362156,-71.27372,Weston,MA,1 Graystone Ln,elementary,Weston,,,,
42.355332,-71.328098,Weston,MA,21 Westerly Rd,elementary,Weston,,,,
42.36001,-71.274666,Weston,MA,105 Summer St,elementary,Country/Woodland/ Field,251275002085,Country,2512750,slash_split
42.328675,-71.308133,Weston,MA,568 Wellesley St,elementary,Woodland/Field,251275002089,Woodland,2512750,best_match
42.385508,-71.298311,Weston,MA,14 October Ln,elementary,Country Day,251275002085,Country,2512750,best_match
42.353263,-71.283311,Weston,MA,70 Possum Rd,elementary,Weston Elm,,,,
42.356739,-71.308523,Weston,MA,6 Baldwin Cir,elementary,Weston,,,,
42.364346,-71.284228,Weston,MA,32 Perry Ln,elementary,Weston,,,,
42.335051,-71.325606,Weston,MA,64 Country Dr,elementary,Woodland/Country/Field,251275002089,Woodland,2512750,slash_split
42.337783,-71.328757,Weston,MA,172 Country Dr,elementary,Weston,,,,
42.374002,-71.291129,Weston,MA,20 Old Rd,elementary,Weston,,,,
41.60177,-71.114677,Westport,MA,455 Sodom Rd,elementary,Westport Elementary School,251278002092,Westport Elementary,2512780,best_match
41.549752,-71.039481,Westport,MA,442 Horseneck Rd,elementary,Westport Community Schools,251278002092,Westport Elementary,2512780,distinctive_token
41.620199,-71.052184,Westport,MA,602 Old County Rd,elementary,Alice A. Macomber,251278002090,Alice A Macomber,2512780,best_match
41.625916,-71.127774,Westport,MA,54 Robert St,elementary,Alice A. Macomber,251278002090,Alice A Macomber,2512780,best_match
41.503712,-71.109723,Westport,MA,3 Richmond Pond Ln,elementary,Westport Elementary,,,,
41.609298,-71.049856,Westport,MA,178 Pine Hill Rd,elementary,Westport Elementary,251278002092,Westport Elementary,2512780,best_match
41.545716,-71.090659,Westport,MA,1455 Main Rd,elementary,Macomber / Wes,251278002090,Alice A Macomber,2512780,distinctive_token
41.50486,-71.120788,Westport,MA,5 Ellsworth Dr,elementary,Westport,,,,
42.202684,-71.247813,Westwood,MA,45 Blueberry Ln,elementary,Sheehan,251281002101,William E Sheehan,2512810,best_match
42.216207,-71.223381,Westwood,MA,39 Fisher St,elementary,Martha Jones School,251281002098,Martha Jones,2512810,best_match
42.211124,-71.240757,Westwood,MA,18 Crystal Hill Ter,elementary,Sheehan Elem K-5,251281002101,William E Sheehan,2512810,distinctive_token
42.189811,-71.23292,Westwood,MA,485 Oak St,elementary,Martha Jones,251281002098,Martha Jones,2512810,best_match
42.236458,-71.221932,Westwood,MA,78 Lorraine Rd,elementary,Pine Hill Es,251071001709,Pine Hill,2510710,best_match
42.210067,-71.156938,Westwood,MA,10 Peartree Dr,elementary,Downey,251281002096,Downey,2512810,best_match
42.222351,-71.165781,Westwood,MA,12 Westwood Ter,elementary,Downey,251281002096,Downey,2512810,best_match
42.226572,-71.23414,Westwood,MA,110 Rockmeadow Rd,elementary,Pine Hill School,251071001709,Pine Hill,2510710,best_match
42.238191,-71.224735,Westwood,MA,18 Longmeadow Dr,elementary,Pine Hill,251071001709,Pine Hill,2510710,best_match
42.215539,-71.171949,Westwood,MA,68 Phillips Brooks Rd,elementary,Downey,251281002096,Downey,2512810,best_match
42.241133,-71.218293,Westwood,MA,111 Summer St,elementary,Pine Hill,251071001709,Pine Hill,2510710,best_match
42.203696,-71.22006,Westwood,MA,11 Briarwood Dr,elementary,Martha Jones Elementary,251281002098,Martha Jones,2512810,best_match
42.207379,-71.149429,Westwood,MA,120 University Ave Unit 2308,elementary,Downey,251281002096,Downey,2512810,best_match
42.227781,-71.232322,Westwood,MA,10 Rockmeadow Rd,elementary,Pine Hill,251071001709,Pine Hill,2510710,best_match
42.226293,-71.186034,Westwood,MA,76 Washington St,elementary,Pineridge Elementary,,,,
42.22108,-71.187087,Westwood,MA,12 Dean Ave,elementary,Pine Hill School,,,,
42.219092,-71.233028,Westwood,MA,9 Wessex Dr,elementary,Sheehan,251281002101,William E Sheehan,2512810,best_match
42.225567,-71.218654,Westwood,MA,43 Deerfield Ave,elementary,Pine Hill,251071001709,Pine Hill,2510710,best_match
42.220028,-71.178822,Westwood,MA,290 East St,elementary,Downey,251281002096,Downey,2512810,best_match
42.24603,-71.214809,Westwood,MA,157 Grove St,elementary,Deerfield,251281000794,Deerfield School,2512810,best_match
42.231231,-71.191527,Westwood,MA,3 Cardinal Dr,elementary,Pine Hill,,,,
42.224722,-71.222106,Westwood,MA,13-15 Gay St,elementary,Pine Hill Elementary,251071001709,Pine Hill,2510710,best_match
42.221917,-71.187228,Westwood,MA,202 Washington St,elementary,Pine Hill,,,,
42.214062,-71.153377,Westwood,MA,350 Blue Hill Dr,elementary,Downey Elem,251281002096,Downey,2512810,best_match
42.238425,-71.225879,Westwood,MA,20 Longmeadow Dr,elementary,Pine Hill,251071001709,Pine Hill,2510710,best_match
42.222119,-71.231488,Westwood,MA,17 Lancaster Dr,elementary,Sheehan Es,251281002101,William E Sheehan,2512810,distinctive_token
42.229378,-71.220519,Westwood,MA,548 High St,elementary,Pine Hills,251071001709,Pine Hill,2510710,distinctive_token
42.211207,-71.224379,Westwood,MA,90 Willow St,elementary,Martha Jones,251281002098,Martha Jones,2512810,best_match
42.228396,-71.224432,Westwood,MA,42 Birchtree Dr,elementary,Pine Hill,251071001709,Pine Hill,2510710,best_match
42.224812,-71.231217,Westwood,MA,37 Salisbury Dr,elementary,Sheehan,251281002101,William E Sheehan,2512810,best_match
42.20697,-71.165821,Westwood,MA,501 Canton St,elementary,Downey,251281002096,Downey,2512810,best_match
42.215229,-71.159913,Westwood,MA,243 Weatherbee Dr,elementary,Downey,251281002096,Downey,2512810,best_match
42.21673,-71.229965,Westwood,MA,94 Mayfair Dr,elementary,Sheehan,251281002101,William E Sheehan,2512810,best_match
42.218122,-71.189115,Westwood,MA,59 Beacon St Unit 59,elementary,Pine Hill Es,,,,
42.227065,-71.241478,Westwood,MA,604 Dover Rd,elementary,Sheehan/Pine Hill,251281002101,William E Sheehan,2512810,distinctive_token
42.216046,-71.165108,Westwood,MA,58 Weatherbee Dr,elementary,Downey,251281002096,Downey,2512810,best_match
41.734789,-70.732506,Weweantic,MA,Cromesett Rd,elementary,Wareham,251206001989,Wareham Elementary School,2512060,best_match
42.177362,-70.922737,Weymouth Town,MA,35 Rustic Dr,elementary,Ralph Talbot,251284002116,Ralph Talbot,2512840,best_match
42.1789,-70.92979,Weymouth Town,MA,407 Ralph Talbot St,elementary,Ralph Talbot,251284002116,Ralph Talbot,2512840,best_match
42.213386,-70.953171,Weymouth Town,MA,81 Meredith Way,elementary,William Seach School,251284002125,William Seach,2512840,best_match
42.16948,-70.943409,Weymouth Town,MA,68 White St,elementary,Hamilton,251284002120,Thomas W. Hamilton Primary School,2512840,best_match
42.173996,-70.948746,Weymouth Town,MA,46 Union St Apt 3,elementary,Ralph Talbot School,251284002116,Ralph Talbot,2512840,best_match
42.217306,-70.953496,Weymouth Town,MA,6 Bell Rd,elementary,Academy Ave Primary,251284002120,Thomas W. Hamilton Primary School,2512840,distinctive_token
42.222493,-70.947066,Weymouth Town,MA,125 Jaffrey St,elementary,Academy Avenue,251284002103,Academy Avenue,2512840,best_match
42.188888,-70.952889,Weymouth Town,MA,12 Griffin Ter,elementary,William Seach,251284002125,William Seach,2512840,best_match
42.233106,-70.93432,Weymouth Town,MA,105 Liberty Bell Cir,elementary,Wessagussett,251284002122,Wessagusset,2512840,embedding
42.25642,-70.924766,Weymouth Town,MA,54 Broad Reach Unit 104,elementary,Wessagusett,251284002122,Wessagusset,2512840,embedding
42.175024,-70.949661,Weymouth Town,MA,140 Pleasant St,elementary,Contact Wps,,,,
42.153353,-70.958484,Weymouth Town,MA,45 Cobblestone Ln,elementary,Hamilton,251284002120,Thomas W. Hamilton Primary School,2512840,best_match
42.178717,-70.940941,Weymouth Town,MA,50 Weyfair Path,elementary,Ralph Talbot,251284002116,Ralph Talbot,2512840,best_match
42.212814,-70.928194,Weymouth Town,MA,40 Lake St,elementary,Lawrence W Pingree,251284002114,Lawrence W Pingree,2512840,best_match
42.178573,-70.96274,Weymouth Town,MA,169 Park Ave W,elementary,Ralph Talbot,251284002116,Ralph Talbot,2512840,best_match
42.239836,-70.953754,Weymouth Town,MA,52 Wachusett Rd,elementary,Wessagusett Elementary School,251284002122,Wessagusset,2512840,embedding
42.24657,-70.948305,Weymouth Town,MA,67 Wituwamat Rd,elementary,Wessagusset Elementary,251284002122,Wessagusset,2512840,best_match
42.215555,-70.967439,Weymouth Town,MA,12 Franklin St,elementary,Frederick C Murphy Elementary,251284002565,Frederick C Murphy,2512840,best_match
42.247474,-70.949647,Weymouth Town,MA,29 Wituwamat Rd,elementary,Wessagussett,251284002122,Wessagusset,2512840,embedding
42.21339,-70.957495,Weymouth Town,MA,80 Kensington Rd,elementary,Murphy,251284002565,Frederick C Murphy,2512840,best_match
42.235141,-70.935441,Weymouth Town,MA,25 Julia Rd,elementary,Wessagussett,251284002122,Wessagusset,2512840,embedding
42.177626,-70.94085,Weymouth Town,MA,270 Park Ave,elementary,Ralph Talbot,251284002116,Ralph Talbot,2512840,best_match
42.247131,-70.94974,Weymouth Town,MA,81 Wessagussett Rd,elementary,Wessagusset Elementary,251284002122,Wessagusset,2512840,best_match
42.194878,-70.950681,Weymouth Town,MA,7 Tara Dr Unit 7,elementary,William Seach,251284002125,William Seach,2512840,best_match
42.171004,-70.925659,Weymouth Town,MA,27 Tilden Cir,elementary,Ralph Talbot,251284002116,Ralph Talbot,2512840,best_match
42.213586,-70.918834,Weymouth Town,MA,111 Hawthorne St,elementary,Pingree,251284002114,Lawrence W Pingree,2512840,best_match
42.15606,-70.949225,Weymouth Town,MA,110 Trotter Rd Unit 2412,elementary,Hamilton,251284002120,Thomas W. Hamilton Primary School,2512840,best_match
42.188319,-70.952537,Weymouth Town,MA,30 Old Quarry Dr Unit 30,elementary,William Seach Elementary,251284002125,William Seach,2512840,best_match
42.203568,-70.962518,Weymouth Town,MA,64 Browning St,elementary,Murphy,251284002565,Frederick C Murphy,2512840,best_match
42.205397,-70.970544,Weymouth Town,MA,82 Lester Ln,elementary,Murphy,251284002565,Frederick C Murphy,2512840,best_match
42.169365,-70.958776,Weymouth Town,MA,30 Whitcomb Ter,elementary,Nash,251284000509,Thomas V Nash,2512840,best_match
42.223564,-70.955837,Weymouth Town,MA,43 Harding Ave,elementary,Academy Ave,251284002103,Academy Avenue,2512840,distinctive_token
42.244819,-70.950406,Weymouth Town,MA,35 Manomet Rd,elementary,Wessagusset,251284002122,Wessagusset,2512840,best_match
42.21183,-70.925166,Weymouth Town,MA,19 Riley Ave,elementary,Lawrence W Pingree Elementary,251284002114,Lawrence W Pingree,2512840,best_match
42.207039,-70.953857,Weymouth Town,MA,5 Tara Dr Unit 5,elementary,William Seach,251284002125,William Seach,2512840,best_match
42.438022,-72.648735,Whately,MA,92 Masterson Rd,elementary,Whately Elementary,251287002126,Whately Elementary,2512870,best_match
42.425393,-72.622528,Whately,MA,79 State Rd,elementary,Whately Elementary,251287002126,Whately Elementary,2512870,best_match
41.793515,-70.636788,White Island Shores,MA,100 Park Ave,elementary,Wareham Elementary,251206001989,Wareham Elementary School,2512060,best_match
41.795582,-70.63644,White Island Shores,MA,137 Lake Ave,elementary,Wareham Elementary,251206001989,Wareham Elementary School,2512060,best_match
42.115218,-71.669067,Whitinsville,MA,195 Hill St,elementary,Balmer,,,,
42.124572,-71.674869,Whitinsville,MA,30 Gill Ct,elementary,Northbridge,250894001447,Northbridge Elementary School,2508940,best_match
42.108089,-71.696776,Whitinsville,MA,923 Main St,elementary,Whitinsville Christin School,,,,
42.121154,-71.685826,Whitinsville,MA,413 Goldthwaite Rd,elementary,Northbridge,250894001447,Northbridge Elementary School,2508940,best_match
42.102925,-71.647495,Whitinsville,MA,182 Heritage Dr Unit 182,elementary,Northbridge,250894001447,Northbridge Elementary School,2508940,best_match
42.109593,-71.661716,Whitinsville,MA,66 Linwood Ave,elementary,Northbridge/W Edward Balmer,250894001447,Northbridge Elementary School,2508940,distinctive_token
42.112515,-71.66964,Whitinsville,MA,68 High St,elementary,Northbridge,250894001447,Northbridge Elementary School,2508940,best_match
42.128798,-71.676358,Whitinsville,MA,150 Samuel Dr,elementary,Northbridge Elementary School,250894001447,Northbridge Elementary School,2508940,best_match
42.080694,-70.941455,Whitman,MA,113 Temple St,elementary,Conley,251293000190,Louise A Conley,2512930,best_match
42.07984,-70.933295,Whitman,MA,48 Day St,elementary,Duval,251293000200,John H Duval,2512930,best_match
42.094373,-70.945731,Whitman,MA,1121 Washington St,elementary,John H. Duval,251293000200,John H Duval,2512930,best_match
42.085218,-70.939196,Whitman,MA,751 Washington St,elementary,Duval,251293000200,John H Duval,2512930,best_match
42.089341,-70.922436,Whitman,MA,38 Carleton St,elementary,John H. Durval Elementary,251293000200,John H Duval,2512930,distinctive_token
42.073485,-70.941511,Whitman,MA,87 Burton Ave,elementary,Conley,251293000190,Louise A Conley,2512930,best_match
42.082886,-70.929688,Whitman,MA,218-220 Whitman Ave,elementary,John H Duval,251293000200,John H Duval,2512930,best_match
42.11688,-72.468883,Wilbraham,MA,544 Springfield St,elementary,Stony Hill,250573001464,Stony Hill School,2505730,best_match
42.138488,-72.4121,Wilbraham,MA,8 Chestnut Hill Rd,elementary,Stony Hill,250573001464,Stony Hill School,2505730,best_match
42.158419,-72.400651,Wilbraham,MA,9 Pine Dr,elementary,Hampden-Wilbraham Regional,,,,
42.131839,-72.409036,Wilbraham,MA,2 Highview Cir,elementary,"Mile Tree,Stony Hill, Soule Rd",250573001464,Stony Hill School,2505730,best_match
42.124699,-72.47682,Wilbraham,MA,20 Shirley St,elementary,Stony Hill School,250573001464,Stony Hill School,2505730,best_match
42.145727,-72.436119,Wilbraham,MA,35 Lake Dr,elementary,Stony/Soule,250573001464,Stony Hill School,2505730,distinctive_token
42.145643,-72.455095,Wilbraham,MA,27 Linwood Dr,elementary,Mile Tree/Stony Hill/Soule Rd,250573001464,Stony Hill School,2505730,best_match
42.11969,-72.429735,Wilbraham,MA,6 Brookmont Dr,elementary,Stony Hill,250573001464,Stony Hill School,2505730,best_match
42.383939,-72.830423,Williamsburg,MA,3 Stage Rd,elementary,New Hingham,250001401275,New Hingham Regional Elementary,2500014,best_match
42.404829,-72.693468,Williamsburg,MA,63 Adams Rd,elementary,Williamsburg Ele,,,,
42.373464,-72.731379,Williamsburg,MA,81 South St,elementary,Anne T Dunphy,251299002767,Anne T. Dunphy School,2512990,best_match
42.400793,-72.746093,Williamsburg,MA,35 Goshen Rd,elementary,Anne T. Dunphy,251299002767,Anne T. Dunphy School,2512990,best_match
42.425224,-72.749034,Williamsburg,MA,26 Briar Hill Rd,elementary,Anne T Dunphy,251299002767,Anne T. Dunphy School,2512990,best_match
42.377686,-72.67392,Williamsburg,MA,37 N Farms Rd,elementary,Anne T Dunphy,251299002767,Anne T. Dunphy School,2512990,best_match
42.682515,-73.247722,Williamstown,MA,365 Oblong Rd,elementary,Williamstown,250816002899,Williamstown Elementary,2508160,best_match
42.712853,-73.190985,Williamstown,MA,124 Elm St,elementary,Williamstown,250816002899,Williamstown Elementary,2508160,best_match
42.714398,-73.222113,Williamstown,MA,1385 Main St,elementary,Williamstown,250816002899,Williamstown Elementary,2508160,best_match
42.701879,-73.180943,Williamstown,MA,132 Main St,elementary,Williamstown,250816002899,Williamstown Elementary,2508160,best_match
42.660219,-73.24303,Williamstown,MA,33 Hancock Rd,elementary,Williamstown,250816002899,Williamstown Elementary,2508160,best_match
42.698547,-73.194153,Williamstown,MA,16 Windflower Way Unit 16,elementary,Williamstown,250816002899,Williamstown Elementary,2508160,best_match
42.712503,-73.196714,Williamstown,MA,53 Cole Ave,elementary,Williamstown,250816002899,Williamstown Elementary,2508160,best_match
42.660391,-73.248663,Williamstown,MA,179 Sloan Rd,elementary,Williamstown Elementary School,250816002899,Williamstown Elementary,2508160,best_match
42.695506,-73.205905,Williamstown,MA,153 Gale Rd,elementary,Williamstown,250816002899,Williamstown Elementary,2508160,best_match
42.698963,-73.194061,Williamstown,MA,46 Lower Windflower Way,elementary,Williamstown,250816002899,Williamstown Elementary,2508160,best_match
42.739748,-73.208998,Williamstown,MA,1030 Simonds Rd,elementary,Williamstown,250816002899,Williamstown Elementary,2508160,best_match
42.727939,-73.193205,Williamstown,MA,46 Summer St,elementary,Williamstown,250816002899,Williamstown Elementary,2508160,best_match
42.698238,-73.195061,Williamstown,MA,34 Thistle Path,elementary,Williamstown,250816002899,Williamstown Elementary,2508160,best_match
42.739309,-73.209794,Williamstown,MA,1020 Simonds Rd,elementary,Williamstown,250816002899,Williamstown Elementary,2508160,best_match
42.706432,-73.19912,Williamstown,MA,8 River Run Rd,elementary,Williamstown,250816002899,Williamstown Elementary,2508160,best_match
42.722277,-73.218123,Williamstown,MA,294 Bulkley St,elementary,Williamstown,250816002899,Williamstown Elementary,2508160,best_match
42.696947,-73.206954,Williamstown,MA,214 Gale Rd,elementary,Williamstown,250816002899,Williamstown Elementary,2508160,best_match
42.659908,-73.241486,Williamstown,MA,25 and 29 New Ashford Rd,elementary,Williamstown,250816002899,Williamstown Elementary,2508160,best_match
42.732025,-73.195646,Williamstown,MA,132 White Oaks Rd,elementary,Williamstown,250816002899,Williamstown Elementary,2508160,best_match
42.660391,-73.248663,Williamstown,MA,179 Sloan Rd,elementary,Williamstown,250816002899,Williamstown Elementary,2508160,best_match
42.709402,-73.178241,Williamstown,MA,120 N Hoosac Rd,elementary,Williamstown,250816002899,Williamstown Elementary,2508160,best_match
42.730053,-73.194828,Williamstown,MA,54 Charles St,elementary,Williamstown,250816002899,Williamstown Elementary,2508160,best_match
42.715393,-73.219968,Williamstown,MA,1345 Main St,elementary,Williamstown,250816002899,Williamstown Elementary,2508160,best_match
42.710479,-73.19549,Williamstown,MA,660 Main St,elementary,Williamstown,250816002899,Williamstown Elementary,2508160,best_match
42.699963,-73.192848,Williamstown,MA,189 Stratton Rd Apt C4,elementary,Williamstown,250816002899,Williamstown Elementary,2508160,best_match
42.683465,-73.244433,Williamstown,MA,324 Oblong Rd,elementary,Williamstown,250816002899,Williamstown Elementary,2508160,best_match
42.67815,-73.219978,Williamstown,MA,1539 Green River Rd Unit 2,elementary,Williamstown,250816002899,Williamstown Elementary,2508160,best_match
42.706898,-73.200495,Williamstown,MA,160 Water St Apt 109,elementary,Williamstown,250816002899,Williamstown Elementary,2508160,best_match
42.706608,-73.200226,Williamstown,MA,160 Water St Apt 203,elementary,Williamstown,250816002899,Williamstown Elementary,2508160,best_match
42.716131,-73.20547,Williamstown,MA,111 Park St,elementary,Williamstown,250816002899,Williamstown Elementary,2508160,best_match
42.730053,-73.194828,Williamstown,MA,54 Charles St,elementary,Williamstown,250816002899,Williamstown Elementary,2508160,best_match
42.706608,-73.200226,Williamstown,MA,160 Water St Apt 203,elementary,Williamstown,250816002899,Williamstown Elementary,2508160,best_match
42.706898,-73.200495,Williamstown,MA,160 Water St Apt 109,elementary,Williamstown,250816002899,Williamstown Elementary,2508160,best_match
42.643122,-73.27065,Williamstown,MA,Hancock Rd Lot 3,elementary,Williamstown,250816002899,Williamstown Elementary,2508160,best_match
42.706608,-73.200226,Williamstown,MA,160 Water St Apt 115,elementary,Williamstown,250816002899,Williamstown Elementary,2508160,best_match
42.679143,-73.233312,Williamstown,MA,1460 Cold Spring Rd,elementary,Williamstown,250816002899,Williamstown Elementary,2508160,best_match
42.679143,-73.233312,Williamstown,MA,1460 Cold Spring Rd,elementary,W'town Elem,250816002899,Williamstown Elementary,2508160,distinctive_token
42.706432,-73.19912,Williamstown,MA,8 River Run Rd Unit 8,elementary,Williamstown,250816002899,Williamstown Elementary,2508160,best_match
42.706608,-73.200226,Williamstown,MA,160 Water St Apt 115,elementary,Williamstown,250816002899,Williamstown Elementary,2508160,best_match
42.706608,-73.200226,Williamstown,MA,160 Water St Apt 112,elementary,Williamstown,250816002899,Williamstown Elementary,2508160,best_match
42.744077,-73.172691,Williamstown,MA,924 Henderson Rd,elementary,Williamstown,250816002899,Williamstown Elementary,2508160,best_match
42.706608,-73.200226,Williamstown,MA,160 Water St Apt 24,elementary,Williamstown,250816002899,Williamstown Elementary,2508160,best_match
42.643555,-73.270305,Williamstown,MA,Hancock Rd Lot 4,elementary,Williamstown,250816002899,Williamstown Elementary,2508160,best_match
42.643374,-73.270254,Williamstown,MA,Hancock Rd Lots 3 & 4,elementary,Williamstown,250816002899,Williamstown Elementary,2508160,best_match
42.679143,-73.233312,Williamstown,MA,1460 Cold Spring Rd,elementary,Williamstown Elementary School,250816002899,Williamstown Elementary,2508160,best_match
42.733211,-73.199632,Williamstown,MA,Harrison Ave,elementary,Williamstown,250816002899,Williamstown Elementary,2508160,best_match
42.74323,-73.175602,Williamstown,MA,849 Henderson Rd,elementary,Williamstown,250816002899,Williamstown Elementary,2508160,best_match
42.706608,-73.200226,Williamstown,MA,160 Water St Apt 103,elementary,Williamstown,250816002899,Williamstown Elementary,2508160,best_match
42.549534,-71.199987,Wilmington,MA,3 Forest St,elementary,Shawsheen Elementary School,251305002153,Shawsheen Elementary,2513050,best_match
42.550945,-71.16737,Wilmington,MA,21 Thurston Ave,elementary,Boutwell Early Childhood Cente,251305000802,Boutwell,2513050,best_match
42.601641,-71.146403,Wilmington,MA,400 Andover St,elementary,North Intermediate School,251158001923,North Street,2511580,distinctive_token
42.550885,-71.191061,Wilmington,MA,24 Apache Way,elementary,Shawsheen/West,251305002153,Shawsheen Elementary,2513050,distinctive_token
42.576451,-71.146625,Wilmington,MA,2 Chapman Ave,elementary,Woburn St Elementary,251305002159,Woburn Street,2513050,distinctive_token
42.558281,-71.169429,Wilmington,MA,7 Drury Ln,elementary,"Woburn St, North Intermediate",251305002159,Woburn Street,2513050,distinctive_token
42.568286,-71.157044,Wilmington,MA,10A North St,elementary,Call Supt.,,,,
42.580888,-71.163486,Wilmington,MA,5 Franklin Ave,elementary,Woburn Street,251305002159,Woburn Street,2513050,best_match
42.534325,-71.174667,Wilmington,MA,111 Chestnut St,elementary,Shawsheen,251305002153,Shawsheen Elementary,2513050,best_match
42.540563,-71.152141,Wilmington,MA,168 Lowell St Unit 1,elementary,Wilmington,,,,
42.566006,-71.190737,Wilmington,MA,15 Fitz Ter,elementary,Shawsheen,251305002153,Shawsheen Elementary,2513050,best_match
42.570473,-71.148432,Wilmington,MA,80 High St,elementary,Woburn St,251305002159,Woburn Street,2513050,distinctive_token
42.524448,-71.171419,Wilmington,MA,333 Chestnut St,elementary,Shawsheen/West,251305002153,Shawsheen Elementary,2513050,distinctive_token
42.527776,-71.178614,Wilmington,MA,24 Mill Rd,elementary,Boutwell/Shawsheen/West,251305000802,Boutwell,2513050,best_match
42.572805,-71.147965,Wilmington,MA,178 Woburn St,elementary,Woburn St/North,251305002159,Woburn Street,2513050,distinctive_token
42.550066,-71.143914,Wilmington,MA,10 West St,elementary,Woburn/North,251305002159,Woburn Street,2513050,distinctive_token
42.579214,-71.177557,Wilmington,MA,19 McDonald Rd,elementary,North/Woburn,251158001923,North Street,2511580,slash_split
42.567179,-71.181897,Wilmington,MA,24 Miller Rd,elementary,Woburn St./North,251305002159,Woburn Street,2513050,distinctive_token
42.568943,-71.141122,Wilmington,MA,Gowing Rd Ext Lot 6,elementary,Wildwood/Woburn/North,251305002159,Woburn Street,2513050,distinctive_token
42.555847,-71.208977,Wilmington,MA,10 Darby Ln,elementary,North Intermediate School,251158001923,North Street,2511580,distinctive_token
42.540951,-71.164474,Wilmington,MA,7 Cross St Unit U303,elementary,Shawsheen,251305002153,Shawsheen Elementary,2513050,best_match
42.549569,-71.182578,Wilmington,MA,17 Grand St,elementary,Shawsheen,251305002153,Shawsheen Elementary,2513050,best_match
42.582184,-71.178507,Wilmington,MA,70 McDonald Rd,elementary,Elem,,,,
42.551871,-71.183338,Wilmington,MA,10 Newark Ave,elementary,Shawsheen,251305002153,Shawsheen Elementary,2513050,best_match
42.540951,-71.164474,Wilmington,MA,7 Cross St Unit 102,elementary,Shawsheen,251305002153,Shawsheen Elementary,2513050,best_match
42.540951,-71.164474,Wilmington,MA,7 Cross St Unit 205,elementary,Shawsheen,251305002153,Shawsheen Elementary,2513050,best_match
42.540951,-71.164474,Wilmington,MA,7 Cross St Unit 305,elementary,Shawsheen,251305002153,Shawsheen Elementary,2513050,best_match
42.540951,-71.164474,Wilmington,MA,7 Cross St Unit 201U,elementary,Shawsheen,251305002153,Shawsheen Elementary,2513050,best_match
42.540951,-71.164474,Wilmington,MA,7 Cross St Unit 306,elementary,Shawsheen,251305002153,Shawsheen Elementary,2513050,best_match
42.712988,-72.061945,Winchendon,MA,60 Robbins Rd,elementary,Toy Town Elementary,251308000804,Toy Town Elementary,2513080,best_match
42.679445,-72.042372,Winchendon,MA,180 Spring St,elementary,Memorial,251308002161,Memorial,2513080,best_match
42.65794,-72.015238,Winchendon,MA,309 Ash St,elementary,Memorial,251308002161,Memorial,2513080,best_match
42.712988,-72.061945,Winchendon,MA,60 Robbins Rd,elementary,Toy Town Elementary,251308000804,Toy Town Elementary,2513080,best_match
42.668184,-72.045367,Winchendon,MA,365 Benjamin St,elementary,Toy Town Elementary School,251308000804,Toy Town Elementary,2513080,best_match
42.698398,-72.080453,Winchendon,MA,35 Royalston Rd N,elementary,Toy Town,251308000804,Toy Town Elementary,2513080,best_match
42.70039,-72.098406,Winchendon,MA,101 Royalston Rd N,elementary,Toy Town Elementary,251308000804,Toy Town Elementary,2513080,best_match
42.65957,-72.02118,Winchendon,MA,360 Teel Rd,elementary,Toy Town Elementary,251308000804,Toy Town Elementary,2513080,best_match
42.687787,-72.031065,Winchendon,MA,314 Maple St,elementary,Memorial,251308002161,Memorial,2513080,best_match
42.678452,-72.035757,Winchendon,MA,323 Spring St,elementary,Toy Town Elementary School,251308000804,Toy Town Elementary,2513080,best_match
42.706367,-72.066921,Winchendon,MA,M-2 94 School St,elementary,Toy Town/Memorial Elementary,251308000804,Toy Town Elementary,2513080,distinctive_token
42.639795,-72.037857,Winchendon,MA,Mellen Rd,elementary,Memorial,251308002161,Memorial,2513080,best_match
42.458008,-71.133273,Winchester,MA,50 Holland St,elementary,Lynch,251311002166,Lynch Elementary,2513110,best_match
42.453775,-71.149627,Winchester,MA,42 Wildwood St,elementary,Lynch,251311002166,Lynch Elementary,2513110,best_match
42.4685,-71.131886,Winchester,MA,11 Williams Cir,elementary,Lynch,251311002166,Lynch Elementary,2513110,best_match
42.459528,-71.140781,Winchester,MA,15 Clark St,elementary,Lynch,251311002166,Lynch Elementary,2513110,best_match
42.456652,-71.140925,Winchester,MA,53 Lake St,elementary,Lynch,251311002166,Lynch Elementary,2513110,best_match
42.457863,-71.1306,Winchester,MA,8-10 Oak St,elementary,Lynch Elementary School,251311002166,Lynch Elementary,2513110,best_match
42.437216,-71.132442,Winchester,MA,1 Town Way,elementary,Lincoln,250762001192,Lincoln,2507620,best_match
42.449993,-71.146183,Winchester,MA,83 Church St Apt 15,elementary,Ambrose,251311002164,Ambrose Elementary,2513110,best_match
42.437842,-71.127833,Winchester,MA,53 Winford Way,elementary,Lincoln,250762001192,Lincoln,2507620,best_match
42.451775,-71.171365,Winchester,MA,2 Olde Lyme Rd,elementary,Vinson-Owen,251311002172,Vinson-Owen Elementary,2513110,best_match
42.458986,-71.152609,Winchester,MA,3 Chesterford Ter,elementary,Lynch Elementry,251311002166,Lynch Elementary,2513110,distinctive_token
42.447257,-71.144998,Winchester,MA,78 Bacon St,elementary,Ambrose,251311002164,Ambrose Elementary,2513110,best_match
42.437283,-71.143209,Winchester,MA,79 Grove St,elementary,Ambrose,251311002164,Ambrose Elementary,2513110,best_match
42.466131,-71.137224,Winchester,MA,257 Cross St,elementary,Lynch,251311002166,Lynch Elementary,2513110,best_match
42.459037,-71.134483,Winchester,MA,84 Oak St,elementary,Muraco,251311002168,Muraco Elementary,2513110,best_match
42.454997,-71.154758,Winchester,MA,10 Dartmouth St,elementary,Vinson Owen,251311002172,Vinson-Owen Elementary,2513110,best_match
42.438465,-71.17005,Winchester,MA,11 Viking Rd,elementary,Vinson-Owen,251311002172,Vinson-Owen Elementary,2513110,best_match
42.456116,-71.167508,Winchester,MA,7 Wainwright Rd Unit 113,elementary,Vinson Owen,251311002172,Vinson-Owen Elementary,2513110,best_match
42.450064,-71.156338,Winchester,MA,150 Cambridge St,elementary,Vinson Owen,251311002172,Vinson-Owen Elementary,2513110,best_match
42.457847,-71.130595,Winchester,MA,8 Oak St,elementary,Lynch Elementary School,251311002166,Lynch Elementary,2513110,best_match
42.457164,-71.14286,Winchester,MA,18 Middlesex St,elementary,Lynch,251311002166,Lynch Elementary,2513110,best_match
42.454666,-71.174894,Winchester,MA,241 Ridge St,elementary,Vinson-Owen Elementary School,251311002172,Vinson-Owen Elementary,2513110,best_match
42.459528,-71.140781,Winchester,MA,15 Clark St Unit 15,elementary,Lynch,251311002166,Lynch Elementary,2513110,best_match
42.453797,-71.132904,Winchester,MA,129 Washington St Unit 129,elementary,Lincoln,250762001192,Lincoln,2507620,best_match
42.458754,-71.142069,Winchester,MA,46 Clark St,elementary,Lynch,251311002166,Lynch Elementary,2513110,best_match
42.455042,-71.138524,Winchester,MA,666 Main St Apt 315,elementary,Lincoln,250762001192,Lincoln,2507620,best_match
42.446143,-71.140653,Winchester,MA,29 Ginn Rd,elementary,Ambrose,251311002164,Ambrose Elementary,2513110,best_match
42.44332,-71.142876,Winchester,MA,9 Lakeview Ter,elementary,Ambrose,251311002164,Ambrose Elementary,2513110,best_match
42.457135,-71.12985,Winchester,MA,247 Washington St Unit 11,elementary,Muraco,251311002168,Muraco Elementary,2513110,best_match
42.465743,-71.137037,Winchester,MA,258 Cross St,elementary,Lynch Elementary School,251311002166,Lynch Elementary,2513110,best_match
42.449799,-71.127353,Winchester,MA,6 Davey Ln,elementary,Lincoln,250762001192,Lincoln,2507620,best_match
42.457721,-71.144212,Winchester,MA,50 Middlesex St Unit 50,elementary,Lynch Elementary,251311002166,Lynch Elementary,2513110,best_match
42.456116,-71.167508,Winchester,MA,7 Wainwright Rd Unit 47,elementary,Vinson-Owen,251311002172,Vinson-Owen Elementary,2513110,best_match
42.46152,-71.123718,Winchester,MA,112 Highland Ave,elementary,Muraco,251311002168,Muraco Elementary,2513110,best_match
42.462914,-71.126775,Winchester,MA,423 Washington St,elementary,Muraco Es,251311002168,Muraco Elementary,2513110,distinctive_token
42.450906,-71.149195,Winchester,MA,15 Cabot St,elementary,Lynch,251311002166,Lynch Elementary,2513110,best_match
42.454776,-71.158089,Winchester,MA,18 Graystone Cir Unit 18,elementary,Vinson Owen,251311002172,Vinson-Owen Elementary,2513110,best_match
42.457699,-71.14418,Winchester,MA,52 Middlesex St Unit 52,elementary,Lynch Elementary,251311002166,Lynch Elementary,2513110,best_match
42.446595,-71.144217,Winchester,MA,2 Everett Ave,elementary,Ambrose,251311002164,Ambrose Elementary,2513110,best_match
42.441749,-71.168564,Winchester,MA,1 Plymouth Rd,elementary,Vinson Owen,251311002172,Vinson-Owen Elementary,2513110,best_match
42.443274,-71.181202,Winchester,MA,276 High St,elementary,Vinson Owen,251311002172,Vinson-Owen Elementary,2513110,best_match
42.471045,-71.115816,Winchester,MA,211 Forest St,elementary,Muraco,251311002168,Muraco Elementary,2513110,best_match
42.460201,-71.128006,Winchester,MA,339-341 Washington St,elementary,Muraco,251311002168,Muraco Elementary,2513110,best_match
42.459502,-71.142732,Winchester,MA,52 Salem St Unit 52,elementary,Lynch Elementary,251311002166,Lynch Elementary,2513110,best_match
42.436365,-71.131382,Winchester,MA,8 Priscilla Ln,elementary,Lincoln,250762001192,Lincoln,2507620,best_match
42.441239,-71.170287,Winchester,MA,9 Plymouth Rd,elementary,Vinson Owen,251311002172,Vinson-Owen Elementary,2513110,best_match
42.439745,-71.171463,Winchester,MA,37 Mayflower Rd,elementary,Vinson Owen,251311002172,Vinson-Owen Elementary,2513110,best_match
42.440512,-71.140231,Winchester,MA,50 Brooks St,elementary,Ambrose,251311002164,Ambrose Elementary,2513110,best_match
42.448768,-71.13199,Winchester,MA,14 Hillside Ave,elementary,Lincoln,250762001192,Lincoln,2507620,best_match
42.448244,-71.13926,Winchester,MA,14 Rangeley Rdg,elementary,Confirm W/ Town,,,,
42.436328,-71.172763,Winchester,MA,7-9 Ridge St,elementary,Vinson Owen,251311002172,Vinson-Owen Elementary,2513110,best_match
42.460133,-71.139256,Winchester,MA,200 Swanton St Apt L8,elementary,Lynch,251311002166,Lynch Elementary,2513110,best_match
42.450576,-71.171726,Winchester,MA,8 Hawthorne Rd,elementary,Vinson Owen,251311002172,Vinson-Owen Elementary,2513110,best_match
42.463144,-71.145482,Winchester,MA,16 Glenwood Ave,elementary,Lynch,251311002166,Lynch Elementary,2513110,best_match
42.46606,-71.143742,Winchester,MA,380 Cross St,elementary,Elementary,,,,
42.463203,-71.146111,Winchester,MA,16 and 16A Glenwood Ave,elementary,Lynch,251311002166,Lynch Elementary,2513110,best_match
42.46144,-71.124496,Winchester,MA,117 Highland Ave,elementary,Muraco,251311002168,Muraco Elementary,2513110,best_match
42.471486,-71.120609,Winchester,MA,41 Sunset Rd,elementary,Muracco,,,,
42.451253,-71.180482,Winchester,MA,11 Carriage Ln,elementary,Vinson Owen,251311002172,Vinson-Owen Elementary,2513110,best_match
42.449228,-71.157478,Winchester,MA,9 Albamont Rd,elementary,Vinson Owen,251311002172,Vinson-Owen Elementary,2513110,best_match
42.436294,-71.13462,Winchester,MA,26 N Gateway,elementary,Ambrose,251311002164,Ambrose Elementary,2513110,best_match
42.460133,-71.139256,Winchester,MA,200 Swanton St Apt 717,elementary,Lynch,251311002166,Lynch Elementary,2513110,best_match
42.462771,-71.138176,Winchester,MA,171 Swanton St Unit 7,elementary,Lynch,251311002166,Lynch Elementary,2513110,best_match
42.446746,-71.175968,Winchester,MA,94 Johnson Rd,elementary,Vinson-Owen,251311002172,Vinson-Owen Elementary,2513110,best_match
42.444577,-71.17734,Winchester,MA,12 Cox Rd,elementary,Vinson-Owen,251311002172,Vinson-Owen Elementary,2513110,best_match
42.482718,-73.000242,Windsor,MA,255 High St Hill Rd,elementary,Berkshire Trail,,,,
42.509151,-73.045101,Windsor,MA,2241 Route 9,elementary,Craneville,250339000462,Craneville,2503390,best_match
42.358352,-70.972117,Winthrop Town,MA,52 Pebble Ave,elementary,Fort Banks,251317001665,William P. Gorman/Fort Banks Elementary,2513170,best_match
42.376072,-70.971908,Winthrop Town,MA,43 Dolphin Ave,elementary,Banks/Cummings Elementary,251317001665,William P. Gorman/Fort Banks Elementary,2513170,slash_split
42.369967,-70.987842,Winthrop Town,MA,174 Bartlett Rd,elementary,Gfb/Atc,,,,
42.386441,-70.974291,Winthrop Town,MA,47 Highland Ave,elementary,Atc/Fort,251317001665,William P. Gorman/Fort Banks Elementary,2513170,distinctive_token
42.371023,-70.969951,Winthrop Town,MA,546 Shirley St,elementary,Arthur T. Cummings,251317001841,Arthur T. Cummings Elementary School,2513170,best_match
42.369095,-70.967506,Winthrop Town,MA,32 Faunbar Ave,elementary,Fort Banks/Cummings,251317001665,William P. Gorman/Fort Banks Elementary,2513170,distinctive_token
42.389419,-70.971754,Winthrop Town,MA,38 Nahant Ave,elementary,Fort Banks,251317001665,William P. Gorman/Fort Banks Elementary,2513170,best_match
42.372456,-70.969429,Winthrop Town,MA,34R Underhill St Unit 3,elementary,Fort Banks,251317001665,William P. Gorman/Fort Banks Elementary,2513170,best_match
42.368959,-70.968751,Winthrop Town,MA,69 Crystal Cove Ave,elementary,Banks,251317001665,William P. Gorman/Fort Banks Elementary,2513170,best_match
42.369473,-70.970753,Winthrop Town,MA,600 Shirley St Apt 7,elementary,Atc/Fort,251317001665,William P. Gorman/Fort Banks Elementary,2513170,distinctive_token
42.377261,-70.989611,Winthrop Town,MA,70 Edgehill Rd,elementary,Arthur T. Cummings Elementary,251317001841,Arthur T. Cummings Elementary School,2513170,best_match
42.35952,-70.973206,Winthrop Town,MA,16 Billows St Unit B,elementary,Fort Banks,251317001665,William P. Gorman/Fort Banks Elementary,2513170,best_match
42.372543,-70.971247,Winthrop Town,MA,267 Washington Ave Apt 6,elementary,Gorman Fort Banks,251317001665,William P. Gorman/Fort Banks Elementary,2513170,best_match
42.371207,-70.992709,Winthrop Town,MA,100 Sargent St,elementary,Atc/Fort,251317001665,William P. Gorman/Fort Banks Elementary,2513170,distinctive_token
42.388137,-70.967404,Winthrop Town,MA,1 Seal Harbor Rd Apt 116,elementary,Banks,251317001665,William P. Gorman/Fort Banks Elementary,2513170,best_match
42.374337,-70.985143,Winthrop Town,MA,82 Putnam St Unit 2,elementary,Check W/ Supt.,,,,
42.374381,-70.995081,Winthrop Town,MA,43 Loring Rd,elementary,William P Gorman/ Fort Banks,251317001665,William P. Gorman/Fort Banks Elementary,2513170,best_match
42.359437,-70.973661,Winthrop Town,MA,27 Billows St,elementary,Fort Banks/Cummings,251317001665,William P. Gorman/Fort Banks Elementary,2513170,distinctive_token
42.372511,-70.969459,Winthrop Town,MA,34 Underhill St Unit 4,elementary,Fort Banks,251317001665,William P. Gorman/Fort Banks Elementary,2513170,best_match
42.373617,-70.970416,Winthrop Town,MA,32 Irwin St,elementary,Gorman Fort Banks,251317001665,William P. Gorman/Fort Banks Elementary,2513170,best_match
42.376808,-70.974068,Winthrop Town,MA,304 Shirley St,elementary,Fort Banks,251317001665,William P. Gorman/Fort Banks Elementary,2513170,best_match
42.385361,-70.975769,Winthrop Town,MA,21 Hutchinson St Unit 1,elementary,Fort Banks,251317001665,William P. Gorman/Fort Banks Elementary,2513170,best_match
42.467177,-71.172234,Woburn,MA,31 Day Cir,elementary,Reeves,251320002181,Clyde Reeves,2513200,best_match
42.457496,-71.176054,Woburn,MA,12 Heritage Dr,elementary,Reeves,251320002181,Clyde Reeves,2513200,best_match
42.473802,-71.136716,Woburn,MA,11 Skyview Ln,elementary,Shamrock,251320002191,Shamrock,2513200,best_match
42.491282,-71.161981,Woburn,MA,52 Wyman St,elementary,Hurld Wyman,251320002183,Hurld-Wyman Elementary School,2513200,best_match
42.473595,-71.148972,Woburn,MA,201 Main St Unit 21,elementary,Malcolm White,251320002188,Malcolm White,2513200,best_match
42.476797,-71.165374,Woburn,MA,9 Cannon Rd,elementary,Hurld Wyman,251320002183,Hurld-Wyman Elementary School,2513200,best_match
42.479885,-71.180145,Woburn,MA,172 Bedford Rd,elementary,Hurld Wyman,251320002183,Hurld-Wyman Elementary School,2513200,best_match
42.460728,-71.179421,Woburn,MA,268 Lexington St,elementary,Reeves Elementary,251320002181,Clyde Reeves,2513200,distinctive_token
42.49435,-71.149329,Woburn,MA,72 Mishawum Rd,elementary,Hurld Wyman Elementary,251320002183,Hurld-Wyman Elementary School,2513200,best_match
42.488255,-71.154633,Woburn,MA,321 Place Ln Unit 321,elementary,Wyman,,,,
42.49112,-71.149898,Woburn,MA,1 Middle St,elementary,Hurld-Wyman Elementary,251320002183,Hurld-Wyman Elementary School,2513200,best_match
42.505458,-71.161351,Woburn,MA,6 Tidd Ave,elementary,Linscott-Rumford Elementary,251320002187,Linscott-Rumford,2513200,best_match
42.45953,-71.167766,Woburn,MA,269 Cambridge Rd Apt 204,elementary,Reeves Elementary,251320002181,Clyde Reeves,2513200,distinctive_token
42.475819,-71.13028,Woburn,MA,2 Oconnor Ln,elementary,Goodyear Elementary,251320002184,Goodyear Elementary School,2513200,best_match
42.495257,-71.16538,Woburn,MA,82 Lowell St,elementary,Hurld Wyman,251320002183,Hurld-Wyman Elementary School,2513200,best_match
42.493944,-71.147594,Woburn,MA,6 Fairview Ter,elementary,Hurld Wyman,251320002183,Hurld-Wyman Elementary School,2513200,best_match
42.456478,-71.189366,Woburn,MA,343 Lexington St,elementary,Reeves Elementary,251320002181,Clyde Reeves,2513200,distinctive_token
42.465047,-71.16855,Woburn,MA,41 Fairway Dr,elementary,Revers Elementary,,,,
42.507257,-71.163725,Woburn,MA,2 Keith Cir Unit 2A,elementary,Linscott,251320002187,Linscott-Rumford,2513200,best_match
42.478472,-71.156189,Woburn,MA,11 N Warren St,elementary,Shamrock Elementary School,251320002191,Shamrock,2513200,best_match
42.482158,-71.122858,Woburn,MA,18 Central St,elementary,Goodyear,251320002184,Goodyear Elementary School,2513200,best_match
42.496148,-71.150469,Woburn,MA,35 Brentwood Rd,elementary,Hurld-Wyman,251320002183,Hurld-Wyman Elementary School,2513200,best_match
42.484676,-71.134021,Woburn,MA,42 Wood St,elementary,Malcolm White Elementary,251320002188,Malcolm White,2513200,best_match
42.45953,-71.167766,Woburn,MA,273 Cambridge Rd Apt 205,elementary,Reeves,251320002181,Clyde Reeves,2513200,best_match
42.45953,-71.167766,Woburn,MA,269 Cambridge Rd Apt 608,elementary,Reeves,251320002181,Clyde Reeves,2513200,best_match
42.486843,-71.126724,Woburn,MA,16 Felton St Apt A,elementary,Goodyear Elementary School,251320002184,Goodyear Elementary School,2513200,best_match
42.45953,-71.167766,Woburn,MA,273 Cambridge Rd Apt 508,elementary,Reeves,251320002181,Clyde Reeves,2513200,best_match
42.505736,-71.165074,Woburn,MA,23 Ward St,elementary,Linscott,251320002187,Linscott-Rumford,2513200,best_match
42.479128,-71.137126,Woburn,MA,4 Laurel St,elementary,Shamrock,251320002191,Shamrock,2513200,best_match
42.485955,-71.164082,Woburn,MA,6 Shield St,elementary,Hurld-Wyman,251320002183,Hurld-Wyman Elementary School,2513200,best_match
42.475593,-71.11427,Woburn,MA,2 Stratton Dr Unit 104,elementary,Malcolm White,251320002188,Malcolm White,2513200,best_match
42.467636,-71.190842,Woburn,MA,14 Otis St,elementary,Reeves,251320002181,Clyde Reeves,2513200,best_match
42.475593,-71.11427,Woburn,MA,2 Stratton Dr Unit 307,elementary,Goodyear,251320002184,Goodyear Elementary School,2513200,best_match
42.463307,-71.196528,Woburn,MA,7 Liana St,elementary,Reeves,251320002181,Clyde Reeves,2513200,best_match
42.505653,-71.165062,Woburn,MA,23A Ward St Unit A,elementary,Linscott,251320002187,Linscott-Rumford,2513200,best_match
42.474246,-71.114234,Woburn,MA,6 Stratton Dr Apt 303,elementary,Malcolm White,251320002188,Malcolm White,2513200,best_match
42.245741,-71.83767,Worcester,MA,7 Baker St,elementary,May Street Elementary School,251323002231,May Street,2513230,best_match
42.306414,-71.799245,Worcester,MA,1 Summerhill Ave,elementary,Thornkyke Road,251323002247,Thorndyke Road,2513230,embedding
42.244854,-71.839317,Worcester,MA,11 Wayne St,elementary,Gates Lane,251323002217,Gates Lane,2513230,best_match
42.30541,-71.830657,Worcester,MA,10 Tattan Farm Rd,elementary,Nelson Place,251323002236,Nelson Place,2513230,best_match
42.273085,-71.853052,Worcester,MA,28 Greybert Ln,elementary,May Street,251323002231,May Street,2513230,best_match
42.279737,-71.821346,Worcester,MA,32 Terrace Dr,elementary,Flagg Street School,251323002212,Flagg Street,2513230,best_match
42.312207,-71.815042,Worcester,MA,123 Indian Hill Rd,elementary,Nelson Place,251323002236,Nelson Place,2513230,best_match
42.290205,-71.848415,Worcester,MA,45 Hickory Dr,elementary,Flagg,251323002212,Flagg Street,2513230,best_match
42.288737,-71.846394,Worcester,MA,19 Hickory Dr,elementary,Flagg Street,251323002212,Flagg Street,2513230,best_match
42.279052,-71.83383,Worcester,MA,94 Beeching St,elementary,Flagg Street,251323002212,Flagg Street,2513230,best_match
42.277301,-71.785023,Worcester,MA,5 Breck St,elementary,Belmont Street Community,251323002197,Belmont Street Community,2513230,best_match
42.280717,-71.793503,Worcester,MA,178 Lincoln St Unit A15,elementary,Lincoln Street School,251323002229,Lincoln Street,2513230,best_match
42.279522,-71.825912,Worcester,MA,42 Ellis Dr,elementary,Flagg,251323002212,Flagg Street,2513230,best_match
42.258106,-71.810863,Worcester,MA,7 Preston St,elementary,Jacob Hiatt,251323002566,Jacob Hiatt Magnet,2513230,best_match
42.308952,-71.78942,Worcester,MA,336 Burncoat St,elementary,Thorndyke,251323002247,Thorndyke Road,2513230,best_match
42.270981,-71.832306,Worcester,MA,30 Saint Elmo Rd,elementary,West Tatnuck,251323002251,West Tatnuck,2513230,best_match
42.260109,-71.853165,Worcester,MA,34 Passway One,elementary,Mill Swan,,,,
42.246066,-71.776612,Worcester,MA,20 Brightwood Ave,elementary,Rice Square,251323002242,Rice Square,2513230,best_match
42.272722,-71.818291,Worcester,MA,23 Germain St,elementary,Midland Street,251323002233,Midland Street,2513230,best_match
42.246845,-71.791289,Worcester,MA,17 N Woodford St,elementary,Vernon Hill School,251323002422,Vernon Hill School,2513230,best_match
42.244163,-71.799366,Worcester,MA,113 Sterling St,elementary,Woodland Academy,251323002106,Woodland Academy,2513230,best_match
42.314584,-71.788889,Worcester,MA,17 Rollinson Rd,elementary,Burncoat Street Preparatory,251323002201,Burncoat Street,2513230,best_match
42.271124,-71.771382,Worcester,MA,325 Plantation St Apt 115,elementary,Rice Square Elementry,251323002242,Rice Square,2513230,best_match
42.239339,-71.752132,Worcester,MA,1205 Grafton St Unit B23,elementary,Roosvelt,,,,
42.245775,-71.791489,Worcester,MA,143 Providence St Apt 2,elementary,Dept Of Ed,,,,
42.277113,-71.847084,Worcester,MA,30 Marwood Rd,elementary,Midland Elementary,251323002233,Midland Street,2513230,distinctive_token
42.291966,-71.792168,Worcester,MA,19 Barnard Rd,elementary,Wawecus,251323002250,Wawecus Road School,2513230,best_match
42.251201,-71.76371,Worcester,MA,5 Phoenix St,elementary,Roosevent Elementary,,,,
42.302654,-71.826444,Worcester,MA,7 Albemarle St,elementary,Nelson Place,251323002236,Nelson Place,2513230,best_match
42.272722,-71.818291,Worcester,MA,23 Germain St,elementary,Midland Street,251323002233,Midland Street,2513230,best_match
42.292231,-71.7903,Worcester,MA,85 Burncoat St,elementary,Burncoat Street,251323002201,Burncoat Street,2513230,best_match
42.255095,-71.77155,Worcester,MA,199 Cohasset St,elementary,Rice Square,251323002242,Rice Square,2513230,best_match
42.268374,-71.834568,Worcester,MA,26 Rob Roy Rd,elementary,May Street School,251323002231,May Street,2513230,best_match
42.271536,-71.819488,Worcester,MA,15 Haviland St,elementary,Midland,251323002233,Midland Street,2513230,best_match
42.348685,-72.901165,Worthington,MA,44 Goss Hill Rd,elementary,Rh Conwell,251326002850,R. H. Conwell,2513260,distinctive_token
42.427298,-72.941789,Worthington,MA,69 Cummington Rd,elementary,Rh Conwell,251326002850,R. H. Conwell,2513260,distinctive_token
42.357226,-72.929819,Worthington,MA,90 Patterson Rd,elementary,Rh Conwell,251326002850,R. H. Conwell,2513260,distinctive_token
42.381362,-72.914134,Worthington,MA,Indian Oven Rd,elementary,Russell Conwell,251326002850,R. H. Conwell,2513260,distinctive_token
42.425245,-72.974993,Worthington,MA,Lindsey Hill Rd,elementary,Russell Conwell,251326002850,R. H. Conwell,2513260,distinctive_token
42.056236,-71.324329,Wrentham,MA,287 Taunton St,elementary,Delaney/Roderick,251329002255,Delaney,2513290,best_match
42.068141,-71.335605,Wrentham,MA,35 Jones St,elementary,Roderick/Delaney,251329002255,Delaney,2513290,best_match
42.049097,-71.349076,Wrentham,MA,19 Bennett St,elementary,Charles E Roderick School,250495000864,Charles Taylor Elementary,2504950,distinctive_token
42.077629,-71.30915,Wrentham,MA,25 Charles Samuel Way,elementary,Roderick/Delaney,251329002255,Delaney,2513290,best_match
42.040249,-71.369711,Wrentham,MA,30 Chestnut St,elementary,Delaney/Roderick,251329002255,Delaney,2513290,best_match
42.029502,-71.454389,Wrentham,MA,53 Ridge Rd,elementary,Roderick/Delaney,251329002255,Delaney,2513290,best_match
42.044426,-71.362091,Wrentham,MA,40 Flannery Ln,elementary,Delaney/Roderick,251329002255,Delaney,2513290,best_match
42.073079,-71.318277,Wrentham,MA,15 Lorraine Metcalf Dr,elementary,Delaney /Roderick,251329002255,Delaney,2513290,best_match
42.034689,-71.400377,Wrentham,MA,18 Manchester Dr,elementary,Wrentham Elem,,,,
42.073061,-71.328365,Wrentham,MA,18 Shears St,elementary,Delaney/Roderick,251329002255,Delaney,2513290,best_match
42.034485,-71.449472,Wrentham,MA,16 Summit Cir,elementary,Delaney/Roderick,251329002255,Delaney,2513290,best_match
42.03147,-71.402286,Wrentham,MA,22 Rhodes Dr,elementary,Delaney Elementary School,250501000868,Jefferson Elementary,2505010,distinctive_token
42.023623,-71.36893,Wrentham,MA,Field Cir Lot 11,elementary,Wrentham,,,,
42.077505,-71.313543,Wrentham,MA,424 Dedham St,elementary,Delaney / Roderick,251329002255,Delaney,2513290,best_match
42.068048,-71.307763,Wrentham,MA,35 Fairbanks Dr,elementary,Delaney/Charles Roderick,251329002255,Delaney,2513290,best_match
42.023511,-71.445682,Wrentham,MA,74 Whipple Brook Rd,elementary,"Del,Rod, Vog",,,,
42.084839,-71.348328,Wrentham,MA,50 Reed Fulton Ave Lot 61,elementary,Delaney,251329002255,Delaney,2513290,best_match
41.664255,-70.219384,Yarmouth,MA,25 Lake Rd E,elementary,Station Ave Elem,250414000834,Station Avenue Elementary,2504140,distinctive_token
41.680274,-70.176465,Yarmouth,MA,205 High Bank Rd,elementary,Station Ave Elementary,250414000834,Station Avenue Elementary,2504140,distinctive_token
41.668437,-70.18191,Yarmouth,MA,45 Seth Ln,elementary,Station Avenue,250414000834,Station Avenue Elementary,2504140,best_match
41.714782,-70.190801,Yarmouth,MA,510 N Dennis Rd,elementary,Station Ave Elementary,250414000834,Station Avenue Elementary,2504140,distinctive_token
41.675572,-70.209966,Yarmouth,MA,49 Captain Besse Rd,elementary,Dennis-Yarmouth Intermediate,,,,
41.642501,-70.235647,Yarmouth,MA,11 Barnes Ln,elementary,Me Small,250414000561,Marguerite E Small Elementary,2504140,distinctive_token
41.714782,-70.190801,Yarmouth Port,MA,510 N Dennis Rd,elementary,Station Ave Elementary,250414000834,Station Avenue Elementary,2504140,distinctive_token
