{"type":"FeatureCollection","features":[{"type":"Feature","id":1,"geometry":{"type":"MultiPolygon","coordinates":[[[[-71.8225889223409,42.2886957387174],[-71.8227243755294,42.2886851680861],[-71.8228604924178,42.2886816391464],[-71.822996609306,42.2886851680861],[-71.8231176346711,42.2886946127662],[-71.823163563048,42.2886885998991],[-71.8232990162365,42.2886780292677],[-71.8234351331249,42.288674500328],[-71.8235712500131,42.2886780292677],[-71.8237067032018,42.2886885998991],[-71.8238408334876,42.2887061600613],[-71.8239729870637,42.2887306243189],[-71.8241025209146,42.2887618730621],[-71.8242288037163,42.2887997552046],[-71.8243512194332,42.2888440854862],[-71.8244691736134,42.2888946480696],[-71.8245820888923,42.2889511965406],[-71.8246894175825,42.2890134557065],[-71.8247906353795,42.2890811215965],[-71.8248852494547,42.2891538650589],[-71.8249727993552,42.2892313317606],[-71.825052857903,42.2893131439865],[-71.8251250356918,42.2893989042361],[-71.8251889810866,42.2894881925261],[-71.8252443820226,42.2895805762826],[-71.8252909678039,42.289675604046],[-71.8253285136,42.2897728126652],[-71.8253568341505,42.2898717290971],[-71.8253757927586,42.2899718722042],[-71.825385296794,42.2900727527554],[-71.8253853003912,42.2901738797208],[-71.8253758017518,42.290274760272],[-71.825356849439,42.2903749033791],[-71.8253558709766,42.2903783208029],[-71.8253568548349,42.2903835161863],[-71.8253663588703,42.2904843967376],[-71.8253663624676,42.290585523703],[-71.8253568647275,42.2906864042542],[-71.8253379115154,42.2907865473613],[-71.8253095963607,42.2908854646925],[-71.8252720559606,42.2909826751104],[-71.8252254737765,42.2910777037731],[-71.8251700773371,42.2911700893282],[-71.8251061355397,42.2912593803162],[-71.8250339595496,42.2913451414652],[-71.8249539028004,42.291426956389],[-71.8248663528998,42.2915044248894],[-71.8247717379253,42.2915771710496],[-71.824670519229,42.2916448396377],[-71.8245631887401,42.2917071006023],[-71.824450269864,42.2917636508718],[-71.8243323120865,42.2918142152539],[-71.824209891873,42.2918585473341],[-71.8240836036753,42.2918964312753],[-71.823959332657,42.291926411075],[-71.8239268851176,42.2919403199898],[-71.8238044640048,42.2919846520701],[-71.8236781767064,42.2920225360113],[-71.8235486365603,42.2920537865531],[-71.8234164757897,42.29207825171],[-71.8232823383092,42.2920958127716],[-71.823146877926,42.2921063834029],[-71.8230107538432,42.292109913242],[-71.8228746297603,42.2921063834029],[-71.8227391693771,42.2920958127716],[-71.8226050318967,42.29207825171],[-71.8224728711261,42.2920537865531],[-71.8223433309799,42.2920225360113],[-71.8222170436816,42.2919846520701],[-71.8220946225687,42.2919403199898],[-71.8219766647912,42.2918897556078],[-71.8218637459151,42.2918332053382],[-71.8217564145269,42.2917709443736],[-71.8216551958306,42.2917032757856],[-71.8215605808561,42.2916305296253],[-71.8214730309556,42.2915530611249],[-71.821392973307,42.2914712462011],[-71.8213207982162,42.2913854850522],[-71.8212568555194,42.2912961940642],[-71.82120145908,42.291203808509],[-71.821154876896,42.2911087798464],[-71.8211173364958,42.2910115694285],[-71.8210890213412,42.2909126520973],[-71.8210700681291,42.2908125089901],[-71.821060570389,42.2907116284389],[-71.8210605712883,42.2906888054441],[-71.8210512129431,42.2906731986093],[-71.8210046307591,42.2905781699466],[-71.8209670912582,42.2904809595287],[-71.8209387761036,42.2903820421976],[-71.8209198228915,42.2902818990904],[-71.8209103251514,42.2901810185392],[-71.8209103287487,42.2900798915738],[-71.820919832784,42.2899790110226],[-71.8209387913921,42.2898788679155],[-71.8209671119427,42.2897799514836],[-71.8210046577387,42.2896827428643],[-71.8210512435201,42.289587715101],[-71.8211066444561,42.2894953313445],[-71.8211705889515,42.2894060430545],[-71.8212427667402,42.2893202828048],[-71.8213228261874,42.289238470579],[-71.821410376088,42.2891610038773],[-71.8215049901631,42.2890882604149],[-71.8216062079601,42.2890205945249],[-71.8217135366503,42.2889583353589],[-71.8218264519292,42.288901786888],[-71.8219444052101,42.2888512243046],[-71.8220668218264,42.288806894023],[-71.822193104628,42.2887690118804],[-71.822322638479,42.2887377631373],[-71.822454792055,42.2887132988797],[-71.8225889223409,42.2886957387174]]],[[[-71.8256835209777,42.3009616469625],[-71.8258196639463,42.3009581180228],[-71.8259558069149,42.3009616469625],[-71.8260912861839,42.3009722175938],[-71.8262254434494,42.3009897777561],[-71.8263576231058,42.3010142420137],[-71.8264871821377,42.3010454916562],[-71.8266134892211,42.3010833728994],[-71.8267359283204,42.301127703181],[-71.8268539049837,42.3011782657644],[-71.8269668427455,42.3012348142353],[-71.8270741921202,42.3012970725019],[-71.8271754297023,42.3013647392913],[-71.8272700626632,42.3014374818543],[-71.8273576287515,42.3015149485561],[-71.8274377034872,42.3015967607819],[-71.8275098956651,42.3016825201323],[-71.8275738527511,42.3017718093216],[-71.827629264479,42.3018641921787],[-71.8276758592535,42.3019592199421],[-71.8277134122441,42.3020564285614],[-71.8277417381906,42.3021553449933],[-71.8277607012953,42.302255487201],[-71.8277702071293,42.3023563677522],[-71.8277702098273,42.3024574938183],[-71.8277607102885,42.3025583752688],[-71.8277417534791,42.3026585174766],[-71.8277134329285,42.3027574357071],[-71.8276758862331,42.3028546452258],[-71.8276292950559,42.3029496738884],[-71.8275738878246,42.3030420585442],[-71.827509934336,42.3031313495322],[-71.827437744856,42.3032171106811],[-71.8273576728183,42.303298925605],[-71.82727010673,42.3033763941053],[-71.8271754746684,42.3034491393664],[-71.827074236187,42.3035168079544],[-71.8269668850137,42.3035790689189],[-71.8268539454532,42.3036356191885],[-71.8267359660919,42.3036861835706],[-71.826613522496,42.3037305156508],[-71.8264872100167,42.303768399592],[-71.8263576464881,42.3037996501338],[-71.8262254614359,42.3038241152908],[-71.8260912987744,42.3038416763524],[-71.8259558132102,42.3038522469836],[-71.8258196639463,42.3038557759234],[-71.8256835146824,42.3038522469836],[-71.8255480291182,42.3038416763524],[-71.8254138664568,42.3038241152908],[-71.8252816814044,42.3037996501338],[-71.8251521178759,42.303768399592],[-71.8250258053965,42.3037305156508],[-71.8249033618007,42.3036861835706],[-71.8247853824394,42.3036356191885],[-71.8246724428789,42.3035790689189],[-71.8245650917056,42.3035168079544],[-71.8244638532242,42.3034491393664],[-71.8243692211626,42.3033763941053],[-71.8242816550743,42.303298925605],[-71.8242015830366,42.3032171106811],[-71.8241293935566,42.3031313495322],[-71.824065440068,42.3030420585442],[-71.8240100328367,42.3029496738884],[-71.8239634416595,42.3028546452258],[-71.823925894964,42.3027574357071],[-71.8238975744135,42.3026585174766],[-71.8238786176041,42.3025583752688],[-71.8238691180653,42.3024574938183],[-71.8238691207633,42.3023563677522],[-71.8238786265973,42.302255487201],[-71.823897589702,42.3021553449933],[-71.8239259156484,42.3020564285614],[-71.8239634686391,42.3019592199421],[-71.8240100634137,42.3018641921787],[-71.8240654751415,42.3017718093216],[-71.8241294322275,42.3016825201323],[-71.8242016244054,42.3015967607819],[-71.8242816991411,42.3015149485561],[-71.8243692652294,42.3014374818543],[-71.8244638981903,42.3013647392913],[-71.8245651357723,42.3012970725019],[-71.824672485147,42.3012348142353],[-71.8247854229089,42.3011782657644],[-71.8249033995722,42.301127703181],[-71.8250258386715,42.3010833728994],[-71.8251521457549,42.3010454916562],[-71.8252817047868,42.3010142420137],[-71.8254138844432,42.3009897777561],[-71.8255480417087,42.3009722175938],[-71.8256835209777,42.3009616469625]]],[[[-71.7787734666222,42.3307050913669],[-71.7787180351092,42.3306127067111],[-71.7786714241469,42.3305176789478],[-71.7786338603643,42.3304204694292],[-71.7786055272232,42.330321552098],[-71.7785865632193,42.3302214098902],[-71.7785770591839,42.330120529339],[-71.7785770618818,42.3300194032729],[-71.7785865722125,42.329918523621],[-71.7786055425117,42.3298183814132],[-71.7786338819481,42.3297194658807],[-71.7786454760079,42.3296894653965],[-71.7786532920157,42.3296621862609],[-71.7786908602949,42.3295649776417],[-71.7787374766532,42.3294699507776],[-71.7787929117634,42.3293775679205],[-71.7788568976277,42.3292882796305],[-71.7789291203825,42.3292025211795],[-71.7790092301918,42.3291207089536],[-71.7790968349509,42.3290432431512],[-71.7791915092807,42.3289704996889],[-71.7792927909295,42.3289028337988],[-71.7794001870689,42.3288405755322],[-71.7795131742935,42.3287840279606],[-71.7795385135915,42.3287731731435],[-71.7795401242773,42.328772096655],[-71.7796475204167,42.3287098383884],[-71.7797605076413,42.3286532908168],[-71.7798785346666,42.3286027282334],[-71.7800010277252,42.3285583979518],[-71.7801273905666,42.3285205167085],[-71.7802570053565,42.328489267066],[-71.7803892425695,42.3284648037078],[-71.7805234573916,42.3284472435455],[-71.7806589960158,42.3284366729142],[-71.7807951983397,42.3284331439744],[-71.7809314006636,42.3284366729142],[-71.7810669392878,42.3284472435455],[-71.7810946716817,42.32845087231],[-71.7811905636935,42.3284483874831],[-71.7812943985176,42.3284510782547],[-71.7814192415048,42.3284347438684],[-71.7815021841784,42.3284282750449],[-71.7815975105166,42.3284106402389],[-71.7817317244395,42.3283930800766],[-71.7818672630637,42.3283825094453],[-71.7820034653876,42.3283789805056],[-71.7820838000273,42.3283810615368],[-71.7821189482308,42.3283705250797],[-71.7822485639201,42.3283392754373],[-71.7823808002337,42.328314812079],[-71.7825150150559,42.3282972519167],[-71.7825979496356,42.3282907839925],[-71.7826932840678,42.3282731473879],[-71.7828274979906,42.3282555872256],[-71.7829630366148,42.3282450165943],[-71.7830992380394,42.3282414876546],[-71.7832354394639,42.3282450165943],[-71.7832529861363,42.3282463853624],[-71.7832651755474,42.328243446378],[-71.783397411861,42.3282189830197],[-71.7835316257838,42.3282014228574],[-71.7836671644081,42.3281908522261],[-71.7837079036968,42.328189796422],[-71.7837185957366,42.3281719790536],[-71.7837825798022,42.3280826907636],[-71.7838548016578,42.3279969314133],[-71.7839349096683,42.3279151200868],[-71.7840225126288,42.3278376533851],[-71.7841066217232,42.3277730272035],[-71.7841296263811,42.3277135019766],[-71.7841762409407,42.3276184751126],[-71.7842316751517,42.3275260922554],[-71.7842956583179,42.3274368039654],[-71.7843678792742,42.3273510446151],[-71.7844479863854,42.3272692332885],[-71.7845355893459,42.3271917665868],[-71.7846302600784,42.3271190240238],[-71.7847315390293,42.3270513581337],[-71.7848389324707,42.3269890998671],[-71.784951916098,42.3269325513962],[-71.7850699404254,42.3268819897121],[-71.785192430786,42.3268376594305],[-71.7853187891308,42.3267997772879],[-71.7854484003234,42.3267685285448],[-71.785580633939,42.3267440642872],[-71.7857148451639,42.3267265041249],[-71.7858503801909,42.3267159343929],[-71.7859865789175,42.3267124045539],[-71.7860716107162,42.3267146078929],[-71.7860767971065,42.3266595882694],[-71.7860957674057,42.3265594460616],[-71.7861241050434,42.3264605296298],[-71.7861616715239,42.3263633219098],[-71.7862082851842,42.3262682950458],[-71.7862637175965,42.3261759121887],[-71.7863276998634,42.3260866238986],[-71.7863999199203,42.3260008645483],[-71.7864800252329,42.3259190523224],[-71.7865676254955,42.32584158652],[-71.7866622953287,42.3257688430577],[-71.7867635715815,42.325701178067],[-71.786870962325,42.3256389189011],[-71.7869839441536,42.3255823713294],[-71.7870129787659,42.3255699319069],[-71.787077162481,42.325504380323],[-71.7871647627435,42.3254269145205],[-71.7872594316774,42.3253541710582],[-71.787360707031,42.3252865060675],[-71.7874680968752,42.3252242469015],[-71.7875810778045,42.3251676993299],[-71.7876990994338,42.3251171367465],[-71.787817857608,42.3250741563473],[-71.7878398793069,42.3250546824277],[-71.7878739078545,42.3250071937271],[-71.7879461270121,42.3249214343767],[-71.7879757201034,42.3248912099614],[-71.7879157658998,42.3248732343123],[-71.7877932809351,42.3248289022321],[-71.7876752620037,42.3247783378501],[-71.7875622846717,42.3247217875805],[-71.7874548975254,42.3246595266159],[-71.7873536257692,42.3245918589272],[-71.787258961332,42.3245191136662],[-71.7871713664654,42.3244416451658],[-71.787091267448,42.3243598311413],[-71.7870190536863,42.3242740699924],[-71.786955078614,42.3241847799037],[-71.7868996524969,42.3240923952479],[-71.7868530460312,42.3239973665853],[-71.7868154867453,42.3239001570666],[-71.7867871563022,42.3238012397355],[-71.7867681940969,42.3237010975277],[-71.7867586909608,42.3236002169765],[-71.7867586936587,42.3234990909104],[-71.78676820309,42.3233982112585],[-71.7867871715907,42.3232980690507],[-71.7868155074297,42.3231991526188],[-71.7868530730109,42.3231019439996],[-71.7868619924869,42.3230837597078],[-71.7868229484203,42.3230642156411],[-71.7867155648714,42.3230019546765],[-71.7866302066187,42.3229449178737],[-71.7865851883557,42.3229286239569],[-71.7864671730216,42.3228780604742],[-71.7863541983875,42.3228215102046],[-71.7862468148386,42.32275924924],[-71.7862179906677,42.3227399893591],[-71.7862164195521,42.3227393166662],[-71.7861322286194,42.3227237386097],[-71.7860026255207,42.3226924880679],[-71.7858762761692,42.3226546041267],[-71.7857537957011,42.3226102729458],[-71.7857258258861,42.3225982894795],[-71.7857206323013,42.3225967318537],[-71.7855981518332,42.3225524006728],[-71.7854801373984,42.3225018362908],[-71.7854441717111,42.322483833662],[-71.7854039603245,42.3224666044503],[-71.7852909865897,42.3224100541807],[-71.7851836039401,42.3223477932161],[-71.7851636192056,42.3223344391831],[-71.7851137499995,42.322309476701],[-71.7850063682492,42.3222472157365],[-71.7849800531869,42.3222296321918],[-71.7849552705692,42.3222172269435],[-71.784847888819,42.3221549659789],[-71.7848206339651,42.3221367538082],[-71.7847790070455,42.3221126187024],[-71.784771239601,42.3221074278156],[-71.7847444020325,42.3220939946422],[-71.7847307008611,42.322092201394],[-71.784598477138,42.3220677362371],[-71.7844688758379,42.3220364856953],[-71.7843425273857,42.3219986017541],[-71.7843185766409,42.3219899322896],[-71.7842280059177,42.3219922795201],[-71.784091817983,42.3219887505804],[-71.7839562928486,42.3219781799491],[-71.7838220924156,42.3219606188875],[-71.7836898686924,42.3219361537306],[-71.7835602673924,42.3219049031888],[-71.7834339198395,42.3218670192476],[-71.78331144117,42.3218226880667],[-71.7831934276346,42.3217721236846],[-71.7830804547991,42.321715573415],[-71.7829730739481,42.3216533124505],[-71.7828718066885,42.3215856447617],[-71.7827771467479,42.3215128995008],[-71.7826895554786,42.3214354310004],[-71.7826094600585,42.3213536160766],[-71.7825372507934,42.3212678549276],[-71.782473278419,42.3211785648389],[-71.7824178549999,42.3210861801831],[-71.7823712512322,42.3209911515205],[-71.7823336928456,42.3208939420019],[-71.7823053642011,42.32079502557],[-71.7822864019958,42.3206948824629],[-71.7822768997591,42.3205940019117],[-71.7822769033564,42.3204928758456],[-71.7822864118884,42.3203919952944],[-71.7823053794896,42.3202918539859],[-71.7823337144293,42.320192937554],[-71.7823712773126,42.3200957289348],[-71.7824178864763,42.3200007020708],[-71.7824733134926,42.3199083192136],[-71.7825372894643,42.3198190309236],[-71.7826095014273,42.3197332715733],[-71.7826895995453,42.3196514593474],[-71.7827771908147,42.319573993545],[-71.7828718507553,42.3195012500827],[-71.7829576577697,42.3194439147049],[-71.7829297059411,42.3194191914426],[-71.782849613219,42.3193373774181],[-71.7827774057527,42.3192516162691],[-71.7827134351768,42.3191623252811],[-71.7826580135564,42.3190699406253],[-71.7826114115873,42.318974912862],[-71.7825765844418,42.3188847675181],[-71.7825554962391,42.3188685608355],[-71.7824679094664,42.3187910923351],[-71.7823878176436,42.3187092783106],[-71.7823156101772,42.3186235171616],[-71.7822516405008,42.3185342261737],[-71.7821962197797,42.3184418424171],[-71.7821496178105,42.3183468137545],[-71.7821120612226,42.3182496033366],[-71.7820837343768,42.3181506869047],[-71.7820647730708,42.3180505437976],[-71.7820552708341,42.3179496632464],[-71.782055273532,42.3178485371803],[-71.7820615867728,42.3177815601709],[-71.7820402926254,42.3177264425213],[-71.7820171458745,42.3176456159525],[-71.7819692632709,42.3175887446249],[-71.7819052944937,42.3174994545362],[-71.7818498746719,42.3174070698804],[-71.7818400648671,42.3173870653608],[-71.781836886663,42.3173832909062],[-71.7817729187851,42.3172940008175],[-71.7817174989634,42.3172016161617],[-71.7816708978936,42.317106587499],[-71.7816583352639,42.3170740698125],[-71.7816539519683,42.3170679517246],[-71.7815985321465,42.3169755670688],[-71.7815974952282,42.316973453662],[-71.7815433119742,42.3168978206779],[-71.7815323492385,42.3168795455546],[-71.7815224441055,42.3168694272823],[-71.7814502393371,42.3167836661333],[-71.7813862714592,42.3166943760447],[-71.7813376720958,42.3166133597188],[-71.7813332834043,42.3166088765984],[-71.7812610795352,42.3165231154494],[-71.7811971116573,42.3164338253608],[-71.7811862883165,42.3164157822626],[-71.7811413339054,42.3163760196376],[-71.7810612447806,42.3162942056131],[-71.7809890409115,42.3162084444642],[-71.7809620009955,42.3161706999179],[-71.7809237941977,42.3161928547165],[-71.7808108312548,42.3162494049861],[-71.7806928285112,42.3162999693681],[-71.7805703606336,42.3163443014484],[-71.7804440238726,42.3163821844903],[-71.7803144333644,42.3164134350321],[-71.7801943316031,42.3164356590785],[-71.7801620090694,42.3165015721898],[-71.780106590147,42.3165939568457],[-71.7800426222691,42.3166832469344],[-71.7800211104858,42.316708797573],[-71.7800472618716,42.3167523868133],[-71.7800938683373,42.3168474136772],[-71.7801314294219,42.3169446222965],[-71.780159762563,42.3170435378291],[-71.7801787292649,42.3171436800368],[-71.7801831755131,42.3171908494782],[-71.7802297900727,42.3172559109316],[-71.7802852152904,42.3173482937888],[-71.7803318217561,42.3174433206528],[-71.78036938374,42.317540529272],[-71.7803977168811,42.3176394457039],[-71.7804166844824,42.3177395870124],[-71.780426192115,42.3178404675636],[-71.7804261957123,42.3179415936297],[-71.7804166934756,42.3180424741809],[-71.7804107273731,42.3180739846267],[-71.7804207808943,42.3181270635132],[-71.7804302894262,42.3182279440644],[-71.7804302921243,42.3183290701305],[-71.7804207898875,42.3184299506817],[-71.7804018285815,42.3185300937889],[-71.7803735008363,42.3186290102207],[-71.7803359442484,42.3187262206386],[-71.7802893422793,42.3188212493013],[-71.7802339206589,42.3189136330578],[-71.7801699509824,42.3190029240458],[-71.780097743516,42.3190886851947],[-71.7800176507939,42.3191704992192],[-71.7799300631219,42.3192479677196],[-71.7798354067785,42.3193207129806],[-71.7797341431162,42.3193883815686],[-71.7796267658625,42.3194506416339],[-71.7795714539594,42.319478329961],[-71.7795378274088,42.3195080714404],[-71.7794431710655,42.3195808167014],[-71.7793419065038,42.3196484852894],[-71.7792345283507,42.3197107453546],[-71.7791215591126,42.3197672956243],[-71.7790035500738,42.3198178600063],[-71.7788810750016,42.3198621920865],[-71.778754731046,42.3199000751284],[-71.7786251342425,42.3199313256702],[-71.778492915016,42.3199557917264],[-71.7783587181802,42.3199733518887],[-71.7782231984418,42.3199839225201],[-71.7780870141044,42.3199874523591],[-71.777950829767,42.3199839225201],[-71.7778153100285,42.3199733518887],[-71.7776811131928,42.3199557917264],[-71.7775488939662,42.3199313256702],[-71.7774192971628,42.3199000751284],[-71.7772929532072,42.3198621920865],[-71.777170478135,42.3198178600063],[-71.7770524690961,42.3197672956243],[-71.776939499858,42.3197107453546],[-71.776832121705,42.3196484852894],[-71.7767308571433,42.3195808167014],[-71.7766362008,42.3195080714404],[-71.7765702715008,42.3194497593989],[-71.7765614779298,42.3194459912395],[-71.7764973220937,42.31941387555],[-71.7764612754675,42.3194091586058],[-71.7763290571402,42.3193846934489],[-71.7761994612361,42.3193534429071],[-71.7760731190791,42.3193155589659],[-71.7759603207122,42.319274729745],[-71.7759534633816,42.3192745516792],[-71.7758179445425,42.3192639801486],[-71.7757026199799,42.3192488895247],[-71.775591201173,42.3192892196218],[-71.7754648581167,42.319327103563],[-71.7753352622125,42.3193583541048],[-71.7752030447846,42.3193828192618],[-71.7750688497476,42.319400379424],[-71.7749333300091,42.3194109509546],[-71.7747971474703,42.3194144798944],[-71.7746609649316,42.3194109509546],[-71.7745254451931,42.319400379424],[-71.774391250156,42.3193828192618],[-71.7742590327281,42.3193583541048],[-71.774129436824,42.319327103563],[-71.7740030937677,42.3192892196218],[-71.7738806195949,42.3192448875416],[-71.7737626114553,42.3191943240589],[-71.7736496431165,42.31913777289],[-71.7735422667621,42.3190755128247],[-71.7734410030998,42.3190078442367],[-71.7733463476558,42.3189350989757],[-71.7732587599837,42.3188576304753],[-71.773178668161,42.3187758164508],[-71.7731064606946,42.3186900553019],[-71.7730424910181,42.3186007643139],[-71.772987070297,42.3185083805574],[-71.7729404683279,42.3184133518947],[-71.7729029117399,42.3183161414768],[-71.7728745839948,42.318217225045],[-71.7728556235881,42.3181170819378],[-71.7728461213514,42.3180162013866],[-71.7728461240494,42.3179150753205],[-71.7728464873754,42.3179112244235],[-71.7728182513612,42.3178895237825],[-71.7727306654878,42.3178120552822],[-71.7726505745644,42.3177302412576],[-71.7725783697959,42.3176444801087],[-71.7725379848401,42.3175881088042],[-71.7724370242493,42.3175206416643],[-71.7723423706039,42.317447895504],[-71.7722547847305,42.3173704270037],[-71.7721746947063,42.3172886129792],[-71.7721024899379,42.3172028518302],[-71.7720922223781,42.3171885202341],[-71.7720262211332,42.3171210980603],[-71.7719642929177,42.3170475434094],[-71.7718816946844,42.3169744851844],[-71.7718470285175,42.3169390725802],[-71.7718309441427,42.3169310209499],[-71.7717235704864,42.3168687599853],[-71.7716223113206,42.3168010922966],[-71.7715276585745,42.3167283461363],[-71.7714400744998,42.3166508776359],[-71.7714263688318,42.3166368769903],[-71.7713422651334,42.3166258701878],[-71.7712100531014,42.3166014050309],[-71.7710804625933,42.3165701544891],[-71.7709541258322,42.3165322714472],[-71.7708316570553,42.3164879393669],[-71.7707136534123,42.3164373749849],[-71.7706006904695,42.3163808247153],[-71.7704933177124,42.3163185637508],[-71.770392059446,42.3162508960621],[-71.7702974075992,42.3161781508011],[-71.7702098244238,42.3161006814014],[-71.770129735299,42.3160188673769],[-71.7700575314299,42.3159331062279],[-71.7699935653507,42.3158438161392],[-71.7699381464283,42.3157514314834],[-71.7698915462578,42.3156564028208],[-71.7698539914685,42.3155591933022],[-71.769825665522,42.315460275971],[-71.7698195888029,42.3154281791672],[-71.7698071781587,42.3154155014243],[-71.7697349751889,42.3153297402753],[-71.7696710091097,42.3152404501867],[-71.7696155910866,42.3151480655309],[-71.7695689918155,42.3150530368682],[-71.7695314370262,42.3149558273496],[-71.7695031110797,42.3148569100184],[-71.769484150673,42.3147567669113],[-71.7694746493356,42.3146558863601],[-71.7694746529328,42.314554760294],[-71.7694841605655,42.3144538797428],[-71.7694847100513,42.3144509767312],[-71.7694807107662,42.3144510801533],[-71.7693445390192,42.3144475503142],[-71.7692090300727,42.3144369796829],[-71.7690748458274,42.3144194186213],[-71.7689426382921,42.3143949534644],[-71.7688130522805,42.3143637029226],[-71.7686867191168,42.3143258189814],[-71.7685642548365,42.3142814878005],[-71.7684462556901,42.3142309234184],[-71.7683332972438,42.3141743731488],[-71.7682259280841,42.3141121121843],[-71.7681246734149,42.3140444435962],[-71.7680300242662,42.3139716983352],[-71.7679424437887,42.3138942298349],[-71.7678623582612,42.3138124158104],[-71.76779015709,42.3137266537621],[-71.7677261928095,42.3136373636734],[-71.7676707756857,42.3135449790176],[-71.7676241773139,42.313449950355],[-71.7675866243232,42.3133527408364],[-71.7675582983767,42.3132538235052],[-71.7675393388694,42.3131536803981],[-71.7675298375319,42.3130527998469],[-71.7675298411292,42.3129516737808],[-71.7675393478626,42.3128507932296],[-71.7675583136652,42.3127506510218],[-71.7675866450076,42.3126517345899],[-71.7676242042936,42.3125545259706],[-71.767670807162,42.3124594991066],[-71.7677262278831,42.3123671162494],[-71.7677901957609,42.3122778279595],[-71.76786239963,42.3121920686091],[-71.7679424878555,42.3121102563833],[-71.7680300692323,42.3120327896815],[-71.7681247174817,42.3119600471185],[-71.7682259721508,42.3118923812285],[-71.768333339512,42.3118301220625],[-71.7684462961596,42.3117735744909],[-71.768564292608,42.3117230119075],[-71.7686867523917,42.3116786816259],[-71.7688130810588,42.3116407994834],[-71.7689426616744,42.3116095507402],[-71.7690748638139,42.3115850864826],[-71.7692090426631,42.3115675263203],[-71.7693445453145,42.311556955689],[-71.7694807107662,42.3115534267493],[-71.7696168762178,42.311556955689],[-71.7697523788692,42.3115675263203],[-71.7698865577185,42.3115850864826],[-71.7700187598579,42.3116095507402],[-71.7701483404735,42.3116407994834],[-71.7702746691406,42.3116786816259],[-71.7703971289243,42.3117230119075],[-71.7705151253727,42.3117735744909],[-71.7705649882835,42.311798536973],[-71.7705760328576,42.3117760161503],[-71.7706314526794,42.3116836332931],[-71.7706954205572,42.3115943450031],[-71.770767623527,42.3115085856527],[-71.7708477099538,42.3114267734269],[-71.7709352904313,42.3113493067252],[-71.7710299386807,42.3112765641621],[-71.7711311915512,42.3112088982721],[-71.771238558013,42.3111466391061],[-71.7713515137613,42.3110900906352],[-71.771469508411,42.3110395289511],[-71.7715919672954,42.3109951986696],[-71.7717182941639,42.310957316527],[-71.7718478738802,42.3109260677838],[-71.771980074221,42.3109016035262],[-71.7721142512717,42.3108840433639],[-71.7722497521243,42.3108734727326],[-71.7723859166767,42.3108699437929],[-71.772522081229,42.3108734727326],[-71.7726575820817,42.3108840433639],[-71.7727917591324,42.3109016035262],[-71.7729239594731,42.3109260677838],[-71.7730043210925,42.3109454472746],[-71.7729892601462,42.3109203382031],[-71.772942663573,42.3108253095405],[-71.7729051114817,42.3107281000218],[-71.7728767873338,42.3106291826907],[-71.7728578287258,42.3105290395836],[-71.772850188985,42.3104479189363],[-71.7727623108319,42.3104456409536],[-71.7726268108786,42.3104350703223],[-71.7725890501445,42.3104301285476],[-71.7725582636529,42.3104277264584],[-71.7724240875016,42.3104101653969],[-71.7722918889594,42.3103857002399],[-71.7721623110418,42.3103544496981],[-71.7720359859719,42.310316565757],[-71.7719135297855,42.310272234576],[-71.7717955378338,42.310221670194],[-71.7716825865821,42.3101651199244],[-71.7715752246169,42.3101028589599],[-71.7714739753437,42.3100351903718],[-71.7713793333895,42.3099624451108],[-71.7712917583079,42.3098849766104],[-71.7712209681731,42.3098126540308],[-71.7711749966288,42.3097719875872],[-71.7710949164971,42.3096901726634],[-71.7710227198226,42.3096044115144],[-71.7709939675975,42.3095642729729],[-71.7708799164749,42.3095153966183],[-71.7707669661226,42.3094588463487],[-71.7706596050567,42.3093965853841],[-71.7705583575821,42.3093289167961],[-71.7704637165273,42.3092561715351],[-71.7703761423451,42.3091787030348],[-71.7702960622134,42.309096888111],[-71.7702238664382,42.309011126962],[-71.7701599066543,42.3089218368733],[-71.7701044949264,42.3088294522175],[-71.7700578992526,42.3087344226556],[-71.7700203489599,42.3086372131369],[-71.7700159485771,42.3086218473205],[-71.7699726758983,42.3086184712655],[-71.7698385033442,42.3086009111032],[-71.7697063083993,42.308576445047],[-71.769576734079,42.3085451945052],[-71.7694504135058,42.3085073114633],[-71.7693279600173,42.308462979383],[-71.7692099716628,42.308412415001],[-71.7690970231091,42.3083558647314],[-71.7689896647412,42.3082936037668],[-71.7688884190653,42.3082259351788],[-71.7687937789098,42.3081531899178],[-71.7687062065262,42.3080757214175],[-71.7686261281932,42.307993907393],[-71.7685539333173,42.3079081453447],[-71.7684899744327,42.307818855256],[-71.7684345636042,42.3077264706002],[-71.7684260506217,42.3077091082887],[-71.7683662052361,42.3076691100414],[-71.7682715659799,42.3075963638811],[-71.7681839944957,42.3075188953808],[-71.7681039170621,42.3074370813563],[-71.7680317230855,42.307351319308],[-71.7680113786222,42.3073229160198],[-71.7679660321066,42.3072765865453],[-71.7679301140835,42.3072339173115],[-71.7679287345234,42.3072325080739],[-71.7678565405469,42.3071467460256],[-71.7677925825616,42.3070574559369],[-71.7677371717331,42.3069650712811],[-71.7676905778578,42.3068700426184],[-71.7676697126871,42.3068160248397],[-71.7676235630769,42.3067929185584],[-71.7675885452751,42.306772610068],[-71.7675388451415,42.3067634118021],[-71.7674092753178,42.3067321612603],[-71.7672829574425,42.3066942773191],[-71.7671605084507,42.3066499461382],[-71.7670425227942,42.3065993817561],[-71.7669758407624,42.3065659944252],[-71.7668798516238,42.3065482292175],[-71.7667502818,42.3065169786757],[-71.7666239648241,42.3064790947345],[-71.7665015158323,42.3064347635536],[-71.7663835310751,42.3063841991715],[-71.7662705861186,42.3063276480026],[-71.766163231348,42.306265387038],[-71.76606198837,42.3061977193493],[-71.7659673518118,42.306124973189],[-71.7659193720813,42.3060825278864],[-71.76590774025,42.3060757820717],[-71.7658377001497,42.3060457645005],[-71.7657247560926,42.3059892133316],[-71.7656686464908,42.3059566722627],[-71.7655445931085,42.305953456287],[-71.7654091030476,42.3059428856557],[-71.7652749358895,42.3059253245941],[-71.7652678564264,42.3059240142819],[-71.7651797417516,42.3059171398642],[-71.7650455745936,42.3058995788026],[-71.7649133850446,42.3058751136456],[-71.7647838170195,42.3058438631039],[-71.7646575009429,42.305805980062],[-71.7645350537497,42.3057616479817],[-71.7644170707911,42.3057110835997],[-71.764304126734,42.3056545333301],[-71.7641967719634,42.3055922723655],[-71.7640955307841,42.3055246037775],[-71.7640008951252,42.3054518585165],[-71.7639133263389,42.3053743891168],[-71.7638332516032,42.3052925750923],[-71.7637610603246,42.3052068139434],[-71.763697104138,42.3051175229553],[-71.7636416951081,42.3050251382995],[-71.7635951030315,42.3049301096369],[-71.7635575545375,42.304832899219],[-71.7635437733264,42.3047847675031],[-71.7634860179653,42.304740371571],[-71.763471730436,42.3047277315996],[-71.7634478345499,42.304725867305],[-71.7633136700898,42.3047083062434],[-71.7631814832388,42.3046838410864],[-71.7630519170123,42.3046525905447],[-71.7629256036337,42.3046147066035],[-71.7628031582391,42.3045703745232],[-71.7626851770792,42.3045198101412],[-71.7625722357201,42.3044632598716],[-71.7624648836474,42.304400998907],[-71.7623636433674,42.304333330319],[-71.7622690095071,42.304260585058],[-71.7621814425195,42.3041831165576],[-71.7621013695825,42.3041013016338],[-71.7620291792032,42.3040155404848],[-71.7619652248152,42.3039262494969],[-71.7619098166846,42.3038338648411],[-71.7618632255074,42.3037388361784],[-71.7618256770133,42.3036416257605],[-71.7618028513205,42.3035619017604],[-71.761781213632,42.3035058811915],[-71.7617528921822,42.3034069638604],[-71.7617339362721,42.3033068216525],[-71.761724435834,42.303205940202],[-71.7617244394313,42.3031048141359],[-71.761729403689,42.3030521264545],[-71.7617291222012,42.3030491326114],[-71.7617291248991,42.3029480065453],[-71.7617386307332,42.3028471259941],[-71.7617575938378,42.3027469837863],[-71.7617859206837,42.3026480673545],[-71.761802782972,42.3026044169603],[-71.7617453729505,42.3025969022253],[-71.7616131905962,42.3025724370684],[-71.7614836288664,42.3025411865266],[-71.7613573199843,42.3025033025854],[-71.7612348781871,42.3024589714045],[-71.7611169015237,42.3024084070224],[-71.7610039628626,42.3023518558535],[-71.7608966143872,42.3022895948889],[-71.7607953786038,42.3022219272002],[-71.7607007474415,42.3021491810399],[-71.7606131840512,42.3020717125395],[-71.7605331129128,42.3019898976157],[-71.7604609252315,42.3019041364667],[-71.7603969726421,42.3018148463781],[-71.7603415663102,42.301722460823],[-71.7602949769316,42.3016274321603],[-71.7602574302362,42.3015302226417],[-71.7602291096856,42.3014313044112],[-71.7602101537755,42.3013311622034],[-71.7602025050415,42.3012499399329],[-71.7602023278751,42.3012497825514],[-71.7601222576361,42.301167968527],[-71.760050070854,42.3010822064787],[-71.759986119164,42.30099291639],[-71.7599307137314,42.3009005308349],[-71.7598841243528,42.3008055021722],[-71.7598465785567,42.3007082926536],[-71.7598182589055,42.3006093753224],[-71.7598144143037,42.3005890650334],[-71.7598136993427,42.3005880667859],[-71.7597582939101,42.3004956812307],[-71.7597117054308,42.3004006525681],[-71.7596741596347,42.3003034430495],[-71.7596458399835,42.3002045257184],[-71.7596268840734,42.3001043826112],[-71.7596173845346,42.3000035011607],[-71.759617385434,42.2999710743057],[-71.7595735434842,42.2998816466207],[-71.7595359976881,42.2997844371021],[-71.759530216846,42.2997642473222],[-71.7594303714145,42.2997342989988],[-71.7593079359125,42.2996899669185],[-71.7591899637458,42.2996394025365],[-71.7590770304805,42.2995828522669],[-71.7589696865018,42.2995205913023],[-71.758868455215,42.2994529227142],[-71.7587738285493,42.2993801774533],[-71.7586862678569,42.2993027080536],[-71.7586062012152,42.2992208940291],[-71.7585340162318,42.2991351328801],[-71.7584700663405,42.2990458418922],[-71.7584146627065,42.2989534572363],[-71.7583984596212,42.2989204062518],[-71.7583933199957,42.298911836612],[-71.7583866731064,42.2988982793322],[-71.7583828464911,42.2988918977429],[-71.7583761582331,42.2988825600821],[-71.7583544782765,42.2988464091345],[-71.7583452107629,42.2988334687896],[-71.7582898071288,42.2987410841338],[-71.7582860452648,42.2987334111181],[-71.7582599271539,42.29868985875],[-71.7582509204436,42.2986714873993],[-71.7582241170493,42.2986267919929],[-71.7581775294694,42.298531762431],[-71.7581680326286,42.2985071740668],[-71.7581585483783,42.2984913585894],[-71.7581119607983,42.2983963290274],[-71.7580744159015,42.2982991195088],[-71.758060697643,42.2982512027309],[-71.7579961353134,42.2981852293649],[-71.7579239521286,42.2980994682159],[-71.7578600031366,42.2980101772279],[-71.7578046004019,42.2979177925722],[-71.7577580137213,42.2978227630102],[-71.7577204697238,42.2977255534915],[-71.7576921509719,42.2976266361604],[-71.7576731959612,42.2975264930533],[-71.7576636973217,42.2974256125021],[-71.7576637000197,42.2973244855366],[-71.7576732049544,42.2972236049854],[-71.7576921662604,42.2971234627776],[-71.7577204904082,42.2970245454464],[-71.7577580398017,42.2969273368272],[-71.7578046318782,42.2968323090639],[-71.7578600382101,42.2967399262067],[-71.7579239907995,42.2966506379167],[-71.7579961766822,42.296564877667],[-71.7580762451226,42.2964830654412],[-71.7581638049156,42.2964055987394],[-71.7582584297826,42.2963328552771],[-71.7583596592708,42.2962651893871],[-71.7584670005516,42.2962029311204],[-71.7585799293203,42.2961463826495],[-71.758697896091,42.2960958200661],[-71.7587641014821,42.2960718477376],[-71.7587980760703,42.2960244129963],[-71.7588702610537,42.295938653646],[-71.7588937909157,42.2959146111704],[-71.7588690829418,42.2958734096302],[-71.7588224980598,42.2957783809675],[-71.7587849549616,42.2956811705496],[-71.7587566371091,42.2955822532185],[-71.7587376829976,42.2954821101113],[-71.7587281843582,42.2953812295601],[-71.7587281870561,42.2952801025947],[-71.7587376919909,42.2951792220435],[-71.7587566523976,42.2950790789364],[-71.7587849756461,42.2949801625045],[-71.7588225241402,42.2948829538853],[-71.7588691144181,42.294787926122],[-71.7589245189513,42.2946955432648],[-71.7589884697421,42.2946062540754],[-71.7590606529267,42.2945204947251],[-71.7591407186692,42.2944386824993],[-71.7592282757643,42.2943612157975],[-71.7593228979334,42.2942884723352],[-71.7593386792366,42.2942779232876],[-71.7592512174697,42.2942801904784],[-71.7591150888902,42.2942766615387],[-71.7589796240104,42.2942660900081],[-71.7588454820333,42.2942485298458],[-71.7587133167661,42.2942240637895],[-71.7585837721234,42.2941928132478],[-71.7584574794291,42.2941549302059],[-71.7583350547189,42.2941105981256],[-71.7582170933442,42.2940600337436],[-71.7581041699714,42.2940034825747],[-71.7579968358853,42.2939412216102],[-71.7578956126923,42.2938735530221],[-71.7578009941205,42.2938008077611],[-71.7577134415221,42.2937233383614],[-71.7576333811755,42.2936415243369],[-71.7575612033868,42.2935557622886],[-71.7574972588914,42.2934664722],[-71.7574418606533,42.2933740866449],[-71.7573952766706,42.2932790579822],[-71.7573577353712,42.2931818475642],[-71.7573294184179,42.2930829302331],[-71.7573104652058,42.292982787126],[-71.7573009665663,42.2928819065748],[-71.7573009701636,42.2927807796094],[-71.757310474199,42.2926798990582],[-71.7573294337064,42.292579755951],[-71.7573577560556,42.2924808395192],[-71.757395302751,42.2923836308999],[-71.7574418912303,42.2922886031366],[-71.7574972948642,42.2921962202794],[-71.7575612420576,42.2921069310901],[-71.7576334234437,42.2920211717397],[-71.7577134855889,42.2919393595139],[-71.7578010390866,42.2918618928122],[-71.7578956576584,42.2917891493498],[-71.7579552755155,42.291749294994],[-71.7579788197667,42.2916670636841],[-71.7580163664621,42.2915698550648],[-71.758062954042,42.2914748273015],[-71.7581183567767,42.291382443545],[-71.7581823030708,42.2912931552549],[-71.7582544835576,42.2912073959047],[-71.7583345448033,42.2911255827795],[-71.7584220974018,42.2910481160778],[-71.758516714175,42.2909753726154],[-71.7586179346699,42.2909077067254],[-71.7586542259118,42.2908866562942],[-71.758594103535,42.2908517796859],[-71.7584928857381,42.2907841110979],[-71.7583982716629,42.2907113649376],[-71.758310723561,42.2906338964372],[-71.7582306668118,42.2905520815134],[-71.7581584926203,42.2904663203644],[-71.7580945517221,42.2903770293764],[-71.7580391552827,42.2902846447207],[-71.7579925739981,42.2901896151587],[-71.7579550344972,42.2900924047407],[-71.7579267193426,42.2899934874096],[-71.7579077670298,42.2898933443025],[-71.7578982683904,42.2897924637513],[-71.7578982719876,42.2896913367858],[-71.757907776023,42.2895904562346],[-71.757926734631,42.2894903131275],[-71.7579550551816,42.2893913966956],[-71.7579926000784,42.2892941871771],[-71.758039186759,42.289199160313],[-71.7580945867957,42.2891067765565],[-71.7581585312911,42.2890174873672],[-71.7582307081806,42.2889317280169],[-71.7583107667285,42.288849915791],[-71.758398316629,42.2887724490893],[-71.7584929298048,42.288699705627],[-71.7585941476018,42.2886320397369],[-71.7587014753927,42.288569780571],[-71.7588143897722,42.2885132321001],[-71.7589323430532,42.2884626695166],[-71.7590547578707,42.288418339235],[-71.7591810397731,42.2883804570925],[-71.7593105727247,42.2883492083494],[-71.7594427263007,42.2883247440917],[-71.7595768556873,42.2883071839295],[-71.7597123079766,42.2882966132981],[-71.7598484239655,42.2882930843584],[-71.7599845399545,42.2882966132981],[-71.7601199922438,42.2883071839295],[-71.7602541216304,42.2883247440917],[-71.7603862752064,42.2883492083494],[-71.760515808158,42.2883804570925],[-71.7606420900603,42.288418339235],[-71.760764504878,42.2884626695166],[-71.7608824581589,42.2885132321001],[-71.7609953725384,42.288569780571],[-71.7611027003293,42.2886320397369],[-71.7612039181263,42.288699705627],[-71.7612985313021,42.2887724490893],[-71.7613860812027,42.288849915791],[-71.7614661397505,42.2889317280169],[-71.76153831664,42.2890174873672],[-71.7616022611354,42.2891067765565],[-71.7616576611721,42.289199160313],[-71.7617042478527,42.2892941871771],[-71.7617417927495,42.2893913966956],[-71.7617701133,42.2894903131275],[-71.7617890719081,42.2895904562346],[-71.7617985759435,42.2896913367858],[-71.7617985795408,42.2897924637513],[-71.7617890809013,42.2898933443025],[-71.7617701285885,42.2899934874096],[-71.7617418134339,42.2900924047407],[-71.761704273933,42.2901896151587],[-71.7616576926484,42.2902846447207],[-71.761602296209,42.2903770293764],[-71.7615383553108,42.2904663203644],[-71.7614661811193,42.2905520815134],[-71.7613861243701,42.2906338964372],[-71.7612985762682,42.2907113649376],[-71.7612039621931,42.2907841110979],[-71.7611027443961,42.2908517796859],[-71.7610664540535,42.2908728310164],[-71.7611265791283,42.2909077067254],[-71.7612277996232,42.2909753726154],[-71.7613224163964,42.2910481160778],[-71.7614099689948,42.2911255827795],[-71.7614900302407,42.2912073959047],[-71.7615622107274,42.2912931552549],[-71.7616261570215,42.291382443545],[-71.7616815597561,42.2914748273015],[-71.7617281473361,42.2915698550648],[-71.7617656940315,42.2916670636841],[-71.7617940154814,42.2917659801159],[-71.7618129749887,42.2918661232231],[-71.7618224790241,42.2919670037742],[-71.7618224826214,42.2920681307397],[-71.761812983982,42.2921690112909],[-71.7617940307699,42.292269154398],[-71.7617657147159,42.2923680717292],[-71.7617281734164,42.2924652821471],[-71.7616815903331,42.2925603108097],[-71.761626192095,42.2926526963649],[-71.7615782384449,42.2927196598844],[-71.761616557658,42.2926857554433],[-71.7617111771291,42.292613011981],[-71.761812400322,42.2925453460909],[-71.7619197353075,42.292483086925],[-71.7620326568816,42.292426538454],[-71.7621506173571,42.2923759758706],[-71.7622730402686,42.292331645589],[-71.7623993293655,42.2922937634465],[-71.762528870411,42.2922625147033],[-71.7626610320809,42.2922380504458],[-71.7627951695614,42.2922204902834],[-71.7629306308439,42.2922099196521],[-71.7630667549267,42.2922063907124],[-71.7632028790096,42.2922099196521],[-71.7633383402921,42.2922204902834],[-71.7634724777726,42.2922380504458],[-71.7636046394425,42.2922625147033],[-71.763734180488,42.2922937634465],[-71.7637837169449,42.2923086220453],[-71.7639156259054,42.2923258908273],[-71.7640477875753,42.2923503550849],[-71.7641773286208,42.292381603828],[-71.7643036186171,42.2924194859705],[-71.7644260415286,42.2924638162522],[-71.7645440011048,42.2925143788356],[-71.7646569235781,42.2925709273065],[-71.7647642585636,42.2926331864724],[-71.7648654817565,42.2927008523625],[-71.7649601012276,42.2927735958248],[-71.7650476565241,42.2928510625266],[-71.7651277195686,42.2929328747524],[-71.765199901854,42.2930186341027],[-71.765263850846,42.2931079232921],[-71.7653192544799,42.2932003061493],[-71.7653484078027,42.2932597711216],[-71.765359168191,42.2932606110884],[-71.7654933074701,42.2932781712507],[-71.7655304557659,42.293285047467],[-71.7656258333655,42.2932297247721],[-71.7657387567382,42.2931731763011],[-71.765856718113,42.2931226137177],[-71.7659791419238,42.2930782834361],[-71.7661054328194,42.2930404012935],[-71.7662349756636,42.2930091525504],[-71.7663671391321,42.2929846882928],[-71.7665012784112,42.2929671281305],[-71.7666367405931,42.2929565574992],[-71.7667728664746,42.2929530285594],[-71.7669089923561,42.2929565574992],[-71.7670444545379,42.2929671281305],[-71.767178593817,42.2929846882928],[-71.7673107572856,42.2930091525504],[-71.7674403001297,42.2930404012935],[-71.7675665910253,42.2930782834361],[-71.7676890148362,42.2931226137177],[-71.7677683791074,42.2931566323728],[-71.7678018932427,42.2931007502995],[-71.7678658413355,42.2930114611101],[-71.7679380236208,42.2929257017598],[-71.7680180866653,42.2928438895339],[-71.7681056419618,42.2927664228322],[-71.7682002614329,42.2926936793698],[-71.7683014855251,42.2926260134798],[-71.7684088196113,42.2925637543138],[-71.7685217420847,42.2925072058429],[-71.7686397016608,42.2924566432595],[-71.7687621254717,42.2924123129779],[-71.7688384131622,42.2923894297285],[-71.7688388466354,42.2923885456949],[-71.7688942502694,42.2922961628377],[-71.7689581974628,42.2922068736483],[-71.7690303788489,42.292121114298],[-71.769110440994,42.2920393020722],[-71.7691979944918,42.2919618353704],[-71.7692926130636,42.2918890919081],[-71.7693938353572,42.2918214251187],[-71.7695011685441,42.2917591668521],[-71.7696140892188,42.2917026183812],[-71.7697320478957,42.2916520557978],[-71.7698544699078,42.2916077255161],[-71.7699807581055,42.2915698433736],[-71.7701102973523,42.2915385937312],[-71.7702424572236,42.2915141294736],[-71.7703765938047,42.2914965693113],[-71.7705120532886,42.2914859995793],[-71.7706481755728,42.2914824697402],[-71.770784297857,42.2914859995793],[-71.7709197573409,42.2914965693113],[-71.771053893922,42.2915141294736],[-71.7711860537933,42.2915385937312],[-71.7712813270716,42.2915615768053],[-71.7712858641513,42.2915523218822],[-71.7713412659866,42.2914599381257],[-71.77140521318,42.2913706498357],[-71.7714773927675,42.2912848904854],[-71.7715574549126,42.2912030773602],[-71.771645007511,42.2911256115578],[-71.7717396242842,42.2910528671961],[-71.7718408456785,42.2909852013061],[-71.771902098503,42.2909496708907],[-71.7718528336413,42.290921093134],[-71.7717880419845,42.2908777772876],[-71.7717504898932,42.290858970665],[-71.7716431612029,42.2907967097004],[-71.7715419434059,42.2907290411124],[-71.771506243918,42.2907015929043],[-71.7714619199316,42.2906758803876],[-71.7713607021346,42.2906082117996],[-71.7712660889588,42.2905354656393],[-71.7711910926947,42.2904691037662],[-71.7711759067427,42.2904589513196],[-71.7711380515798,42.2904298456609],[-71.7710998600704,42.2904134735031],[-71.770986942993,42.2903569232334],[-71.770879615202,42.2902946622689],[-71.7707783983044,42.2902269936808],[-71.7707350590757,42.2901936711011],[-71.7707089436628,42.2901824754409],[-71.7705960274847,42.2901259251714],[-71.7704886996937,42.2900636642068],[-71.7703874827961,42.2899959956188],[-71.7703507697722,42.2899677676984],[-71.7702952105555,42.2899355377949],[-71.7701939936579,42.2898678692068],[-71.7701515303688,42.2898352202193],[-71.770085538117,42.2897969378784],[-71.7699843221187,42.2897292692904],[-71.7699409622056,42.2896959305228],[-71.7699405485175,42.2896957236787],[-71.7698332216258,42.2896334627141],[-71.7698107214875,42.2896184197543],[-71.7697521981054,42.2895891099495],[-71.7696448712138,42.289526848985],[-71.7695436552155,42.2894591803969],[-71.7694490438383,42.289386435136],[-71.769361497535,42.2893089657362],[-71.7692814425845,42.2892271508124],[-71.7692092692923,42.2891413896634],[-71.7691453301928,42.2890520986755],[-71.7690899346527,42.2889597140197],[-71.7690433542674,42.2888646844577],[-71.7690058156658,42.2887674740397],[-71.7689775014105,42.2886685567085],[-71.7689585490977,42.2885684136015],[-71.7689490513576,42.2884675330503],[-71.7689490540556,42.2883664060848],[-71.768958558091,42.2882655246343],[-71.768977516699,42.2881653824265],[-71.7690058363502,42.2880664659947],[-71.7690433803477,42.287969256476],[-71.769089966129,42.287874229612],[-71.7691453652664,42.2877818458555],[-71.7692093079631,42.2876925566662],[-71.7692814839533,42.2876067973159],[-71.7693615407025,42.28752498509],[-71.7694490879051,42.2874475183883],[-71.7695437001816,42.287374774926],[-71.7696449152806,42.2873071081366],[-71.7697522403736,42.28724484987],[-71.7698651538537,42.287188301399],[-71.7699831035374,42.2871377388157],[-71.7701055165563,42.287093408534],[-71.7701615146422,42.2870766100975],[-71.7702202754453,42.2870246148941],[-71.7703093919648,42.2869560964468],[-71.770382305399,42.2868815831186],[-71.7704698526016,42.2868041164169],[-71.7704943267518,42.2867852990024],[-71.7705119300815,42.2867643825702],[-71.7705919859314,42.2866825703444],[-71.7706795322346,42.2866051036427],[-71.7707741427125,42.2865323601803],[-71.7708169963073,42.2865037104779],[-71.7708218193714,42.2864987812938],[-71.7709093656746,42.2864213145921],[-71.7709868854364,42.2863617102248],[-71.7709940908046,42.2863531486789],[-71.7710741457552,42.2862713364531],[-71.771116809593,42.2862335838129],[-71.7711173806625,42.2862327870135],[-71.7711895548541,42.2861470276633],[-71.7712696089053,42.2860652154374],[-71.7713571552085,42.2859877487357],[-71.7714517647871,42.285915004374],[-71.7715529771881,42.285847338484],[-71.7716603004824,42.285785079318],[-71.7717732103653,42.285728530847],[-71.7718911582503,42.2856779682636],[-71.772013567672,42.2856336379821],[-71.7721398441784,42.2855957558395],[-71.7722693717341,42.2855645070963],[-71.7724015190149,42.2855400428388],[-71.7725356421062,42.2855224826765],[-71.7726710889995,42.2855119120451],[-71.7728071986932,42.2855083831054],[-71.7729433083869,42.2855119120451],[-71.7730787552803,42.2855224826765],[-71.7732128783716,42.2855400428388],[-71.7733450256524,42.2855645070963],[-71.773474553208,42.2855957558395],[-71.7736008297145,42.2856336379821],[-71.7737232391361,42.2856779682636],[-71.7738049659264,42.2857130031526],[-71.7738247213338,42.2857189296849],[-71.7739471316548,42.2857632599665],[-71.7740650786404,42.2858138225499],[-71.7741779894226,42.2858703710208],[-71.774285312717,42.2859326301868],[-71.774386525118,42.2860002960768],[-71.774390191654,42.2860031154515],[-71.7744018819413,42.286008970038],[-71.7745092052356,42.2860712292039],[-71.7745776220596,42.2861169687232],[-71.7747021493847,42.2860869259709],[-71.7748342975647,42.2860624617133],[-71.7749627369407,42.2860456461897],[-71.7750830644318,42.2860233699826],[-71.7752171893218,42.2860058098203],[-71.7753526371145,42.285995239189],[-71.7754887477075,42.2859917102493],[-71.7756248583005,42.285995239189],[-71.7757603060932,42.2860058098203],[-71.7758944309832,42.2860233699826],[-71.7760265791633,42.2860478342402],[-71.7761561076182,42.2860790838827],[-71.7762189684306,42.2860979417666],[-71.7762362534003,42.2861011415545],[-71.7763657818553,42.2861323911969],[-71.7764920592611,42.2861702733395],[-71.7765416703618,42.286188239096],[-71.776581411403,42.2861892697191],[-71.7767168591956,42.2861998403504],[-71.7768509840856,42.2862174005127],[-71.7769628444597,42.2862381092014],[-71.7770189342764,42.2862424862018],[-71.7771530591663,42.2862600463641],[-71.7772852082457,42.2862845106217],[-71.7773080780054,42.2862900279625],[-71.7773613376556,42.286294184629],[-71.7774954634448,42.2863117447912],[-71.7776276125243,42.2863362090488],[-71.7777571409792,42.2863674586913],[-71.7778247978761,42.2863877554906],[-71.7778553181683,42.2863901368954],[-71.7779894430583,42.2864076970576],[-71.7780424733814,42.2864175140571],[-71.7780606073111,42.2864179844025],[-71.7781960560031,42.2864285550339],[-71.7783301817924,42.2864461151961],[-71.7784623308718,42.2864705794537],[-71.7785918602261,42.2865018290962],[-71.7787181376319,42.2865397112387],[-71.7788405497515,42.2865840415204],[-71.7789584985358,42.2866346041038],[-71.7790714111167,42.2866911525747],[-71.7791787353103,42.2867534108413],[-71.77927994951,42.2868210776307],[-71.7793394738376,42.2868668441296],[-71.7794573353877,42.2869022009759],[-71.7795797475073,42.2869465312575],[-71.779697697191,42.2869970938409],[-71.7798106097718,42.2870536423118],[-71.7799179348648,42.2871159005784],[-71.7800191499638,42.2871835673678],[-71.780113761341,42.2872563108301],[-71.7802013085435,42.2873337775318],[-71.7802813643934,42.2874155897577],[-71.7803535403835,42.287501349108],[-71.7804174830803,42.2875906382974],[-71.7804728822177,42.2876830220539],[-71.7805194670997,42.2877780489179],[-71.7805570110971,42.2878752584365],[-71.7805853316477,42.2879741748683],[-71.7806042893564,42.2880743170761],[-71.7806137933918,42.2881751985266],[-71.7806137969891,42.288276325492],[-71.780604299249,42.2883772060432],[-71.7805853469362,42.2884773491504],[-71.7805729488824,42.2885206622988],[-71.7805845483382,42.2885368590888],[-71.7806399474755,42.2886292428453],[-71.7806757485869,42.2887022713928],[-71.7806947215841,42.2887287645209],[-71.7807501216208,42.2888211482774],[-71.7807967074021,42.2889161751414],[-71.7808342522989,42.2890133846601],[-71.7808625728494,42.2891123010919],[-71.7808815314575,42.289212444199],[-71.7808910354929,42.2893133247502],[-71.7808910390901,42.2894144517156],[-71.78088154135,42.2895153322668],[-71.780875087815,42.2895494282636],[-71.7809669418708,42.2895954285862],[-71.7810742714604,42.2896576877521],[-71.7811754901567,42.2897253536422],[-71.7812701060305,42.2897980971046],[-71.7813576568304,42.2898755638063],[-71.7814377162775,42.2899573760321],[-71.7815098940663,42.2900431362818],[-71.7815738403604,42.2901324245718],[-71.7816292412964,42.2902248083283],[-71.781675827977,42.2903198360916],[-71.7816997940103,42.2903818857155],[-71.7817477503584,42.2904308915724],[-71.7818199299458,42.2905166518221],[-71.7818838753406,42.2906059401121],[-71.7819392771759,42.2906983238686],[-71.7819858647558,42.2907933516319],[-71.7820206064658,42.2908833000243],[-71.782022843979,42.2908864242691],[-71.7820782458144,42.2909788080256],[-71.7821248333943,42.2910738357889],[-71.7821623791904,42.2911710444082],[-71.7821907006403,42.29126996084],[-71.7821996497939,42.2913172301061],[-71.7822145065942,42.2913475345611],[-71.7822415806843,42.2913394127837],[-71.7823711199312,42.2913081631412],[-71.7825032798025,42.2912836988837],[-71.7826374154843,42.2912661387214],[-71.7827728740688,42.2912555689894],[-71.7829089963531,42.2912520391503],[-71.7830451186373,42.2912555689894],[-71.7831805772218,42.2912661387214],[-71.7833147129036,42.2912836988837],[-71.7834468727749,42.2913081631412],[-71.7835764120218,42.2913394127837],[-71.7837026993201,42.2913772949263],[-71.7838251204329,42.2914216252079],[-71.7839430782104,42.2914721877913],[-71.7840559988852,42.2915287362622],[-71.7841633320721,42.2915909945288],[-71.7842645534664,42.2916586613182],[-71.7843591720381,42.2917314047805],[-71.7844467255359,42.2918088714823],[-71.784526787681,42.2918906837081],[-71.7845989681678,42.2919764430584],[-71.7846629153612,42.2920657322478],[-71.7847183189952,42.292158115105],[-71.7847436295149,42.2922097424857],[-71.7847907611846,42.2922459779696],[-71.7848783155818,42.2923234446713],[-71.7849583777269,42.2924052568971],[-71.785030559113,42.2924910162475],[-71.7850945072057,42.2925803054368],[-71.7851499108397,42.292672688294],[-71.7851964993189,42.2927677160573],[-71.7852340469137,42.2928649246766],[-71.7852623692629,42.2929638411084],[-71.7852813287703,42.2930639842156],[-71.7852908328056,42.2931648647668],[-71.785290836403,42.2932659917322],[-71.7852813377635,42.2933668722834],[-71.7852699190715,42.2934272060008],[-71.7853020869217,42.293424695993],[-71.78539704184,42.2934017902605],[-71.7855292062079,42.2933773260028],[-71.7856633463863,42.2933597658406],[-71.7857988094675,42.2933491952093],[-71.7858862721337,42.2933469280184],[-71.7858985047122,42.2933446635254],[-71.7860326448906,42.2933271033632],[-71.7861681079718,42.2933165327319],[-71.7862262608332,42.2933150254681],[-71.78629653116,42.293302017674],[-71.7864306713384,42.2932844575117],[-71.7865652881575,42.2932739525309],[-71.7865883081039,42.2932535855846],[-71.7865915735422,42.293245131058],[-71.786608964632,42.2932096590985],[-71.7865741941437,42.2931516744103],[-71.786527610161,42.2930566457476],[-71.7864900688616,42.2929594353297],[-71.7864617528076,42.2928605179986],[-71.7864427995955,42.2927603748914],[-71.786433300956,42.2926594943402],[-71.7864333045533,42.2925583673748],[-71.7864428085887,42.2924574868236],[-71.7864575655641,42.2923795434812],[-71.7864489284752,42.2923339091826],[-71.7864394307351,42.2922330286314],[-71.7864394334331,42.292131901666],[-71.7864489383678,42.2920310211148],[-71.7864678969758,42.2919308780077],[-71.786496219325,42.2918319615758],[-71.7865337660205,42.2917347529565],[-71.7865803536004,42.2916397251932],[-71.786635756335,42.2915473414367],[-71.7866997026291,42.2914580531467],[-71.786730813776,42.2914210883126],[-71.7866213015318,42.2914182491529],[-71.7864858420479,42.2914076776223],[-71.7864452718318,42.2914023662263],[-71.7863725337654,42.2914004803479],[-71.7862841753744,42.2913935843465],[-71.7861676753978,42.2913905644231],[-71.786058585835,42.2913820505413],[-71.7859757690665,42.2913799038595],[-71.7858403095826,42.2913693323289],[-71.7857061739008,42.2913517712673],[-71.7855740149288,42.2913273061104],[-71.7854444765813,42.2912960555686],[-71.7853181901823,42.2912581716273],[-71.7851957699688,42.2912138395471],[-71.7850778139899,42.291163275165],[-71.7849648960131,42.2911067248955],[-71.7848575664235,42.2910444639309],[-71.7847563486266,42.2909767953429],[-71.7846617345514,42.2909040491826],[-71.7845741864495,42.2908265806822],[-71.7845400095138,42.2907916528126],[-71.784539889904,42.2907916096451],[-71.7844219348244,42.2907410452631],[-71.7843090177469,42.2906844949935],[-71.7842016890567,42.2906222340289],[-71.7841004712597,42.2905545654409],[-71.7840058580838,42.2904818192806],[-71.783918309982,42.2904043507802],[-71.7838382541321,42.2903225358564],[-71.7837660799406,42.2902367747075],[-71.7837021390424,42.2901474837195],[-71.783646742603,42.2900550990636],[-71.7836309370181,42.290022854771],[-71.7836132986148,42.2899982232395],[-71.7836035526618,42.2899819688928],[-71.7835605165046,42.2899308316426],[-71.7834965756064,42.2898415406546],[-71.7834411800663,42.2897491559988],[-71.783424878955,42.2897159008682],[-71.7833737722817,42.2896306685206],[-71.7833438194617,42.2895695622855],[-71.7833188668722,42.289539912537],[-71.7832549268733,42.289450621549],[-71.7831995322326,42.2893582368932],[-71.7831776724116,42.2893136404122],[-71.7831198612925,42.2892449456978],[-71.7830909894575,42.2892046272918],[-71.7830316602829,42.2891521266694],[-71.7829516053323,42.2890703126449],[-71.7828794329395,42.2889845505966],[-71.7828154929406,42.2888952596086],[-71.7827600982998,42.2888028749528],[-71.7827501104292,42.2887824981138],[-71.7827460400976,42.2887776615599],[-71.7826821009981,42.2886883705719],[-71.7826267063573,42.288595985916],[-71.782580125972,42.2885009563541],[-71.7825425873705,42.2884037459362],[-71.7825142731152,42.288304828605],[-71.7824953208024,42.2882046854979],[-71.7824858230622,42.2881038049467],[-71.7824858266595,42.2880026779812],[-71.7824953306949,42.2879017965307],[-71.7825142884037,42.2878016543229],[-71.7825426080549,42.2877027378911],[-71.7825801520523,42.2876055283725],[-71.7825937372112,42.2875778157637],[-71.7825848671978,42.2875309448972],[-71.7825753694577,42.287430064346],[-71.782575373055,42.2873289364813],[-71.7825848770904,42.2872280559301],[-71.7826038347991,42.2871279137223],[-71.7826321544503,42.2870289972904],[-71.7826696975484,42.2869317877718],[-71.7827162824304,42.2868367600085],[-71.7827716806685,42.2867443771514],[-71.7828356224659,42.286655087962],[-71.7828699513871,42.2866142983113],[-71.7828931386074,42.2865542613701],[-71.7829397225901,42.2864592336068],[-71.7829951199288,42.2863668507496],[-71.7830590617263,42.2862775615603],[-71.7831312359178,42.2861918022099],[-71.7832112908683,42.2861099899841],[-71.7832988362723,42.2860325232824],[-71.7833934467502,42.2859597789207],[-71.7834946591512,42.2858921130306],[-71.7836019824455,42.2858298538647],[-71.7837148923284,42.2857733053938],[-71.7838328402134,42.2857227428104],[-71.7839330615615,42.2856864479713],[-71.7839431510556,42.2856805951833],[-71.7840560609384,42.2856240467124],[-71.7841740079241,42.285573484129],[-71.784296418245,42.2855291538474],[-71.7844226938522,42.2854912717049],[-71.7845522214079,42.2854600229617],[-71.7846843677893,42.2854355587041],[-71.78481849178,42.2854179985418],[-71.784953937774,42.2854074279105],[-71.7849663762972,42.2854071050539],[-71.7849802672255,42.2853585839316],[-71.7850178103237,42.2852613744129],[-71.785064393407,42.2851663466496],[-71.7850799085109,42.285140472255],[-71.7850852082158,42.2851124790577],[-71.7851135269677,42.2850135626259],[-71.7851510691665,42.2849163531072],[-71.7851976522498,42.284821325344],[-71.7852530486892,42.2847289424868],[-71.7852949130298,42.2846704802585],[-71.7853086582679,42.2846224699511],[-71.7853462004667,42.2845252604325],[-71.7853631643785,42.2844906545201],[-71.7853733842742,42.2844549559315],[-71.7854109255737,42.2843577464129],[-71.7854276628563,42.2843236027521],[-71.7854420475124,42.2842733576294],[-71.7854511297658,42.2842498394586],[-71.7854575985893,42.2841811717237],[-71.785476556298,42.284081029516],[-71.7855048741506,42.2839821121848],[-71.7855424163494,42.2838849035655],[-71.7855889985334,42.2837898758022],[-71.7856443940735,42.283697492945],[-71.7856701038921,42.2836615893109],[-71.7856730896413,42.2836298963027],[-71.7856920464507,42.2835297540949],[-71.7857203652027,42.2834308367638],[-71.7857579065022,42.2833336281445],[-71.7857819615682,42.2832845548384],[-71.7857893800758,42.2832453650816],[-71.7858176979284,42.2831464477504],[-71.7858552392279,42.2830492391311],[-71.7859018205125,42.2829542113678],[-71.7859062002109,42.2829469070742],[-71.7859103038174,42.2829252289162],[-71.78593862167,42.282826311585],[-71.7859761620702,42.2827291029658],[-71.7860227433549,42.2826340752025],[-71.7860781379956,42.2825416914459],[-71.7861420761958,42.282452403156],[-71.7862142458907,42.2823666429063],[-71.7862172613175,42.2823635609296],[-71.786222294823,42.2823532924705],[-71.7862776894638,42.282260908714],[-71.7863416267646,42.282171620424],[-71.7864137964595,42.2820858601743],[-71.7864938460141,42.2820040479485],[-71.7865813860221,42.2819265812468],[-71.7866759893054,42.2818538377844],[-71.7867771963105,42.2817861709951],[-71.7868845124103,42.2817239118291],[-71.7869974150986,42.2816673633582],[-71.7871153548897,42.2816168007748],[-71.7872377571168,42.2815724704932],[-71.7872614650445,42.2815653577551],[-71.787205439979,42.2814871104418],[-71.7871500516335,42.2813947248867],[-71.7871034766441,42.281299696224],[-71.7870659425392,42.2812024858061],[-71.7870376309818,42.2811035675756],[-71.787018681367,42.2810034244685],[-71.7870091845262,42.2809025439173],[-71.7870091881235,42.2808014160526],[-71.7870186903602,42.2807005355013],[-71.7870376462703,42.2806003932936],[-71.7870659632236,42.2805014759624],[-71.7871035027244,42.2804042673431],[-71.7871500822105,42.2803092395798],[-71.7872054750526,42.2802168558233],[-71.7872341922042,42.2801767505566],[-71.7872350375669,42.2801722845234],[-71.7872633536209,42.2800733671922],[-71.7873008931217,42.2799761585729],[-71.7873474726077,42.2798811308096],[-71.7874028645505,42.2797887470531],[-71.7874668000528,42.2796994578637],[-71.7875114423991,42.2796464059569],[-71.787515622448,42.2796020370045],[-71.7875345774588,42.2795018947967],[-71.787562894412,42.2794029774655],[-71.7876004330136,42.2793057688462],[-71.7876470116003,42.2792107410829],[-71.7877024035431,42.2791183573264],[-71.787766338146,42.279029068137],[-71.7878287403041,42.2789549118398],[-71.7878421348066,42.2789275850401],[-71.7878975267494,42.2788352012836],[-71.787961460453,42.2787459120942],[-71.7880336265506,42.2786601527439],[-71.7881136716086,42.2785783396187],[-71.7881660535205,42.2785319831645],[-71.7882115745045,42.2784391119755],[-71.788266965548,42.278346728219],[-71.7883088847472,42.2782881841524],[-71.7883088874452,42.2782108721341],[-71.7883183896819,42.2781099915829],[-71.7883373446926,42.2780098493751],[-71.7883656598473,42.2779109320439],[-71.7884031984488,42.2778137225253],[-71.7884497761362,42.277718694762],[-71.7885051662803,42.2776263119048],[-71.7885690990846,42.2775370227155],[-71.7886412633836,42.2774512624658],[-71.7887213075423,42.27736945024],[-71.7887453221389,42.2773481974614],[-71.7887431646653,42.2773252818363],[-71.7887431673632,42.2772241539716],[-71.7887526696,42.2771232734204],[-71.7887716246108,42.2770231312126],[-71.7887999397654,42.2769242138814],[-71.7888374774676,42.2768270043628],[-71.7888840542557,42.2767319765995],[-71.7889394435005,42.2766395937423],[-71.7890033754054,42.276550304553],[-71.789075538805,42.2764645443033],[-71.7891555811651,42.2763827320775],[-71.789186050196,42.2763557668052],[-71.7892045348614,42.2762911891871],[-71.7892420725636,42.2761939796685],[-71.7892886484523,42.2760989519052],[-71.7893107564862,42.2760620788019],[-71.7893326504814,42.2759855905626],[-71.7893701881836,42.275888381044],[-71.7894167640724,42.2757933532807],[-71.7894721524179,42.2757009704235],[-71.7895089481794,42.2756495795645],[-71.7895173577398,42.2756202014112],[-71.7895548945427,42.2755229918926],[-71.7896014704315,42.2754279641293],[-71.789656858777,42.2753355803728],[-71.7896982590673,42.2752777584618],[-71.7897520412237,42.2751880537857],[-71.7898159722293,42.2750987654957],[-71.789888132931,42.275013005246],[-71.7899681734924,42.2749311930202],[-71.7900557036078,42.2748537254191],[-71.7901502969985,42.2747809819568],[-71.7902514923125,42.2747133160667],[-71.7903587958217,42.2746510569008],[-71.7904716859196,42.2745945084299],[-71.7905896131201,42.2745439458465],[-71.7907120018573,42.2744996155649],[-71.7908382558808,42.2744617334223],[-71.7909677600541,42.2744304837798],[-71.7910998839524,42.2744060195222],[-71.7912339845607,42.27438845936],[-71.7913694071723,42.2743778887286],[-71.7915054925843,42.2743743597889],[-71.7916415779964,42.2743778887286],[-71.7917770006081,42.27438845936],[-71.7919111012163,42.2744060195222],[-71.7920432251147,42.2744304837798],[-71.792172729288,42.2744617334223],[-71.7922989833114,42.2744996155649],[-71.7924213720486,42.2745439458465],[-71.7925392992492,42.2745945084299],[-71.792652189347,42.2746510569008],[-71.7927594928562,42.2747133160667],[-71.7928606881702,42.2747809819568],[-71.792955281561,42.2748537254191],[-71.7930428116764,42.2749311930202],[-71.793115502978,42.275005493209],[-71.7931605050532,42.2750355845246],[-71.793255098444,42.275108327987],[-71.7933426285594,42.2751857955881],[-71.7934226700202,42.2752676078139],[-71.7934393533434,42.2752874351671],[-71.7935077719661,42.2752348194314],[-71.7935238941124,42.275224039258],[-71.7935309124217,42.2751869584114],[-71.7935592266769,42.2750880419796],[-71.7935967634798,42.274990832461],[-71.7936433393686,42.2748958046977],[-71.7936987268147,42.2748034209412],[-71.793762656921,42.2747141317518],[-71.7938348176227,42.2746283724015],[-71.7939148581841,42.2745465601757],[-71.7940023874002,42.2744690925746],[-71.7940969798917,42.2743963491123],[-71.7941981743062,42.2743286832222],[-71.7943054778155,42.2742664240563],[-71.794418367014,42.2742098755854],[-71.7944317651138,42.2742041307161],[-71.7944232782117,42.2741139610905],[-71.7944232809097,42.2740128332257],[-71.7944272981812,42.2739701810791],[-71.7944232755137,42.2739597606345],[-71.7943949675537,42.2738608433033],[-71.7943760197375,42.2737606992969],[-71.7943665246953,42.2736598187457],[-71.7943665273933,42.2735586908809],[-71.7943760287307,42.2734578103297],[-71.7943949828422,42.2733576672226],[-71.7944232961981,42.2732587507908],[-71.7944608321017,42.2731615412721],[-71.7945074061918,42.2730665135089],[-71.7945627918393,42.2729741297524],[-71.794626720147,42.272884840563],[-71.79469887905,42.2727990812127],[-71.7947789169135,42.2727172680875],[-71.7948664443309,42.2726398013858],[-71.7949610341244,42.2725670579234],[-71.7950622249417,42.272499391134],[-71.795169525753,42.2724371319681],[-71.7952824122535,42.2723805834972],[-71.7954003340581,42.2723300209138],[-71.7955227182988,42.2722856906321],[-71.795573193648,42.2722705451496],[-71.7956308563789,42.2722020132124],[-71.795710893343,42.2721202000872],[-71.7957984198612,42.2720427333855],[-71.7958930087553,42.2719699899231],[-71.7959941995726,42.2719023231338],[-71.7961014985852,42.2718400639678],[-71.7962143841864,42.2717835154969],[-71.7963323050918,42.2717329529135],[-71.7964546884331,42.2716886226319],[-71.7965809361613,42.2716507404893],[-71.7967104349386,42.2716194908469],[-71.796842553441,42.2715950265892],[-71.796976647754,42.271577466427],[-71.7971120640705,42.2715668957957],[-71.7971457733587,42.2715660216546],[-71.7971525128781,42.2715485658137],[-71.7971990860689,42.2714535380504],[-71.7972544708171,42.2713611542939],[-71.7973183973261,42.2712718651045],[-71.7973905544305,42.2711861048549],[-71.7974705904953,42.271104292629],[-71.7975581152148,42.2710268259273],[-71.7976527023103,42.2709540815657],[-71.797753891329,42.2708864156756],[-71.797861188543,42.2708241565097],[-71.7979740723455,42.2707676080387],[-71.7980919914522,42.2707170454553],[-71.7982143729949,42.2706727151737],[-71.7983406189244,42.2706348330312],[-71.7984701159031,42.2706035833887],[-71.7986022317076,42.2705791191311],[-71.7987363242219,42.2705615589688],[-71.7988717387397,42.2705509883375],[-71.7990070732178,42.2705474782836],[-71.7990955979834,42.2705310863406],[-71.7992296895985,42.2705135261783],[-71.7993651041162,42.270502955547],[-71.7995011814343,42.2704994266073],[-71.7996372587525,42.270502955547],[-71.7997726732702,42.2705135261783],[-71.7999067648852,42.2705310863406],[-71.8000388806897,42.2705555505983],[-71.8001683776685,42.2705868002407],[-71.8002946235979,42.2706246823833],[-71.8004170051406,42.2706690126649],[-71.8005349242473,42.2707195752483],[-71.8006478080499,42.2707761237192],[-71.8007551052639,42.2708383828851],[-71.8008562942825,42.2709060487752],[-71.800950881378,42.2709787931368],[-71.8010384060975,42.2710562598386],[-71.8011184421624,42.2711380720644],[-71.8011905983674,42.271223832314],[-71.8012545257757,42.2713131215034],[-71.8013099096246,42.2714055052599],[-71.8013564828154,42.2715005330232],[-71.8013940178196,42.2715977425418],[-71.8014223302763,42.2716966589737],[-71.8014412834884,42.2717968020808],[-71.8014507848258,42.271897682632],[-71.8014507884231,42.2719988104968],[-71.8014412924816,42.272099691048],[-71.8014223455647,42.2721998350544],[-71.801415284088,42.2722245097533],[-71.8014167796606,42.2722275611531],[-71.8014543146649,42.2723247706717],[-71.8014826280208,42.2724236871035],[-71.801501581233,42.2725238302107],[-71.8015110825704,42.2726247107618],[-71.8015110852683,42.2727258386266],[-71.8015015902262,42.2728267191778],[-71.8014826433093,42.2729268631842],[-71.8014543353493,42.2730257814147],[-71.8014168057409,42.2731229918327],[-71.8013702370467,42.2732180204953],[-71.8013148558958,42.2733104060504],[-71.8012509320848,42.2733996970384],[-71.8011787767791,42.2734854590867],[-71.8010987425129,42.2735672740105],[-71.8010112177934,42.2736447434102],[-71.8009166297986,42.2737174886712],[-71.8008896906067,42.2737355038905],[-71.8008907257264,42.2737358789078],[-71.8010086511283,42.2737864423905],[-71.8011215403268,42.2738429908614],[-71.8012288429367,42.2739052500273],[-71.801330036452,42.2739729159174],[-71.8014246280441,42.2740456593797],[-71.8015121572602,42.2741231260815],[-71.8015921969223,42.2742049392066],[-71.8016643567246,42.274290698557],[-71.801728286831,42.2743799877463],[-71.8017836742771,42.2744723715028],[-71.8018302492666,42.2745673992661],[-71.8018677860694,42.2746646087847],[-71.8018961003247,42.2747635252165],[-71.8019147369755,42.2748619928867],[-71.8019203586376,42.2748669679362],[-71.802000399199,42.2749487801621],[-71.8020725608,42.2750345404118],[-71.8021364909063,42.2751238287018],[-71.8021918792518,42.2752162124583],[-71.8021963380905,42.2752253091008],[-71.8021987644614,42.2752274566818],[-71.8022788050228,42.2753092689077],[-71.8023164011809,42.2753539499249],[-71.8023317067428,42.2753657202518],[-71.802333047632,42.2753664981654],[-71.8024342438453,42.2754341640555],[-71.802528837236,42.2755069084171],[-71.8026163682508,42.2755843751189],[-71.802678365714,42.2756477440482],[-71.8027180087291,42.2756782301662],[-71.8027768936387,42.2757303440802],[-71.8028090147242,42.2757518225886],[-71.8029036090143,42.2758245669502],[-71.8029911409284,42.275902033652],[-71.8030711823891,42.2759838458778],[-71.8031433448894,42.2760696061275],[-71.8032072767944,42.2761588953168],[-71.803217608206,42.2761761263272],[-71.8032575794737,42.2761993180441],[-71.8033587765862,42.2762669839342],[-71.8034533717757,42.2763397282958],[-71.8035409045891,42.2764171949976],[-71.8036209469491,42.2764990072234],[-71.8036931103487,42.2765847674731],[-71.8037570422537,42.2766740566624],[-71.8038124314985,42.2767664395196],[-71.8038590082866,42.276861467283],[-71.8038965459888,42.2769586768015],[-71.803924120102,42.2770550049846],[-71.8040108992835,42.2771130301423],[-71.8041054953723,42.2771857736046],[-71.804193029085,42.2772632403063],[-71.8042730723444,42.2773450525322],[-71.8043452366433,42.2774308127819],[-71.8044091694476,42.2775201019712],[-71.8044645595917,42.2776124848283],[-71.8045111372791,42.2777075125917],[-71.8045442512162,42.2777932656467],[-71.8046550935577,42.2778334113829],[-71.8047730261542,42.2778839748656],[-71.8048859225473,42.2779405233365],[-71.8049932323518,42.2780027816032],[-71.8050944321623,42.2780704483926],[-71.8051890300496,42.2781431918549],[-71.8052765646617,42.2782206585566],[-71.8053566097198,42.2783024716818],[-71.805428774918,42.2783882310321],[-71.8054927086216,42.2784775202214],[-71.805548099665,42.2785699039779],[-71.8055946782517,42.2786649317413],[-71.8056322168533,42.2787621403605],[-71.8056605329072,42.2788610576917],[-71.805679487918,42.2789611998995],[-71.8056889910541,42.2790620804507],[-71.805688993752,42.2791632083155],[-71.8056794978106,42.2792640888667],[-71.8056605481957,42.2793642328731],[-71.8056322375377,42.2794631502043],[-71.8055947043321,42.2795603606222],[-71.8055481311413,42.2796553901842],[-71.8054927436951,42.27974777484],[-71.8054694467575,42.2797803132109],[-71.8054669493402,42.2797935134599],[-71.8054386395815,42.2798924307911],[-71.8054326473987,42.2799079503916],[-71.8055684072561,42.2799114703382],[-71.805703841559,42.2799220409695],[-71.8058379529591,42.2799396011317],[-71.8059700885487,42.2799640653894],[-71.8060996044132,42.2799953150318],[-71.8062258701278,42.2800331971744],[-71.8063482687576,42.280077527456],[-71.8064662058507,42.2801280900394],[-71.806579105841,42.2801846385103],[-71.8066864192428,42.2802468976762],[-71.80678762355,42.2803145635663],[-71.8068822250346,42.2803873070287],[-71.8069697623446,42.2804647746297],[-71.8070498101006,42.2805465868556],[-71.8071219779969,42.2806323462059],[-71.8071859143984,42.2807216353952],[-71.8072413072405,42.2808140191517],[-71.8072878867266,42.280909046915],[-71.8073254271267,42.2810062555343],[-71.80735374408,42.2811051728655],[-71.8073726999901,42.2812053150733],[-71.8073759852135,42.2812401880843],[-71.8073832805139,42.2812457980552],[-71.8074708187233,42.2813232647569],[-71.8075508673786,42.2814050769828],[-71.8076230361742,42.2814908363331],[-71.807686973475,42.2815801255224],[-71.8077423672165,42.2816725092789],[-71.8077889476018,42.2817675370422],[-71.807826488002,42.2818647456616],[-71.8078548058546,42.2819636629927],[-71.8078717167063,42.2820530025441],[-71.807906742602,42.2821244563786],[-71.8079442830022,42.2822216649979],[-71.8079726008548,42.2823205823291],[-71.8079885044659,42.2824046005919],[-71.8080167224937,42.2824621661961],[-71.8080542628939,42.2825593748153],[-71.8080743681376,42.2826296037733],[-71.8080814772783,42.2826380520045],[-71.8081454154785,42.2827273402946],[-71.8082008101193,42.2828197240511],[-71.8082473923033,42.2829147518144],[-71.8082570528207,42.2829397682557],[-71.8082957659368,42.2829695349162],[-71.8083833077434,42.2830470016179],[-71.8084633581974,42.2831288138438],[-71.8085355296909,42.2832145740934],[-71.8085994678911,42.2833038623834],[-71.8086548634312,42.2833962461399],[-71.8087014447158,42.2834912739032],[-71.8087389869146,42.2835884825225],[-71.8087673047673,42.2836873998536],[-71.8087862615767,42.2837875420615],[-71.8087957647127,42.2838884226127],[-71.8087957674107,42.2839652534937],[-71.8088195895524,42.2839985203155],[-71.8088749850925,42.2840909031727],[-71.8089215672765,42.284185930936],[-71.8089591094753,42.2842831395553],[-71.8089874273278,42.2843820568864],[-71.8090063850366,42.2844821990943],[-71.8090158881727,42.2845830796455],[-71.8090158908706,42.2846842075102],[-71.8090063940298,42.2847850880614],[-71.8089874426163,42.2848852311685],[-71.8089591301597,42.284984149399],[-71.8089215933568,42.285081359817],[-71.8088750156694,42.2851763884796],[-71.8088196246259,42.2852687740348],[-71.8087556882244,42.2853580641234],[-71.8086835194288,42.2854438261717],[-71.8086034698742,42.2855256410955],[-71.8085549550471,42.2855685738307],[-71.808552304745,42.2855825798722],[-71.8085239913891,42.2856814981027],[-71.8085180504676,42.2856968828049],[-71.8085315286071,42.2857680794333],[-71.8085410317432,42.2858689599846],[-71.8085410344411,42.2859700878493],[-71.8085319593824,42.2860664861794],[-71.80858436018,42.286128749842],[-71.8086483019775,42.2862180390313],[-71.8087037002156,42.2863104218885],[-71.8087502841982,42.2864054496518],[-71.8087878272963,42.2865026591704],[-71.8088161460483,42.2866015756023],[-71.8088351046563,42.2867017178101],[-71.8088373493641,42.286725543549],[-71.8088659972679,42.2867733173348],[-71.8089125821499,42.2868683450981],[-71.808950125248,42.2869655546167],[-71.8089784448993,42.2870644710486],[-71.808997402608,42.2871646132563],[-71.8090069066434,42.2872654938075],[-71.8090069093413,42.2873666216723],[-71.8089974125006,42.2874675022235],[-71.8089784601877,42.2875676453306],[-71.8089501459324,42.2876665635611],[-71.8089329374051,42.2877111285658],[-71.8089678239059,42.2877344515837],[-71.8090624361824,42.2878071950461],[-71.8091069067583,42.2878465448822],[-71.8091620603807,42.2878537655389],[-71.8092602528583,42.2878719435354],[-71.8093890222855,42.2878408773547],[-71.8095211740629,42.287816413097],[-71.8096553034495,42.2877988529348],[-71.8097907548394,42.2877882832028],[-71.8099268690298,42.2877847533637],[-71.8100629832201,42.2877882832028],[-71.81019843461,42.2877988529348],[-71.8103325639966,42.287816413097],[-71.8104647157739,42.2878408773547],[-71.8104794835413,42.2878444404686],[-71.8105460441645,42.2878461662676],[-71.8106814955545,42.2878567359996],[-71.8107526193378,42.2878660475801],[-71.8107552588481,42.2878662535248],[-71.8108893873353,42.2878838136871],[-71.811021540012,42.2879082779447],[-71.8111510720643,42.2879395275872],[-71.8112773530673,42.2879774097297],[-71.8112827705834,42.2879793720504],[-71.8113937775008,42.2880061520623],[-71.8115200585038,42.2880440342049],[-71.8116424733215,42.2880883644865],[-71.811760425703,42.2881389270699],[-71.8117704261642,42.2881439353944],[-71.8118827397965,42.2881776275955],[-71.8120051546142,42.2882219578771],[-71.8121231069957,42.2882725204605],[-71.8122281882802,42.2883251460886],[-71.8122736714927,42.2883335655417],[-71.8124032044443,42.2883648142848],[-71.8125294854473,42.2884026964273],[-71.8126519011643,42.288447026709],[-71.8126534246158,42.2884476796167],[-71.8127059504192,42.2884603510644],[-71.8128322323216,42.2884982332069],[-71.8128818200399,42.2885161899703],[-71.8129664012783,42.2885365946881],[-71.8130926831807,42.2885744768307],[-71.8131861344325,42.2886083183193],[-71.813248853152,42.2886234485133],[-71.8133751350544,42.2886613306559],[-71.8134975507713,42.2887056609376],[-71.8136155040522,42.288756223521],[-71.813728419331,42.2888127719919],[-71.8138357480213,42.2888750311578],[-71.8138396267973,42.2888776239033],[-71.8139421971746,42.2889215926574],[-71.8139524098758,42.2889267071019],[-71.8140349289687,42.2889565897748],[-71.814152883149,42.2890071523582],[-71.8142180444272,42.289039785158],[-71.8142382737773,42.2890471110354],[-71.8143562270582,42.2890976736188],[-71.8144691432364,42.2891542220897],[-71.8144732063733,42.2891565792128],[-71.8145547631917,42.289191539458],[-71.814612320702,42.2892203645283],[-71.8146332668118,42.2892279494104],[-71.8146690040712,42.2892432684621],[-71.8147544963229,42.2892689144289],[-71.8148769129392,42.2893132447105],[-71.8149948671194,42.2893638072939],[-71.8151077841969,42.2894203557648],[-71.8152151128871,42.2894826149307],[-71.8152640566908,42.2895153340655],[-71.8152720687509,42.2895193468404],[-71.8153793974412,42.2895816060064],[-71.8154806161375,42.2896492718964],[-71.8155752320113,42.2897220153588],[-71.8156627819118,42.2897994820605],[-71.8157428422583,42.2898812942864],[-71.8157744453343,42.2899188445791],[-71.8157948464549,42.289917252779],[-71.8159309660412,42.2899137238393],[-71.8160670856275,42.289917252779],[-71.816202541514,42.2899278234104],[-71.8163366744979,42.2899453835727],[-71.8164688307719,42.2899698478303],[-71.8165983673208,42.2900010974727],[-71.8167246519211,42.2900389796152],[-71.816847070336,42.2900833098969],[-71.8169650263148,42.290133871581],[-71.8170779442917,42.2901904200519],[-71.8171852747806,42.2902526792178],[-71.8172864943762,42.2903203451079],[-71.8173811111493,42.2903930885702],[-71.8174686628485,42.290470555272],[-71.817548723195,42.2905523674978],[-71.8176209018831,42.2906381277474],[-71.8176848481772,42.2907274160375],[-71.8177402500125,42.290819799794],[-71.8177868375925,42.2909148275573],[-71.8178243833885,42.2910120361766],[-71.8178527048384,42.2911109526084],[-71.8178716634465,42.2912110957155],[-71.8178811683812,42.2913119762667],[-71.8178811710791,42.2914131032322],[-71.817871673339,42.2915139837834],[-71.8178527201269,42.2916141268905],[-71.817824404073,42.2917130442217],[-71.8177868636728,42.2918102546396],[-71.8177402814887,42.2919052833022],[-71.8176848832507,42.2919976688574],[-71.8176209405539,42.2920869598454],[-71.8175487645638,42.2921727209944],[-71.8174687060159,42.2922545359182],[-71.8173811552161,42.2923320044185],[-71.8172865393423,42.2924047505788],[-71.8171853188474,42.2924724182675],[-71.8170779865598,42.2925346801314],[-71.8169650667843,42.292591230401],[-71.8168471081075,42.292641794783],[-71.816724685196,42.2926861268633],[-71.816598396099,42.2927240108045],[-71.8164688541543,42.2927552613463],[-71.8163650876786,42.2927744699659],[-71.8164068881673,42.2928066063399],[-71.8164944434637,42.2928840730416],[-71.8165745065082,42.2929658852674],[-71.8166466887936,42.2930516446178],[-71.8167106377857,42.2931409338071],[-71.8167660414196,42.2932333166643],[-71.8168126298989,42.2933283444276],[-71.8168501774937,42.2934255530469],[-71.8168784998429,42.2935244694787],[-71.8168974602495,42.2936246125859],[-71.8169069651843,42.2937254931371],[-71.8169069678822,42.2938266201025],[-71.8168974692427,42.2939275006537],[-71.816890762099,42.2939629366402],[-71.8169772058333,42.2939370073871],[-71.8171067504761,42.2939057577446],[-71.817238914844,42.2938812934869],[-71.8173730568211,42.2938637333247],[-71.8175085208015,42.2938531626934],[-71.8176446484817,42.2938496337537],[-71.8177807761618,42.2938531626934],[-71.8179162401423,42.2938637333247],[-71.8180503821194,42.2938812934869],[-71.8181825464873,42.2939057577446],[-71.8183120911301,42.2939370073871],[-71.8184383838243,42.2939748895296],[-71.8185608103331,42.2940192198112],[-71.8186787735066,42.2940697814953],[-71.8187916986779,42.2941263299662],[-71.8188990354621,42.2941885891321],[-71.8190002613529,42.2942562550222],[-71.819094883522,42.2943289984846],[-71.8191824406171,42.2944064651863],[-71.8192625063596,42.2944882774121],[-71.8193346895442,42.2945740367624],[-71.819398640335,42.2946633259518],[-71.8194540448682,42.294755708809],[-71.8195006351461,42.2948507365723],[-71.8195381836402,42.2949479451915],[-71.8195665068887,42.2950468616234],[-71.8195854672954,42.2951470047306],[-71.8195949722302,42.2952478852817],[-71.8195949740288,42.295313222827],[-71.8196122949714,42.2953218958888],[-71.8197196335542,42.2953841541554],[-71.819820862143,42.2954518200455],[-71.8199154861107,42.2955245635078],[-71.8200030441051,42.2956020302096],[-71.8200831116462,42.2956838424354],[-71.8201552966296,42.2957696017858],[-71.8202192474203,42.2958588909751],[-71.820267367445,42.2959391248908],[-71.8203223834712,42.2959814191072],[-71.8204099432642,42.296058885809],[-71.8204900108053,42.2961406980348],[-71.8205621957887,42.2962264573852],[-71.820626148378,42.2963157465745],[-71.820642479167,42.2963429771467],[-71.8206968171044,42.2964075322818],[-71.8207607687944,42.2964968205719],[-71.8208161760257,42.2965892034291],[-71.8208627672029,42.2966842311924],[-71.8209003165963,42.2967814398116],[-71.8209286407441,42.2968803562435],[-71.8209425181826,42.2969536500909],[-71.8210133245053,42.2970080824571],[-71.8211008851977,42.2970855482595],[-71.8211809536381,42.2971673613847],[-71.8212071634798,42.2971984995112],[-71.8212650717256,42.2972497311902],[-71.8213451410654,42.2973315443154],[-71.8214173278474,42.2974173036657],[-71.8214812804367,42.2975065919557],[-71.8215157280683,42.2975640271582],[-71.8215498735278,42.2976045928777],[-71.8216138270164,42.2976938811677],[-71.8216473357559,42.2977497515499],[-71.8216783713597,42.2977866219551],[-71.8217423248484,42.2978759102451],[-71.821797732979,42.2979682940016],[-71.8218443250555,42.2980633208656],[-71.8218582753391,42.2980994340417],[-71.8218649707918,42.298105357876],[-71.8219450410308,42.2981871701019],[-71.8220172287121,42.2982729294522],[-71.8220811831001,42.2983622177422],[-71.8221365912307,42.2984546014987],[-71.8221831842066,42.2985496283627],[-71.8222207344992,42.298646836982],[-71.8222490595464,42.2987457543132],[-71.8222680208524,42.298845896521],[-71.8222775266865,42.2989467770722],[-71.8222775293845,42.2990479040376],[-71.8222735750654,42.2990898951826],[-71.8222994674464,42.2991569243526],[-71.8223277924936,42.2992558416838],[-71.8223467546989,42.2993559838916],[-71.8223562596336,42.2994568644428],[-71.8223562632309,42.2995579914082],[-71.822356045595,42.2995603071625],[-71.8223601572954,42.2995709524375],[-71.8223884823425,42.2996698688694],[-71.8224074445479,42.2997700110772],[-71.8224164386677,42.2998654678171],[-71.822457174359,42.299922340044],[-71.8225125842883,42.3000147229012],[-71.8225591781635,42.3001097497652],[-71.8225967293556,42.3002069592838],[-71.822625055302,42.3003058757156],[-71.822644016608,42.3004060179234],[-71.8226535224421,42.3005068984746],[-71.8226535260393,42.3005968306792],[-71.8226752653512,42.3006531075549],[-71.8227035912977,42.3007520239868],[-71.822722553503,42.3008521661946],[-71.8227320584377,42.3009530467457],[-71.822732062035,42.3010541728119],[-71.8227225624962,42.3011550542624],[-71.8227039681136,42.3012532854108],[-71.8227067146431,42.3012824288411],[-71.8227145459395,42.3013027013586],[-71.822742871886,42.3014016177905],[-71.8227618340914,42.3015017599983],[-71.8227713399253,42.3016026405494],[-71.8227713426233,42.3017037666156],[-71.8227618430845,42.3018046480661],[-71.8227559291428,42.301835890514],[-71.8227569570679,42.3018385516079],[-71.8227852839137,42.3019374680398],[-71.822804246119,42.3020376102476],[-71.822813751953,42.3021384907988],[-71.8228137555503,42.3022396168649],[-71.8228042551123,42.3023404983154],[-71.8227852992022,42.3024406405232],[-71.8227776792465,42.3024672550598],[-71.8227764930407,42.3024798536624],[-71.8227947420837,42.3025435814212],[-71.8228137051883,42.302643723629],[-71.8228194563528,42.302704754321],[-71.822831554033,42.3027686457564],[-71.822841059867,42.3028695263076],[-71.8228410634643,42.3029706523737],[-71.8228315630262,42.3030715338243],[-71.8228312194851,42.3030733468575],[-71.8228322797859,42.3030789442379],[-71.8228345703591,42.3031032556108],[-71.8228490143705,42.3031536922891],[-71.8228679774751,42.3032538344969],[-71.8228682715534,42.3032569560437],[-71.8228918499789,42.3033392907757],[-71.8229108130835,42.3034394329835],[-71.8229203189176,42.3035403135347],[-71.8229203225148,42.3036414396008],[-71.8229118077337,42.30373185654],[-71.8229203279108,42.3038222788751],[-71.8229203297094,42.3038863591682],[-71.8229215339016,42.3038927191737],[-71.822931040635,42.3039935997249],[-71.822931043333,42.304094725791],[-71.8229299227777,42.3041066229223],[-71.8229310442323,42.3041185227516],[-71.8229310451316,42.3041316240752],[-71.8229358196323,42.3041568401661],[-71.8229453263657,42.3042577207173],[-71.8229453290637,42.3043588467834],[-71.8229358295249,42.3044597282339],[-71.8229168727154,42.3045598704417],[-71.8229070898902,42.3045940356863],[-71.8229354796886,42.3046675219886],[-71.8229638074337,42.3047664384205],[-71.8229827705384,42.3048665806283],[-71.8229922763724,42.3049674611794],[-71.8229922799697,42.3050685872456],[-71.82299018365,42.3050908454662],[-71.8229970553698,42.3051271322114],[-71.8230032499,42.305192872653],[-71.8230140183822,42.3052207471398],[-71.8230423461274,42.3053196635717],[-71.8230444397491,42.3053307171389],[-71.8230720345467,42.3053869931153],[-71.823109589336,42.3054842017346],[-71.8231379170812,42.3055831181664],[-71.8231568810851,42.3056832603742],[-71.8231663869192,42.3057841409254],[-71.8231663905165,42.3058852669915],[-71.8231568900784,42.3059861475427],[-71.8231379323697,42.3060862906498],[-71.8231096100204,42.306185207981],[-71.8230720615264,42.306282418399],[-71.8230254676512,42.3063774470616],[-71.8229700577219,42.3064698317174],[-71.822906100636,42.3065591218061],[-71.8228339075587,42.3066448838543],[-71.8227538301251,42.3067266978788],[-71.8226662604395,42.3068041663792],[-71.8225776925065,42.3068722468568],[-71.8225705896609,42.3068970528567],[-71.8225330402676,42.3069942632747],[-71.8224864463924,42.3070892919373],[-71.8224310355638,42.3071816765931],[-71.8224141247121,42.3072052855955],[-71.8224318620408,42.3072414572275],[-71.8224457313854,42.307277356365],[-71.8224868987513,42.3073348230437],[-71.8225423149758,42.3074272068002],[-71.822588914247,42.3075222336642],[-71.8225955530423,42.3075394170106],[-71.8226296724214,42.3075870460054],[-71.8226850895452,42.3076794297619],[-71.8227316888164,42.3077744566259],[-71.8227692454043,42.3078716652452],[-71.8227975740488,42.3079705816771],[-71.8228165380527,42.3080707238848],[-71.8228260447861,42.308171604436],[-71.8228260483834,42.3082727305022],[-71.8228165479453,42.3083736110534],[-71.8227975893373,42.3084737541605],[-71.8227692660887,42.3085726714917],[-71.822731715796,42.3086698810103],[-71.8226851201222,42.3087649105722],[-71.8226297083943,42.308857295228],[-71.8225657486104,42.3089465853167],[-71.8224935528352,42.3090323464656],[-71.8224134727035,42.3091141613895],[-71.8223258985213,42.3091916298899],[-71.8222312574665,42.3092643751509],[-71.822130009992,42.3093320437389],[-71.8220226498254,42.3093943047034],[-71.8219163193826,42.309447540072],[-71.8219208258853,42.3094953588238],[-71.8219917859921,42.3095678486773],[-71.8220639871632,42.3096536080276],[-71.8221279523431,42.309742897217],[-71.8221833703662,42.3098352800742],[-71.8222299723353,42.3099303069382],[-71.8222675289233,42.3100275155575],[-71.8222958593664,42.3101264319893],[-71.8223148242697,42.3102265741971],[-71.822324331003,42.3103274547483],[-71.8223243346003,42.3104285808144],[-71.8223148332629,42.3105294613656],[-71.8222958746549,42.3106296044727],[-71.822267550507,42.3107285218039],[-71.8222299984157,42.3108257313225],[-71.8221834018425,42.3109207599851],[-71.8221279874166,42.311013144641],[-71.8220640258341,42.311102435629],[-71.8219918273609,42.3111881967779],[-71.8219117445313,42.3112700108024],[-71.8218241685505,42.3113474793028],[-71.8217295238984,42.3114202254631],[-71.8216282728265,42.3114878931518],[-71.8216275830465,42.3114882933501],[-71.8216821017476,42.3115439874651],[-71.8217543047173,42.3116297468154],[-71.8218182725952,42.3117190351055],[-71.8218736924169,42.3118114179626],[-71.8219202952853,42.3119064448266],[-71.821957853672,42.3120036534459],[-71.8219861850144,42.3121025698778],[-71.8220051499177,42.3122027120855],[-71.8220146575504,42.3123035926367],[-71.8220146611476,42.3124047187029],[-71.8220079926747,42.3124755250255],[-71.8220984869556,42.3125026611689],[-71.8222209494372,42.3125469914506],[-71.822338946785,42.312597554034],[-71.8224519052312,42.3126541025049],[-71.8225592734917,42.3127163607715],[-71.8226605290601,42.3127840266616],[-71.8227551791082,42.3128567701239],[-71.8228427622836,42.3129342359263],[-71.8229228505091,42.3130160481522],[-71.8229950552775,42.3131018075024],[-71.8230590240547,42.3131910957925],[-71.8231144456751,42.3132834786497],[-71.8231610494428,42.313378506413],[-71.8231986087288,42.3134757141329],[-71.8232117289381,42.3135215220007],[-71.8232733657732,42.3135134559813],[-71.8234088720218,42.3135028853499],[-71.8234335044526,42.3135022468313],[-71.8235660393412,42.3134849034056],[-71.8237015455898,42.3134743327743],[-71.8238377155381,42.3134708038346],[-71.8239738854864,42.3134743327743],[-71.8240236926393,42.3134782178455],[-71.824106258497,42.3134760783584],[-71.8242424284453,42.3134796072981],[-71.8243779346939,42.3134901779294],[-71.8245121180398,42.3135077371924],[-71.8246431087924,42.3135319766195],[-71.8246563315245,42.3135330081419],[-71.8247905148703,42.3135505683041],[-71.8249227215064,42.3135750316624],[-71.8250523057193,42.3136062813049],[-71.8251786379837,42.3136441634475],[-71.825183662496,42.3136459818766],[-71.8252108238204,42.3136510081875],[-71.8253404089327,42.31368225783],[-71.8254667411971,42.3137201399725],[-71.8255892054774,42.3137644693549],[-71.8257072055231,42.3138150319382],[-71.8257639617374,42.3138434442196],[-71.8258711735158,42.3138822526638],[-71.8259891735615,42.3139328152473],[-71.8261021347057,42.3139893637182],[-71.8262095047648,42.3140516219848],[-71.8262984603057,42.3141110662727],[-71.826312962773,42.3141183264996],[-71.8264203337314,42.3141805847662],[-71.8265215919978,42.3142482506563],[-71.8266162438445,42.3143209941187],[-71.8267038288186,42.314398459921],[-71.8267839197421,42.3144802721469],[-71.8268561263092,42.3145660314972],[-71.8269200968849,42.3146553197872],[-71.8269755194046,42.3147477026444],[-71.8270221240717,42.3148427304077],[-71.827059684257,42.314939939027],[-71.8270778127908,42.3150032297153],[-71.8270931786072,42.3150121392989],[-71.8271944377731,42.3150798051889],[-71.8272890914184,42.3151525486513],[-71.8273766772918,42.315230015353],[-71.8274567691146,42.3153118266795],[-71.827528976581,42.3153975860298],[-71.8275929471567,42.3154868743198],[-71.8276483705758,42.315579257177],[-71.8276949761422,42.3156742849404],[-71.8277325372268,42.3157714935596],[-71.8277608694685,42.3158704090922],[-71.8277798361705,42.3159705513],[-71.8277893447025,42.3160714318511],[-71.8277893474004,42.3161725579172],[-71.8277798451637,42.3162734384684],[-71.827760884757,42.3163735815756],[-71.8277476548304,42.3164197815477],[-71.8277811320935,42.3164880391917],[-71.8278186931781,42.316585247811],[-71.8278470263191,42.3166841633435],[-71.8278659930211,42.3167843055513],[-71.8278755006538,42.3168851861025],[-71.8278755042511,42.3169863121686],[-71.8278660020143,42.3170871927198],[-71.8278470416076,42.3171873358269],[-71.8278187138625,42.3172862531581],[-71.8277811581739,42.3173834626767],[-71.8277345571041,42.3174784913393],[-71.8276791372823,42.3175708759952],[-71.8276151685052,42.3176601660838],[-71.8275429628374,42.3177459272328],[-71.827462871914,42.3178277412573],[-71.8273752860406,42.3179052097577],[-71.8272806314959,42.317977955918],[-71.8271836099356,42.3180427907422],[-71.8271575682671,42.3180658241785],[-71.8270629137224,42.3181385694395],[-71.8269616518587,42.3182062380275],[-71.8268712933755,42.3182586316306],[-71.8268589915492,42.3182680862033],[-71.8267577296854,42.3183357547913],[-71.8266503542304,42.3183980157559],[-71.8265841920068,42.3184311359882],[-71.8265515214355,42.3184529679302],[-71.8265035426044,42.3184954042396],[-71.8264088871604,42.3185681495005],[-71.8263076252966,42.3186358180886],[-71.8262356876268,42.3186775304437],[-71.8261876008771,42.3187144862846],[-71.826086338114,42.3187821548726],[-71.8259789617596,42.3188444158372],[-71.8259340936834,42.3188668755059],[-71.8258579121129,42.3189177843283],[-71.825829593361,42.3189342041502],[-71.8257485968202,42.3189964525243],[-71.8256473331579,42.3190641211124],[-71.8255668429354,42.3191107914299],[-71.825551686661,42.3191224394491],[-71.8254504229986,42.3191901080371],[-71.8253430457449,42.3192523681023],[-71.8253052220583,42.3192713024287],[-71.825227563801,42.31933998815],[-71.8251329074577,42.3194127334109],[-71.825031642896,42.319480401999],[-71.8249242656423,42.3195426620642],[-71.8248112964042,42.3195992123338],[-71.8246932873653,42.3196497767159],[-71.8245708131925,42.3196941087961],[-71.8244444692368,42.3197319927373],[-71.8243148724334,42.3197632423798],[-71.8241826541062,42.319787708436],[-71.8241822044452,42.319787766892],[-71.8241697416402,42.3198051633776],[-71.8240975332745,42.3198909245266],[-71.8240174396531,42.3199727385511],[-71.8239298510817,42.3200502070514],[-71.8238351929398,42.3201229523124],[-71.823733928378,42.3201906200011],[-71.823634522715,42.3202482575511],[-71.8235746467525,42.3202942731622],[-71.8234733812915,42.3203619408509],[-71.8233660022392,42.3204242018155],[-71.8232770161214,42.3204687461358],[-71.8231931624344,42.3205331879563],[-71.8230918969734,42.320600855645],[-71.8230418236212,42.320629889358],[-71.8229630286208,42.3206995787226],[-71.8228683704789,42.3207723239836],[-71.8227671041185,42.3208399916724],[-71.8226597241669,42.3209022526369],[-71.8225467531301,42.3209588029065],[-71.8224287413933,42.3210093672885],[-71.8223062645225,42.3210536993688],[-71.8222370257181,42.3210744593189],[-71.8221802434235,42.3211028832915],[-71.8220622307873,42.3211534476735],[-71.8219397539165,42.3211977797538],[-71.8218134072629,42.3212356627956],[-71.8216838068622,42.3212669133374],[-71.821551585837,42.3212913784944],[-71.8214173863033,42.321308939556],[-71.8212818629676,42.3213195101873],[-71.8211456759321,42.3213230400263],[-71.8210094888968,42.3213195101873],[-71.820873965561,42.321308939556],[-71.8207397660273,42.3212913784944],[-71.8206075450021,42.3212669133374],[-71.8204779446014,42.3212356627956],[-71.8203515979478,42.3211977797538],[-71.820229121077,42.3211534476735],[-71.8201111084409,42.3211028832915],[-71.8201011718316,42.3210979091413],[-71.8201003498512,42.3210977571558],[-71.8200789118123,42.3210972013748],[-71.8199433884765,42.3210866307435],[-71.8198091898422,42.3210690696819],[-71.8197792190357,42.3210635244621],[-71.8197439808999,42.3210626107509],[-71.8196084584636,42.3210520401196],[-71.8194742589299,42.321034479058],[-71.8193420379047,42.3210100139011],[-71.8193078546737,42.3210017707152],[-71.8192318241893,42.3209998003006],[-71.8191970375132,42.3210411160547],[-71.8191169420932,42.3211229309786],[-71.8190293517231,42.3212003994789],[-71.8190193269803,42.3212081039709],[-71.8190193296783,42.321287632818],[-71.8190098265422,42.3213885133692],[-71.8190035447777,42.3214216893595],[-71.8190086268466,42.3214756109108],[-71.8190086295446,42.3215582667007],[-71.8190336999452,42.3216457860242],[-71.8190526684459,42.3217459273328],[-71.8190621769779,42.3218468078839],[-71.8190621796758,42.3219479339501],[-71.8190547368866,42.3220269546803],[-71.8190586147632,42.3220680977646],[-71.8190586174612,42.3221692238307],[-71.8190491143251,42.3222701043819],[-71.8190301521198,42.3223702465897],[-71.819001822576,42.3224691639208],[-71.8189642641894,42.3225663734394],[-71.818917658623,42.3226614021021],[-71.8188622343046,42.3227537867579],[-71.8187982601316,42.3228430768466],[-71.8187260490679,42.3229288379955],[-71.8186459509498,42.32301065202],[-71.8185583578819,42.3230881205204],[-71.8184636961426,42.3231608657814],[-71.818362426185,42.3232285343694],[-71.8182550417367,42.323290795334],[-71.8181420671027,42.3233473456036],[-71.8180240508692,42.3233979090863],[-71.8179015686025,42.3234422411665],[-71.8178641064433,42.3234534736989],[-71.8178011925709,42.323495512508],[-71.8176938081227,42.3235577725732],[-71.81758083169,42.3236143228428],[-71.8174628154565,42.3236648872248],[-71.8173738140503,42.3236971009405],[-71.8173725235231,42.3236979633904],[-71.8172651381756,42.3237602234556],[-71.8171521617429,42.3238167737252],[-71.81703414461,42.3238673381072],[-71.8169116623433,42.3239116701875],[-71.8168725517268,42.3239233964476],[-71.8168406051098,42.323939387293],[-71.8167890910437,42.3239614584546],[-71.8167356425358,42.3240025313918],[-71.8166343716788,42.3240701999798],[-71.816526985432,42.324132460045],[-71.8164140089993,42.3241890103146],[-71.8162959909671,42.3242395746967],[-71.8161735078011,42.3242839067769],[-71.8160471548523,42.3243217898188],[-71.8159175490556,42.3243530403606],[-71.8157853208359,42.3243775055175],[-71.8156511141076,42.3243950665791],[-71.8155155844766,42.3244056372104],[-71.8153793911459,42.3244091670494],[-71.8152431978153,42.3244056372104],[-71.8151076681843,42.3243950665791],[-71.814973461456,42.3243775055175],[-71.8148412332363,42.3243530403606],[-71.8147116274396,42.3243217898188],[-71.8145852744908,42.3242839067769],[-71.8144627913247,42.3242395746967],[-71.8143447732926,42.3241890103146],[-71.8142317968599,42.324132460045],[-71.814124410613,42.3240701999798],[-71.814023139756,42.3240025313918],[-71.8139284762182,42.3239297861308],[-71.8138408822509,42.3238523176304],[-71.8137607832335,42.3237705036059],[-71.8136885712705,42.323684742457],[-71.8136245961981,42.3235954523683],[-71.8135691709804,42.3235030677125],[-71.813522565414,42.3234080390498],[-71.8134850061281,42.3233108295312],[-71.813456675685,42.3232119122001],[-71.8134377134796,42.3231117699922],[-71.8134282103436,42.323010889441],[-71.8134282139409,42.3229097633749],[-71.8134377224729,42.3228088828237],[-71.8134566909735,42.3227087415153],[-71.8134850268125,42.3226098250834],[-71.8135225914943,42.3225126164641],[-71.8135692024567,42.3224175896001],[-71.8136246312717,42.3223252067429],[-71.8136886099414,42.3222359184529],[-71.8137608255017,42.3221501591026],[-71.8138409254183,42.3220683477761],[-71.8139285211843,42.3219908810743],[-71.8140231847221,42.3219181385114],[-71.8141244546798,42.3218504726213],[-71.814231839128,42.3217882143547],[-71.8143417749529,42.3217331866373],[-71.8143065682934,42.3217061314328],[-71.8143041284328,42.32170397306],[-71.8142933536553,42.3217065712013],[-71.8141611308315,42.3217310363583],[-71.8140269303985,42.3217485974199],[-71.8138914061634,42.3217591680512],[-71.8137552182287,42.3217626969909],[-71.813619030294,42.3217591680512],[-71.8134835060589,42.3217485974199],[-71.8133493056259,42.3217310363583],[-71.8132170828021,42.3217065712013],[-71.8130874824013,42.3216753206595],[-71.8129611348485,42.3216374376177],[-71.812838656179,42.3215931055374],[-71.8127206435428,42.3215425411554],[-71.8126140019346,42.3214891600967],[-71.8125564947863,42.3215479020141],[-71.8125296958887,42.3215716036466],[-71.8124652738533,42.3216481152684],[-71.8123851784332,42.3217299292929],[-71.8122975871639,42.3218073977932],[-71.8122029263239,42.3218801439535],[-71.8121016590643,42.3219478116422],[-71.811994277314,42.3220100726068],[-71.8118813035792,42.3220666228764],[-71.8117632900438,42.3221171872584],[-71.811640810475,42.3221615184394],[-71.8115144620228,42.3221994023806],[-71.8113848598234,42.3222306529224],[-71.8113228173941,42.3222421327683],[-71.8113088752044,42.3222471788642],[-71.8111825267522,42.3222850628055],[-71.8110529245528,42.3223163133472],[-71.8109207008296,42.3223407785041],[-71.8107864994973,42.3223583395658],[-71.8106509734636,42.3223689101971],[-71.8105147846296,42.3223724391368],[-71.8103785957955,42.3223689101971],[-71.8102430697618,42.3223583395658],[-71.8101088684295,42.3223407785041],[-71.8099766447064,42.3223163133472],[-71.809847042507,42.3222850628055],[-71.8097206940548,42.3222471788642],[-71.809598214486,42.3222028476833],[-71.8094802000512,42.3221522833013],[-71.8094743823368,42.3221493712965],[-71.8094672830886,42.3221472426012],[-71.8093448035198,42.3221029114203],[-71.8092267899843,42.3220523470383],[-71.8091138171489,42.3219957967686],[-71.8090064344993,42.3219335358041],[-71.8089051672396,42.3218658681154],[-71.808810507299,42.3217931219551],[-71.8087229160297,42.3217156534547],[-71.8086428197103,42.3216338394302],[-71.8085706095459,42.3215480782812],[-71.8085066371715,42.3214587881926],[-71.8084512137524,42.3213664035367],[-71.8084046099847,42.3212713748741],[-71.8083711812849,42.3211848546973],[-71.8083260919755,42.321092915206],[-71.8082885344882,42.3209957056873],[-71.8082602058438,42.3208967892555],[-71.8082412436385,42.3207966461484],[-71.8082381895408,42.3207642228906],[-71.8082225961958,42.3207324264604],[-71.8081850387085,42.3206352169417],[-71.8081567100641,42.3205363005099],[-71.8081479668551,42.3204901239201],[-71.8081350750736,42.3204567572736],[-71.8081067464292,42.3203578408417],[-71.8080955606616,42.3202987679739],[-71.8080768241861,42.3202502720325],[-71.8080484955416,42.3201513556006],[-71.8080295333363,42.3200512124935],[-71.8080202325477,42.3199524750267],[-71.8080199483619,42.3199514812759],[-71.8080009861566,42.3198513381687],[-71.8079914839198,42.3197504576176],[-71.8079914875171,42.3196493315515],[-71.8080009960491,42.3195484510003],[-71.8080164769788,42.3194667197134],[-71.8080164769788,42.3194565951458],[-71.8080259855108,42.3193557145946],[-71.8080449531121,42.3192555732861],[-71.8080732871525,42.3191566568543],[-71.8080869136801,42.3191213926382],[-71.8080146765361,42.3191119398642],[-71.8078824591082,42.3190874747073],[-71.8077528641033,42.3190562241655],[-71.8076265219464,42.3190183402243],[-71.8075040486729,42.318974008144],[-71.8073860405333,42.3189234446613],[-71.8072730730938,42.3188668943917],[-71.8071656967394,42.3188046334271],[-71.8070644339764,42.3187369648391],[-71.8069697785324,42.3186642195781],[-71.8069097245041,42.3186111038194],[-71.8068505239325,42.3185814684601],[-71.8067431475782,42.3185192074954],[-71.8066418848151,42.3184515389074],[-71.8065472302704,42.3183787936464],[-71.8064596434977,42.3183013251461],[-71.8063795525742,42.3182195111216],[-71.8063073460071,42.3181337499726],[-71.8062773769993,42.3180919171083],[-71.8062508047308,42.3180855094388],[-71.8061662945388,42.3180601683421],[-71.8061256047129,42.318052639218],[-71.8059960115067,42.3180213886762],[-71.8058696711483,42.317983504735],[-71.8057471996735,42.3179391735541],[-71.8056291942319,42.317888609172],[-71.805516228591,42.3178320589025],[-71.805408853136,42.3177697979379],[-71.8053075921716,42.3177021302492],[-71.8052129385263,42.3176293840888],[-71.8051253526529,42.3175519155885],[-71.8050452626287,42.317470101564],[-71.804973056961,42.317384340415],[-71.8049090890831,42.3172950503264],[-71.8048536692614,42.3172026656705],[-71.8048070681916,42.3171076370079],[-71.804769512503,42.3170104274893],[-71.8047454592355,42.3169264362061],[-71.8046459492511,42.3169186741575],[-71.804622611844,42.3169156200599],[-71.8046168319012,42.3169305811814],[-71.8045702308315,42.3170256098441],[-71.804514811909,42.3171179944999],[-71.8044508431319,42.3172072845886],[-71.8043786383634,42.3172930457375],[-71.8042985483393,42.317374859762],[-71.8042109624659,42.3174523282624],[-71.8041163088205,42.3175250744227],[-71.8040150487554,42.3175927421114],[-71.8039076741998,42.317655003076],[-71.8037947085589,42.3177115533456],[-71.8036767031173,42.3177621177276],[-71.8035542316425,42.3178064498078],[-71.8034278921834,42.3178443328497],[-71.8032982989773,42.3178755833915],[-71.8031660842473,42.3179000485484],[-71.8031250221021,42.3179054219977],[-71.8031338093778,42.3179121750069],[-71.8032213988485,42.3179896408093],[-71.8033014942685,42.3180714530352],[-71.8033737053322,42.3181572123855],[-71.8034376795053,42.3182465006755],[-71.803493104723,42.3183388835327],[-71.8035397129873,42.3184339103967],[-71.8035772749712,42.318531119016],[-71.8036056090116,42.3186300354478],[-71.8036245757136,42.3187301767563],[-71.8036340842456,42.3188310573075],[-71.8036340878429,42.3189321833736],[-71.8036245856061,42.3190330639248],[-71.8036056243001,42.3191332070319],[-71.8035772956557,42.3192321234638],[-71.8035397390677,42.3193293338817],[-71.8034931361992,42.319424361645],[-71.8034377145788,42.3195167463008],[-71.8033737440031,42.3196060372888],[-71.8033652256246,42.3196161537625],[-71.8033885648304,42.3196765522312],[-71.8034168988708,42.319775468663],[-71.8034358673713,42.3198756099714],[-71.8034453759033,42.3199764905227],[-71.8034453786013,42.3200776165888],[-71.8034358763646,42.32017849714],[-71.8034169150586,42.3202786402471],[-71.8033885864141,42.320377556679],[-71.8033510280275,42.3204747661975],[-71.8033044242597,42.3205697948602],[-71.80324900174,42.320662179516],[-71.8031850302649,42.3207514696047],[-71.8031128209998,42.3208372307536],[-71.8030327264791,42.3209190456774],[-71.8029495274986,42.3209926309053],[-71.8029187508996,42.3210722883555],[-71.8028721462325,42.3211673170181],[-71.8028167237128,42.321259701674],[-71.8027970222647,42.3212872002442],[-71.8027883465049,42.3213330180045],[-71.8027600178605,42.3214319353356],[-71.8027224594739,42.3215291448542],[-71.8027053156977,42.3215641015021],[-71.802710951749,42.32159385827],[-71.8027204611803,42.3216947388212],[-71.8027204629789,42.3217701334849],[-71.8027741776861,42.3217895741296],[-71.8028921921209,42.321840136713],[-71.803005166755,42.3218966851839],[-71.8031125512032,42.3219589434505],[-71.8032138220602,42.3220266093406],[-71.8033084855981,42.3220993519036],[-71.803396081364,42.3221768186053],[-71.80347618218,42.3222586299319],[-71.803548396841,42.3223443892822],[-71.8036123755107,42.3224336775722],[-71.803667805225,42.3225260604294],[-71.8037144161873,42.3226210872934],[-71.8037519808692,42.3227182959127],[-71.8037803158089,42.3228172123445],[-71.8037992852088,42.322917353653],[-71.8038087937408,42.3230182342042],[-71.8038087973381,42.3231193602703],[-71.803799294202,42.3232202408215],[-71.8037977311803,42.3232284930006],[-71.8038478485993,42.323261979257],[-71.8039425148352,42.3233347227193],[-71.8040301115004,42.3234121885217],[-71.804110214115,42.3234940007476],[-71.8041824305747,42.3235797591986],[-71.8042464101437,42.3236690474886],[-71.8043018407573,42.3237614303458],[-71.804348452619,42.3238564572098],[-71.8043860182001,42.3239536658291],[-71.8044143540392,42.3240525822609],[-71.8044333234391,42.3241527244687],[-71.8044428328704,42.3242536041206],[-71.8044428355684,42.3243547301867],[-71.8044333324323,42.3244556107379],[-71.8044143693276,42.3245557529457],[-71.8043860388846,42.3246546702768],[-71.8043484786993,42.3247518797955],[-71.8043018722336,42.3248469084581],[-71.8042464452172,42.3249392931139],[-71.8041824692455,42.3250285832026],[-71.8041102554839,42.3251143443516],[-71.8040301555672,42.3251961583761],[-71.803942558902,42.3252736268764],[-71.8039178895989,42.3252925836858],[-71.80392587378,42.3253007378389],[-71.8039980929376,42.3253864971891],[-71.8040620743053,42.3254757854792],[-71.804064167927,42.3254792748487],[-71.804079566119,42.3254838910688],[-71.8042020528824,42.3255282204511],[-71.8042076529608,42.3255306198423],[-71.8042750688393,42.3254968781784],[-71.8042995834589,42.3254560228772],[-71.8043635648266,42.3253667345872],[-71.8044357830849,42.3252809752369],[-71.8045158874982,42.325199163011],[-71.8046034877607,42.3251216972086],[-71.8046674880141,42.3250725186818],[-71.8046758499105,42.3250433311848],[-71.8046793293875,42.3250064167128],[-71.8046982987874,42.324906274505],[-71.8047089701428,42.3248690227872],[-71.8047168347141,42.3247855953789],[-71.8047281454875,42.3247258803951],[-71.8047198312552,42.3246376200302],[-71.8047198348524,42.3245364939641],[-71.8047293442838,42.3244356143122],[-71.8047483127843,42.3243354721044],[-71.8047615058388,42.3242894178224],[-71.8047615076374,42.3242281784877],[-71.8047707283864,42.3241303646247],[-71.8047698443528,42.3241209828971],[-71.8047698470507,42.324019856831],[-71.8047793564821,42.3239189771791],[-71.804798325882,42.3238188349713],[-71.804826661721,42.3237199185394],[-71.8048642273022,42.3236227099202],[-71.8049108382646,42.3235276830562],[-71.8049662688782,42.323435300199],[-71.8050302484472,42.323346011909],[-71.8051024649068,42.323260253458],[-71.8051825666221,42.3231784412321],[-71.8052701632874,42.3231009754297],[-71.8053648286239,42.3230282319674],[-71.8054661012795,42.3229605660773],[-71.8055734866271,42.3228983078107],[-71.8056864639591,42.3228417593398],[-71.8057488930969,42.3228150126028],[-71.8057774402766,42.3227811126583],[-71.8058575410926,42.3226993004324],[-71.8059451377579,42.3226218337307],[-71.8060398021951,42.3225490911677],[-71.8061410730521,42.3224814252776],[-71.8062484583996,42.322419167011],[-71.806361433933,42.3223626185401],[-71.8064794501665,42.322312056856],[-71.8066019306345,42.3222677265743],[-71.8067282808854,42.3222298444318],[-71.8068578830848,42.3221985956887],[-71.8069901068079,42.3221741314311],[-71.8071243081403,42.3221565712688],[-71.8072598332747,42.3221460006375],[-71.8073960221087,42.3221424716978],[-71.8075322109427,42.3221460006375],[-71.8076677360771,42.3221565712688],[-71.8078019374095,42.3221741314311],[-71.8079341611326,42.3221985956887],[-71.808063763332,42.3222298444318],[-71.8081259388609,42.3222484855792],[-71.8081330282166,42.3222463604812],[-71.8082626313154,42.322215111738],[-71.8083948550385,42.3221906474804],[-71.8085290563708,42.3221730873182],[-71.8086645815052,42.3221625166868],[-71.8088007703392,42.3221589877471],[-71.8089369591733,42.3221625166868],[-71.8090724843076,42.3221730873182],[-71.80920668564,42.3221906474804],[-71.8093389093631,42.322215111738],[-71.8094685124618,42.3222463604812],[-71.8095948618134,42.3222842426238],[-71.8097173422815,42.3223285729053],[-71.8098353585149,42.3223791345894],[-71.8099483340483,42.3224356830604],[-71.8100557193959,42.322497941327],[-71.8101569911522,42.322565607217],[-71.8102516555894,42.3226383497801],[-71.8103392513553,42.3227158164818],[-71.8104193530706,42.3227976287076],[-71.8104915686309,42.3228833871586],[-71.8105555481999,42.3229726754487],[-71.8106109779143,42.3230650583059],[-71.8106132576956,42.3230697060022],[-71.8106266450037,42.3230799933471],[-71.8107142416689,42.3231574591494],[-71.8107943442835,42.3232392713753],[-71.8108665607431,42.3233250298263],[-71.8109305394128,42.3234143181164],[-71.8109859700265,42.3235067009735],[-71.8110325818881,42.3236017278375],[-71.81107014657,42.3236989364568],[-71.8110984833083,42.3237978528887],[-71.8111113229292,42.3238656374892],[-71.8112126936109,42.3238843928505],[-71.8113422994076,42.323915642493],[-71.8114686523564,42.3239535237362],[-71.8115911364218,42.3239978540178],[-71.8117091553532,42.3240484166012],[-71.8118221344839,42.3241049641728],[-71.8119295225294,42.3241672224394],[-71.8120307969837,42.3242348883295],[-71.8121254641188,42.3243076317918],[-71.8122130625827,42.3243850975942],[-71.8122931660967,42.3244669098201],[-71.8123653834556,42.324552668271],[-71.812429363924,42.3246419574604],[-71.8124847954369,42.3247343394183],[-71.8125314081979,42.3248293671816],[-71.8125689737791,42.3249265749015],[-71.8125973105174,42.3250254913334],[-71.8126162799173,42.3251256335412],[-71.8126257893487,42.3252265131931],[-71.8126257929459,42.3253276392592],[-71.8126162889106,42.3254285198104],[-71.8125973258059,42.3255286620182],[-71.8125689953628,42.3256275793494],[-71.8125314342782,42.3257247888679],[-71.8125289080826,42.3257299401846],[-71.8125257658514,42.3257632942407],[-71.8125068027467,42.3258634364485],[-71.8124784714043,42.3259623537796],[-71.8124409103197,42.3260595632983],[-71.8123943020553,42.3261545919609],[-71.812338875039,42.3262469757174],[-71.8122827348603,42.326325327352],[-71.8122738981219,42.3263719949716],[-71.8122455667794,42.3264709123028],[-71.8122080056949,42.3265681218214],[-71.8121613974305,42.3266631504841],[-71.8121059695148,42.3267555342406],[-71.8120419908452,42.3268448252285],[-71.8119697752849,42.3269305863775],[-71.8118896726702,42.327012400402],[-71.8118020742063,42.327089868003],[-71.8117074061718,42.3271626141633],[-71.8116637018184,42.3271918151502],[-71.8116601225166,42.3271954708943],[-71.8115725231534,42.3272729384953],[-71.8114778551189,42.3273456846557],[-71.811376578866,42.3274133523444],[-71.8112691872232,42.3274756133089],[-71.8112669128377,42.3274767518507],[-71.8112192002059,42.3275334127368],[-71.8111390966919,42.3276152267613],[-71.8110514973287,42.3276926952617],[-71.8109568283949,42.3277654414221],[-71.8108555512426,42.3278331091108],[-71.8107481595998,42.327895369176],[-71.8106414442472,42.3279487826103],[-71.8106236340734,42.3279624675939],[-71.8105223560219,42.3280301361819],[-71.810414964379,42.3280923962471],[-71.8103019798525,42.3281489465167],[-71.8101839546258,42.3281995108987],[-71.8100614633658,42.328243842979],[-71.8099351032224,42.3282817260209],[-71.8098054884325,42.3283129765626],[-71.8096732521188,42.3283374417196],[-71.8095808521746,42.3283495313059],[-71.8095680458286,42.3283756404235],[-71.8095126161143,42.3284680250794],[-71.8094486365453,42.328557315168],[-71.8093764191864,42.3286430763169],[-71.8092963138737,42.3287248903414],[-71.8092087127119,42.3288023588418],[-71.8091140428787,42.3288751041029],[-71.8090127630285,42.3289427726909],[-71.8089053695871,42.3290050327561],[-71.8087923841612,42.3290615830257],[-71.8086743571358,42.3291121474077],[-71.8085518640772,42.329156479488],[-71.8084255012358,42.3291943625298],[-71.8082958855466,42.3292256130716],[-71.808163646535,42.3292500782286],[-71.8081071025607,42.3292574769511],[-71.8080966794182,42.3292681222261],[-71.808009077357,42.3293455907265],[-71.8079144057252,42.3294183359874],[-71.807813125875,42.3294860036762],[-71.8077888873472,42.3295000555831],[-71.8077800856824,42.3295078392155],[-71.8076854140506,42.3295805844764],[-71.8075841342004,42.3296482521651],[-71.8074767389603,42.3297105131297],[-71.807363752635,42.3297670633993],[-71.8072955741314,42.3297962715807],[-71.8072149849835,42.3298581952996],[-71.807113704234,42.3299258629882],[-71.8070063089939,42.3299881239528],[-71.8068933217693,42.3300446742224],[-71.8067752929454,42.3300952386044],[-71.8067469085429,42.3301055106608],[-71.8067033732621,42.3301440097383],[-71.8066087007309,42.3302167549993],[-71.8065074190821,42.330284422688],[-71.8064000229427,42.3303466836526],[-71.8062870348188,42.3304032339221],[-71.8061690059948,42.3304537983042],[-71.8060465102382,42.3304981294851],[-71.8059201446989,42.3305360134263],[-71.8058985061111,42.3305412303935],[-71.8057990680725,42.3305909988756],[-71.8057411202565,42.3306158237613],[-71.805740705669,42.3306165153399],[-71.805676723402,42.3307058054286],[-71.8056045033451,42.3307915665776],[-71.8055243953345,42.3308733806021],[-71.8054367914747,42.3309508491025],[-71.8053421180443,42.3310235943634],[-71.8052408354961,42.3310912620521],[-71.8051334375581,42.3311535230167],[-71.8051043444898,42.33116808394],[-71.8050670442087,42.3312123773494],[-71.8049869361981,42.3312941913739],[-71.8048993314389,42.3313716598743],[-71.8048046571092,42.3314444051352],[-71.8047033736617,42.3315120728239],[-71.8045959757237,42.3315743337885],[-71.8044829858011,42.3316308840581],[-71.8043649533798,42.3316814475408],[-71.8042424558246,42.3317257796211],[-71.8041160884866,42.331763662663],[-71.8039864665022,42.3317949132047],[-71.8038542229939,42.3318193783617],[-71.8037200009773,42.3318369394233],[-71.8035844551584,42.3318475100546],[-71.80344824564,42.3318510398936],[-71.8033120361216,42.3318475100546],[-71.8031764903027,42.3318369394233],[-71.803042268286,42.3318193783617],[-71.8029100247778,42.3317949132047],[-71.8027804027933,42.331763662663],[-71.8026540354553,42.3317257796211],[-71.8025315379001,42.3316814475408],[-71.8024135054789,42.3316308840581],[-71.8023005155563,42.3315743337885],[-71.8021931176182,42.3315120728239],[-71.8020918341708,42.3314444051352],[-71.801997159841,42.3313716598743],[-71.8019095550819,42.3312941913739],[-71.8018294470713,42.3312123773494],[-71.8017572261151,42.3311266162004],[-71.8016932438481,42.3310373261118],[-71.8016378123351,42.3309449414559],[-71.8015912004735,42.3308499136926],[-71.801580933813,42.3308233450214],[-71.8015640904104,42.3307998394411],[-71.8015086588974,42.3307074547853],[-71.8014630659677,42.3306145017579],[-71.8014504925462,42.3306190523274],[-71.8013644238291,42.3306448556756],[-71.8013486137475,42.3307283397411],[-71.8013202806064,42.3308272570723],[-71.8012827168239,42.3309244665909],[-71.8012361058616,42.3310194943542],[-71.8011806734493,42.3311118790101],[-71.8011166911823,42.3312011690987],[-71.8010624099023,42.3312656271071],[-71.8010850116639,42.3313241055231],[-71.8011133511002,42.3314230210556],[-71.8011323222988,42.3315231632635],[-71.8011418326294,42.3316240429153],[-71.8011418353274,42.3317251689814],[-71.801132331292,42.3318260495326],[-71.8011133663887,42.3319261917404],[-71.8010850323483,42.3320251081723],[-71.8010474676665,42.3321223176908],[-71.8010008558048,42.3322173463535],[-71.8009454224932,42.3323097310093],[-71.8008814393269,42.332399021098],[-71.800809216572,42.332484782247],[-71.8007734820105,42.3325212767356],[-71.8007786639042,42.3325762441984],[-71.8007786666021,42.3326773702645],[-71.8007786225353,42.332677837912],[-71.8007792070947,42.3326809234859],[-71.8007887183247,42.3327818031378],[-71.800788719224,42.3327995080909],[-71.8007996918523,42.3328378066195],[-71.8008186630508,42.3329379488274],[-71.8008281742808,42.3330388284792],[-71.8008281769788,42.3331399545454],[-71.8008186729434,42.3332408350965],[-71.8007997071408,42.3333409773043],[-71.800771372201,42.3334398937362],[-71.8007338075192,42.3335371032547],[-71.8006871938589,42.3336321319174],[-71.800631759648,42.3337245165732],[-71.800567774683,42.3338138066619],[-71.8004955501295,42.3338995669115],[-71.8004154394209,42.3339813809361],[-71.8003278310645,42.3340588494364],[-71.8002331522381,42.3341315946974],[-71.8001318651934,42.3341992623861],[-71.8000244618594,42.3342615233507],[-71.7999114674402,42.3343180736202],[-71.7997934305224,42.3343686380023],[-71.7996709266719,42.3344129691832],[-71.7995445539379,42.3344508531244],[-71.7994718887167,42.3344683710185],[-71.7994714984109,42.3344685661714],[-71.799353461493,42.3345191305535],[-71.7992309585418,42.3345634617344],[-71.7991045849086,42.3346013456756],[-71.7989749575282,42.3346325953181],[-71.7989639417325,42.3346346331818],[-71.7989309483046,42.3347200085216],[-71.7988843346443,42.3348150371843],[-71.798828899534,42.3349074209408],[-71.7987649127705,42.3349967110294],[-71.7986926873176,42.3350824721784],[-71.7986125748104,42.3351642862029],[-71.7985249646554,42.3352417547032],[-71.7984302840304,42.3353144999642],[-71.7983289951869,42.335382167653],[-71.7982215900543,42.3354444286176],[-71.7981085929372,42.3355009788871],[-71.7979905542207,42.3355515423698],[-71.7978680485716,42.3355958744501],[-71.7977416731397,42.335633757492],[-71.7976120439606,42.3356650080337],[-71.7974797923585,42.3356894731907],[-71.797434864927,42.3356953511596],[-71.7973550141226,42.3357416392653],[-71.7972420170054,42.3357981895349],[-71.7971239773896,42.3358487530176],[-71.7970613746826,42.3358714069399],[-71.7969667633054,42.335934613092],[-71.7968593572735,42.3359968740565],[-71.796746359257,42.3360534234268],[-71.7967388688037,42.3360566322079],[-71.7967026324205,42.3360936375114],[-71.7966150213661,42.3361711060118],[-71.7965203398418,42.3362438512728],[-71.7964190483004,42.3363115189615],[-71.7963488274364,42.3363522240759],[-71.7963371164647,42.3363685665561],[-71.7962648892132,42.3364543277051],[-71.7961847749074,42.3365361417296],[-71.7960971629537,42.33661361023],[-71.79600248053,42.3366863554909],[-71.7959011889886,42.3367540231797],[-71.7957937820573,42.3368162832449],[-71.7956807822422,42.3368728335145],[-71.7955627408278,42.3369233978966],[-71.7954402324807,42.3369677299768],[-71.7953138543509,42.3370056130187],[-71.7951842224738,42.3370368635604],[-71.7950519672744,42.3370613287174],[-71.7949177344659,42.3370788888797],[-71.7948691521896,42.3370826777235],[-71.7947925848099,42.3371338284635],[-71.7946851769793,42.3371960885287],[-71.7945721762649,42.3372526387983],[-71.7944541339511,42.3373032031803],[-71.794331625604,42.3373475343613],[-71.7942052465748,42.3373854183025],[-71.7940756128992,42.3374166688442],[-71.7940525057185,42.3374209433219],[-71.7940240745514,42.337435171496],[-71.7939060322375,42.337485735878],[-71.7937835229911,42.337530067059],[-71.7936573642959,42.3375678853497],[-71.7936480698025,42.3375919341205],[-71.7936014534443,42.3376869627832],[-71.7935460156361,42.3377793465397],[-71.7934873159868,42.3378612558923],[-71.7934594370034,42.3379585751282],[-71.7934218687242,42.3380557846468],[-71.793375252366,42.3381508124101],[-71.7933198145578,42.3382431970659],[-71.7932558250962,42.3383324871546],[-71.7931835951468,42.3384182483036],[-71.7931034781429,42.3385000623281],[-71.7930158634913,42.3385775299291],[-71.7929211783696,42.3386502751901],[-71.7928198841303,42.3387179428788],[-71.7927124736017,42.3387802038434],[-71.7925994701894,42.3388367541129],[-71.7924814251776,42.338887318495],[-71.7923589132332,42.3389316496759],[-71.7922325306068,42.3389695327178],[-71.7921028942332,42.3390007832596],[-71.7919706354364,42.3390252484165],[-71.7918363990306,42.3390428094781],[-71.791700837024,42.3390533801095],[-71.7916381650692,42.3390550042851],[-71.7916015869437,42.3391295670759],[-71.7915461482361,42.3392219517318],[-71.7914821578752,42.3393112418204],[-71.7914099270265,42.3393970029693],[-71.7913298091233,42.3394788160945],[-71.791242192673,42.3395562845949],[-71.7911475057527,42.3396290298559],[-71.7910462097148,42.3396966975446],[-71.7909387973875,42.3397589585092],[-71.7908257930758,42.3398155087788],[-71.7907077462654,42.3398660722615],[-71.7905852316231,42.3399104043418],[-71.7904784155464,42.3399424220052],[-71.7903995180233,42.3399951267737],[-71.7902921047968,42.3400573877383],[-71.7901790995857,42.3401139380079],[-71.790061051876,42.3401645014906],[-71.790032501099,42.3401748329023],[-71.7899754876786,42.3402543860311],[-71.7899032559305,42.3403401462808],[-71.7898231362287,42.3404219603053],[-71.7897355188791,42.3404994288056],[-71.7896408310594,42.3405721740666],[-71.7895395332229,42.3406398417553],[-71.789432119097,42.3407021027199],[-71.7893191129866,42.3407586520902],[-71.7892010643776,42.3408092164722],[-71.7890785488359,42.3408535485525],[-71.7889521626122,42.3408914315943],[-71.7888225226413,42.3409226821361],[-71.7886980816511,42.3409457002839],[-71.7886785438797,42.3409855258613],[-71.7886231033735,42.3410779105172],[-71.788559111214,42.3411672006059],[-71.7884868785666,42.3412529608555],[-71.7884067579654,42.34133477488],[-71.7883191397165,42.3414122433804],[-71.7882244500983,42.3414849886414],[-71.788123150463,42.3415526563301],[-71.7880352786052,42.3416035885348],[-71.7880187904348,42.3416231649771],[-71.7879386689344,42.3417049790016],[-71.7878510497861,42.341782447502],[-71.7877563601679,42.341855192763],[-71.7876550596333,42.3419228604517],[-71.7875476437088,42.3419851205169],[-71.7874346349004,42.3420416707866],[-71.7873165844927,42.3420922351686],[-71.7871940662531,42.3421365663495],[-71.7870676773314,42.3421744502907],[-71.7869380346625,42.3422056999332],[-71.7868057686712,42.3422301650901],[-71.7867831489231,42.3422331238596],[-71.7867282255272,42.3422529970782],[-71.7866018366054,42.3422908810194],[-71.7864721939366,42.3423221306618],[-71.7864073905886,42.3423341177254],[-71.7863958936555,42.3423368885366],[-71.7862636276643,42.3423613536935],[-71.7861293840638,42.3423789147552],[-71.7859938148626,42.3423894853865],[-71.7858575828611,42.3423930152255],[-71.7857213508596,42.3423894853865],[-71.7855857816585,42.3423789147552],[-71.785451538058,42.3423613536935],[-71.7853192720667,42.3423368885366],[-71.7851896284985,42.3423056388942],[-71.7850632404761,42.342267754953],[-71.7849407213372,42.342223423772],[-71.7848226700302,42.34217285939],[-71.7847096612218,42.3421163091204],[-71.7846022452973,42.3420540490551],[-71.7845009447627,42.3419863813664],[-71.7844062542452,42.3419136361055],[-71.7843186350969,42.3418361676051],[-71.7842385144958,42.3417543535806],[-71.7841662809491,42.3416685924316],[-71.7841022878902,42.3415793032423],[-71.784046847384,42.3414869185865],[-71.7840241538916,42.3414406610577],[-71.7839783379299,42.3413862655637],[-71.7839143457704,42.3412969754751],[-71.7838589052643,42.3412045908192],[-71.783812286208,42.341109563056],[-71.7837747161302,42.3410123535373],[-71.7837463784925,42.3409134371055],[-71.7837274099919,42.3408132939984],[-71.7837179050572,42.3407124143465],[-71.7837179077552,42.3406112882804],[-71.783721878262,42.3405691829215],[-71.7837150497097,42.3405622104777],[-71.7836428179617,42.340476450228],[-71.7835788258021,42.3403871601394],[-71.7835233861953,42.3402947754835],[-71.7834767671391,42.3401997477202],[-71.7834391979606,42.3401025382016],[-71.7834366843555,42.3400937644158],[-71.7834186529485,42.3400471084873],[-71.7833553712533,42.3399911571662],[-71.7832752524509,42.3399093431417],[-71.7832030216021,42.3398235828921],[-71.7831390303419,42.3397342928034],[-71.7830835907351,42.3396419081476],[-71.7830369734775,42.3395468803843],[-71.782999404299,42.3394496708657],[-71.7829710675607,42.3393507544338],[-71.7829520999594,42.3392506113267],[-71.7829425941254,42.3391497316748],[-71.7829425977227,42.3390486056087],[-71.7829521089526,42.3389477259568],[-71.7829710828491,42.3388475846484],[-71.7829994249834,42.3387486682165],[-71.7830369995579,42.3386514604966],[-71.7830836222113,42.3385564336326],[-71.7831390663148,42.3384640507754],[-71.783203060273,42.3383747624853],[-71.7832752938197,42.3382890040344],[-71.7833554153201,42.3382071927078],[-71.7834430326698,42.3381297260061],[-71.7835377204894,42.3380569834431],[-71.7836390174267,42.337989317553],[-71.7837464288546,42.3379270592864],[-71.7838594322669,42.3378705117148],[-71.7839774763794,42.3378199491314],[-71.7840192390966,42.3378048378231],[-71.7839434100603,42.3377377906665],[-71.7838915371647,42.3376848187994],[-71.7838787775835,42.3376844878489],[-71.7837432191742,42.3376739163182],[-71.783608984567,42.3376563561559],[-71.7834767293675,42.337631890999],[-71.7833470956919,42.3376006404572],[-71.7832207157634,42.337562756516],[-71.783098206517,42.3375184253351],[-71.7829801642032,42.3374678609531],[-71.7828671634888,42.3374113106835],[-71.7827597556582,42.3373490506182],[-71.7826584632174,42.3372813829295],[-71.7825637798945,42.3372086376685],[-71.7824761670414,42.3371311691682],[-71.7823960518363,42.3370493551437],[-71.7823772820859,42.3370270681447],[-71.7823071322683,42.3370060401966],[-71.7821846239212,42.3369617081164],[-71.7820665825067,42.3369111437344],[-71.7819535826916,42.3368545934647],[-71.7818461757603,42.3367923333995],[-71.781744884219,42.3367246657108],[-71.7816502017953,42.3366519204498],[-71.7815625898416,42.3365744519495],[-71.7814824755358,42.3364926379249],[-71.7814102482843,42.336406876776],[-71.7813462606214,42.3363175866873],[-71.7812908237125,42.3362252029309],[-71.7812442091529,42.3361301742682],[-71.7812066417731,42.3360329647496],[-71.781178305934,42.3359340483177],[-71.7811748102692,42.3359155915314],[-71.7811500537319,42.3358651233768],[-71.7811124872514,42.3357679138582],[-71.7810841514124,42.3356689974263],[-71.7810651856098,42.3355688552185],[-71.7810646936806,42.3355636364527],[-71.7810136598525,42.3355030383346],[-71.7809496730889,42.3354137482459],[-71.7808942370793,42.3353213644895],[-71.7808476225197,42.3352263358268],[-71.7808100560392,42.3351291263082],[-71.7807817210995,42.3350302098763],[-71.7807627552969,42.3349300676685],[-71.780756637209,42.3348651312209],[-71.7806900945722,42.3347971757491],[-71.7806178691193,42.3347114146002],[-71.7805538832551,42.3346221245115],[-71.7804984481448,42.334529740755],[-71.7804518344846,42.3344347120923],[-71.7804142689034,42.3343375025738],[-71.7803859339637,42.3342385861419],[-71.780366968161,42.3341384439341],[-71.7803574632263,42.3340375633829],[-71.780357465025,42.3339868380222],[-71.7803567761443,42.3339844332351],[-71.7803378103416,42.3338842910273],[-71.7803283063063,42.3337834104761],[-71.7803283090042,42.33368228441],[-71.7803378202342,42.3335814047581],[-71.7803565710988,42.3334824271723],[-71.7802954216963,42.333428354535],[-71.7802153109878,42.3333465414098],[-71.7801430882329,42.3332607802608],[-71.780079103268,42.3331714901722],[-71.7800236699564,42.3330791055163],[-71.7799770571954,42.3329840768537],[-71.7799394916142,42.3328868673351],[-71.7799111575738,42.3327879509033],[-71.7798921917712,42.3326878086955],[-71.7798826877358,42.3325869281443],[-71.7798826904338,42.3324858020782],[-71.7798846446606,42.3324650718057],[-71.7798694838895,42.3324549427415],[-71.7797748077612,42.3323821965811],[-71.7796872021027,42.3323047289801],[-71.7796070922934,42.3322229149556],[-71.7795348704379,42.3321371538066],[-71.7794708872716,42.332047863718],[-71.7794154548593,42.3319554790622],[-71.7793688420983,42.3318604503995],[-71.7793608381322,42.3318397372142],[-71.77934087678,42.3318118807138],[-71.7792854443677,42.3317194960579],[-71.7792388325061,42.3316244673953],[-71.7792375141,42.3316210553675],[-71.7792074848375,42.3315710080956],[-71.7791608729759,42.331475979433],[-71.779123308294,42.3313787708137],[-71.7790949751529,42.3312798534825],[-71.7790859738386,42.3312323252117],[-71.7790850304498,42.3312298844516],[-71.7790611057854,42.3311900112101],[-71.7790144939237,42.3310949834468],[-71.7789769301412,42.3309977739282],[-71.7789753410391,42.3309922278091],[-71.7789724407255,42.3309873930538],[-71.7789300376911,42.3309009448228],[-71.7789096698453,42.3308801426045],[-71.7788374488891,42.3307943814556],[-71.7787734666222,42.3307050913669]]],[[[-71.7890411595218,42.3293436940562],[-71.7890129477893,42.3293248451655],[-71.7889932454419,42.3293936316108],[-71.7889556825587,42.3294908411295],[-71.7889222268792,42.32955905021],[-71.7889223105162,42.3295590699951],[-71.7889805937793,42.3295765429232],[-71.7889920133707,42.3295469938987],[-71.7889953246744,42.3295295146754],[-71.7890236632114,42.3294305991429],[-71.789026621981,42.3294229432143],[-71.7890406891764,42.3293486843943],[-71.7890411595218,42.3293436940562]]],[[[-71.791954468324,42.3148096443497],[-71.7919601052746,42.3147950546481],[-71.7918774018206,42.3148103593107],[-71.7918150185482,42.3148290661086],[-71.791826721426,42.3148529269211],[-71.7918642816113,42.3149501355403],[-71.791892613853,42.3150490510729],[-71.7918997940402,42.3150869619938],[-71.7919071702797,42.31500870209],[-71.7919261360823,42.3149085598822],[-71.791954468324,42.3148096443497]]],[[[-71.8084468223629,42.3115359385328],[-71.8084003777752,42.3114412192369],[-71.8083749269613,42.3115300974361],[-71.8083373748699,42.3116273069547],[-71.8082907782967,42.3117223356173],[-71.8082629074072,42.3117687999902],[-71.8082794603288,42.3118562015026],[-71.8082889670621,42.3119570820538],[-71.8082889706594,42.3120582081199],[-71.808279469322,42.3121590886711],[-71.8082605098147,42.3122592317782],[-71.8082321847675,42.3123581491094],[-71.8082152928015,42.3124018741472],[-71.8083285327356,42.3123679184447],[-71.8084581151498,42.3123366688023],[-71.8085903190879,42.3123122045446],[-71.8087244988365,42.3122946443824],[-71.8088236032266,42.3122869138101],[-71.8088115325262,42.3122231590716],[-71.8088048937308,42.3121526756055],[-71.8087954931175,42.3121430717454],[-71.8087232937449,42.3120573105965],[-71.8086593303638,42.3119680196085],[-71.8086039159379,42.3118756349526],[-71.8085573184654,42.31178060629],[-71.8085197654748,42.3116833967714],[-71.8085051658807,42.3116324115067],[-71.8085022376881,42.3116283231886],[-71.8084468223629,42.3115359385328]]],[[[-71.7767300783304,42.3101198831262],[-71.7767150371692,42.3100892090498],[-71.7767122348817,42.3100938810278],[-71.7767214367449,42.3101260102073],[-71.7767404016482,42.3102261524151],[-71.7767447453737,42.3102722435692],[-71.7767863929776,42.3102621999406],[-71.7767723383727,42.3102335376477],[-71.7767347871807,42.3101363281291],[-71.7767300783304,42.3101198831262]]],[[[-71.8013066540788,42.3085936877486],[-71.8012139087948,42.3085539413114],[-71.8012220800349,42.3085675633424],[-71.8012686802054,42.3086625902064],[-71.8012744241753,42.3086774568991],[-71.8013173038505,42.3087373139759],[-71.8013727209743,42.3088296968331],[-71.8014106489822,42.3089070376297],[-71.8014922759477,42.3089177206763],[-71.8015531303726,42.308928981987],[-71.8015401270752,42.3088602980644],[-71.8015306266371,42.3087594175132],[-71.801530629335,42.3086684654774],[-71.8014291075672,42.3086380198288],[-71.8013066540788,42.3085936877486]]],[[[-71.7749512391084,42.3043993846239],[-71.7749307777332,42.3043906153347],[-71.7749335620342,42.3043952567357],[-71.7749443413082,42.3044172388645],[-71.7749512391084,42.3043993846239]]],[[[-71.8075393173855,42.3034350092183],[-71.8075664886025,42.3033401289438],[-71.8076040424925,42.3032429203246],[-71.8076506390657,42.3031478925612],[-71.8077060507936,42.3030555097041],[-71.8077700096782,42.3029662205147],[-71.8078422027554,42.3028804611644],[-71.8079222792897,42.3027986489386],[-71.808009848076,42.3027211831361],[-71.8081044828356,42.3026484396738],[-71.8082057222163,42.3025807737837],[-71.8083130733896,42.3025185146178],[-71.8084260138494,42.3024619661469],[-71.8085439923113,42.3024114044628],[-71.8086664350079,42.3023670741812],[-71.80879274389,42.3023291920386],[-71.8089223056199,42.3022979423962],[-71.8090544879742,42.3022734781385],[-71.8091886470384,42.3022559179763],[-71.8093241299046,42.3022453482443],[-71.8094602755712,42.3022418184053],[-71.8095964212378,42.3022453482443],[-71.8097319041041,42.3022559179763],[-71.8098660631682,42.3022734781385],[-71.8099982455226,42.3022979423962],[-71.8101278072525,42.3023291920386],[-71.8102541161345,42.3023670741812],[-71.8103765588311,42.3024114044628],[-71.810494537293,42.3024619661469],[-71.8106074777529,42.3025185146178],[-71.8107148289262,42.3025807737837],[-71.8108160683068,42.3026484396738],[-71.8109107030664,42.3027211831361],[-71.8109982718527,42.3027986489386],[-71.811078348387,42.3028804611644],[-71.8111505414643,42.3029662205147],[-71.8112145003489,42.3030555097041],[-71.8112699120767,42.3031478925612],[-71.8112958593164,42.3032008086704],[-71.8114021906586,42.3031980522484],[-71.8115383381237,42.3032015811881],[-71.8116738227886,42.3032121518194],[-71.8118079845508,42.3032297119817],[-71.8119401687038,42.3032541762393],[-71.8120697322323,42.3032854249824],[-71.8121960438123,42.303323307125],[-71.8123184883075,42.3033676374066],[-71.8123944945103,42.3034002108511],[-71.8124424094896,42.3033512571549],[-71.8125299791752,42.3032737904531],[-71.8126246139348,42.3032010469908],[-71.8127258551141,42.3031333811007],[-71.8128332071867,42.3030711219348],[-71.8129461485459,42.3030145743631],[-71.8130641279071,42.3029640117798],[-71.813186571503,42.3029196814982],[-71.8133128821837,42.3028817993556],[-71.8134424448129,42.3028505506125],[-71.8135746280666,42.3028260863549],[-71.8137087889294,42.3028085261926],[-71.813844272695,42.3027979555612],[-71.8139804192609,42.3027944266215],[-71.8141165658268,42.3027979555612],[-71.8142520495924,42.3028085261926],[-71.8143862104552,42.3028260863549],[-71.8144549051697,42.3028388000706],[-71.8144108275976,42.3027864352458],[-71.8143468741089,42.3026971442579],[-71.8142914668776,42.302604759602],[-71.8142448765997,42.3025097309394],[-71.814207329005,42.3024125214208],[-71.8141790084545,42.3023136031903],[-71.8141600525444,42.3022134609825],[-71.8141505530056,42.302112579532],[-71.8141505557035,42.3020114534659],[-71.8141600615376,42.3019105729147],[-71.8141790237429,42.3018104307068],[-71.8142073505887,42.301711514275],[-71.8142449026801,42.3016143056557],[-71.8142914974546,42.3015192778924],[-71.8143469091825,42.3014268950352],[-71.8144108662684,42.3013376058459],[-71.814483057547,42.3012518464956],[-71.8145631313834,42.3011700342697],[-71.8146506974717,42.301092567568],[-71.8147453295333,42.3010198241057],[-71.8148465671154,42.3009521582156],[-71.8149493200551,42.3008925646402],[-71.814894692536,42.3008505698979],[-71.8148071309443,42.3007731013976],[-71.8147270616046,42.3006912873731],[-71.8146548748226,42.3006055253248],[-71.8145909240319,42.3005162352361],[-71.814550809772,42.3004493472596],[-71.814488215159,42.300385388375],[-71.8144160301756,42.3002996263267],[-71.8143520784856,42.3002103362381],[-71.8142966739523,42.3001179506829],[-71.814250085473,42.3000229220203],[-71.8142125396769,42.2999257125017],[-71.8141842200257,42.2998267951705],[-71.8141652650149,42.2997266520634],[-71.8141557654761,42.2996257715122],[-71.8141557690735,42.2995246445468],[-71.8141652740081,42.2994237639956],[-71.8141842353141,42.2993236217878],[-71.8142125612607,42.2992247053559],[-71.8142501115533,42.2991274958373],[-71.8142967054285,42.2990324689733],[-71.8143521135592,42.2989400852168],[-71.8144160688465,42.2988507969268],[-71.8144882574271,42.2987650375765],[-71.8145683276662,42.2986832253506],[-71.8146558910565,42.2986057586489],[-71.8147505195208,42.2985330151865],[-71.8148517526063,42.2984653492965],[-71.8149359741159,42.2984165008209],[-71.8149450365841,42.2983686380023],[-71.814973360732,42.2982697206711],[-71.8150109110247,42.2981725120518],[-71.8150575040005,42.2980774851878],[-71.8151099398718,42.2979900566958],[-71.815023740753,42.297932436233],[-71.8149291167853,42.2978596900727],[-71.8148415587909,42.2977822215723],[-71.8147614930484,42.2977004066485],[-71.8146893098637,42.2976146454996],[-71.814625361771,42.2975253545116],[-71.8145699599357,42.2974329698557],[-71.814523373255,42.2973379402937],[-71.8144858292576,42.2972407307752],[-71.8144575105057,42.297141813444],[-71.8144385563942,42.2970416703368],[-71.8144290568554,42.2969407897856],[-71.8144290604528,42.2968463339912],[-71.8143662589956,42.296861483071],[-71.8142340883325,42.2968859482279],[-71.8140999409595,42.2969035092896],[-71.8139644697844,42.2969140799209],[-71.813828335809,42.2969176088606],[-71.8136922018336,42.2969140799209],[-71.8135567306585,42.2969035092896],[-71.8134225832856,42.2968859482279],[-71.8132904126224,42.296861483071],[-71.8131608625837,42.2968302325293],[-71.8130345644935,42.296792348588],[-71.8129121343874,42.2967480165078],[-71.8128944186425,42.2967404226325],[-71.812815709977,42.2967258536153],[-71.8126861608376,42.2966946030735],[-71.8125598627474,42.2966567191323],[-71.8124374326414,42.296612387052],[-71.81231946677,42.29656182267],[-71.8122065389006,42.2965052724004],[-71.8120992003178,42.2964430114359],[-71.8120804386613,42.2964304694906],[-71.8120290055342,42.2964180624437],[-71.8119027083433,42.2963801785025],[-71.8117802791365,42.2963358464222],[-71.8116623132651,42.2962852820402],[-71.8115493862951,42.2962287317706],[-71.8115295301636,42.2962172141532],[-71.8115238878171,42.2962147958761],[-71.8114109608471,42.2961582456066],[-71.8113036231637,42.296095984642],[-71.8112064990806,42.2960310589862],[-71.8111682581086,42.2960119088226],[-71.8110609204251,42.295949647858],[-71.8109596945342,42.29588197927],[-71.8108650732645,42.2958092331097],[-71.8107775179681,42.2957317646093],[-71.8107002913853,42.2956528482005],[-71.8106017634606,42.2956605365046],[-71.8104656321831,42.2956640663436],[-71.8103295009057,42.2956605365046],[-71.8101940324286,42.2956499658733],[-71.8100598877536,42.2956324048117],[-71.8099891093099,42.2956193025888],[-71.8099806116159,42.2957095522541],[-71.8099616575045,42.2958096953612],[-71.8099572463298,42.2958251034458],[-71.8099572499271,42.2959217059221],[-71.8099477512877,42.2960225864732],[-71.8099287962769,42.2961227295804],[-71.8099004784243,42.2962216469115],[-71.8098709914531,42.2962979975546],[-71.8098656692652,42.2963545217438],[-71.8098467151538,42.2964546648509],[-71.8098183964019,42.2965535821821],[-71.8097808533037,42.2966507926001],[-71.8097801095644,42.2966523106556],[-71.8097735714931,42.2967217446129],[-71.8097546164823,42.29682188772],[-71.8097262986298,42.2969208050512],[-71.8097153511825,42.2969491498834],[-71.8097129023286,42.2969751573777],[-71.8096939482171,42.2970753004848],[-71.8096656294652,42.2971742178159],[-71.8096591300647,42.2971910459301],[-71.8096546910111,42.2972144984504],[-71.8096263731586,42.2973134157816],[-71.8095888291611,42.2974106253002],[-71.8095422424805,42.2975056548621],[-71.8094868397458,42.2975980395179],[-71.8094726610344,42.2976178371935],[-71.8094726628331,42.2976795909404],[-71.8094631641936,42.2977804714916],[-71.8094442091829,42.2978806145987],[-71.809415890431,42.2979795319299],[-71.8093783464335,42.2980767414485],[-71.8093317588535,42.2981717710104],[-71.8092763561189,42.2982641556663],[-71.8092124071268,42.2983534466543],[-71.8091402230428,42.2984392078033],[-71.8090601564011,42.2985210227271],[-71.8089725975073,42.2985984912274],[-71.8088779726403,42.2986712364884],[-71.8087767413535,42.2987389050764],[-71.8087603763902,42.2987483974206],[-71.8087799995973,42.2987991974251],[-71.8088083246444,42.2988981147562],[-71.8088272859504,42.2989982569641],[-71.8088367917845,42.2990991375152],[-71.8088367944824,42.2992002644806],[-71.808827295843,42.2993011450318],[-71.8088083399329,42.299401288139],[-71.808780021181,42.2995002054702],[-71.8087654215869,42.2995380048751],[-71.8087654224862,42.2995714596552],[-71.8087559229475,42.2996723402064],[-71.8087369679367,42.2997724833135],[-71.8087086482855,42.2998714006447],[-71.8086711024894,42.2999686101633],[-71.8086245140101,42.3000636397252],[-71.8085691094768,42.3001560243811],[-71.8085051586861,42.3002453144697],[-71.8084329728034,42.300331076518],[-71.808352904363,42.3004128905425],[-71.808265341872,42.3004903599422],[-71.808170714307,42.3005631052032],[-71.8080694803222,42.3006307737912],[-71.8079621345448,42.3006930347558],[-71.8078491994809,42.3007495850254],[-71.8077312255156,42.3008001494074],[-71.8076087873156,42.3008444814877],[-71.8074824820309,42.3008823654289],[-71.8073529238983,42.3009136159707],[-71.8072207442419,42.3009380811276],[-71.8071161171151,42.300951776903],[-71.8070744083572,42.3009594966835],[-71.806940251991,42.3009770577451],[-71.806804772722,42.3009876283764],[-71.8066686297534,42.3009911573161],[-71.8065324867848,42.3009876283764],[-71.8063970075158,42.3009770577451],[-71.8062869295981,42.3009626488072],[-71.8061971322918,42.3009556421892],[-71.8061834760865,42.300953854337],[-71.8061623168374,42.3009555054922],[-71.8060261738688,42.300959034432],[-71.8058900309002,42.3009555054922],[-71.8057545516312,42.3009449348609],[-71.805620395265,42.3009273737993],[-71.8056136881212,42.3009261327349],[-71.8055835950069,42.3009269124471],[-71.8054474520383,42.3009233835074],[-71.8053119727693,42.300912812876],[-71.805177816403,42.3008952518145],[-71.805045637646,42.3008707866575],[-71.8050248282332,42.3008657675412],[-71.8049870944788,42.3009286859102],[-71.8049231427888,42.3010179759988],[-71.8048509560068,42.3011037380471],[-71.804770886667,42.3011855520716],[-71.8046833232767,42.301263020572],[-71.8045993104098,42.3013276053848],[-71.8046097731225,42.3013422121734],[-71.804665183951,42.3014345950306],[-71.8046722580182,42.3014490228542],[-71.8047259583363,42.3014390835469],[-71.8048601156018,42.3014215233846],[-71.8049955966694,42.3014109536526],[-71.8051317405374,42.3014074238136],[-71.8052678844053,42.3014109536526],[-71.8054033654729,42.3014215233846],[-71.8055375227385,42.3014390835469],[-71.8056697032941,42.3014635478045],[-71.8057992632254,42.301494797447],[-71.8059255712081,42.3015326795896],[-71.806048012106,42.3015770089718],[-71.8061659887694,42.3016275715552],[-71.8062789274305,42.3016841200262],[-71.8063862777045,42.3017463791921],[-71.8064875161859,42.3018140450822],[-71.8065821491468,42.3018867885445],[-71.8066697170338,42.3019642543469],[-71.8067497917694,42.3020460665727],[-71.8068219839474,42.3021318259231],[-71.8068859419326,42.3022211151124],[-71.8069413536605,42.3023134979696],[-71.8069879493344,42.3024085257329],[-71.807025502325,42.3025057343522],[-71.8070538282715,42.3026046507841],[-71.8070727913762,42.3027047929918],[-71.8070822972102,42.302805673543],[-71.8070823008075,42.3029067996092],[-71.8070728003694,42.3030076810597],[-71.8070538444593,42.3031078232675],[-71.8070255230094,42.3032067405986],[-71.8070124180886,42.3032406684222],[-71.8070841902831,42.3032579785729],[-71.8072105018632,42.3032958607155],[-71.8073329463584,42.3033401909971],[-71.8074509266189,42.3033907535804],[-71.8075393173855,42.3034350092183]]],[[[-71.7871624766669,42.2969419750921],[-71.7871472448495,42.2969238780346],[-71.7870554519475,42.2969310402354],[-71.7869193179721,42.2969345691751],[-71.7867831839967,42.2969310402354],[-71.7866477128217,42.2969204696041],[-71.7865135654487,42.2969029085424],[-71.7864524313346,42.2968915923731],[-71.7863825279313,42.2968861379849],[-71.7862483805583,42.2968685769233],[-71.7861162098951,42.2968441117664],[-71.7860828594364,42.2968360664314],[-71.7859782907655,42.2968223778505],[-71.7858461201023,42.2967979126936],[-71.785716570963,42.2967666621518],[-71.7856040576811,42.2967329132933],[-71.7856031115943,42.2967327379256],[-71.7854735624549,42.2967014873838],[-71.7853472643647,42.2966636034426],[-71.7852248342587,42.2966192713623],[-71.7851068683872,42.2965687069803],[-71.7849939405179,42.2965121567107],[-71.7848866019351,42.2964498957461],[-71.7847853751449,42.2963822271581],[-71.7847119769761,42.296325798297],[-71.7847091881785,42.2963241804167],[-71.7846996445729,42.2963575173856],[-71.7846621014747,42.2964547278035],[-71.7846155147942,42.2965497564662],[-71.7845825249635,42.2966047679957],[-71.7845918779128,42.2966130426578],[-71.7846719454539,42.2966948548837],[-71.7847441322359,42.2967806151333],[-71.7847885344632,42.2968426080999],[-71.784788818649,42.2968426152945],[-71.7848829093188,42.2968499573597],[-71.7849212276325,42.2968469671139],[-71.7850059473665,42.2968447709695],[-71.7850301778004,42.2968402860504],[-71.7851643251734,42.2968227258882],[-71.7852997963485,42.2968121552568],[-71.7854359303239,42.2968086263171],[-71.7855720642993,42.2968121552568],[-71.7857075354743,42.2968227258882],[-71.7858416828473,42.2968402860504],[-71.7859738535105,42.296864750308],[-71.7861034044485,42.2968959990512],[-71.786229703438,42.2969338811937],[-71.786332596672,42.2969711365088],[-71.7863818921106,42.2969830273449],[-71.7865081911001,42.2970209094875],[-71.7866306230048,42.297065239769],[-71.7867485915742,42.2971158023524],[-71.7868615221415,42.2971723508234],[-71.7869688643216,42.2972346099893],[-71.7870700956084,42.2973022758794],[-71.7871647222741,42.2973750193417],[-71.7872522829664,42.2974524860434],[-71.7873200073125,42.2975216852776],[-71.7873250435159,42.2975226169752],[-71.7874545953533,42.2975538666177],[-71.7875808952421,42.2975917478609],[-71.7877033280461,42.2976360781425],[-71.7877314273634,42.2976481218634],[-71.7877318932123,42.297647810698],[-71.7878392362917,42.2975855515321],[-71.787952166859,42.2975290030611],[-71.788067403288,42.2974796122943],[-71.7879866180879,42.2974553809611],[-71.7878641861832,42.2974110488809],[-71.7877462185131,42.2973604844988],[-71.7876332897445,42.2973039333299],[-71.7875259502624,42.2972416723653],[-71.7874247216735,42.2971740046766],[-71.7873300986051,42.2971012585163],[-71.7872425415101,42.2970237900159],[-71.7871624766669,42.2969419750921]]],[[[-71.8027003487421,42.2957071339771],[-71.8026908501026,42.2956062534259],[-71.8026908528006,42.2955051264604],[-71.8026915623657,42.2954975982356],[-71.8026657779033,42.2954075284347],[-71.8026468237919,42.2953073853276],[-71.8026427354738,42.2952639696565],[-71.8025863362903,42.2952435469522],[-71.8024683731169,42.2951929825701],[-71.8023554479455,42.2951364323006],[-71.8022481120607,42.295074171336],[-71.8022073781679,42.2950469407638],[-71.8021906813548,42.2950408946216],[-71.8020727181814,42.2949903302396],[-71.80195979301,42.29493377997],[-71.8018524571252,42.2948715190054],[-71.8018345471266,42.294859546331],[-71.8018020636143,42.2948637983257],[-71.8016665969359,42.2948743698564],[-71.801530467457,42.2948778987961],[-71.8013943379783,42.2948743698564],[-71.8012588712998,42.2948637983257],[-71.8011247275241,42.2948462372641],[-71.8009925613576,42.2948217721071],[-71.8008630158155,42.2947905215653],[-71.8007367222219,42.2947526376242],[-71.8006142957132,42.2947083064432],[-71.800496333439,42.2946577411619],[-71.800383409167,42.2946011908923],[-71.8002760732821,42.2945389299277],[-71.8001748500892,42.2944712613397],[-71.8000802306181,42.2943985160787],[-71.7999926771203,42.294321046679],[-71.7999126158745,42.2942392326545],[-71.7998404371864,42.2941534706063],[-71.799776492691,42.2940641796183],[-71.7997210935536,42.2939717949624],[-71.7996745095709,42.2938767662998],[-71.7996369673721,42.2937795558818],[-71.7996086504189,42.2936806385507],[-71.7995896972067,42.2935804954436],[-71.799585104369,42.2935317198131],[-71.7995647985766,42.2935558477242],[-71.79948473823,42.2936376617487],[-71.7993971865309,42.2937151311484],[-71.7993025679591,42.2937878764094],[-71.7992851049236,42.2937995505089],[-71.7992918273559,42.2938350593405],[-71.7993013322906,42.2939359398917],[-71.7993013349886,42.2940370668572],[-71.7992918363491,42.2941379474084],[-71.799272883137,42.2942380905155],[-71.7992445661837,42.2943370078467],[-71.7992070239849,42.2944342182646],[-71.7991604391029,42.2945292469273],[-71.7991362716216,42.2945695491454],[-71.7991770981445,42.2945870481538],[-71.7992900242152,42.2946435957254],[-71.7993973618987,42.2947058548913],[-71.7994985895882,42.2947735207814],[-71.7995932117573,42.2948462642437],[-71.7996807697517,42.2949237309455],[-71.7997608354941,42.2950055431713],[-71.7998330204775,42.2950913025217],[-71.7998969703688,42.295180591711],[-71.7999523767008,42.2952729745681],[-71.7999989669787,42.2953680023315],[-71.8000285897476,42.295444692019],[-71.8001114901531,42.2954198266637],[-71.8002410374938,42.2953885779206],[-71.800373205459,42.2953641127636],[-71.8005073492347,42.2953465535007],[-71.8006428177118,42.2953359828693],[-71.8007789480899,42.2953324539296],[-71.8009150784681,42.2953359828693],[-71.8010505469451,42.2953465535007],[-71.8011846907208,42.2953641127636],[-71.8013168586861,42.2953885779206],[-71.8014464060268,42.2954198266637],[-71.8015727023183,42.2954577088063],[-71.801695131525,42.2955020390879],[-71.8018130973965,42.2955526016713],[-71.8019260243665,42.2956091501422],[-71.802033364748,42.2956714084089],[-71.8021345933367,42.2957390742989],[-71.8022292173045,42.2958118177612],[-71.8023167761982,42.295889284463],[-71.8023491230136,42.2959223363468],[-71.8023638970761,42.295913766707],[-71.8024768258448,42.2958572182361],[-71.8025947917162,42.2958066556527],[-71.8027030952716,42.2957674407149],[-71.8027030970702,42.2957216553302],[-71.8027003487421,42.2957071339771]]],[[[-71.8133698992015,42.2923405884475],[-71.8134499937222,42.2923343390585],[-71.8135535335687,42.2923316545822],[-71.8136106072437,42.2923272011395],[-71.8137467313265,42.2923236721998],[-71.8138828554094,42.2923272011395],[-71.8140069096911,42.292336881442],[-71.8140535827067,42.292330771448],[-71.8140715421679,42.2923253845089],[-71.8142010832134,42.2922941357658],[-71.8143332448833,42.2922696715082],[-71.8144003963612,42.2922608806352],[-71.8143932260665,42.2922545359182],[-71.8143131675186,42.2921727209944],[-71.8142815869256,42.2921351958826],[-71.8142612262745,42.2921367849847],[-71.8141251021917,42.2921403148237],[-71.8139889781088,42.2921367849847],[-71.8138535177256,42.2921262143533],[-71.8137193802452,42.2921086532918],[-71.8135872194746,42.2920841881348],[-71.8134576793284,42.292052937593],[-71.8134361063912,42.2920464660716],[-71.8134282238334,42.2920881136756],[-71.8133999077795,42.2921870310067],[-71.81336236648,42.2922842414247],[-71.8133351862698,42.2923396891254],[-71.8133698992015,42.2923405884475]]],[[[-71.7978264081622,42.2881034910833],[-71.7977528184378,42.2880469075388],[-71.7977488182533,42.2880535796091],[-71.7976848791538,42.288142870597],[-71.7976127076603,42.2882286326453],[-71.7975649284786,42.2882774622352],[-71.7976293774938,42.2882791331755],[-71.7977018115893,42.2882847863139],[-71.7977380776501,42.288241695298],[-71.7978181352987,42.2881598830722],[-71.7978579977483,42.2881246107622],[-71.7978264081622,42.2881034910833]]],[[[-71.8002869982463,42.2783493263604],[-71.8002461069722,42.2783178797664],[-71.8002140992013,42.2783625859646],[-71.8001419384996,42.2784483480129],[-71.8000618979382,42.2785301629367],[-71.7999743660241,42.2786076323364],[-71.7998797708347,42.2786803775974],[-71.7997785719235,42.2787480461854],[-71.7996712639177,42.2788103080493],[-71.7995583675246,42.2788668583189],[-71.7994404349281,42.2789174227009],[-71.7993180389963,42.2789617556805],[-71.799191776879,42.2789996387224],[-71.7990625254152,42.2790308263116],[-71.7990579154904,42.2790797916991],[-71.7990389667748,42.2791799357055],[-71.7990106561168,42.2792788530367],[-71.7989731229113,42.2793760634546],[-71.7989265497205,42.2794710930166],[-71.7988711631736,42.2795634776724],[-71.7988072330673,42.2796527686604],[-71.7987717512153,42.2796949369718],[-71.798802850671,42.279697364242],[-71.7989369620711,42.2797149244043],[-71.7990690967613,42.2797393886619],[-71.7991986126258,42.2797706383043],[-71.7992211055695,42.279777386817],[-71.7992469961519,42.2797794075936],[-71.7993447668475,42.2797768724048],[-71.7994808639507,42.2797804013445],[-71.7996162982535,42.2797909719758],[-71.7997504096537,42.2798085321381],[-71.7998825452432,42.2798329963957],[-71.8000120611077,42.2798642460382],[-71.8001383259229,42.2799021281807],[-71.8002607245527,42.2799464584624],[-71.8003786616459,42.2799970210457],[-71.8004915616362,42.2800535695167],[-71.800598875038,42.2801158286826],[-71.8007000784458,42.2801834945727],[-71.8007946790312,42.280256238035],[-71.8008822172405,42.2803337056361],[-71.8009622640972,42.2804155178619],[-71.8010344319934,42.2805012772122],[-71.8010983674956,42.2805905664015],[-71.8011537603377,42.280682950158],[-71.8012003407231,42.2807779779214],[-71.8012378802239,42.2808751865407],[-71.8012661971772,42.2809741038719],[-71.8012851539866,42.2810742460796],[-71.8012946562234,42.2811751266308],[-71.8012946571227,42.2811989766515],[-71.8013962877085,42.2811801610356],[-71.8015304018065,42.2811626008734],[-71.8015773859875,42.2811589334381],[-71.8016156944087,42.2811518413844],[-71.8016455653905,42.2811479302329],[-71.8017177332868,42.2811345690052],[-71.8017306520479,42.2811328773805],[-71.8017690845755,42.2811257619444],[-71.8018772829103,42.2810865757849],[-71.8019696261973,42.2810588712699],[-71.8020502639085,42.2810049569133],[-71.8021575782096,42.2809426977474],[-71.8022647944846,42.28088899653],[-71.8023120070934,42.2808574303262],[-71.8024193213946,42.2807951711603],[-71.8024899955169,42.2807597729452],[-71.8023987485034,42.2807140676002],[-71.8022914369002,42.2806518066356],[-71.8021902352911,42.2805841380476],[-71.8020956365044,42.2805113918873],[-71.8020081027917,42.2804339233869],[-71.8019280586329,42.2803521084631],[-71.8018558961327,42.2802663464148],[-71.8017919651271,42.2801770554268],[-71.8017365785802,42.280084670771],[-71.8016900044901,42.279989641209],[-71.8016524703851,42.2798924307911],[-71.8016241606265,42.2797935134599],[-71.8016052110116,42.2796933694535],[-71.8015957141708,42.2795924889023],[-71.8015957177681,42.2794913610375],[-71.8016052200049,42.2793904804863],[-71.8016077875693,42.2793769169112],[-71.8015088720368,42.2793273696624],[-71.8014015622323,42.2792651077986],[-71.801300363321,42.2791974392105],[-71.8012057672323,42.2791246939495],[-71.8011182344189,42.2790472245498],[-71.8010381929582,42.278965409626],[-71.8009660313572,42.2788796475778],[-71.8009021021502,42.2787903565898],[-71.8008467165027,42.2786979719339],[-71.8008061993466,42.2786152999562],[-71.8007263323543,42.2785863714639],[-71.8006083997578,42.2785358061826],[-71.8004955042641,42.278479255913],[-71.8003881962582,42.2784169940491],[-71.8002869982463,42.2783493263604]]]]},"properties":{"OBJECTID_1":1,"FullName_High":"Burncoat Senior High School","Type":"High","FullName":"Burncoat Senior High School","Total_Population":39886.165545056094,"Under_5_years":2109.3358162938885,"F5_to_9_years":2627.6401093460258,"F10_to_14_years":2697.478353859784,"F15_to_19_years":3069.2260450765589,"Prcntg___Under_5_years":0.052883895643243688,"Prcntg___5_to_9_years":0.065878483765951346,"Prcntg___10_to_14_years":0.06762942280858425,"Prcntg___15_to_19_years":0.0769496391326338,"Median_age__years_":36.327394092642841,"Hispanic_or_Latino":9448.4715869172542,"White":24319.914323206598,"Black_or_African_American":5647.2393773236508,"American_Indian_and_Alaska_Nati":81.922653376087482,"Asian":1994.9349458688469,"Native_Hawaiian_and_Other_Pacif":6.8253709382487253,"Some_Other_Race":2741.7853945333309,"Two_or_More_Races":5093.5434798093365,"Prcntg___Hispanic_or_Latino":0.23688593420302834,"Prcntg___White":0.60973307388333453,"Prcntg___Black_or_African_Ameri":0.14158391262114262,"Prcntg___American_Indian_and_Al":0.0020539114817528965,"Prcntg___Asian":0.050015711427946974,"Prcntg___Native_Hawaiian_and_Ot":0.00017112126084265156,"Prcntg___Some_Other_Race":0.068740260114403914,"Prcntg___Two_or_More_Races":0.12770200921057662,"Pop_18_to_24_years":4380.7713701735938,"Out_Of_18_to_24_years___Less_Th":536.73490470744991,"Out_Of_18_to_24_years___High_Sc":1307.1989002445719,"Out_Of_18_to_24_years___Bachelo":748.99498525518948,"Prcntg___Pop_18_to_24_years":0.10983185047519796,"Prcntg_Out_Of_18_to_24_years___":0.12252063834278142,"Prcntg_Out_Of_18_to_24_years__1":0.29839468664003171,"Prcntg_Out_Of_18_to_24_years__2":0.17097331085450132,"Pop_25_years_and_over":26217.387383552166,"Out_Of_25_years_and_over___Less":2900.5666650485891,"Out_Of_25_years_and_over___High":7534.1507678663584,"Out_Of_25_years_and_over___Bach":9284.7280321646849,"Prcntg___Pop_25_years_and_over":0.65730528430807811,"Prcntg_Out_Of_25_years_and_over":0.1106352293084817,"Prcntg_Out_Of_25_years_and_ov_1":0.28737229448701707,"Prcntg_Out_Of_25_years_and_ov_2":0.35414390825187964,"Pop_25_to_34_years":6487.0237619845075,"Out_Of_25_to_34_years___High_Sc":6241.7085058512712,"Out_Of_25_to_34_years___Bachelo":3290.2581691232426,"Prcntg___Pop_25_to_34_years":0.1626384405053089,"Prcntg_Out_Of_25_to_34_years___":0.96218369700280093,"Prcntg_Out_Of_25_to_34_years__1":0.50720612253726172,"Total_Households":15365.084199180998,"Households_Median_Income":71807.136693539316,"Households_Mean_Income":86825.998357261851,"Year_Built":1964,"Square_Footage":144388,"Enrollment":1124,"Student___Teacher_Ratio__2023_":13.3,"F__Teachers_Licensed_2023_DESE":97.3,"F__Experienced_Teachers__2023_":97.3,"Graduation_Rate":"83.8","F__High_Needs":74.4,"F__First_Language_Not_English":51.6,"F__English_Language_Learner":22.6,"F__Students_with_Disabilities":22,"F__Econmically_Disadvantaged":67.3,"F__Multi_Racial_Non_White":4.4,"F__White":29.5,"F__Native_American":0.1,"F__Native_Hawaiian___Pacific_Is":0.1,"F__Hispanic":39.5,"F__Asian":5,"F__African_American":21.4,"ObjectID":32,"Shape__Area":42444191.44921875,"Shape__Length":56860.648919342952}},{"type":"Feature","id":2,"geometry":{"type":"Polygon","coordinates":[[[-71.8141404212434,42.2591955285508],[-71.8141136763051,42.2591581608205],[-71.8140034446033,42.2591981006119],[-71.8138772220561,42.2592359845531],[-71.8137477493591,42.2592672350949],[-71.813615656937,42.2592917002518],[-71.8134815896036,42.2593092613134],[-71.8133461984683,42.2593198328441],[-71.8132101454318,42.2593233617838],[-71.8130740923954,42.2593198328441],[-71.81293870126,42.2593092613134],[-71.8128807750277,42.2593016737333],[-71.8128495712507,42.2593024831232],[-71.8127135182143,42.2592989541835],[-71.8125781279782,42.2592883826528],[-71.8124440597455,42.2592708215912],[-71.8123119673234,42.2592463564342],[-71.8121824946264,42.2592151058925],[-71.8120562720792,42.2591772219513],[-71.8119339148183,42.2591328889717],[-71.8118160181946,42.2590823245897],[-71.8117031577744,42.2590257734208],[-71.8115958830435,42.2589635124562],[-71.8114947156086,42.2588958438682],[-71.8114001500968,42.2588230968085],[-71.8113126460617,42.2587456274088],[-71.811232629782,42.258663812485],[-71.8111604915634,42.2585780504367],[-71.8110965830408,42.2584887594488],[-71.8110412144804,42.2583963738936],[-71.8109946565781,42.2583013443316],[-71.810957135963,42.2582041339137],[-71.8109288351976,42.2581052156832],[-71.8109098918779,42.2580050716768],[-71.8109051011894,42.2579541601564],[-71.8108690896368,42.2579222782905],[-71.8107890742563,42.2578404624674],[-71.8107796880321,42.2578293027801],[-71.8106998462209,42.2577476641234],[-71.8106576572251,42.2576975071343],[-71.8106095380996,42.2577401089189],[-71.8105149734872,42.2578128550792],[-71.8104138087502,42.2578805236673],[-71.8103065349186,42.2579427846318],[-71.8101936762971,42.2579993358008],[-71.8100757823714,42.2580499010821],[-71.8099534269091,42.2580942331624],[-71.8098272061606,42.2581321171036],[-71.8096977352623,42.2581633676454],[-71.8095656455381,42.2581878337016],[-71.8094315800034,42.2582053947632],[-71.8094126357845,42.258206874148],[-71.8093881967079,42.2582142090186],[-71.8092587258095,42.2582454595604],[-71.8091266360854,42.2582699256166],[-71.8089925705506,42.2582874857789],[-71.8088571821132,42.2582980573096],[-71.8087211308754,42.2583015862493],[-71.8085850796377,42.2582980573096],[-71.8084496912002,42.2582874857789],[-71.8083156256656,42.2582699256166],[-71.8081835359414,42.2582454595604],[-71.8080540650431,42.2582142090186],[-71.8080366361818,42.2582089776623],[-71.8080130352733,42.2582095901005],[-71.8078769840355,42.2582060611608],[-71.8077415964975,42.2581954905295],[-71.8076075309627,42.2581779294679],[-71.8074754412386,42.2581534634116],[-71.8073459703402,42.2581222128698],[-71.8072197495918,42.2580843289287],[-71.8070973941294,42.2580399968484],[-71.8069795002037,42.2579894315671],[-71.8068666415822,42.2579328803982],[-71.8067593686499,42.2578706194336],[-71.8067030602979,42.2578329558263],[-71.8065689237168,42.2578294763493],[-71.806433537078,42.2578189057179],[-71.8062994715434,42.2578013446564],[-71.8061673827185,42.2577768786001],[-71.8060379127194,42.2577456280583],[-71.8059116937696,42.2577077441172],[-71.8057893383072,42.2576634120369],[-71.805671445281,42.2576128467555],[-71.8055585875587,42.257556296486],[-71.8054513146265,42.257494034622],[-71.8053501498895,42.257426366034],[-71.8052555861763,42.2573536198737],[-71.8051680839399,42.257276150474],[-71.8050880703581,42.2571943355502],[-71.8050159339381,42.2571085726026],[-71.8049520263149,42.2570192816146],[-71.8048966595532,42.2569268960594],[-71.8048501025502,42.2568318664975],[-71.8048125828344,42.2567346560796],[-71.8047842820689,42.2566357378491],[-71.8047653396487,42.2565355938426],[-71.8047558473045,42.2564347123921],[-71.8047558482038,42.2564082084721],[-71.8047474188583,42.2563995893696],[-71.8046752833376,42.2563138273213],[-71.8046113766137,42.256224535434],[-71.8045560107512,42.2561321498789],[-71.8045094546476,42.2560371203169],[-71.8044719349318,42.255939909899],[-71.8044436350656,42.2558409916685],[-71.8044246926454,42.255740847662],[-71.8044152003012,42.2556399662115],[-71.8044152029992,42.2555388383468],[-71.804424702538,42.2554379577956],[-71.8044436503541,42.2553378137891],[-71.8044719556162,42.2552388973573],[-71.8045094807279,42.2551416878387],[-71.8045560413282,42.255046659176],[-71.8046114116872,42.2549542754195],[-71.8046753220084,42.2548649862302],[-71.8047474602271,42.2547792259805],[-71.8048185156619,42.254706574249],[-71.8048185165612,42.2546566268019],[-71.8048280161,42.2545557462507],[-71.8048469639162,42.2544556022443],[-71.8048752691783,42.2543566849131],[-71.8049127933907,42.2542594753945],[-71.8049593530916,42.2541644476312],[-71.8050147234507,42.2540720638747],[-71.8050786319732,42.2539827746854],[-71.8051507692925,42.2538970144357],[-71.8052307837736,42.2538152013105],[-71.8052712307826,42.2537793921053],[-71.8053220433775,42.2537189828448],[-71.8054020578587,42.2536371697196],[-71.8054895582964,42.2535597021186],[-71.8055841193116,42.2534869586563],[-71.8056852804513,42.2534192918669],[-71.8057925479877,42.2533570327009],[-71.8059054003139,42.25330048423],[-71.806023287045,42.2532499207473],[-71.8060977679975,42.2532229338913],[-71.8061117596499,42.253203385328],[-71.8061838960699,42.2531176259777],[-71.8062639096516,42.2530358128525],[-71.8063514091901,42.2529583452515],[-71.806445969306,42.2528856017892],[-71.8065471295463,42.2528179349998],[-71.8066543961834,42.2527556758338],[-71.8067672476104,42.2526991273629],[-71.8068851334421,42.2526485638802],[-71.8070074799112,42.2526042335986],[-71.8070609760832,42.2525881762034],[-71.8071053648207,42.2525427892184],[-71.8071928643591,42.2524653216174],[-71.8072874235757,42.252392578155],[-71.8073885829167,42.2523249113656],[-71.8074958486545,42.2522626521997],[-71.8076086991821,42.2522061028295],[-71.8077265841145,42.2521555402461],[-71.8078489296843,42.2521112099644],[-71.8079616650987,42.2520773720731],[-71.8079991083721,42.2520556390565],[-71.8080855080397,42.2520123438946],[-71.8081491845372,42.2519472347771],[-71.8082366831763,42.2518697671761],[-71.8083312414935,42.2517970228144],[-71.8084323999353,42.2517293569243],[-71.8085396647737,42.2516670977584],[-71.808652514402,42.2516105483882],[-71.8087703984351,42.2515599858048],[-71.8088927422062,42.2515156555231],[-71.8090189503642,42.2514777724813],[-71.8091484077727,42.2514465237381],[-71.8091747687006,42.2514416404194],[-71.8091775476057,42.2514402482689],[-71.8092954307395,42.2513896856855],[-71.8094177745106,42.2513453554039],[-71.8095439826686,42.251307472362],[-71.8096300387952,42.2512866998214],[-71.8097307053077,42.2512502242185],[-71.8098569125664,42.2512123411767],[-71.809986369975,42.2511810924335],[-71.8100863332177,42.2511625753926],[-71.8100977060442,42.2511549680274],[-71.8102049699833,42.2510927088614],[-71.810317817813,42.2510361594912],[-71.8104357009468,42.2509855969078],[-71.8105580438186,42.2509412657269],[-71.8106842510773,42.2509033835843],[-71.8108137066872,42.2508721339419],[-71.8109457820222,42.2508476696843],[-71.8110798322684,42.250830109522],[-71.811215204518,42.2508195388906],[-71.811351239568,42.2508160099509],[-71.811487274618,42.2508195388906],[-71.8116226468676,42.250830109522],[-71.8117566971138,42.2508476696843],[-71.8118887724489,42.2508721339419],[-71.8119484424666,42.2508865383831],[-71.8120352288427,42.2508097003074],[-71.8121297853613,42.2507369559458],[-71.8122309420043,42.2506692900557],[-71.8123167400255,42.2506194900974],[-71.8123779406894,42.2505339798593],[-71.812450073512,42.2504482196097],[-71.8125300834965,42.2503664064846],[-71.8126175794377,42.2502889397828],[-71.8127121359562,42.2502161954212],[-71.8128132917,42.2501485286318],[-71.8129205538405,42.2500862694658],[-71.8130334007708,42.2500297209949],[-71.8131512812066,42.2499791584115],[-71.8132736222798,42.2499348272306],[-71.8133998268405,42.249896945088],[-71.8135149913238,42.2498691452449],[-71.8135526432399,42.2498243796914],[-71.813632652325,42.2497425665662],[-71.8137201473669,42.2496650998645],[-71.8138147029861,42.2495923555028],[-71.8139158569312,42.2495246887134],[-71.8140231190716,42.2494624295475],[-71.8141359642033,42.2494058810766],[-71.8142538437398,42.2493553175939],[-71.8143761839137,42.2493109873122],[-71.8145023875751,42.2492731051697],[-71.814631840487,42.2492418555273],[-71.81467447105,42.2492339585804],[-71.8147419714648,42.2492094997187],[-71.8148681751262,42.2491716175762],[-71.814997628038,42.2491403679337],[-71.8151296988765,42.2491159036761],[-71.8152637455254,42.2490983435138],[-71.8153991141778,42.2490877728825],[-71.8155351456304,42.2490842430434],[-71.8156711770831,42.2490877728825],[-71.8158065457355,42.2490983435138],[-71.8159405923844,42.2491159036761],[-71.8160726632228,42.2491403679337],[-71.8160798560005,42.2491421045245],[-71.816099097895,42.2491028293322],[-71.8161544628582,42.2490104455757],[-71.8162183668841,42.2489211563863],[-71.8162904988075,42.2488353961366],[-71.816370506094,42.2487535830115],[-71.8164580002365,42.2486761163098],[-71.8165525540571,42.2486033719481],[-71.8166537071029,42.2485357051587],[-71.8167609674447,42.2484734459928],[-71.8168738107777,42.2484168966225],[-71.8169916885156,42.2483663340391],[-71.8171140259915,42.2483220037575],[-71.8172402278542,42.248284121615],[-71.8173696789675,42.2482528719725],[-71.8175017489065,42.2482284068156],[-71.8176357928575,42.2482108466533],[-71.8177711597112,42.2482002769213],[-71.8179071893653,42.2481967470823],[-71.8180432190193,42.2482002769213],[-71.818178585873,42.2482108466533],[-71.818312629824,42.2482284068156],[-71.8184446997631,42.2482528719725],[-71.8185741508763,42.248284121615],[-71.818700352739,42.2483220037575],[-71.8188226902149,42.2483663340391],[-71.8189405679528,42.2484168966225],[-71.8190534112858,42.2484734459928],[-71.8191606716276,42.2485357051587],[-71.8192284661208,42.2485810561708],[-71.8192717909603,42.2485996406609],[-71.8192904896644,42.2486090106973],[-71.819309240529,42.248607546601],[-71.8194452710824,42.248604016762],[-71.8195813016357,42.248607546601],[-71.8197166693888,42.248618116333],[-71.819850714239,42.2486356773946],[-71.8199827850775,42.2486601416523],[-71.8201122361907,42.2486913912947],[-71.8202384389527,42.2487292734373],[-71.8203607782273,42.2487736037189],[-71.8204786568645,42.2488241672016],[-71.8205915010969,42.2488807156726],[-71.8206987614387,42.2489429748385],[-71.8207438489494,42.2489731363012],[-71.82077344294,42.2489879661218],[-71.8208807032818,42.2490502252877],[-71.8209818572269,42.2491178920771],[-71.820994275965,42.2491274464745],[-71.8210032440045,42.2491312928749],[-71.8211160891362,42.2491878413459],[-71.821223349478,42.2492501005118],[-71.8212649826928,42.2492779507169],[-71.8213016885221,42.2492963445507],[-71.821354358217,42.2493269161043],[-71.8213825969293,42.2493200992432],[-71.821514668667,42.2492956349856],[-71.8216487153159,42.2492780748233],[-71.8217084240045,42.2492734127379],[-71.8217503045329,42.2492148965503],[-71.8218224364562,42.2491291363007],[-71.8219024437428,42.2490473231755],[-71.8219899387846,42.2489698564738],[-71.8220844926052,42.2488971121121],[-71.8221856465503,42.2488294453227],[-71.8222929068921,42.2487671861568],[-71.8224057511244,42.2487106376859],[-71.8225236288624,42.2486600742031],[-71.8226278863678,42.2486222954826],[-71.8226321122821,42.2486179742402],[-71.8227196064246,42.2485405066391],[-71.8228141593459,42.2484677631768],[-71.8229153123917,42.2484000963874],[-71.8230225718342,42.2483378372215],[-71.8230854317472,42.2483063357689],[-71.8231635504574,42.2482462367744],[-71.8232647026039,42.248178569985],[-71.8233719620464,42.2481163108191],[-71.8234848044801,42.2480597614489],[-71.823602682218,42.2480091988655],[-71.8237250187946,42.2479648685839],[-71.8238512206573,42.2479269864413],[-71.8239806708712,42.2478957367988],[-71.8241127390116,42.2478712716419],[-71.8242467829626,42.2478537114796],[-71.824382148917,42.2478431408483],[-71.8245181776717,42.2478396119086],[-71.8246542064264,42.2478431408483],[-71.8247895723808,42.2478537114796],[-71.8249236163318,42.2478712716419],[-71.8250556844722,42.2478957367988],[-71.8250675105571,42.2478985912471],[-71.8251164057975,42.2478973232029],[-71.8252524345522,42.2479008521427],[-71.8253878005066,42.247911422774],[-71.8255218444575,42.2479289829363],[-71.8256539134973,42.2479534480932],[-71.8257833637113,42.2479846977357],[-71.8259095646746,42.2480225798782],[-71.8259609834126,42.2480412120324],[-71.8259856194408,42.248047159249],[-71.8261118204042,42.2480850413916],[-71.8261259226732,42.2480901513395],[-71.8261305209068,42.2480912611028],[-71.8262652285574,42.2481017795735],[-71.8263992734077,42.2481193397358],[-71.8265313424475,42.2481438048927],[-71.8266607926614,42.2481750545352],[-71.8267609303726,42.2482051125759],[-71.8268497690016,42.248198176105],[-71.8268624683282,42.2481978469531],[-71.8268626167164,42.248197801987],[-71.8269920678296,42.2481665523446],[-71.8271241368694,42.2481420871876],[-71.8272581817197,42.2481245270254],[-71.827393547674,42.2481139572934],[-71.827505815441,42.2481110443892],[-71.8275574635061,42.248101476502],[-71.8276915074571,42.2480839163397],[-71.8278268743107,42.2480733466077],[-71.8279629030655,42.2480698167687],[-71.8280989318202,42.2480733466077],[-71.8282342986739,42.2480839163397],[-71.8283683426249,42.248101476502],[-71.8285004125639,42.2481259416589],[-71.8286298627779,42.2481571913014],[-71.8287560646406,42.2481950734439],[-71.8288784021165,42.2482394037256],[-71.8289962798544,42.248289966309],[-71.8291091231874,42.2483465156792],[-71.8292163826299,42.2484087748451],[-71.8293175356757,42.2484764416345],[-71.8294120894963,42.2485491850969],[-71.8294995827395,42.2486266526979],[-71.829579590026,42.2487084658231],[-71.8296517219493,42.2487942260727],[-71.8297156259753,42.2488835152621],[-71.8297709909384,42.2489758990186],[-71.8298175470421,42.2490709276812],[-71.8298550685565,42.2491681371998],[-71.8298833711206,42.249267054531],[-71.8299023180375,42.2493671976381],[-71.8299118157776,42.2494680790886],[-71.8299118184756,42.2495692069534],[-71.8299023270307,42.2496700884039],[-71.8298833864091,42.2497702324104],[-71.8298550892409,42.2498691506408],[-71.8298175731225,42.2499663619581],[-71.8297710215154,42.25006139152],[-71.8297156610489,42.2501537770752],[-71.8296517606202,42.2502430680632],[-71.8296504215297,42.2502446598632],[-71.8296329360111,42.2502899686072],[-71.8295863844041,42.2503849981692],[-71.8295310230383,42.2504773837243],[-71.8294671217103,42.2505666747123],[-71.8293949933842,42.2506524376599],[-71.829314986997,42.2507342525838],[-71.8292274937538,42.2508117219834],[-71.8291329399332,42.2508844681437],[-71.8290317859881,42.2509521367318],[-71.828924524747,42.2510143985956],[-71.8288116778166,42.2510709497646],[-71.8286937964815,42.2511215141466],[-71.828571454509,42.2511658471262],[-71.8285474758853,42.2511730452999],[-71.8285200582541,42.2511829801105],[-71.8284228469368,42.2512121604129],[-71.828391305914,42.2512235898968],[-71.8282650995546,42.251261473838],[-71.8281356430455,42.2512927243798],[-71.8280035668111,42.2513171895367],[-71.8278695156656,42.2513347505983],[-71.8277341425166,42.2513453221289],[-71.8277321451224,42.2513453742896],[-71.8277115200706,42.2513480758531],[-71.8277094048651,42.2513482413283],[-71.8276833119352,42.2514158523597],[-71.8276367585295,42.251510882821],[-71.8275813962644,42.2516032683762],[-71.8275174949364,42.2516925593642],[-71.8274453639124,42.2517783214125],[-71.8273653566259,42.2518601372356],[-71.8272778624833,42.2519376066353],[-71.8271833068641,42.2520103527956],[-71.8270821511204,42.2520780213836],[-71.8269748871813,42.2521402832475],[-71.8268620393516,42.2521968344164],[-71.8267441553185,42.2522473987985],[-71.8266348094489,42.2522870211292],[-71.8265627287869,42.25233523918],[-71.8264554648478,42.2523975010439],[-71.8263426161188,42.2524540513135],[-71.826224732985,42.2525046165948],[-71.8261023874152,42.2525489486751],[-71.8259761783579,42.2525868326162],[-71.8258467191507,42.2526180840574],[-71.8257146411178,42.2526425492143],[-71.8256367166611,42.2526527574189],[-71.8255983488847,42.2527310775772],[-71.8255429857202,42.2528234631324],[-71.8254790825936,42.2529127541204],[-71.8254145580354,42.2529894707875],[-71.8254159357967,42.2529967525981],[-71.8254254344362,42.2530976340486],[-71.8254254380335,42.2531987619134],[-71.8254159456893,42.2532996433639],[-71.8253970032691,42.2533997873704],[-71.8253687052015,42.2534987056008],[-71.8253311872844,42.2535959160187],[-71.8252846329794,42.2536909455807],[-71.8252292689156,42.2537833311359],[-71.8251653639903,42.2538726230232],[-71.8250932311677,42.2539583850715],[-71.8250132211832,42.2540401999953],[-71.8249765962929,42.2540726268503],[-71.8250533840064,42.2541511412622],[-71.8250901114195,42.2541948042469],[-71.8251615913343,42.2542678912502],[-71.8251712770328,42.2542794052704],[-71.8252029322695,42.2543074308433],[-71.8252829476499,42.2543892439685],[-71.8252902564402,42.2543979332181],[-71.8253688490931,42.2544583919413],[-71.8254389566425,42.2545204586523],[-71.8254933350493,42.2545622906173],[-71.8255808363865,42.254639757319],[-71.8256608517669,42.2547215704442],[-71.8256873233113,42.2547530404206],[-71.8257535988495,42.254820805236],[-71.825825737068,42.2549065654857],[-71.8258786792576,42.254980532026],[-71.8259185399086,42.2550279182039],[-71.8259824502298,42.2551172073932],[-71.8260378205889,42.2552095911498],[-71.8260843811892,42.2553046198124],[-71.8261219063009,42.255401829331],[-71.8261502115629,42.2555007457628],[-71.8261691602785,42.2556008897693],[-71.8261786589179,42.2557017703205],[-71.8261786625152,42.2558028981853],[-71.8261691692717,42.2559037796358],[-71.8261502268514,42.2560039236422],[-71.8261461637144,42.2560181266353],[-71.8262648715266,42.2560537550768],[-71.8262818246465,42.2560598974463],[-71.8263196825073,42.2560648563081],[-71.8264517686342,42.2560893205658],[-71.8265812350359,42.2561205702082],[-71.8267074530864,42.2561584523507],[-71.8268298058508,42.2562027826324],[-71.8269476979779,42.2562533452158],[-71.8270605557,42.256309894586],[-71.8271678286324,42.2563721537519],[-71.8272689942686,42.256439819642],[-71.8273635597804,42.2565125640037],[-71.8274510647148,42.2565900307054],[-71.8275310818939,42.2566718438306],[-71.8276032228105,42.2567576040802],[-71.8276671349303,42.2568468932695],[-71.827722507088,42.256939277026],[-71.8277690694869,42.2570343056887],[-71.8278065945986,42.2571315152073],[-71.8278349016593,42.2572304325385],[-71.8278538503749,42.2573305756456],[-71.8278633499136,42.2574314561968],[-71.8278633526116,42.2575325840615],[-71.8278538593681,42.2576334655121],[-71.8278349169478,42.2577336095185],[-71.8278066161823,42.257832527749],[-71.8277690955672,42.2579297381669],[-71.827722537665,42.2580247677289],[-71.8276671700038,42.258117153284],[-71.8276032614813,42.258206444272],[-71.827531124162,42.2582922063203],[-71.8274511078823,42.2583740221435],[-71.8273636047465,42.2584514906438],[-71.8272690392347,42.2585242377035],[-71.8271678726991,42.2585919062915],[-71.8270605979682,42.2586541672561],[-71.8269477384474,42.258710718425],[-71.826829842723,42.258761282807],[-71.8267074863614,42.2588056157866],[-71.8265812638143,42.2588434997278],[-71.8264517920165,42.2588747502696],[-71.8263197004937,42.2588992154265],[-71.8261856340597,42.2589167764881],[-71.8260502438237,42.2589273480188],[-71.8259141916865,42.2589308769585],[-71.8257781395495,42.2589273480188],[-71.8256427493134,42.2589167764881],[-71.8256233914063,42.2589142412992],[-71.8255782652247,42.2589130703819],[-71.8254428749887,42.2589024988513],[-71.8253088085546,42.2588849377897],[-71.8251767170318,42.2588604726328],[-71.8250472452341,42.258829222091],[-71.8249210235863,42.2587913381498],[-71.8247986663254,42.2587470051702],[-71.8247414613493,42.2587224707655],[-71.824642954109,42.2587095672927],[-71.8245108634855,42.2586851021358],[-71.8243813916878,42.258653851594],[-71.82425517004,42.2586159676528],[-71.8242255778481,42.2586052459354],[-71.824210070838,42.258601502957],[-71.8240838500896,42.2585636190158],[-71.8239701407094,42.2585224201736],[-71.8239626079879,42.2585206017444],[-71.8238363872395,42.2584827178032],[-71.8237391435466,42.2584474841641],[-71.8236882922808,42.2584488034695],[-71.823552241043,42.2584452745298],[-71.8234168526056,42.2584347029992],[-71.8232827861716,42.2584171419376],[-71.8231506955481,42.2583926767807],[-71.8230212246498,42.2583614262389],[-71.8228950039013,42.2583235422977],[-71.822772648439,42.2582792102174],[-71.822654753614,42.2582286449361],[-71.8225892676805,42.2581958313726],[-71.8225668008172,42.2582157216782],[-71.8224722353054,42.2582884678386],[-71.8223710696691,42.2583561364266],[-71.8222637958374,42.2584183973912],[-71.8221509363166,42.2584749485601],[-71.8220330405923,42.2585255138414],[-71.8219106842307,42.2585698459217],[-71.8217844634822,42.2586077298629],[-71.8216549916845,42.2586389804047],[-71.821522901061,42.2586634455616],[-71.821388834627,42.2586810066232],[-71.8212534452902,42.2586915781539],[-71.821220347541,42.2586924370064],[-71.821170098821,42.2587762799014],[-71.8211061902984,42.2588655708894],[-71.8210340511805,42.2589513329377],[-71.8209540349008,42.2590331478615],[-71.8209274464444,42.2590566867167],[-71.8209274491424,42.259125883253],[-71.8209179558989,42.2592267647035],[-71.82089901168,42.2593269087099],[-71.8208707109146,42.2594258260411],[-71.8208331894001,42.2595230373583],[-71.8207866305985,42.2596180669203],[-71.8207312611387,42.2597104524755],[-71.8206673508175,42.2597997434634],[-71.8205952116996,42.2598855055117],[-71.8205151936212,42.2599673204355],[-71.8204276877875,42.2600447898353],[-71.8203331204771,42.2601175359956],[-71.8202319512435,42.2601852045836],[-71.820124674714,42.2602474664475],[-71.8200118115958,42.2603040176164],[-71.8198939131735,42.2603545819984],[-71.8197715532146,42.2603989140787],[-71.8196453279695,42.2604367980199],[-71.8195158525745,42.2604680494609],[-71.8193837583538,42.2604925146179],[-71.8192496874231,42.2605100756795],[-71.8191142944891,42.2605206463109],[-71.8189973970122,42.2605236788248],[-71.818964771407,42.2605354995138],[-71.8188385461619,42.2605733834549],[-71.8187090698676,42.2606046339967],[-71.8185769756469,42.260629100053],[-71.8184429047162,42.2606466611145],[-71.8183687547142,42.2606524500506],[-71.8183142117314,42.2607434551464],[-71.8182503005109,42.2608327461344],[-71.8181781595944,42.2609185081827],[-71.8180981406167,42.2610003231065],[-71.8180106338836,42.2610777925062],[-71.8179160638752,42.2611505386665],[-71.8178148937423,42.2612182072545],[-71.8177076145147,42.2612804691184],[-71.8175947504973,42.261337019388],[-71.817476849377,42.2613875846694],[-71.8173544876195,42.2614319167496],[-71.8172282605757,42.2614698006908],[-71.8170987833821,42.2615010512326],[-71.8169666864634,42.2615255172888],[-71.8168326137341,42.2615430783504],[-71.8166972190014,42.2615536489818],[-71.8165611605691,42.2615571779215],[-71.8164251021367,42.2615536489818],[-71.8162897074041,42.2615430783504],[-71.8161556346748,42.2615255172888],[-71.816023537756,42.2615010512326],[-71.8158940605624,42.2614698006908],[-71.8157678335186,42.2614319167496],[-71.8156454717611,42.2613875846694],[-71.8155275706408,42.261337019388],[-71.8154147066234,42.2612804691184],[-71.8153074273958,42.2612182072545],[-71.8152062572629,42.2611505386665],[-71.8151116872545,42.2610777925062],[-71.8150241805214,42.2610003231065],[-71.8149441615438,42.2609185081827],[-71.8148720206272,42.2608327461344],[-71.8148081094067,42.2607434551464],[-71.8147527390476,42.2606510695912],[-71.814706180246,42.2605560400293],[-71.8146686578323,42.260458828712],[-71.8146403561674,42.2603599113809],[-71.8146214119486,42.2602597673744],[-71.8146179873302,42.2602233763078],[-71.8146013579662,42.2601652549226],[-71.814598296674,42.2601490725218],[-71.8145763756991,42.2600724556793],[-71.8145703565367,42.260040634068],[-71.8145621007603,42.2600117802195],[-71.8145431574407,42.2599116362131],[-71.8145336641972,42.2598107547625],[-71.8145336668952,42.2597096268978],[-71.8145351507765,42.2596938725742],[-71.8145016546276,42.2596596245921],[-71.8144295146104,42.2595738625438],[-71.8143656051885,42.2594845715558],[-71.8143102357288,42.2593921860006],[-71.8142986011994,42.259368439402],[-71.814292576641,42.2593631055229],[-71.814212559462,42.2592812905991],[-71.8141404212434,42.2591955285508]]]},"properties":{"OBJECTID_1":2,"FullName_High":"Claremont Academy","Type":"High","FullName":"Claremont Academy","Total_Population":13418.141837276418,"Under_5_years":990.94197754270022,"F5_to_9_years":636.40348550909255,"F10_to_14_years":650.85893443354928,"F15_to_19_years":1547.3080773180532,"Prcntg___Under_5_years":0.073850909429933345,"Prcntg___5_to_9_years":0.047428585360539621,"Prcntg___10_to_14_years":0.048505891674614991,"Prcntg___15_to_19_years":0.11531463119725988,"Median_age__years_":29.570383242188871,"Hispanic_or_Latino":5709.9023758044668,"White":6699.40926954058,"Black_or_African_American":1754.6053133273861,"American_Indian_and_Alaska_Nati":26.806635564164647,"Asian":1366.7751468096967,"Native_Hawaiian_and_Other_Pacif":63.5115024084935,"Some_Other_Race":1295.61306025083,"Two_or_More_Races":2211.4209093752688,"Prcntg___Hispanic_or_Latino":0.42553599783406737,"Prcntg___White":0.49927995625513594,"Prcntg___Black_or_African_Ameri":0.130763658232691,"Prcntg___American_Indian_and_Al":0.0019977904458942427,"Prcntg___Asian":0.10186023991881736,"Prcntg___Native_Hawaiian_and_Ot":0.0047332561526555531,"Prcntg___Some_Other_Race":0.096556816581826382,"Prcntg___Two_or_More_Races":0.1648082824129796,"Pop_18_to_24_years":3513.3259905481636,"Out_Of_18_to_24_years___Less_Th":98.99807853581548,"Out_Of_18_to_24_years___High_Sc":863.4687203811684,"Out_Of_18_to_24_years___Bachelo":205.01258793829112,"Prcntg___Pop_18_to_24_years":0.26183401794039241,"Prcntg_Out_Of_18_to_24_years___":0.028177880106243541,"Prcntg_Out_Of_18_to_24_years__1":0.24576959915024749,"Prcntg_Out_Of_18_to_24_years__2":0.058352850970798814,"Pop_25_years_and_over":7282.6079311684725,"Out_Of_25_years_and_over___Less":2146.8060499830094,"Out_Of_25_years_and_over___High":2409.9699354646427,"Out_Of_25_years_and_over___Bach":1230.0548603650197,"Prcntg___Pop_25_years_and_over":0.54274340065007676,"Prcntg_Out_Of_25_years_and_over":0.29478533930063716,"Prcntg_Out_Of_25_years_and_ov_1":0.330921279607863,"Prcntg_Out_Of_25_years_and_ov_2":0.16890307318351835,"Pop_25_to_34_years":2239.8596143642708,"Out_Of_25_to_34_years___High_Sc":1744.6235314485818,"Out_Of_25_to_34_years___Bachelo":516.91789336137867,"Prcntg___Pop_25_to_34_years":0.16692770441148594,"Prcntg_Out_Of_25_to_34_years___":0.77889860608239525,"Prcntg_Out_Of_25_to_34_years__1":0.23078138024649958,"Total_Households":4580.6074515571754,"Households_Median_Income":34143.8057296846,"Households_Mean_Income":47849.396424899962,"Year_Built":1999,"Square_Footage":64861,"Enrollment":478,"Student___Teacher_Ratio__2023_":13.3,"F__Teachers_Licensed_2023_DESE":100,"F__Experienced_Teachers__2023_":100,"Graduation_Rate":"88.8","F__High_Needs":91.2,"F__First_Language_Not_English":84.3,"F__English_Language_Learner":44.1,"F__Students_with_Disabilities":14,"F__Econmically_Disadvantaged":82.4,"F__Multi_Racial_Non_White":1.5,"F__White":6.5,"F__Native_American":0.2,"F__Native_Hawaiian___Pacific_Is":0,"F__Hispanic":75.5,"F__Asian":5.6,"F__African_American":10.7,"ObjectID":33,"Shape__Area":3568749.7421875,"Shape__Length":8835.1024895671781}},{"type":"Feature","id":3,"geometry":{"type":"MultiPolygon","coordinates":[[[[-71.809770019171,42.3101742984052],[-71.8099061819247,42.3101707694655],[-71.8099380808777,42.3101715959424],[-71.8099643392828,42.3101667369055],[-71.8100985154341,42.3101491767431],[-71.8102340144881,42.3101386061118],[-71.8103701772419,42.3101350771721],[-71.8105063399955,42.3101386061118],[-71.8106418390496,42.3101491767431],[-71.8107760152009,42.3101667369055],[-71.810908213743,42.310191201163],[-71.8110377916607,42.3102224499062],[-71.8111641176299,42.3102603320487],[-71.8112865747156,42.3103046623303],[-71.811404568466,42.3103552240144],[-71.8115175224157,42.3104117724853],[-71.8116248870788,42.3104740307519],[-71.8117261399494,42.310541696642],[-71.8118207864001,42.3106144401044],[-71.8119083659782,42.3106919068061],[-71.8119884515058,42.3107737190319],[-71.8120606544756,42.3108594783823],[-71.8121246205548,42.3109487666723],[-71.8121800403765,42.3110411495295],[-71.8122266423456,42.3111361763935],[-71.8122606681952,42.3112242434042],[-71.8122781024524,42.3112485781594],[-71.8123335222742,42.3113409610166],[-71.8123801251426,42.3114359878806],[-71.8124176835292,42.3115331964999],[-71.8124460139723,42.3116321129317],[-71.8124649788757,42.3117322551395],[-71.8124744865083,42.3118331356907],[-71.8124744892063,42.3119342617568],[-71.8124649887682,42.312035142308],[-71.8124460292608,42.3121352854151],[-71.8124324665851,42.3121826500093],[-71.8124585730047,42.3122737989967],[-71.812477537908,42.3123739412045],[-71.8124870455407,42.3124748217557],[-71.8124870482387,42.3125759478218],[-71.8124775478005,42.312676828373],[-71.8124585882932,42.3127769714801],[-71.8124302623467,42.3128758888113],[-71.812392709356,42.3129730983298],[-71.8123612043061,42.3130373467962],[-71.8123550898155,42.3130696441488],[-71.812326763869,42.31316856148],[-71.8122892108784,42.3132657709986],[-71.8122426125065,42.3133607996612],[-71.812187196282,42.313453184317],[-71.8121232311022,42.3135424744057],[-71.8120510308304,42.313628236454],[-71.8119709453028,42.3137100504785],[-71.8118833648254,42.3137875189789],[-71.811788716576,42.3138602642398],[-71.8116874619068,42.3139279328279],[-71.8115800936463,42.3139901937924],[-71.8115597824579,42.3140003624268],[-71.8115571780213,42.3140030226215],[-71.8114695975439,42.3140804911218],[-71.8113749492944,42.3141532363828],[-71.8112736937259,42.3142209049709],[-71.8111663245662,42.3142831659354],[-71.8110533661199,42.314339716205],[-71.8109353660743,42.314390280587],[-71.810812901794,42.314434611768],[-71.8106865686302,42.3144724957091],[-71.8105569826186,42.3145037462509],[-71.8104247750833,42.3145282114079],[-71.8102905899387,42.3145457724695],[-71.8101550818915,42.3145563431008],[-71.8100189092452,42.3145598720405],[-71.809882736599,42.3145563431008],[-71.8097472285517,42.3145457724695],[-71.8096130434072,42.3145282114079],[-71.8094808358719,42.3145037462509],[-71.8093512498602,42.3144724957091],[-71.8092249166965,42.314434611768],[-71.8091024524162,42.314390280587],[-71.8089844523706,42.314339716205],[-71.8088714939242,42.3142831659354],[-71.8087641247645,42.3142209049709],[-71.808662869196,42.3141532363828],[-71.8085682209466,42.3140804911218],[-71.8084806404692,42.3140030226215],[-71.8084005540423,42.313921208597],[-71.8083283528712,42.3138354465487],[-71.8082643876913,42.31374615646],[-71.8082089714668,42.3136537718042],[-71.8081664982852,42.3135671553999],[-71.8081103886835,42.3135005075424],[-71.8080464244029,42.3134112174538],[-71.8079910081784,42.313318832798],[-71.8079444098066,42.3132238041353],[-71.807936150433,42.313202423653],[-71.8079053522501,42.3131510804581],[-71.8078587538783,42.3130560517954],[-71.8078212008876,42.3129588422768],[-71.8078064690932,42.3129073947605],[-71.8077787492898,42.3128686996308],[-71.8077233339646,42.312776314975],[-71.8076767355928,42.3126812863123],[-71.8076391826021,42.3125840767938],[-71.807610857555,42.3124851594626],[-71.8075918980476,42.3123850163554],[-71.8075893655567,42.3123581212304],[-71.807585652256,42.3123485101756],[-71.8075573272088,42.3122495928445],[-71.8075383677015,42.3121494497374],[-71.8075288672634,42.3120485691862],[-71.8075288699613,42.31194744312],[-71.807538377594,42.3118465625689],[-71.8075573424973,42.3117464203611],[-71.8075856738398,42.3116475039292],[-71.807623231327,42.3115502953099],[-71.8076698341955,42.3114552684459],[-71.8077252540172,42.3113628855888],[-71.8077567266915,42.3113189546061],[-71.8078019005372,42.3112268397469],[-71.807857320359,42.3111344568897],[-71.8079212873375,42.3110451685997],[-71.807993489408,42.3109594092494],[-71.8080735758348,42.3108775970235],[-71.808161155413,42.3108001303218],[-71.808255802763,42.3107273868595],[-71.8083570547342,42.3106597218687],[-71.8084644202967,42.3105974627028],[-71.8085773751457,42.3105409142319],[-71.8086551701,42.3105075781622],[-71.8087588358516,42.3104474647787],[-71.8088717898012,42.3103909163078],[-71.8089897835516,42.3103403546237],[-71.8091122415367,42.3102960243421],[-71.8092385666066,42.3102581421995],[-71.8093681445242,42.3102268934564],[-71.8095003439657,42.3102024291988],[-71.809634520117,42.3101848690365],[-71.809770019171,42.3101742984052]]],[[[-71.822623066901,42.3104568312178],[-71.8225429849708,42.3103750171933],[-71.8224707873969,42.3102892560444],[-71.8224068267136,42.3101999650564],[-71.8223989936186,42.310186906001],[-71.8223875686314,42.3101752337001],[-71.8223153710575,42.3100894725512],[-71.8222514103742,42.3100001815632],[-71.8221959968477,42.3099077969073],[-71.8221494011739,42.3098127682447],[-71.8221118499819,42.3097155587261],[-71.822083525834,42.3096166413949],[-71.8220831652059,42.3096147384295],[-71.8220237469983,42.3095441551387],[-71.8219597863151,42.30945486505],[-71.8219043736879,42.3093624803942],[-71.821857778014,42.3092674508322],[-71.821820226822,42.3091702413137],[-71.8217919035735,42.3090713239825],[-71.8217729449654,42.3089711808753],[-71.8217634445273,42.3088703003241],[-71.8217634472253,42.308769174258],[-71.8217698638881,42.3087010883846],[-71.8217200738223,42.3086502191323],[-71.8216478789464,42.3085644579834],[-71.8215839191625,42.3084751678947],[-71.8215285074346,42.3083827832389],[-71.8214819126601,42.3082877545763],[-71.8214443623674,42.3081905441583],[-71.8214160391188,42.3080916268271],[-71.8213970814101,42.3079914837201],[-71.821394512047,42.3079642045844],[-71.821393006582,42.3079603069227],[-71.8213646833335,42.3078613895915],[-71.8213457247254,42.3077612464844],[-71.8213366793443,42.3076651979906],[-71.8213293345811,42.3076620503634],[-71.8212163869267,42.3076055000938],[-71.8211090294581,42.3075432391292],[-71.8210077846815,42.3074755714405],[-71.8209131463246,42.3074028252802],[-71.8208255748403,42.3073253567799],[-71.8207454974067,42.3072435427554],[-71.8206733043295,42.3071577807071],[-71.8206093463442,42.3070684906184],[-71.8205539355156,42.3069761059626],[-71.8205073416405,42.3068810772999],[-71.8204697922471,42.306783866882],[-71.8204414689986,42.3066849495509],[-71.8204225121892,42.3065848064437],[-71.820413011751,42.3064839258925],[-71.820413014449,42.3063827998264],[-71.8204225211824,42.3062819192752],[-71.8204414851863,42.3061817770674],[-71.8204505755336,42.3061500336971],[-71.820383612014,42.3060816168732],[-71.8203114198361,42.3059958557242],[-71.8202474627502,42.3059065647362],[-71.8201920537203,42.3058141800804],[-71.8201454607444,42.3057191514177],[-71.8201189352407,42.3056504800857],[-71.8200588281524,42.3055890680811],[-71.8199866368738,42.3055033069321],[-71.8199226806871,42.3054140159441],[-71.8198672707579,42.3053216312883],[-71.8198206786813,42.3052266026257],[-71.8197831301873,42.3051293922077],[-71.8197548078381,42.3050304748765],[-71.8197358510287,42.3049303317695],[-71.8197268083455,42.3048343156512],[-71.8197239871722,42.3048296112976],[-71.8196773950957,42.3047345826349],[-71.8196398466016,42.304637372217],[-71.8196115251517,42.3045384548859],[-71.8195925683423,42.304438312678],[-71.8195830679042,42.3043374312275],[-71.8195830715015,42.3042363051614],[-71.8195925773355,42.3041354246102],[-71.8195950864441,42.3041221757978],[-71.8195860500561,42.3040744406829],[-71.8195765505174,42.3039735592324],[-71.8195765532153,42.3038724331663],[-71.8195801298191,42.3038344799773],[-71.8195640355518,42.3037494589704],[-71.819554536013,42.3036485775199],[-71.819554538711,42.3035474514538],[-71.8195578572093,42.3035122367004],[-71.8195426307877,42.3034318004373],[-71.819533131249,42.3033309189868],[-71.8195331339469,42.3032297929207],[-71.8195426406803,42.3031289123695],[-71.8195440391261,42.3031215271368],[-71.8195287623425,42.3030681685612],[-71.8195098055331,42.3029680263534],[-71.8195003059943,42.3028671449028],[-71.8195003086922,42.3027660188367],[-71.819503675754,42.3027302842752],[-71.8194944424146,42.3026322275953],[-71.8194944451125,42.3025311015291],[-71.8194970549451,42.3025034051081],[-71.8194932427189,42.3024832656902],[-71.8194864537368,42.3024111724377],[-71.8194836496507,42.3024013797199],[-71.8194646937406,42.3023012375121],[-71.8194551942018,42.3022003560616],[-71.8194551968998,42.3020992299955],[-71.8194585765521,42.3020633623344],[-71.8194546573066,42.3020426554443],[-71.8194545394954,42.3020413999907],[-71.8194303306452,42.3019787235393],[-71.8194020100947,42.3018798053088],[-71.8193830541846,42.301779663101],[-71.8193735546458,42.3016787816505],[-71.8193735573437,42.3015776555844],[-71.8193736301889,42.3015768857647],[-71.8193591915734,42.3015264553817],[-71.8193402356633,42.3014263131739],[-71.8193307361245,42.3013254317233],[-71.8193307388225,42.3012243056572],[-71.8193324502324,42.3012061474458],[-71.8193295346303,42.3011907465558],[-71.8193200350915,42.3010898651053],[-71.8193200368901,42.3010291239949],[-71.8192911623572,42.3009543660512],[-71.819262842706,42.30085544872],[-71.8192438867959,42.3007553056129],[-71.8192343872572,42.3006544241624],[-71.8192343899551,42.3005532980963],[-71.8192438957891,42.3004524175451],[-71.8192628579945,42.3003522753373],[-71.8192911830416,42.3002533589054],[-71.819328735133,42.3001561493869],[-71.8193753290082,42.3000611225228],[-71.8194293836591,42.299970999662],[-71.8193848636205,42.2998801888197],[-71.8193473178244,42.2997829793011],[-71.8193189981732,42.2996840619699],[-71.8193000431624,42.2995839188628],[-71.819299997297,42.2995834287323],[-71.8192741363923,42.2995605481808],[-71.8191940688512,42.2994787341563],[-71.8191218847671,42.299392972108],[-71.8190590635249,42.2993052585309],[-71.8190288517001,42.2992693647894],[-71.8189649018087,42.2991800747008],[-71.8189094981748,42.2990876900449],[-71.8189053361123,42.2990792004448],[-71.8188592494548,42.2990321083452],[-71.8187870653707,42.2989463471962],[-71.8187231154794,42.2988570562082],[-71.8186677118454,42.2987646715524],[-71.8186211242654,42.2986696419904],[-71.8185835793686,42.2985724324718],[-71.8185552606167,42.2984735151406],[-71.8185363712565,42.2983737200712],[-71.8184804505124,42.2983165780477],[-71.8184082673276,42.2982308168987],[-71.8183443183356,42.2981415259107],[-71.8182889156009,42.2980491412549],[-71.818242328021,42.2979541116929],[-71.8182214853333,42.2979001460749],[-71.8181889883311,42.2978838728425],[-71.818135377046,42.2978527769842],[-71.8181094612826,42.2978521051905],[-71.8179739892082,42.2978415336599],[-71.8178398391372,42.2978239734976],[-71.8177076666755,42.2977995074414],[-71.8175781148381,42.2977682568996],[-71.8174518149493,42.2977303738577],[-71.8173293830446,42.2976860417775],[-71.8172114144751,42.2976354773954],[-71.8170984857065,42.2975789262265],[-71.8169911453251,42.2975166652619],[-71.8168899167362,42.2974489975732],[-71.8167952927685,42.2973762514129],[-71.8167077356734,42.2972987829125],[-71.8166276708303,42.2972169679887],[-71.8165554885449,42.2971312068398],[-71.8164915404522,42.2970419158518],[-71.8164361386168,42.2969495311959],[-71.8163895519363,42.2968545025333],[-71.8163520088381,42.2967572921154],[-71.8163236909855,42.2966583747842],[-71.8163047359748,42.2965582316771],[-71.8162952373353,42.2964573511259],[-71.8162952400332,42.2963562241605],[-71.816304744968,42.2962553436093],[-71.816323706274,42.2961552005021],[-71.8163520295225,42.2960562840703],[-71.8163895789159,42.295959075451],[-71.8164077973819,42.2959219163634],[-71.8164263611876,42.2958238677773],[-71.8164546844361,42.2957249513455],[-71.8164922329302,42.2956277427262],[-71.8165388241074,42.2955327149629],[-71.81659422954,42.2954403321057],[-71.81665818123,42.2953510429164],[-71.8166690117654,42.2953381754165],[-71.8165678731088,42.2953015523248],[-71.8164499099353,42.2952509879428],[-71.816336984764,42.2951944376732],[-71.8162296479798,42.2951321767086],[-71.8161284229883,42.2950645081206],[-71.8160338035172,42.2949917628596],[-71.8159462491201,42.2949142934599],[-71.8158661878742,42.2948324794355],[-71.8157940082868,42.2947467173872],[-71.815730062892,42.2946574263992],[-71.8156996496191,42.2946067091324],[-71.8156893164088,42.2945944315878],[-71.815625371014,42.2945051405998],[-71.8155699718766,42.294412755944],[-71.8155233869947,42.2943177272813],[-71.8155198184848,42.2943084867473],[-71.8154900940925,42.2942669803369],[-71.8154346940559,42.2941745956811],[-71.8153881100732,42.2940795670185],[-71.8153505678744,42.2939823566005],[-71.8153222509211,42.2938834392693],[-71.8153183811384,42.2938629931826],[-71.8153176364997,42.2938617512189],[-71.8152816105579,42.2938249365716],[-71.8152094327691,42.2937391745234],[-71.8151454882736,42.2936498844347],[-71.8150900891363,42.2935574988795],[-71.8150435051536,42.2934624702169],[-71.8150059638541,42.293365259799],[-71.8149776469008,42.2932663424678],[-71.8149586936887,42.2931661993606],[-71.8149491950493,42.2930653188094],[-71.8149491986466,42.292964191844],[-71.814958702682,42.2928633112928],[-71.8149776621893,42.2927631681857],[-71.8150059845385,42.2926642517539],[-71.8150155038624,42.2926396058332],[-71.8149903039593,42.2925515774934],[-71.8149713507472,42.2924514343862],[-71.8149627181549,42.2923597404097],[-71.8149011640575,42.2923124144864],[-71.8148136141569,42.292234945986],[-71.8147335556091,42.2921531310622],[-71.814685462564,42.2920959863408],[-71.8146260470544,42.2920781626771],[-71.8145036259415,42.2920338305968],[-71.814385668164,42.2919832662148],[-71.8143483975605,42.2919646007858],[-71.8143193827333,42.291955897147],[-71.8141969616204,42.2919115650668],[-71.8140790047422,42.2918610006847],[-71.8139660849668,42.2918044504151],[-71.8138587544779,42.2917421894505],[-71.8137575348823,42.2916745208625],[-71.8137458203133,42.2916655141522],[-71.8136874102457,42.2916578672168],[-71.8135552503745,42.2916334020599],[-71.8134257111276,42.2916021515181],[-71.8132994238293,42.2915642675769],[-71.8131770036158,42.2915199354967],[-71.8130590476369,42.2914693711147],[-71.8129461287608,42.291412820845],[-71.8128387991712,42.2913505598805],[-71.8127375804749,42.2912828912924],[-71.8126429655004,42.2912101451321],[-71.8125554164992,42.2911326766318],[-71.8125492372574,42.2911263615924],[-71.8125130710214,42.2911082492463],[-71.8124057414318,42.2910459882818],[-71.8123045236348,42.2909783196937],[-71.8122099095596,42.2909055735334],[-71.8121223614578,42.2908281050331],[-71.8120423047085,42.2907462901093],[-71.8119701296177,42.2906605289603],[-71.8119170633218,42.2905864239244],[-71.8118197827567,42.2905991592238],[-71.8116843250715,42.2906097307545],[-71.811548204586,42.2906132596942],[-71.8114120841004,42.2906097307545],[-71.8112766264151,42.2905991592238],[-71.811142492532,42.2905815990616],[-71.8110103344594,42.2905571330053],[-71.8108807979104,42.2905258824635],[-71.8107545124108,42.2904879994217],[-71.8106320948952,42.2904436673414],[-71.8105141398157,42.2903931020601],[-71.8104472959059,42.2903596256962],[-71.8104345066471,42.2903572577813],[-71.8103049700982,42.2903260072395],[-71.8101786854979,42.2902881241976],[-71.8100562679824,42.2902437921173],[-71.8099383138021,42.290193226836],[-71.809825397624,42.2901366765664],[-71.8098023668857,42.2901233162381],[-71.8097833372312,42.2901218314574],[-71.8096492042474,42.2901042703958],[-71.8095170479734,42.2900798052389],[-71.8095048666563,42.2900768662544],[-71.8094528489698,42.2900809257941],[-71.8093167293835,42.2900844547339],[-71.8091806097972,42.2900809257941],[-71.8090451539107,42.2900703551628],[-71.8089110209268,42.2900527941012],[-71.8087788637535,42.2900283289443],[-71.808649328104,42.2899970775032],[-71.8085230444029,42.2899591944613],[-71.8084006268874,42.2899148623811],[-71.8083961635521,42.2899129486237],[-71.8083602239452,42.2899042782599],[-71.8083440964029,42.2898994399073],[-71.8082140364486,42.2898960683489],[-71.808078580562,42.2898854977176],[-71.8079444475782,42.289867936656],[-71.8078122913042,42.2898434714991],[-71.8076884663496,42.2898135978193],[-71.8076790486492,42.2898123648488],[-71.8075468932745,42.2897878996919],[-71.8074173576249,42.2897566482508],[-71.8073412605906,42.2897338207593],[-71.8072746307196,42.2897214856581],[-71.8071450959694,42.289690234217],[-71.8070188122683,42.2896523511751],[-71.8068963956521,42.2896080190949],[-71.8067784423712,42.2895574547128],[-71.8066655279917,42.2895009035439],[-71.8065582011001,42.2894386425793],[-71.8064569851018,42.2893709739913],[-71.8063623737245,42.2892982287303],[-71.8062748274213,42.2892207593306],[-71.8061947733701,42.2891389444068],[-71.8061226000779,42.2890531832579],[-71.8060586600791,42.2889638922699],[-71.8060032654383,42.288871507614],[-71.8059566850529,42.2887764780521],[-71.8059191464514,42.2886792676342],[-71.8058908321961,42.288580350303],[-71.8058718798833,42.2884802071958],[-71.8058623821432,42.2883793266446],[-71.8058623848411,42.2882781996792],[-71.8058718888765,42.2881773182287],[-71.8058908474846,42.2880771760209],[-71.8059191671358,42.2879782595891],[-71.8059254740813,42.2879619288],[-71.8059254767793,42.2878919327665],[-71.8059349799154,42.287791051316],[-71.8059539385234,42.2876909091082],[-71.8059697450077,42.2876357006272],[-71.8059661414242,42.2876231119171],[-71.8059471891115,42.28752296881],[-71.8059399765486,42.2874463564642],[-71.8059339007289,42.2874378713607],[-71.8058785078868,42.2873454867049],[-71.8058319284007,42.2872504571429],[-71.8057943906985,42.2871532476243],[-71.8057779061255,42.2870956559398],[-71.8057274064946,42.2870251329036],[-71.8056720136525,42.2869327482478],[-71.8056254341664,42.2868377186858],[-71.8055878964642,42.2867405091672],[-71.8055595831082,42.2866415909367],[-71.8055406316948,42.2865414478296],[-71.8055311339546,42.2864405672784],[-71.8055311375519,42.2863394394137],[-71.805540640688,42.2862385588625],[-71.8055595983967,42.2861384166546],[-71.8055879180479,42.2860395002228],[-71.8056254611461,42.2859422907042],[-71.8056720442294,42.2858472629409],[-71.8057274415681,42.2857548800837],[-71.8057913833656,42.2856655908944],[-71.8058635566578,42.2855798315441],[-71.8059436107091,42.2854980184189],[-71.8060311552136,42.2854205517172],[-71.8061257638929,42.2853478082548],[-71.8062269762939,42.2852801423647],[-71.8063342977896,42.2852178831988],[-71.8063613943628,42.2852043124291],[-71.8063588627713,42.2851977554721],[-71.806276840104,42.2851346842184],[-71.8061893000961,42.285057215718],[-71.8061092505415,42.2849754007942],[-71.8060370826452,42.2848896396452],[-71.805973147143,42.2848003486572],[-71.8059177552002,42.2847079631021],[-71.8058711784121,42.2846129344395],[-71.8058336416092,42.2845157240215],[-71.8058053291526,42.284416805791],[-71.8057863786384,42.2843166626839],[-71.8057799637743,42.2842485165559],[-71.8057468057704,42.2842091127604],[-71.8056828711675,42.2841198217724],[-71.8056274801241,42.2840274362173],[-71.805580903336,42.2839324075546],[-71.8055545774817,42.2838642299503],[-71.8055094620919,42.2838181181117],[-71.805437295095,42.2837323569627],[-71.8053733604921,42.2836430659748],[-71.805317970348,42.2835506804196],[-71.8052713944592,42.283455651757],[-71.8052338585557,42.283358441339],[-71.805205546099,42.2832595231085],[-71.8051865955849,42.2831593800014],[-71.8051770987441,42.2830584994502],[-71.8051771023414,42.2829573715855],[-71.8051866054774,42.2828564910343],[-71.8052012428431,42.2827791637275],[-71.805179310177,42.2827530995759],[-71.8051558648513,42.2827203552603],[-71.8050624540689,42.2826735680308],[-71.8049551388685,42.2826113070662],[-71.8048539345614,42.2825436384782],[-71.8047593330767,42.2824708923179],[-71.8046717966661,42.2823934229182],[-71.8045917507087,42.2823116088937],[-71.8045195855104,42.2822258468454],[-71.8044556527062,42.2821365558574],[-71.8044002634613,42.2820441703022],[-71.8043536884719,42.2819491416396],[-71.8043161534677,42.2818519312217],[-71.8043084381839,42.2818249731441],[-71.8042222516556,42.281767346386],[-71.8041276519695,42.2816946002256],[-71.8040401164582,42.281617130826],[-71.8039600714001,42.2815353168015],[-71.8038879071012,42.2814495547532],[-71.8038239751963,42.2813602637652],[-71.8037685868508,42.2812678782101],[-71.8037220118613,42.2811728495474],[-71.8036844777564,42.2810756391295],[-71.8036561670984,42.280976720899],[-71.8036372165843,42.2808765777919],[-71.8036365357975,42.2808693472426],[-71.8036250154821,42.2808290962858],[-71.8036241224552,42.2808281834739],[-71.8035519590557,42.2807424214257],[-71.80348802805,42.2806531304377],[-71.8034326397045,42.2805607457818],[-71.8033860656144,42.2804657162199],[-71.8033699011999,42.2804238518793],[-71.80334859716,42.2804020756953],[-71.8032764346597,42.280316313647],[-71.8032125036541,42.280227022659],[-71.8031655725331,42.2801487429701],[-71.803116608045,42.280098694799],[-71.8030444455447,42.2800129327507],[-71.8029805145391,42.2799236417627],[-71.8029251279922,42.2798312571069],[-71.8028785539021,42.2797362275449],[-71.8028410206965,42.279639017127],[-71.8028127100385,42.2795400997958],[-71.8027937604236,42.2794399557894],[-71.8027842644822,42.2793390752382],[-71.8027842671801,42.2792379473734],[-71.8027937703162,42.2791370668222],[-71.802812725327,42.2790369246144],[-71.8028410413809,42.2789380072833],[-71.8028785799825,42.278840798664],[-71.8029251585692,42.2787457709007],[-71.8029805496126,42.2786533871442],[-71.8030444842155,42.2785640979548],[-71.8031166494138,42.2784783386045],[-71.8031966944718,42.2783965254793],[-71.8032842290839,42.2783190587776],[-71.8033788269713,42.2782463153152],[-71.8034800276811,42.2781786494252],[-71.8035873374856,42.2781163902592],[-71.8037002338787,42.2780598417883],[-71.8038181673745,42.2780092792049],[-71.803940562407,42.277964948024],[-71.804066823625,42.2779270658814],[-71.8041963349928,42.2778958171383],[-71.8043284660858,42.2778713528807],[-71.8044625738887,42.2778537927184],[-71.8045980036949,42.2778432220871],[-71.8047340972008,42.2778396931474],[-71.8048701907067,42.2778432220871],[-71.8050056205129,42.2778537927184],[-71.8051397283158,42.2778713528807],[-71.8052718594087,42.2778958171383],[-71.8054013707766,42.2779270658814],[-71.8055276319946,42.277964948024],[-71.8056500270271,42.2780092792049],[-71.8057679605229,42.2780598417883],[-71.805880856916,42.2781163902592],[-71.8058823443947,42.2781172536084],[-71.8058961993501,42.2781030928835],[-71.8059837339621,42.2780256261818],[-71.8060783309502,42.2779528827194],[-71.80617953166,42.27788521593],[-71.8062868405652,42.2778229576634],[-71.8063997369583,42.2777664082932],[-71.8065176695548,42.2777158457098],[-71.806640063688,42.2776715154282],[-71.8067663240066,42.2776336332856],[-71.8068958353745,42.2776023845425],[-71.8069087820147,42.2775999878492],[-71.8070171871934,42.2775738310675],[-71.8071493182863,42.2775493668099],[-71.8072834251899,42.2775318066476],[-71.8074188540968,42.2775212360163],[-71.8075549467034,42.2775177061773],[-71.80769103931,42.2775212360163],[-71.8077113082302,42.2775228179237],[-71.8077959758036,42.2775250140682],[-71.8077371799268,42.2774551349466],[-71.8076732516192,42.2773658439586],[-71.807617866871,42.2772734584034],[-71.8075712954789,42.2771784288415],[-71.8075629380791,42.2771567812605],[-71.8074390007093,42.2771405520949],[-71.8073068705156,42.2771160869379],[-71.8071773618457,42.2770848363961],[-71.8070511033257,42.2770469524549],[-71.8069287109912,42.2770026203747],[-71.8068107819919,42.2769520559926],[-71.8066978891962,42.2768955048237],[-71.8065905838883,42.2768332438592],[-71.8064893885744,42.2767655752712],[-71.8063947960829,42.2766928291108],[-71.8063072668668,42.2766153597111],[-71.8062669430649,42.2765741410838],[-71.8062443619877,42.2765673655915],[-71.8061219705525,42.2765230335112],[-71.8060040415533,42.2764724691292],[-71.8058911505561,42.2764159179603],[-71.8057838452482,42.2763536569958],[-71.8057769375556,42.2763490380777],[-71.8057009646278,42.2763470676631],[-71.8055655375195,42.2763364961324],[-71.805431433314,42.2763189359702],[-71.8052993058183,42.2762944699139],[-71.8051697980477,42.2762632193721],[-71.8051425207107,42.2762550346422],[-71.8050332036194,42.2762578693053],[-71.8048971137108,42.2762543403655],[-71.8047616875018,42.2762437688349],[-71.8046275832963,42.2762262086727],[-71.8044954558006,42.2762017426164],[-71.8044099455625,42.2761811085713],[-71.8043587885272,42.2762419099362],[-71.8042867995961,42.2763154960633],[-71.8042790096685,42.2763313906812],[-71.8042236258196,42.2764237762363],[-71.8041596984113,42.2765130672243],[-71.8040875404076,42.2765988283733],[-71.8040075016448,42.2766806432971],[-71.8039199724287,42.2767581126968],[-71.8038253799373,42.2768308588571],[-71.8037241846234,42.2768985274451],[-71.8036168784162,42.2769607884097],[-71.8035039865197,42.2770173395786],[-71.8034950364667,42.2770211769858],[-71.8034735840386,42.2770569619093],[-71.803409655731,42.2771462528973],[-71.803337496828,42.2772320140463],[-71.8032574571659,42.2773138289701],[-71.8031699270505,42.2773912983698],[-71.8030753336597,42.27746404453],[-71.8029741374464,42.2775317131181],[-71.8028668303399,42.2775939740827],[-71.8027539366448,42.2776505243523],[-71.802636005847,42.2777010896336],[-71.8025136126131,42.2777454217139],[-71.8023873522944,42.2777833056551],[-71.8022578418259,42.2778145561969],[-71.8021257107329,42.2778390213538],[-71.8019916038294,42.2778565824154],[-71.8018561740232,42.2778671530467],[-71.8017200805173,42.2778706828857],[-71.8015839870113,42.2778671530467],[-71.8014485572051,42.2778565824154],[-71.8013144503016,42.2778390213538],[-71.8011823192086,42.2778145561969],[-71.8010528087401,42.2777833056551],[-71.8009265484214,42.2777454217139],[-71.8008041551876,42.2777010896336],[-71.8006862243897,42.2776505243523],[-71.8005733306946,42.2775939740827],[-71.8004660235881,42.2775317131181],[-71.8003648273748,42.27746404453],[-71.8002702339841,42.2773912983698],[-71.8001827038686,42.2773138289701],[-71.8001026642066,42.2772320140463],[-71.8000305053035,42.2771462528973],[-71.7999665769959,42.2770569619093],[-71.799911193147,42.2769645763542],[-71.7998646217549,42.2768695467922],[-71.7998270894486,42.2767723363743],[-71.7997987805892,42.2766734190431],[-71.7997798318737,42.2765732750366],[-71.7997703359322,42.2764723944855],[-71.7997703395295,42.2763712666207],[-71.7997798408669,42.2762703860695],[-71.7997979649041,42.2761746334526],[-71.7997618975934,42.2761242552302],[-71.799745283518,42.2760965408228],[-71.799684090948,42.2760423809512],[-71.7996040530845,42.2759605669267],[-71.7995318950809,42.2758748048784],[-71.7994679694712,42.2757855138904],[-71.7994125856223,42.2756931283353],[-71.7993660151295,42.2755980987733],[-71.7993284846218,42.2755008883553],[-71.7993001757625,42.2754019710242],[-71.799288526844,42.2753404043362],[-71.7992458090468,42.2753324947989],[-71.7991163039742,42.2753012433578],[-71.7989900490515,42.2752633594166],[-71.7988676603142,42.2752190273363],[-71.798749734013,42.2751684629542],[-71.7986368448145,42.2751119126847],[-71.7985295422046,42.2750496508208],[-71.7984283495886,42.2749819822328],[-71.7983337597951,42.2749092360725],[-71.798246233277,42.2748317675721],[-71.7981661972122,42.2747499526482],[-71.7980940401078,42.2746641906],[-71.7980301153975,42.274574899612],[-71.7979747333472,42.2744825140568],[-71.7979281637537,42.2743874844949],[-71.7978906332461,42.2742902740769],[-71.797862325286,42.2741913567457],[-71.7978433774699,42.2740912127393],[-71.7978338815284,42.2739903321881],[-71.7978338851257,42.2738892043234],[-71.7978368933579,42.2738572604043],[-71.7978034376785,42.2738014511761],[-71.7977568689843,42.2737064225134],[-71.7977193384767,42.2736092120955],[-71.7976910314159,42.273510293865],[-71.7976720835998,42.2734101498586],[-71.7976625885576,42.2733092693074],[-71.7976625912555,42.2732081414426],[-71.797672092593,42.2731072608914],[-71.7976910467044,42.2730071177843],[-71.7977193600604,42.2729082013524],[-71.7977437982377,42.2728449097648],[-71.7977078514361,42.2727849420715],[-71.797661282742,42.2726899134088],[-71.7976237531337,42.2725927029909],[-71.7975954460729,42.2724937847604],[-71.7975764991561,42.272393640754],[-71.7975670032146,42.2722927602028],[-71.7975670068119,42.272191632338],[-71.7975765081493,42.2720907517868],[-71.7975954613614,42.2719906086797],[-71.7976237747174,42.2718916922478],[-71.7976613088223,42.2717944827293],[-71.7977078820131,42.2716994549659],[-71.7977632667613,42.2716070712094],[-71.7978271941697,42.27151778202],[-71.797899351274,42.2714320217705],[-71.7979793873388,42.2713502095446],[-71.7980669129576,42.2712727428429],[-71.7981615000531,42.2711999984812],[-71.7982626899711,42.2711323325911],[-71.7983699871851,42.2710700734252],[-71.7984530125964,42.2710284824785],[-71.7984466112221,42.2709946499832],[-71.7984371161799,42.2708937685326],[-71.7984371197772,42.2707926406679],[-71.7984466211146,42.2706917601167],[-71.7984655734274,42.2705916170096],[-71.7984938858841,42.2704927005777],[-71.798531419989,42.2703954910591],[-71.7985649179366,42.2703271398856],[-71.7985598304717,42.2702730780402],[-71.7985598331697,42.2701719501754],[-71.7985693345071,42.2700710696242],[-71.7985882868199,42.2699709265171],[-71.7986165992766,42.2698720100852],[-71.7986541324822,42.2697748005667],[-71.7987007038743,42.2696797728033],[-71.7987479560533,42.2696009535213],[-71.7987167477796,42.2695372653326],[-71.79867921997,42.2694400549146],[-71.7986509147079,42.2693411366841],[-71.798631967791,42.2692409935771],[-71.7986303112398,42.2692233965425],[-71.7986295890842,42.2692195780211],[-71.7986200940421,42.2691186965706],[-71.7986200976393,42.2690175687059],[-71.7986295980775,42.2689166881547],[-71.7986485503902,42.2688165450476],[-71.7986768619476,42.2687176277164],[-71.7987143951532,42.2686204190971],[-71.7987551650188,42.2685372273112],[-71.7987603945765,42.2685095938427],[-71.7987887052345,42.2684106765116],[-71.7987899750772,42.2684073876908],[-71.7987958440529,42.2683868822489],[-71.7988201599224,42.2683239045246],[-71.7988246457408,42.2683002010934],[-71.7988529563988,42.2682012837623],[-71.7988904887051,42.268104075143],[-71.7989370591979,42.2680090464804],[-71.7989924412481,42.2679166636232],[-71.7989951383149,42.2679128963632],[-71.7989960664153,42.2679030370955],[-71.7990150178288,42.2678028939884],[-71.7990433293861,42.2677039766572],[-71.7990808616923,42.267606768038],[-71.7991103945291,42.2675465035683],[-71.7991266165001,42.2674898246957],[-71.7991641488064,42.2673926160764],[-71.7991752041723,42.2673700574822],[-71.7991698046428,42.2673126852323],[-71.7991698073407,42.2672115573675],[-71.7991793086781,42.2671106768163],[-71.7991982600916,42.2670105337092],[-71.7992265707496,42.266911616378],[-71.7992462515132,42.2668606437038],[-71.7992503776028,42.2668462266721],[-71.7992879099091,42.2667490180528],[-71.7992966234404,42.2667312375566],[-71.7993021785526,42.2667168493032],[-71.7993487481461,42.2666218206406],[-71.7994041283978,42.2665294368841],[-71.7994524723537,42.2664619076909],[-71.7994524759509,42.2663609668851],[-71.799461769545,42.2662622788811],[-71.7994553753653,42.2661943386978],[-71.7994553789625,42.266093210833],[-71.7994648794006,42.2659923302818],[-71.7994838308141,42.2658921871747],[-71.7995053848656,42.26581687345],[-71.7995148556261,42.2657163121581],[-71.7995338070396,42.265616169051],[-71.7995410546759,42.2655908459408],[-71.7995410546759,42.2655863853035],[-71.799550555114,42.2654855047523],[-71.7995621959386,42.2654239947216],[-71.7995624531446,42.265421258984],[-71.7995814045581,42.2653211158769],[-71.7996097143168,42.2652221985457],[-71.7996472457237,42.2651249890271],[-71.7996820350978,42.2650539965447],[-71.7996876981287,42.2650393286022],[-71.7997038193757,42.2650064305024],[-71.7997067358771,42.2649988770966],[-71.7997149862576,42.2649820399892],[-71.7997243796763,42.2649577097306],[-71.7997263177153,42.2649509396342],[-71.7997638473237,42.2648537301156],[-71.7997986384963,42.2647827358347],[-71.799804300628,42.2647680696907],[-71.7998257323716,42.2647243365589],[-71.7998310212845,42.2647058554909],[-71.7998685508929,42.2646086459723],[-71.799891435941,42.2645619468764],[-71.7997852817653,42.2645647006005],[-71.7996492170377,42.2645611707615],[-71.7995138151105,42.2645506001301],[-71.7993797369853,42.2645330390686],[-71.7992476337712,42.2645085730123],[-71.7991181502824,42.2644773224705],[-71.7989919169434,42.2644394385293],[-71.7988695488905,42.2643951064491],[-71.7987516432737,42.264344542067],[-71.7986387729609,42.2642879908981],[-71.7985314892368,42.2642257299335],[-71.798430313708,42.2641580604462],[-71.7983357401023,42.2640853142859],[-71.7982482288726,42.2640078457855],[-71.7981682053983,42.2639260299624],[-71.7980960617838,42.2638402688134],[-71.7980459902302,42.2637703159474],[-71.7979965302156,42.2637372352853],[-71.79790195661,42.2636644882256],[-71.7978144462796,42.2635870197252],[-71.7977344237046,42.2635052048014],[-71.7976622800901,42.2634194427532],[-71.7975983661716,42.2633301508658],[-71.7975429940139,42.2632377653107],[-71.7974964325143,42.2631427357487],[-71.7974589092013,42.2630455253308],[-71.7974549144128,42.2630315642553],[-71.7974092783155,42.2630400160839],[-71.797275201989,42.2630575771455],[-71.797139803659,42.2630681486761],[-71.7970037425287,42.2630716776159],[-71.7968676813983,42.2630681486761],[-71.7968271921212,42.2630649875592],[-71.7968214625404,42.263064839171],[-71.796814510781,42.2630650190355],[-71.7966784496507,42.2630614900958],[-71.7966344790979,42.2630580573835],[-71.7965918440383,42.2630569512174],[-71.7964564457084,42.2630463796867],[-71.7963223693818,42.2630288186251],[-71.7961902697651,42.2630043534682],[-71.7960607889742,42.2629731029264],[-71.7959345592325,42.2629352189852],[-71.7958121938776,42.2628908860057],[-71.7956942909587,42.2628403216236],[-71.7955814233439,42.2627837704547],[-71.7954741423178,42.2627215094901],[-71.7953729694869,42.2626538409021],[-71.7952783976799,42.2625810947418],[-71.7951908882488,42.2625036253421],[-71.7951108674725,42.2624218104183],[-71.7950387247573,42.26233604837],[-71.7949748126375,42.2622467564827],[-71.7949194413791,42.2621543718269],[-71.7948728807788,42.2620593422649],[-71.7948353574657,42.2619621309477],[-71.7948070549016,42.2618632127172],[-71.7947881106827,42.26176306961],[-71.7947786174392,42.2616621881595],[-71.7947786201372,42.2615610602947],[-71.794788119676,42.2614601797435],[-71.7948070701901,42.2613600366365],[-71.7948353781501,42.2612611193053],[-71.7948729068591,42.2611639097866],[-71.794919471956,42.2610688820233],[-71.794974847711,42.2609764982668],[-71.7950387634281,42.2608872090775],[-71.7951109088413,42.2608014488279],[-71.7951909314163,42.2607196357027],[-71.7952784417466,42.260642169001],[-71.7953730135537,42.2605694246393],[-71.7954741863846,42.2605017587492],[-71.7955814665114,42.2604394995833],[-71.7956943314282,42.260382950213],[-71.7958122316491,42.2603323876297],[-71.7959345925074,42.260288057348],[-71.7960608177525,42.2602501752055],[-71.7961902931474,42.260218925563],[-71.7963223873683,42.2601944613054],[-71.7964564573995,42.2601769011432],[-71.7965918503336,42.2601663305118],[-71.7967279051687,42.2601628015721],[-71.7968639600037,42.2601663305118],[-71.7969058594178,42.2601696013461],[-71.7969107238508,42.260169475441],[-71.7969201091756,42.2601697191572],[-71.7969359956996,42.260165884448],[-71.7970680899204,42.2601414201904],[-71.7972021599517,42.2601238600282],[-71.7973375519864,42.2601132893968],[-71.7974736068215,42.2601097604571],[-71.7976096616565,42.2601132893968],[-71.7977450536912,42.2601238600282],[-71.7978791237226,42.2601414201904],[-71.7980112179433,42.260165884448],[-71.7981406933383,42.2601971340905],[-71.7982669194827,42.2602350162331],[-71.7983105995545,42.2602508407038],[-71.798408828005,42.2602152536311],[-71.7985350532501,42.2601773714886],[-71.798664528645,42.2601461218461],[-71.7987966228658,42.2601216575884],[-71.7989306928971,42.2601040974262],[-71.7990660849318,42.2600935267949],[-71.7992021397669,42.2600899978552],[-71.7993381946019,42.2600935267949],[-71.7994735866367,42.2601040974262],[-71.799607656668,42.2601216575884],[-71.7997397508888,42.2601461218461],[-71.7998692262837,42.2601773714886],[-71.7999954515288,42.2602152536311],[-71.8001178123871,42.2602595839127],[-71.800235712608,42.2603101464961],[-71.8003485775248,42.2603666958664],[-71.8004558576517,42.2604289550323],[-71.8005570295832,42.2604966209224],[-71.8006516013903,42.260569365284],[-71.8007391117206,42.2606468319857],[-71.8008191342956,42.2607286451109],[-71.8008912788094,42.2608144053606],[-71.800907485492,42.2608370448938],[-71.8009191209206,42.2608489411258],[-71.8009912663338,42.2609347013754],[-71.801055182051,42.2610239905647],[-71.8011105578059,42.2611163743213],[-71.8011571238022,42.2612114020846],[-71.8011946516119,42.2613086116032],[-71.8012229604712,42.2614075289343],[-71.8012243400312,42.2614148188389],[-71.8012503996862,42.2614582947646],[-71.8012969656824,42.2615533225278],[-71.8013274356126,42.2616322479299],[-71.801369871922,42.2616449841288],[-71.8013950853149,42.261593524022],[-71.8014504619692,42.2615011402655],[-71.8015143785856,42.2614118510761],[-71.801515281505,42.2614107781849],[-71.8014825254981,42.2613561245855],[-71.8014359657972,42.2612610950235],[-71.8013984424841,42.2611638837063],[-71.8013701408193,42.2610649654758],[-71.8013610234924,42.2610167708074],[-71.8013498629058,42.261006889956],[-71.8012698439281,42.2609250750322],[-71.8011977030116,42.2608393129839],[-71.801133791791,42.260750021996],[-71.801078421432,42.2606576364408],[-71.801031861731,42.2605626068789],[-71.8009943402166,42.2604653955616],[-71.8009660385518,42.2603664782304],[-71.8009470943329,42.260266334224],[-71.8009376010894,42.2601654527735],[-71.8009376037874,42.2600643249087],[-71.8009470349776,42.2599641692111],[-71.8008496626817,42.2599514150258],[-71.8007175693603,42.2599269498689],[-71.8005880948646,42.2598956984278],[-71.8004618714182,42.2598578144866],[-71.8003395123586,42.2598134824063],[-71.8002216148356,42.2597629180243],[-71.8001087526168,42.2597063668554],[-71.8000014769866,42.2596441049915],[-71.7999003086523,42.2595764364034],[-71.7998057413419,42.2595036902431],[-71.7997182364074,42.2594262208435],[-71.7996382201277,42.2593444059196],[-71.7995660810098,42.2592586438714],[-71.7995021715879,42.2591693528834],[-71.7994468021282,42.2590769673282],[-71.7994002442259,42.2589819377663],[-71.7993627227115,42.2588847273483],[-71.799334421946,42.2587858091179],[-71.7993154786264,42.2586856651114],[-71.7993059853829,42.2585847836609],[-71.7993059880808,42.2584836557961],[-71.7993154876196,42.2583827752449],[-71.7993344372344,42.2582826321378],[-71.7993627442952,42.2581837148066],[-71.7994002703062,42.258086505288],[-71.7994468336045,42.2579914766254],[-71.7995022066615,42.2578990928689],[-71.7995661196807,42.2578098036796],[-71.7996382614965,42.2577240434299],[-71.7997182795749,42.257642231204],[-71.799805786308,42.257564763603],[-71.7999003536184,42.2574920201407],[-71.8000015210533,42.2574243533513],[-71.8001087957842,42.2573620941853],[-71.8002216553051,42.2573055457144],[-71.8003395492308,42.2572549822317],[-71.8004619046931,42.2572106519501],[-71.800588123643,42.2571727698075],[-71.8007175927427,42.2571415201651],[-71.8008496806682,42.2571170559074],[-71.8008660492288,42.2571149119237],[-71.8008565514886,42.2571016424269],[-71.8008011847269,42.2570092568718],[-71.8007546277238,42.2569142273098],[-71.8007171080081,42.2568170168919],[-71.800688808142,42.2567180986614],[-71.8006698648223,42.2566179546549],[-71.8006603724781,42.2565170732044],[-71.8006603751761,42.2564159453396],[-71.8006698747149,42.2563150647885],[-71.8006888234304,42.2562149216814],[-71.8007171286925,42.2561160043502],[-71.8007546538042,42.2560187948316],[-71.8008012162031,42.2559237661689],[-71.8008565865622,42.2558313824124],[-71.8009204977827,42.2557420932231],[-71.8009926369006,42.2556563329734],[-71.8010726531804,42.2555745198483],[-71.8011023119221,42.2555482632418],[-71.8011264146523,42.2554640309403],[-71.801163939764,42.2553668214217],[-71.8012105003643,42.2552717927591],[-71.8012658707233,42.2551794090026],[-71.8013297810445,42.2550901198132],[-71.8014019201624,42.2550043595636],[-71.8014819355428,42.2549225464384],[-71.8015694377793,42.2548450797367],[-71.8016640005931,42.254772335375],[-71.8017580157198,42.2547094493817],[-71.8017818909215,42.2546760935269],[-71.8018540291401,42.2545903332773],[-71.8019340436212,42.2545085201521],[-71.8020215458576,42.2544310534504],[-71.8021161077721,42.2543583090887],[-71.8022172707105,42.2542906422994],[-71.8023245400454,42.2542283831334],[-71.802437393271,42.2541718346625],[-71.8025552818008,42.2541212720791],[-71.8026776309679,42.2540769408981],[-71.8028038445217,42.2540390587556],[-71.8029333073262,42.2540078091131],[-71.8030653889565,42.2539833448556],[-71.803199445498,42.2539657846933],[-71.8033348249422,42.2539552140619],[-71.8034708662874,42.2539516851222],[-71.8036069076326,42.2539552140619],[-71.8037422870768,42.2539657846933],[-71.8038763436183,42.2539833448556],[-71.8040084252486,42.2540078091131],[-71.804137888053,42.2540390587556],[-71.804264101607,42.2540769408981],[-71.804386450774,42.2541212720791],[-71.8044352983503,42.2541422226854],[-71.8044280920827,42.2541170335743],[-71.8044091505618,42.2540168895679],[-71.8043996582176,42.2539160081174],[-71.8043996609156,42.2538148802525],[-71.804409159555,42.2537139997014],[-71.8044281073712,42.2536138556949],[-71.8044564126333,42.2535149383638],[-71.8044939359464,42.2534177288451],[-71.8045404956473,42.2533227010818],[-71.804595865107,42.2532303173253],[-71.8046597727303,42.2531410272367],[-71.8047319091502,42.2530552678863],[-71.804811922732,42.2529734547612],[-71.8048994222705,42.2528959871601],[-71.8049939823863,42.2528232436978],[-71.8050951417273,42.2527555769084],[-71.8052024092638,42.2526933177425],[-71.8053152597914,42.2526367683722],[-71.8053343119289,42.2526285971321],[-71.8053768021976,42.2525692301859],[-71.8054489377183,42.2524834708355],[-71.8054959731606,42.2524353777905],[-71.8055556305878,42.252352025026],[-71.8056277661085,42.2522662647763],[-71.8056510081875,42.252242499292],[-71.8056559661499,42.2522355727136],[-71.8057281016705,42.2521498124639],[-71.8058081134536,42.2520680002381],[-71.8058956120928,42.251990532637],[-71.80599017041,42.2519177891747],[-71.8060913288517,42.2518501223853],[-71.8061985945894,42.2517878632194],[-71.8063114442177,42.2517313138491],[-71.8064293282509,42.2516807512657],[-71.806551672022,42.2516364209841],[-71.8066709356152,42.2516006225707],[-71.806665584649,42.2515993311443],[-71.806539376491,42.2515614472031],[-71.8064170336191,42.2515171142235],[-71.806299152284,42.2514665498414],[-71.8061863044543,42.2514099986725],[-71.8060790423139,42.2513477368087],[-71.8059778874695,42.2512800682206],[-71.8058833336489,42.2512073220603],[-71.8057958395063,42.2511298526606],[-71.8057158331192,42.2510480377368],[-71.8056437038938,42.2509622747892],[-71.8055798025658,42.2508729838012],[-71.8055244412,42.2507805982461],[-71.8054778886936,42.2506855686841],[-71.8054403725751,42.2505883573668],[-71.8054120754069,42.2504894391363],[-71.8053931347853,42.2503892951299],[-71.8053836424411,42.2502884136794],[-71.805383645139,42.2501872858147],[-71.8053931437785,42.2500864043641],[-71.8054120906954,42.249986261257],[-71.8054403932595,42.2498873439258],[-71.8054779147739,42.2497901344072],[-71.8055244717769,42.2496951066439],[-71.8055798376394,42.2496027219881],[-71.8056437425647,42.2495134327987],[-71.805715874488,42.2494276725491],[-71.8057958826738,42.2493458594239],[-71.8058812777987,42.2492702525202],[-71.8058452059914,42.2492333641285],[-71.8057730785647,42.2491476020802],[-71.8057091790353,42.2490583101929],[-71.8056538185688,42.2489659246378],[-71.8056072678611,42.2488708950758],[-71.8055697526419,42.2487736837585],[-71.8055414563731,42.248674765528],[-71.8055225157515,42.2485746215216],[-71.8055130243066,42.2484737400711],[-71.8055130279039,42.2483726122064],[-71.805522525644,42.2482717307558],[-71.8055414716616,42.2481715876487],[-71.8055697742257,42.2480726703175],[-71.8056072939414,42.247975460799],[-71.8056538500451,42.2478804321363],[-71.8057092141089,42.2477880483798],[-71.8057731172356,42.2476987591904],[-71.8058452473603,42.2476129989408],[-71.8059252528481,42.2475311858156],[-71.806012745192,42.2474537182146],[-71.8061072972139,42.2473809747522],[-71.8062084484611,42.2473133079628],[-71.8063157061049,42.2472510487969],[-71.8064285476393,42.2471944994266],[-71.8065464235785,42.2471439368433],[-71.8066687583565,42.2470996056623],[-71.8067949584205,42.2470617235198],[-71.8069244068359,42.2470304738773],[-71.8070564731777,42.2470060096197],[-71.80719051533,42.2469884494574],[-71.8073258794857,42.2469778788261],[-71.8073705946771,42.2469767187006],[-71.8073971084897,42.2469080239862],[-71.8074436636941,42.2468129953235],[-71.8074990268586,42.246720611567],[-71.8075629281865,42.2466313223777],[-71.8076350574119,42.2465455621281],[-71.8077150620005,42.2464637490029],[-71.8078025525458,42.2463862814018],[-71.8078971036684,42.2463135370402],[-71.8079151152903,42.2463014879234],[-71.8079408152164,42.2462116609395],[-71.8079783349322,42.2461144514208],[-71.8080248892372,42.2460194227582],[-71.8080365219679,42.2460000108919],[-71.8080266006471,42.2459475498396],[-71.8080171092022,42.2458466683891],[-71.8080171119001,42.2457455405243],[-71.8080266096403,42.2456446590738],[-71.8080455556578,42.2455445159667],[-71.8080738564233,42.2454455986355],[-71.8080947395806,42.2453914909246],[-71.8081000006145,42.2453356115493],[-71.8081189457327,42.2452354684422],[-71.8081472464982,42.245136551111],[-71.8081847653146,42.2450393415924],[-71.8082193397507,42.2449687654962],[-71.8081944249327,42.2449179016399],[-71.8081569124116,42.2448206903226],[-71.808128617042,42.2447217720921],[-71.808109678219,42.2446216280857],[-71.8081001867741,42.2445207466352],[-71.8081001903715,42.2444196187705],[-71.8081096872123,42.2443187373199],[-71.8081286323305,42.2442185942128],[-71.808156933096,42.2441196768816],[-71.808194451013,42.244022467363],[-71.8082410035195,42.2439274387004],[-71.8082963648853,42.2438350549439],[-71.8083602635153,42.2437457648552],[-71.8084323891434,42.2436600046056],[-71.8084598247611,42.2436319475564],[-71.8084306030898,42.2435831791205],[-71.8083840568787,42.2434881495585],[-71.8083465443575,42.2433909391406],[-71.8083182498873,42.2432920200107],[-71.8082993119637,42.2431918760043],[-71.8082898205188,42.2430909945538],[-71.8082898241161,42.2429898666891],[-71.8082993209568,42.2428889852385],[-71.8083182651758,42.2427888421314],[-71.8083465650419,42.2426899248002],[-71.808384082959,42.2425927143823],[-71.8084306345661,42.242497686619],[-71.8084859941333,42.2424053019632],[-71.8085498909647,42.2423160127738],[-71.8086220156935,42.2422302525242],[-71.808702014886,42.242148439399],[-71.808789499136,42.2420709717979],[-71.8088840430641,42.2419982274363],[-71.8089851862173,42.2419305615462],[-71.8090924339686,42.241868301481],[-71.8092052665098,42.24181175301],[-71.8093231316572,42.2417611904266],[-71.8094454565426,42.2417168592457],[-71.8095716458147,42.2416789771032],[-71.8097010834382,42.2416477274607],[-71.8098331389882,42.2416232632031],[-71.8099671694493,42.2416057030408],[-71.8101025219138,42.2415951324095],[-71.810124602968,42.2415945595413],[-71.810230654621,42.2415414087091],[-71.8103485197684,42.2414908452264],[-71.8104708437544,42.2414465149447],[-71.8105970321273,42.2414086328022],[-71.8107264688514,42.2413773831598],[-71.8108585244013,42.2413529189021],[-71.8109925539632,42.2413353578406],[-71.8111279064277,42.2413247881086],[-71.8112639207933,42.2413212582695],[-71.8113999351588,42.2413247881086],[-71.8115352876234,42.2413353578406],[-71.8116693171852,42.2413529189021],[-71.8118013727351,42.2413773831598],[-71.8119308094592,42.2414086328022],[-71.8120569978321,42.2414465149447],[-71.8121793218182,42.2414908452264],[-71.8122971869656,42.2415414087091],[-71.8124100186074,42.24159795718],[-71.8125172663587,42.2416602172453],[-71.8126184086127,42.2417278831353],[-71.8127129525407,42.241800627497],[-71.8128004367907,42.2418780950981],[-71.8128804359833,42.2419599082232],[-71.8129525598127,42.2420456684729],[-71.8130164566441,42.2421349576622],[-71.8130718162113,42.2422273423181],[-71.8131183678184,42.2423223700814],[-71.8131558848362,42.2424195804993],[-71.813184183803,42.2425184978305],[-71.8132031289212,42.2426186409376],[-71.813212625762,42.2427195223881],[-71.81321262846,42.2428206502528],[-71.8132031379145,42.2429215317034],[-71.8131841990915,42.2430216757098],[-71.8131559055206,42.2431205948396],[-71.8131183938987,42.2432178052576],[-71.8130718467883,42.2433128357188],[-71.8130164917177,42.243405221274],[-71.8129525984836,42.243494512262],[-71.8128804773521,42.2435802752096],[-71.8128004799581,42.2436620901334],[-71.8127129966074,42.2437395595331],[-71.8126184535788,42.2438123065927],[-71.8125173104255,42.2438799751808],[-71.8124951259493,42.2438928543718],[-71.8124389749786,42.243950280581],[-71.812351491628,42.2440277499807],[-71.8122569477,42.2441004970403],[-71.8121558045467,42.2441681656284],[-71.8120485540974,42.2442304274923],[-71.8120357684359,42.2442368351619],[-71.8120610258956,42.2442883923954],[-71.8120985438127,42.2443856019141],[-71.8121268445782,42.2444845192452],[-71.8121457896964,42.2445846623523],[-71.8121552865372,42.2446855438029],[-71.8121552901345,42.2447866716676],[-71.8121457986896,42.2448875531181],[-71.8121268598666,42.2449876971246],[-71.8121115255265,42.2450413030137],[-71.8121184449103,42.2450654866829],[-71.8121373909278,42.2451656297901],[-71.8121468877686,42.2452665112406],[-71.8121468913659,42.2453676391053],[-71.812137399921,42.2454685205559],[-71.8121184601987,42.2455686645622],[-71.8120901648292,42.2456675827927],[-71.812052652308,42.24576479411],[-71.8120061033989,42.245859823672],[-71.8119507456304,42.2459522092271],[-71.8118876680814,42.2460403580761],[-71.8118862804275,42.246047693846],[-71.8118744957114,42.2460888935876],[-71.8118817568376,42.2461142733551],[-71.8119007019558,42.2462144164622],[-71.8119101996959,42.2463152979127],[-71.8119102005953,42.2463386551049],[-71.8119369644193,42.2463932871205],[-71.8119744841351,42.2464904966392],[-71.8120027857999,42.2465894139703],[-71.8120217309181,42.2466895570774],[-71.8120312286582,42.246790438528],[-71.8120312322555,42.2468915663927],[-71.8120217408107,42.2469924478432],[-71.8120028010883,42.2470925918497],[-71.8119745048195,42.2471915100802],[-71.8119382972146,42.2472853354499],[-71.8119408746716,42.2472943448582],[-71.8119598206891,42.2473944879653],[-71.8119693184292,42.2474953694158],[-71.8119693220265,42.2475964972806],[-71.8119598305817,42.2476973787311],[-71.8119408899601,42.2477975227375],[-71.8119125945905,42.247896440968],[-71.8118750793714,42.2479936522853],[-71.8118285295629,42.2480886818472],[-71.8117731699958,42.2481810674024],[-71.8117092713657,42.2482703592897],[-71.8116371448383,42.248356121338],[-71.8115571420484,42.2484379362618],[-71.8114696524025,42.2485154056615],[-71.8114682395675,42.2485164929419],[-71.811475453929,42.2485931187775],[-71.811475456627,42.2486942466422],[-71.8114659651821,42.2487951280927],[-71.8114470245605,42.2488952720992],[-71.8114187282916,42.2489941903297],[-71.8113812130725,42.2490914016469],[-71.8113346623647,42.2491864312089],[-71.811301789446,42.2492412889543],[-71.8112935201798,42.2492701967622],[-71.8112560049606,42.2493674080795],[-71.8112094533536,42.2494624376414],[-71.811154092887,42.2495548231966],[-71.8110901933577,42.2496441150839],[-71.8110729173812,42.2496646564987],[-71.8110729191798,42.249736930515],[-71.811063427735,42.2498378119655],[-71.8110444871133,42.2499379559719],[-71.8110161899452,42.2500368742024],[-71.8109786738267,42.2501340855197],[-71.8109321222196,42.2502291150816],[-71.8109319738315,42.2502293623952],[-71.8109077065254,42.2502789006508],[-71.8108523451596,42.250371286206],[-71.8107884447309,42.250460577194],[-71.8107163164049,42.2505463401415],[-71.8106363100176,42.2506281550653],[-71.8105488176737,42.2507056244651],[-71.8104542638532,42.2507783706254],[-71.8103531099081,42.2508460392134],[-71.810245848667,42.2509083010773],[-71.8101330017366,42.2509648522462],[-71.8100151213008,42.2510154166282],[-71.8098927793283,42.2510597496078],[-71.809766572969,42.251097633549],[-71.8096371164597,42.2511288840908],[-71.8095050411247,42.251153350147],[-71.8093709908785,42.2511709103093],[-71.8092356177295,42.25118148184],[-71.8090995817802,42.2511850107797],[-71.8089635458309,42.25118148184],[-71.808828172682,42.2511709103093],[-71.8088236239111,42.2511703140588],[-71.8087818270197,42.2512073220603],[-71.808687273199,42.2512800682206],[-71.8085861183546,42.2513477368087],[-71.8084788562142,42.2514099986725],[-71.8083660083846,42.2514665498414],[-71.8082481270494,42.2515171142235],[-71.8081257841775,42.2515614472031],[-71.8080065214837,42.2515972465157],[-71.8080118724499,42.2515985379422],[-71.8081380815072,42.2516364209841],[-71.8082604252784,42.2516807512657],[-71.8083783093115,42.2517313138491],[-71.8084911589398,42.2517878632194],[-71.8085984246775,42.2518501223853],[-71.8086995831192,42.2519177891747],[-71.8087941414365,42.251990532637],[-71.8088816400756,42.2520680002381],[-71.8089616518587,42.2521498124639],[-71.8090337873793,42.2522355727136],[-71.8090976950026,42.2523248628022],[-71.8091530626637,42.2524172465587],[-71.8091996214653,42.252512274322],[-71.8092371447784,42.2526094838407],[-71.8092654491412,42.2527084011718],[-71.8092843969573,42.2528085442789],[-71.8092938955967,42.2529094257295],[-71.8092938982948,42.2530105535942],[-71.8092844059505,42.2531114350447],[-71.8092654644296,42.2532115790512],[-71.8092371654628,42.2533104972817],[-71.809199648445,42.2534077076996],[-71.80915309414,42.2535027372616],[-71.8090977300761,42.2535951228167],[-71.8090338260502,42.253684414704],[-71.8089616932275,42.2537701767523],[-71.8089384511485,42.253793943136],[-71.8089334958841,42.2538008670165],[-71.8088613630614,42.2538866290647],[-71.8088143339143,42.2539347194118],[-71.8087546800844,42.2540180721763],[-71.8086825472617,42.2541038342246],[-71.8086025363779,42.2541856491484],[-71.8085150386381,42.2542631185481],[-71.8084204794216,42.2543358647084],[-71.8083193200805,42.2544035341958],[-71.8082120525441,42.2544657951604],[-71.8080992002179,42.2545223463293],[-71.8080801624695,42.2545305121735],[-71.808037681194,42.2545898692271],[-71.807965547472,42.2546756312754],[-71.8078855365882,42.2547574461992],[-71.8077980379491,42.2548349155989],[-71.8077034778332,42.2549076617593],[-71.8076023175929,42.2549753312466],[-71.8075631125475,42.2549980867923],[-71.8076659113527,42.2550577514141],[-71.8077670751903,42.2551254173042],[-71.8078616389035,42.2551981616659],[-71.8079491420393,42.2552756283676],[-71.8080291574196,42.2553574414928],[-71.808085645636,42.2554245956686],[-71.8081513096352,42.2554627071383],[-71.8082524743722,42.2555303730284],[-71.8083022500488,42.2555686634631],[-71.8083131273489,42.2555749767039],[-71.8083331498549,42.2555883694078],[-71.8083953235853,42.2555835148674],[-71.8085313685278,42.2555799850284],[-71.8085696355802,42.2555809778799],[-71.8086313380658,42.2555624590403],[-71.8087063685041,42.2555189120682],[-71.8088192244276,42.2554623626979],[-71.808862408973,42.2554438411604],[-71.808899105809,42.2554225425164],[-71.8090119617326,42.2553659940454],[-71.8090403875038,42.2553538019365],[-71.809097740868,42.2552856198355],[-71.8091777562484,42.2552038067104],[-71.8092652593842,42.2551263400086],[-71.8093598230973,42.255053595647],[-71.8094609860356,42.2549859297569],[-71.8095682571693,42.2549236696917],[-71.8096811121935,42.2548671212207],[-71.8097990016226,42.2548165586373],[-71.8099213525883,42.2547722274564],[-71.8100475670415,42.2547343453139],[-71.8101770307453,42.2547030956714],[-71.8103091141742,42.2546786314138],[-71.8104294227796,42.2546628725935],[-71.8104870324506,42.2546381637204],[-71.8106093825169,42.2545938325394],[-71.8107355969702,42.2545559503968],[-71.810865060674,42.2545247007544],[-71.8109971432036,42.2545002364968],[-71.8111312006444,42.2544826763345],[-71.8112665809879,42.2544721057031],[-71.8114026241317,42.2544685767635],[-71.8115386672756,42.2544721057031],[-71.8116740476191,42.2544826763345],[-71.81180810506,42.2545002364968],[-71.8119401875895,42.2545247007544],[-71.8120696512933,42.2545559503968],[-71.8121958657466,42.2545938325394],[-71.812318215813,42.2546381637204],[-71.812436105242,42.2546887263038],[-71.8125489602663,42.2547452747747],[-71.8126562305006,42.2548075339406],[-71.8127573934389,42.25487520073],[-71.8128519571521,42.2549479450917],[-71.8129394593885,42.2550254117934],[-71.8130194747689,42.2551072249186],[-71.8130916138869,42.2551929851682],[-71.813155524208,42.2552822743575],[-71.8132108945671,42.255374658114],[-71.8132121949868,42.255377311114],[-71.8132126446478,42.2553777715669],[-71.8132847837657,42.2554635318166],[-71.8133486940869,42.2555528210059],[-71.8134040653453,42.2556452047625],[-71.8134506268449,42.2557402334251],[-71.8134881510573,42.2558374429437],[-71.8135164572187,42.2559363602749],[-71.8135354059342,42.256036503382],[-71.8135444045506,42.2561320698392],[-71.8135459621764,42.2561336625386],[-71.8136181021936,42.2562194227882],[-71.813676310813,42.2563007457828],[-71.8136787524724,42.2563002934239],[-71.8138128144098,42.2562827332616],[-71.8139481983507,42.2562721626302],[-71.8139519728053,42.2562720646042],[-71.8140285977415,42.2561937201641],[-71.8141161017766,42.2561162534624],[-71.8142106663891,42.2560435091007],[-71.8143118311261,42.2559758432106],[-71.8144191040583,42.2559135840447],[-71.8145319608813,42.2558570346745],[-71.814649852109,42.2558064720911],[-71.8147722048733,42.2557621418094],[-71.814806308964,42.2557519057259],[-71.8148864178738,42.2557228810062],[-71.815012635025,42.2556849988637],[-71.8151421005275,42.2556537492212],[-71.815274185755,42.2556292849635],[-71.8154082458938,42.255611723902],[-71.8155436289353,42.25560115417],[-71.8156796738778,42.255597624331],[-71.8158157188203,42.25560115417],[-71.8159511018618,42.255611723902],[-71.8160851620006,42.2556292849635],[-71.8162172472281,42.2556537492212],[-71.8163467127306,42.2556849988637],[-71.8163880051023,42.2556973924207],[-71.8164793429473,42.2557045231452],[-71.8166134039853,42.2557220842069],[-71.8167454892129,42.2557465484645],[-71.8168749547153,42.255777798107],[-71.8170011718665,42.2558156802495],[-71.8171235237316,42.2558600105311],[-71.8172414158586,42.2559105731145],[-71.8173542726815,42.2559671224848],[-71.8174615456138,42.2560293816507],[-71.8175627103508,42.2560970475408],[-71.8176572758625,42.2561697919024],[-71.8177447798976,42.2562472586042],[-71.8178247970767,42.2563290717293],[-71.8178969370939,42.256414831979],[-71.8179608483144,42.2565041211683],[-71.8180162204721,42.2565965049248],[-71.8180627828711,42.2566915335875],[-71.8181003079828,42.2567887431061],[-71.8181286141442,42.2568876604373],[-71.8181475628597,42.2569878035443],[-71.8181508004191,42.2570221864248],[-71.8181737843926,42.2569752786862],[-71.8182291565503,42.2568828949297],[-71.8182930686701,42.2567936057404],[-71.8183474317885,42.2567289786595],[-71.8183612210934,42.2566561020975],[-71.8183895272549,42.2565571847663],[-71.8184270523665,42.2564599752477],[-71.8184736138662,42.2563649465851],[-71.8185289860239,42.2562725628285],[-71.8185928972444,42.2561832736392],[-71.8186650372616,42.2560975133896],[-71.8187450535414,42.2560157002644],[-71.8188325575765,42.2559382335627],[-71.8189271221889,42.255865489201],[-71.8190282869259,42.2557978233109],[-71.8191355589589,42.255735564145],[-71.8192484157817,42.2556790147748],[-71.8193663070094,42.2556284521914],[-71.8194886588745,42.2555841219098],[-71.8196148751263,42.2555462397672],[-71.8197443415281,42.2555149901248],[-71.8198764258563,42.2554905249678],[-71.8200104859951,42.2554729648055],[-71.8201458681373,42.2554623950736],[-71.8202819130798,42.2554588652345],[-71.8204179580223,42.2554623950736],[-71.8204978492963,42.2554686327712],[-71.8205777405702,42.2554623950736],[-71.8207137855127,42.2554588652345],[-71.8208498304552,42.2554623950736],[-71.8209852125975,42.2554729648055],[-71.8211192727362,42.2554905249678],[-71.8212513570645,42.2555149901248],[-71.8212658730216,42.2555184938834],[-71.8213397954951,42.2555048017053],[-71.8214738556339,42.255487241543],[-71.821609237776,42.255476671811],[-71.8217452827186,42.255473141972],[-71.8218813276611,42.255476671811],[-71.8220167098033,42.255487241543],[-71.822150769942,42.2555048017053],[-71.8222828551696,42.2555292668622],[-71.822412320672,42.2555605165047],[-71.8225385369239,42.2555983986472],[-71.8226161933826,42.2556265348368],[-71.822692570106,42.2556406811726],[-71.8228220356084,42.255671930815],[-71.8229482527596,42.2557098129575],[-71.8230706046247,42.2557541432392],[-71.8231884958524,42.2558047058226],[-71.8233013526752,42.2558612551928],[-71.8234086247082,42.2559235143587],[-71.8235097903445,42.2559911802488],[-71.8235296212949,42.2560064354487],[-71.8235657083907,42.256007371643],[-71.8237010923315,42.2560179422743],[-71.8238276134535,42.2560345149809],[-71.8238511765905,42.256032674968],[-71.8239872224323,42.256029145129],[-71.8241232682741,42.256032674968],[-71.824258652215,42.2560432455994],[-71.8243927132531,42.2560608057616],[-71.82452479938,42.2560852700192],[-71.8246542657817,42.2561165196617],[-71.8246901352415,42.2561272854459],[-71.8247639102262,42.2561369486613],[-71.8248959963531,42.2561614129189],[-71.8250254627549,42.2561926625614],[-71.8251516808054,42.256230544704],[-71.8251880601808,42.2562437251678],[-71.8252576668078,42.2562605263023],[-71.8252588386244,42.2562606800864],[-71.8253909247513,42.256285144344],[-71.8255203920524,42.2563163939864],[-71.8256466101029,42.256354276129],[-71.8257689628673,42.2563986064106],[-71.8258642919035,42.2564394913895],[-71.8259000885182,42.2564422864824],[-71.8260341504557,42.2564598466446],[-71.8261662374819,42.2564843109023],[-71.8262957047829,42.2565155605448],[-71.8263795054098,42.2565407118844],[-71.8264527497946,42.2565583907572],[-71.826578967845,42.2565962728997],[-71.8267013215087,42.2566406031813],[-71.8268192145351,42.2566911657647],[-71.8268829539851,42.2567231033885],[-71.8268916792076,42.2567262645056],[-71.8270095731332,42.256776827089],[-71.8271224317548,42.2568333764592],[-71.8272297055864,42.2568956356251],[-71.827330872122,42.2569633024145],[-71.8274254385331,42.2570360458769],[-71.8274898057099,42.2570930296197],[-71.8275440519164,42.2571293127676],[-71.8276386183275,42.25720205623],[-71.8277261241612,42.257279523831],[-71.8278061422396,42.2573613360569],[-71.8278103240871,42.2573663075091],[-71.8278779288233,42.25737882877],[-71.8279122937174,42.2573871232172],[-71.8279175655432,42.2573869865203],[-71.8280536149823,42.25739051546],[-71.8281890007217,42.2574010860913],[-71.828230758043,42.257406555768],[-71.8283444737185,42.2574036059917],[-71.8284805231576,42.2574071349314],[-71.8286159097964,42.2574177055627],[-71.8287499735324,42.257435265725],[-71.8288605811509,42.2574557513819],[-71.8289871328499,42.2574524688564],[-71.829123182289,42.2574559977961],[-71.8292441141245,42.2574654397783],[-71.8293650459601,42.2574559977961],[-71.8295010953992,42.2574524688564],[-71.8296371448383,42.2574559977961],[-71.8297725314771,42.2574665684274],[-71.8299065952132,42.2574841285897],[-71.830038684038,42.2575085928473],[-71.830168154037,42.2575398424898],[-71.8302943747855,42.2575777246323],[-71.8303451181326,42.2575961094729],[-71.8304348371979,42.2576078609141],[-71.8305669260228,42.2576323251717],[-71.8306963969212,42.2576635748142],[-71.8308226167703,42.2577014569567],[-71.830944973132,42.2577457872383],[-71.831062867957,42.257796350721],[-71.8311141787763,42.2578220596404],[-71.8311400900431,42.2578314476632],[-71.8312568957891,42.2578815434985],[-71.8312937670937,42.2578926096563],[-71.8314161234553,42.2579369408372],[-71.8315340191796,42.2579875034206],[-71.8316468795998,42.2580440518915],[-71.83175415523,42.2581063110575],[-71.8317852268067,42.2581270934906],[-71.8318279320134,42.2581518779069],[-71.8318510463886,42.2581673381522],[-71.8319097631251,42.2581782127544],[-71.8320392340234,42.2582094623968],[-71.8321654556712,42.2582473445394],[-71.8322878129322,42.2582916757203],[-71.8324057086565,42.2583422383037],[-71.832518569976,42.2583987867746],[-71.8326258465056,42.2584610459406],[-71.8326976357872,42.2585090625433],[-71.8327018419164,42.2585105859948],[-71.8328197385401,42.2585611485782],[-71.8329326007589,42.2586176970491],[-71.8329407684017,42.2586224373757],[-71.8330248721001,42.2586476786475],[-71.8331472302604,42.2586920098285],[-71.8332651277834,42.2587425724118],[-71.8332980636547,42.2587590749714],[-71.8333756607581,42.2587871886778],[-71.8334935573817,42.2588377512612],[-71.8336064196005,42.2588942997322],[-71.8337136970295,42.2589565588982],[-71.8338148671623,42.2590242256875],[-71.8338945767733,42.2590855387667],[-71.8339183332644,42.2590993262729],[-71.8339373647175,42.2591120552772],[-71.8339966561207,42.2591417625823],[-71.834103934449,42.2592040217482],[-71.8342051045819,42.2592716885376],[-71.834299673691,42.2593444328993],[-71.834387183122,42.259421899601],[-71.8344672038983,42.2595037127262],[-71.8345024986913,42.2595456687976],[-71.8345347133063,42.2595741862997],[-71.8346147340827,42.2596559994249],[-71.8346868785965,42.2597417587752],[-71.8347480675693,42.2598272411343],[-71.8347606562792,42.2598369250341],[-71.8347903707789,42.2598567982527],[-71.8348849407873,42.2599295426144],[-71.8349724502183,42.2600070093161],[-71.8350524727933,42.2600888224413],[-71.8351246164079,42.2601745817915],[-71.835188532125,42.2602638718802],[-71.835189702143,42.2602658234091],[-71.8352645050528,42.2603233620336],[-71.8352923336742,42.260294910182],[-71.8353798431052,42.2602174434803],[-71.8354270701032,42.2601811162655],[-71.8354609529605,42.2601464752797],[-71.8355484623916,42.2600690085779],[-71.8356430332993,42.2599962642163],[-71.8357442043315,42.2599285983262],[-71.835782627866,42.2599062996361],[-71.8357774927371,42.2599023498137],[-71.8357476244533,42.2598759070475],[-71.8356558990005,42.2598426735006],[-71.8355380014776,42.2597921091186],[-71.8354251401581,42.2597355579497],[-71.8353178636285,42.2596732960858],[-71.8352166952942,42.2596056274978],[-71.8351221288831,42.2595328813375],[-71.8350346239487,42.2594554119378],[-71.8349836566704,42.2594032998225],[-71.8349757947971,42.2593972518817],[-71.8348882898626,42.259319782482],[-71.8348082735829,42.2592379675582],[-71.834736134465,42.2591522055099],[-71.8346722250431,42.259062914522],[-71.8346168564827,42.2589705289668],[-71.8345702976811,42.2588754994048],[-71.834532777066,42.2587782889869],[-71.8345044754012,42.2586793707564],[-71.8344855329809,42.25857922675],[-71.8344760397374,42.2584783452995],[-71.8344760424354,42.2583772174347],[-71.8344855419741,42.2582763368835],[-71.8345044906897,42.2581761937764],[-71.8345327977504,42.2580772764452],[-71.8345703237614,42.2579800669266],[-71.8346168870597,42.257885038264],[-71.8346722601167,42.2577926545075],[-71.8347361731359,42.2577033653181],[-71.8348083149517,42.2576176050684],[-71.8348883330301,42.2575357928426],[-71.8349758397632,42.2574583252415],[-71.8350704061743,42.2573855817792],[-71.8351715736092,42.2573179149898],[-71.8352788483401,42.2572556558239],[-71.8353917069617,42.257199107353],[-71.8355096017867,42.2571485438703],[-71.8355409251735,42.2571371953254],[-71.8355611940938,42.2571192511526],[-71.8356557605049,42.2570465076902],[-71.8357569270405,42.2569788409008],[-71.8358642017715,42.2569165817349],[-71.835977060393,42.2568600323647],[-71.8360949534193,42.2568094697813],[-71.8361668173447,42.2567834326094],[-71.8361946657512,42.2567620107582],[-71.8362958322868,42.2566943448681],[-71.8362999260007,42.2566919688593],[-71.8363130327202,42.2566803658063],[-71.8364075991313,42.2566076214446],[-71.8365087647676,42.2565399555546],[-71.8366160377,42.2564776963886],[-71.8367288963215,42.2564211470184],[-71.8368467884485,42.256370584435],[-71.8369691421122,42.2563262541534],[-71.8370953601627,42.2562883720108],[-71.8372248274638,42.2562571223684],[-71.8373569135907,42.2562326581107],[-71.8374909746287,42.2562150979485],[-71.8376263585695,42.2562045273172],[-71.8377624053107,42.2562009974781],[-71.8378984520519,42.2562045273172],[-71.8380338359927,42.2562150979485],[-71.8381678970308,42.2562326581107],[-71.8382999831576,42.2562571223684],[-71.8384294504587,42.2562883720108],[-71.8385556685092,42.2563262541534],[-71.8386780221729,42.256370584435],[-71.8387959143,42.2564211470184],[-71.8389087729215,42.2564776963886],[-71.8390160458538,42.2565399555546],[-71.8391172114901,42.2566076214446],[-71.8391301419425,42.2566175679465],[-71.8391326159774,42.2566159131939],[-71.8392398898091,42.256553654028],[-71.8393527475312,42.2564971046577],[-71.8394706405576,42.2564465420743],[-71.8395520984506,42.2564170290227],[-71.8395753162478,42.2564035535812],[-71.8396610899873,42.2563605749806],[-71.8396895319463,42.2563440679244],[-71.8398023896685,42.2562875185542],[-71.8398864582934,42.2562514629347],[-71.8399142248616,42.2562375495233],[-71.8400316898106,42.2561871704016],[-71.8400546144289,42.2561756833612],[-71.8401725065559,42.2561251207778],[-71.8402948593202,42.2560807904961],[-71.8404210764714,42.2560429083536],[-71.8405505437726,42.2560116587111],[-71.8406826290001,42.2559871944535],[-71.840743743329,42.255979189588],[-71.8407851346262,42.2559667663533],[-71.8409146019273,42.2559355167108],[-71.8410466871549,42.2559110524531],[-71.8411807481929,42.2558934922909],[-71.8413161312344,42.2558829216596],[-71.8414521770763,42.2558793918205],[-71.8415882229181,42.2558829216596],[-71.8417236059596,42.2558934922909],[-71.8418576669977,42.2559110524531],[-71.8419897522252,42.2559355167108],[-71.8421192195263,42.2559667663533],[-71.8422454366775,42.2560046484958],[-71.8423331907242,42.2560364431274],[-71.8423620310828,42.2560450991021],[-71.8424843838472,42.2560894293837],[-71.8425838398722,42.2561320851277],[-71.8425843219089,42.2561322595961],[-71.8427022140359,42.2561828221795],[-71.8428150717581,42.2562393715498],[-71.8429223446904,42.2563016307157],[-71.8430235103267,42.2563692966058],[-71.8431180758385,42.2564420409674],[-71.8432055798736,42.2565195076692],[-71.8432855970526,42.2566013207943],[-71.8433577379692,42.256687081044],[-71.8434216500891,42.2567763702334],[-71.8434770222468,42.2568687539898],[-71.8435235837463,42.2569637826525],[-71.8435611097574,42.2570609921711],[-71.8435894159188,42.2571599095022],[-71.8436083655336,42.2572600526094],[-71.843617864173,42.2573609331606],[-71.8436178650724,42.2573914903251],[-71.8436321660915,42.2574670657525],[-71.843641664731,42.2575679463037],[-71.843641667429,42.2576466342848],[-71.8436708135571,42.2576458788543],[-71.8438068629963,42.257649407794],[-71.8439422505344,42.2576599784253],[-71.8440763151698,42.2576775385876],[-71.8442084039946,42.2577020028452],[-71.8442553117332,42.2577133244104],[-71.8442654291062,42.2577146500112],[-71.844397517931,42.2577391142688],[-71.8445269888294,42.2577703639112],[-71.8445696967341,42.2577831819484],[-71.8445858296723,42.2577413895535],[-71.8446323929705,42.2576463608909],[-71.844668155411,42.2575866953697],[-71.8446140261163,42.2575450549604],[-71.8445265238799,42.2574675855607],[-71.8444465093988,42.2573857706369],[-71.8443743729789,42.2573000076892],[-71.8443104653556,42.2572107167013],[-71.8442550985939,42.2571183311461],[-71.8442085415909,42.2570233015841],[-71.8441710209758,42.2569260911662],[-71.8441427211097,42.2568271729357],[-71.8441237786894,42.2567270289293],[-71.8441142854459,42.2566261474788],[-71.8441142863452,42.2566060350405],[-71.8440733078368,42.2565786246039],[-71.8439787459224,42.2565058784436],[-71.8438912445852,42.2564284090439],[-71.8438112319028,42.2563465941201],[-71.8437390963821,42.2562608320718],[-71.8436751896583,42.2561715401845],[-71.8436198237958,42.2560791546293],[-71.8435732667928,42.2559841250674],[-71.8435357479764,42.2558869146495],[-71.8435074481102,42.255787996419],[-71.8434885056899,42.2556878524125],[-71.8434790133458,42.255586970962],[-71.8434790142451,42.2555654924536],[-71.8434618335967,42.2555479250967],[-71.8433896989754,42.2554621630484],[-71.8433257940501,42.2553728711611],[-71.8432704281877,42.255280485606],[-71.8432694605171,42.2552785097955],[-71.8432151279757,42.2552304050592],[-71.8431986964627,42.2552136030254],[-71.8431508507311,42.2551815979525],[-71.8430562897159,42.2551088517921],[-71.8429687910768,42.2550313823924],[-71.8428887792937,42.2549495674686],[-71.8428251342725,42.2548738976123],[-71.8427580916126,42.2548223205937],[-71.8426705929734,42.254744851194],[-71.8425905820897,42.2546630362702],[-71.8425184483677,42.2545772742219],[-71.8424545434424,42.2544879823346],[-71.8424075547648,42.2544095740426],[-71.8423911232517,42.2544000367324],[-71.8422899639107,42.254332367245],[-71.8421954046941,42.2542596210847],[-71.8421079069543,42.254182151685],[-71.8420278969699,42.2541003367612],[-71.8419557632478,42.2540145747129],[-71.8418918592219,42.2539252828256],[-71.8418364951581,42.2538328972705],[-71.8417899408531,42.2537378677085],[-71.8417524229359,42.2536406572905],[-71.8417241239691,42.25354173906],[-71.8417051824482,42.2534415950536],[-71.841695690104,42.2533407136031],[-71.8416956928019,42.2532395857384],[-71.8417051914414,42.2531387042878],[-71.8417241392576,42.2530385611807],[-71.8417524436204,42.2529396438495],[-71.8417899669334,42.252842434331],[-71.8418365257351,42.2527474065676],[-71.8418918942954,42.2526550228111],[-71.8419558019187,42.2525657327224],[-71.8420279383386,42.2524799724728],[-71.8421079501218,42.252398160247],[-71.8421954487609,42.2523206926459],[-71.8422900079775,42.2522479491836],[-71.8422954272921,42.2522443240164],[-71.8422887237456,42.252226953611],[-71.8422604247787,42.2521280353806],[-71.8422414841571,42.2520278913741],[-71.8422319918129,42.2519270099236],[-71.8422319945109,42.2518258820589],[-71.8422414931504,42.2517250006084],[-71.8422604400672,42.2516248575012],[-71.84228874443,42.25152594017],[-71.8423262668437,42.2514287306515],[-71.842372824746,42.2513337028881],[-71.8423843000953,42.2513145563217],[-71.8423214257931,42.2513096460234],[-71.8421873746476,42.2512920849618],[-71.8420552993126,42.2512676198049],[-71.8419258428034,42.2512363692631],[-71.8417996355447,42.2511984853219],[-71.8416772935722,42.2511541523423],[-71.841559412237,42.2511035879603],[-71.841446566206,42.2510470367914],[-71.8413393040656,42.2509847749275],[-71.8412381501205,42.2509171063394],[-71.8411435962999,42.2508443601791],[-71.8410561030566,42.2507668907795],[-71.8409961956179,42.2507056289617],[-71.8409638407086,42.2507064680291],[-71.8408278056586,42.2507029390894],[-71.8406924343084,42.2506923684581],[-71.8405583840621,42.2506748073965],[-71.8404263105257,42.2506503413402],[-71.8402968549159,42.2506190907985],[-71.8402819855252,42.2506146274632],[-71.8401750048725,42.2506062736607],[-71.8400409555256,42.250588712599],[-71.83990888109,42.2505642465428],[-71.8397794263794,42.250532996001],[-71.8396532209194,42.2504951120598],[-71.8395308798462,42.2504507799796],[-71.8394992803675,42.2504372253977],[-71.8394099983727,42.2504206859659],[-71.8392805436621,42.2503894354241],[-71.8391543382021,42.250351551483],[-71.8390319980282,42.2503072194027],[-71.8389141175924,42.2502566541214],[-71.83880127336,42.2502001029524],[-71.8386940130183,42.2501378419879],[-71.8385928599725,42.2500701725005],[-71.8384983070512,42.2499974263402],[-71.8384108156066,42.2499199569405],[-71.8383308110181,42.2498381420167],[-71.838258682692,42.2497523790691],[-71.8381947822634,42.2496630880811],[-71.8381394217968,42.2495707025259],[-71.8380928710891,42.249475672964],[-71.8380553549706,42.2493784616467],[-71.8380270587018,42.2492795434163],[-71.8380081180802,42.2491793994098],[-71.837998625736,42.2490785179593],[-71.8379986293332,42.2489773900945],[-71.8380081270734,42.248876508644],[-71.8380270739902,42.2487763655369],[-71.8380553765543,42.2486774482057],[-71.8380928971694,42.2485802386871],[-71.8381394532731,42.2484852100245],[-71.8381948173369,42.2483928262679],[-71.8382587213629,42.2483035370786],[-71.8383308523869,42.248217776829],[-71.8384108587741,42.2481359637038],[-71.8384983520173,42.2480584961028],[-71.8385929049386,42.2479857526404],[-71.838694057085,42.247918085851],[-71.8388013156282,42.2478558266851],[-71.8389141580619,42.2477992773149],[-71.8390320349005,42.2477487147315],[-71.839154371477,42.2477043844498],[-71.8392805724404,42.247666501408],[-71.839410021755,42.2476352526648],[-71.8395420898955,42.2476107875079],[-71.8396761329471,42.2475932273456],[-71.8398114989015,42.2475826567143],[-71.8399475267569,42.2475791277746],[-71.8400835546123,42.2475826567143],[-71.8402189205667,42.2475932273456],[-71.8403529636183,42.2476107875079],[-71.8404850317588,42.2476352526648],[-71.8404866784174,42.2476356501652],[-71.8406053466594,42.2476263835508],[-71.8407413745148,42.2476228546111],[-71.8408774023702,42.2476263835508],[-71.8410127683246,42.2476369541822],[-71.8411468113762,42.2476545143444],[-71.8412788795167,42.2476789795014],[-71.8414083297306,42.2477102282445],[-71.841534530694,42.2477481112863],[-71.8416568672706,42.247792441568],[-71.8417747441091,42.2478430041514],[-71.8418875865428,42.2478995535216],[-71.841994845086,42.2479618126875],[-71.8420959972324,42.2480294794769],[-71.8421905501537,42.2481022229393],[-71.842278043397,42.2481796905403],[-71.8423025769023,42.2482047771288],[-71.8423184679229,42.2482154080147],[-71.8424130208442,42.2482881514771],[-71.8425005140874,42.2483656190781],[-71.8425604440092,42.2484269024796],[-71.8425928348914,42.2484260616135],[-71.8427288645454,42.2484295914525],[-71.8428642322984,42.2484401611845],[-71.8429982771488,42.2484577222462],[-71.8431303470878,42.2484821865037],[-71.8432597982011,42.2485134361462],[-71.8433860009631,42.2485513182888],[-71.8435083393384,42.2485956485704],[-71.8436262170762,42.2486462120531],[-71.8437390613086,42.2487027605241],[-71.8438463216504,42.24876501969],[-71.8439474746962,42.2488326864794],[-71.8440420294161,42.248905430841],[-71.8441295235586,42.2489828975428],[-71.8442095308451,42.2490647106679],[-71.8442816627685,42.2491504709175],[-71.8443455676938,42.2492397601069],[-71.8444009326569,42.2493321438634],[-71.8444474896599,42.249427172526],[-71.8444850111743,42.2495243820446],[-71.8445133137384,42.2496232993758],[-71.8445322606553,42.249723442483],[-71.8445417583954,42.2498243239335],[-71.8445417619927,42.2499254517982],[-71.8445322696485,42.2500263332487],[-71.8445133290269,42.2501264772552],[-71.8444850318587,42.2502253954856],[-71.8444475157402,42.2503226068029],[-71.8444009641332,42.2504176363649],[-71.8443894761933,42.2504368081123],[-71.8444523855691,42.2504417202093],[-71.844586434916,42.2504592803716],[-71.8447185093517,42.2504837446291],[-71.8448479649616,42.2505149942716],[-71.8449741713209,42.2505528764142],[-71.8450965132934,42.2505972075951],[-71.8452143955279,42.2506477701785],[-71.8453272424582,42.2507043186494],[-71.8454345063973,42.2507665787147],[-71.8455356630404,42.2508342446047],[-71.8456302204582,42.2509069889664],[-71.8457177172988,42.2509844556682],[-71.8457977272832,42.2510662687933],[-71.8458698619046,42.2511520290429],[-71.8459337677292,42.2512413191316],[-71.8459891353903,42.2513337028881],[-71.8460356932925,42.2514287306515],[-71.8460732157063,42.25152594017],[-71.8461015200691,42.2516248575012],[-71.8461037809647,42.2516368049946],[-71.8461627585045,42.251697110833],[-71.8462348931258,42.2517828710827],[-71.84625723948,42.2518140928462],[-71.8463391317455,42.2518616247143],[-71.8464402901872,42.2519292915036],[-71.8465348494037,42.252002034966],[-71.8466223471436,42.252079502567],[-71.8467023589267,42.2521613147929],[-71.8467744944473,42.2522470750425],[-71.8468235407738,42.2523156015838],[-71.846840489397,42.2523160413523],[-71.8469758643446,42.2523266119836],[-71.8471099181882,42.2523441721458],[-71.8472419962211,42.2523686364035],[-71.8473714554283,42.252399886046],[-71.8474976653849,42.2524377681885],[-71.8476153965333,42.2524804266304],[-71.8476153974326,42.2524535342033],[-71.847624896072,42.2523526527528],[-71.8476438429889,42.2522525096456],[-71.8476721473517,42.2521535923145],[-71.8477096697654,42.2520563827959],[-71.8477562285671,42.2519613550326],[-71.8478115962282,42.251868971276],[-71.8478755038514,42.2517796811874],[-71.8479476384727,42.2516939209377],[-71.8480276493565,42.2516121087119],[-71.8481151470963,42.2515346411109],[-71.8482097054135,42.2514618967492],[-71.8483108629559,42.2513942308591],[-71.8484181277943,42.2513319716932],[-71.8485309765233,42.2512754223229],[-71.8486488596571,42.2512248597395],[-71.8487712034283,42.2511805294579],[-71.8488974106869,42.251142646416],[-71.8490268671961,42.2511113976729],[-71.8491589425311,42.251086932516],[-71.8492929936767,42.2510693723537],[-71.8494283659263,42.2510588017224],[-71.8495644018756,42.2510552727826],[-71.8497004378249,42.2510588017224],[-71.8498358100745,42.2510693723537],[-71.8499698612201,42.251086932516],[-71.8501019365551,42.2511113976729],[-71.8502313930643,42.251142646416],[-71.850357600323,42.2511805294579],[-71.8504799440941,42.2512248597395],[-71.8505978272279,42.2512754223229],[-71.8507106759569,42.2513319716932],[-71.8508179407953,42.2513942308591],[-71.8508366125196,42.2514067206437],[-71.8509544551839,42.2514420927784],[-71.8510767989551,42.25148642306],[-71.8511946829882,42.2515369856434],[-71.8513075317172,42.2515935350137],[-71.8514147965556,42.2516557941796],[-71.8515159549973,42.2517234600697],[-71.8516105133145,42.2517962044313],[-71.8516902157309,42.2518667697357],[-71.8517853667013,42.2518438010506],[-71.8518618081758,42.2518161037303],[-71.8519250727838,42.2517971145452],[-71.8519447175746,42.2517899964113],[-71.8520709266319,42.2517521142687],[-71.8521554871859,42.2517317023562],[-71.8522520626825,42.2517027145087],[-71.8523815209904,42.2516714648663],[-71.8525135972247,42.2516469997093],[-71.8526476492696,42.2516294395471],[-71.8526700837573,42.2516276876677],[-71.8527330875619,42.2516194345893],[-71.8528684616102,42.251608863958],[-71.8530044984588,42.2516053350183],[-71.8531405353074,42.251608863958],[-71.8532759093557,42.2516194345893],[-71.8534099614006,42.2516369947515],[-71.8535420376349,42.2516614599085],[-71.8536714959428,42.251692709551],[-71.8537977041007,42.2517305916935],[-71.8539200487712,42.2517749219751],[-71.8540379328043,42.2518254845585],[-71.8541507824326,42.2518820339288],[-71.8542580481703,42.2519442930947],[-71.8543592066121,42.2520119598841],[-71.8544537658286,42.2520847033464],[-71.8545412644677,42.2521621709475],[-71.8546212762508,42.2522439831733],[-71.8546934117715,42.252329743423],[-71.8547573193947,42.2524190335116],[-71.8548126870558,42.2525114172681],[-71.8548192503081,42.25252481267],[-71.8548495547631,42.2525240266626],[-71.8549855934104,42.2525275565016],[-71.8551209692573,42.2525381271329],[-71.8552550231008,42.2525556872952],[-71.8553871020331,42.2525801515528],[-71.8555165612403,42.2526114011953],[-71.8556427720962,42.2526492833378],[-71.8557651185653,42.2526936136194],[-71.8558830043971,42.2527441771022],[-71.8559936965518,42.2527996436887],[-71.8559778666852,42.2527586265094],[-71.8559495686176,42.2526597082789],[-71.8559306270967,42.2525595642725],[-71.8559211347525,42.252458682822],[-71.8559211374505,42.2523575549572],[-71.85593063609,42.2522566735067],[-71.8559495839061,42.2521565303996],[-71.8559778873696,42.2520576130684],[-71.8560154106826,42.2519604035498],[-71.8560619685849,42.2518653757865],[-71.856117336246,42.25177299203],[-71.8561812438693,42.2516837019413],[-71.8562533784906,42.2515979416917],[-71.8563333893744,42.2515161294659],[-71.8564208871142,42.2514386618648],[-71.8565154445321,42.2513659175032],[-71.8566166020745,42.2512982516131],[-71.8567238669129,42.2512359924472],[-71.8568367156419,42.2511794430769],[-71.8569545987757,42.2511288804935],[-71.8570769416475,42.2510845502119],[-71.8572031489061,42.25104666717],[-71.8573326054154,42.2510154175275],[-71.8574646807504,42.2509909532699],[-71.8575987309966,42.2509733931076],[-71.8577341041455,42.2509628224763],[-71.8578701391955,42.2509592935366],[-71.8580061742455,42.2509628224763],[-71.8581415473944,42.2509733931076],[-71.8582755976407,42.2509909532699],[-71.8584076729757,42.2510154175275],[-71.8585371294849,42.25104666717],[-71.8586633367436,42.2510845502119],[-71.8587856796154,42.2511288804935],[-71.8587923381958,42.2511317367403],[-71.8588213737074,42.251138745157],[-71.8589475809661,42.2511766281989],[-71.8590699247372,42.2512209584805],[-71.859187807871,42.2512715210639],[-71.8593006566,42.2513280704342],[-71.8594079214384,42.2513903296001],[-71.8595090789808,42.2514579954902],[-71.859603637298,42.2515307398518],[-71.8596911350378,42.2516082074529],[-71.8596915981886,42.2516086813956],[-71.8597484515298,42.2515916158604],[-71.8598779089383,42.2515603671173],[-71.8600099851727,42.2515359019604],[-71.8601440372175,42.2515183417981],[-71.8602794103664,42.2515077711668],[-71.8604154472151,42.251504242227],[-71.8605514840637,42.2515077711668],[-71.8606868572127,42.2515183417981],[-71.8608209092575,42.2515359019604],[-71.8609529854918,42.2515603671173],[-71.8610824429004,42.2515916158604],[-71.8612086519577,42.2516294989023],[-71.8613309957288,42.2516738291839],[-71.861448879762,42.2517243917673],[-71.8615617293902,42.2517809411375],[-71.861668995128,42.2518432003035],[-71.8617701535697,42.2519108661935],[-71.8618647118869,42.2519836105552],[-71.8619522105261,42.2520610781562],[-71.8620322223092,42.2521428903821],[-71.8621043578298,42.2522286506318],[-71.8621529419047,42.2522965314598],[-71.8621827859068,42.2523093324098],[-71.8622956364345,42.2523658817801],[-71.8624029021722,42.252428140946],[-71.8625040615132,42.2524958077354],[-71.862598621629,42.2525685511977],[-71.8626861211675,42.2526460187988],[-71.8627661329506,42.2527278319239],[-71.8628382693706,42.2528135912743],[-71.8629021769938,42.2529028813629],[-71.8629575455543,42.2529952651195],[-71.8630041052552,42.2530902928827],[-71.8630416285683,42.2531875024014],[-71.8630699338303,42.2532864197325],[-71.8630888816465,42.2533865628396],[-71.8630956310585,42.253458245102],[-71.8631201204971,42.2534687491835],[-71.8632329728234,42.2535252976544],[-71.8633402412591,42.2535875568203],[-71.8634414023987,42.2536552236097],[-71.8635359634139,42.253727967072],[-71.8636234647511,42.2538054346731],[-71.8637034783328,42.2538872477983],[-71.8637756156521,42.2539730080479],[-71.863839525074,42.2540622972373],[-71.8638948945337,42.2541546809938],[-71.863941455134,42.2542497087571],[-71.8639789793464,42.2543469182757],[-71.8639832835017,42.2543619585376],[-71.8639874482621,42.2543651628221],[-71.8640749495992,42.2544426295238],[-71.8641549640803,42.254524442649],[-71.8642271022989,42.2546102028986],[-71.8642910126201,42.2546994920879],[-71.8643463829791,42.2547918758444],[-71.8643929435794,42.2548869045071],[-71.8644304677918,42.2549841140257],[-71.8644587730539,42.2550830304576],[-71.8644777217694,42.255183174464],[-71.8644872204089,42.2552840550152],[-71.8644872231068,42.2553851828799],[-71.8644777307626,42.2554860643305],[-71.8644587883423,42.2555862083369],[-71.8644304884762,42.2556851265674],[-71.8643929696598,42.2557823369853],[-71.8643464135561,42.2558773665473],[-71.8642910476937,42.2559697521024],[-71.8642271409697,42.2560590439898],[-71.8641550063484,42.256144806038],[-71.8640749927667,42.2562266209618],[-71.8639874923289,42.2563040903615],[-71.8638929304144,42.2563768365218],[-71.8637917674761,42.2564445051099],[-71.8636844963424,42.2565067669738],[-71.8635716404189,42.2565633181427],[-71.8634537491911,42.2566138825247],[-71.8633313964268,42.2566582146049],[-71.8632051783762,42.2566960985462],[-71.8630757101758,42.2567273490879],[-71.8630169979361,42.2567793272042],[-71.8629224351222,42.2568520733645],[-71.8628212712846,42.2569197419526],[-71.862714000151,42.2569820038165],[-71.862601143328,42.2570385540861],[-71.8624832503017,42.2570891193674],[-71.8623608966381,42.2571334514477],[-71.8622346785875,42.2571713353889],[-71.8621052094878,42.2572025859307],[-71.8619731215622,42.2572270519869],[-71.8618390587255,42.2572446130485],[-71.8617036720868,42.2572551836798],[-71.8615676235469,42.2572587135189],[-71.8614315750071,42.2572551836798],[-71.8612961883684,42.2572446130485],[-71.8611621255316,42.2572270519869],[-71.8610300376061,42.2572025859307],[-71.8609005685064,42.2571713353889],[-71.8607743504559,42.2571334514477],[-71.8606519967922,42.2570891193674],[-71.8605341037658,42.2570385540861],[-71.860421246943,42.2569820038165],[-71.8603139758093,42.2569197419526],[-71.8602128119717,42.2568520733645],[-71.8601182491578,42.2567793272042],[-71.8600606331916,42.2567283176578],[-71.8600490822993,42.2567311055561],[-71.8599169952731,42.2567555707131],[-71.8597987389206,42.2567710615353],[-71.8597915344517,42.2568091496226],[-71.8597632345856,42.2569080678531],[-71.8597257148698,42.257005278271],[-71.8596791578668,42.257100307833],[-71.8596237902057,42.2571926933881],[-71.8595598834818,42.2572819843761],[-71.8594877461625,42.2573677473237],[-71.8594089889336,42.2574482771163],[-71.8594047225499,42.257493610142],[-71.8593857801296,42.2575937541485],[-71.8593574793641,42.257692672379],[-71.859319958749,42.2577898827969],[-71.8592734017461,42.2578849123589],[-71.859218034085,42.257977297914],[-71.8591541255624,42.258066588902],[-71.8590819882431,42.2581523509503],[-71.8590019719634,42.2582341667734],[-71.8589442121057,42.2582853031243],[-71.8589403522154,42.2583263212028],[-71.8589214088959,42.2584264652092],[-71.8588931081304,42.2585253834397],[-71.858855586616,42.2586225938577],[-71.8588090287137,42.2587176234196],[-71.8587536601532,42.2588100089748],[-71.8586897516307,42.2588992999628],[-71.8586176125128,42.2589850620111],[-71.858537596233,42.2590668769349],[-71.8584500912986,42.2591443463346],[-71.8583555248875,42.2592170924948],[-71.858309622591,42.2592477962489],[-71.8583235611833,42.2592839022304],[-71.858335540153,42.259325761175],[-71.8583384449632,42.2593306076215],[-71.8583850091608,42.2594256353848],[-71.8584225360711,42.2595228449034],[-71.8584508431319,42.2596217622346],[-71.8584697927467,42.2597219053417],[-71.8584700679393,42.259724829937],[-71.8584838383584,42.2597976030769],[-71.8584981636593,42.2598476584427],[-71.8585171132741,42.2599478015499],[-71.8585266128129,42.2600486821011],[-71.8585266128129,42.2600582364985],[-71.8585442880884,42.2601516436834],[-71.8585537876272,42.2602525242347],[-71.8585537912244,42.2603536520994],[-71.8585442970816,42.2604545335499],[-71.858525353762,42.2605546775564],[-71.8584970520972,42.2606535948876],[-71.8584595296835,42.2607508062048],[-71.8584129699826,42.2608458357668],[-71.8583575996235,42.2609382213219],[-71.858293688403,42.2610275123099],[-71.8582215474864,42.2611132743582],[-71.8581415276093,42.261195089282],[-71.8580540208763,42.2612725586817],[-71.857959450868,42.261345304842],[-71.8579088792913,42.2613791301428],[-71.8579091140144,42.2613816239628],[-71.8579091167123,42.2614827518276],[-71.8578996234688,42.2615836332781],[-71.8578806792499,42.2616837763852],[-71.8578523766858,42.2617826946157],[-71.8578148542721,42.261879905933],[-71.8577682936718,42.261974935495],[-71.8577129224134,42.2620673201508],[-71.8576490093942,42.262156612038],[-71.8575768675784,42.2622423740863],[-71.857496846802,42.2623241890101],[-71.857409337371,42.2624016584099],[-71.8573147664633,42.2624744045702],[-71.8572135936324,42.2625420731582],[-71.8571063126062,42.2626043341228],[-71.8569934458908,42.2626608852917],[-71.8568755429719,42.2627114496737],[-71.8567531785163,42.2627557826533],[-71.8566269487746,42.2627936665945],[-71.8564974679837,42.2628249171362],[-71.856365368367,42.2628493822932],[-71.8562312929398,42.2628669433548],[-71.8560958955092,42.2628775148855],[-71.8559598343788,42.2628810438252],[-71.8558237732485,42.2628775148855],[-71.8556883758179,42.2628669433548],[-71.8555543003906,42.2628493822932],[-71.8554222007739,42.2628249171362],[-71.8553121003731,42.2627983439684],[-71.8553100463216,42.2628201696152],[-71.8552911021026,42.2629203127223],[-71.8552810467829,42.2629554537312],[-71.8553192598759,42.2630008766892],[-71.855383178291,42.2630901658785],[-71.8554385558446,42.263182549635],[-71.8554851227402,42.2632775773984],[-71.8555226523485,42.2633747869169],[-71.855549838854,42.2634697832039],[-71.8555671804809,42.2634940073426],[-71.8556225580346,42.2635863910991],[-71.8556691249302,42.2636814188625],[-71.8557066545384,42.263778628381],[-71.8557185147976,42.2638200682416],[-71.8557413189067,42.2638666045602],[-71.8557774365794,42.2639601538381],[-71.8557931396417,42.2639630622456],[-71.8559226231305,42.263994311888],[-71.8560488564695,42.2640321940306],[-71.8561712245224,42.2640765243122],[-71.8562891310385,42.2641270868956],[-71.8564020031499,42.2641836353665],[-71.856509289572,42.2642458954318],[-71.8566104677988,42.2643135613218],[-71.8567050450018,42.2643863047842],[-71.8567925607281,42.2644637723852],[-71.8568725877997,42.2645455846111],[-71.8569447377095,42.2646313448607],[-71.8570086570239,42.2647206340501],[-71.8570640363761,42.2648130178066],[-71.857110604171,42.2649080455699],[-71.8571481346787,42.2650052550885],[-71.8571764444373,42.2651041724197],[-71.8571953958508,42.2652043155268],[-71.8572048962889,42.265305196078],[-71.8572048998862,42.2654063239427],[-71.8571954057434,42.2655072053932],[-71.8571764597258,42.2656073485004],[-71.8571481562624,42.2657062667309],[-71.8571106311506,42.2658034771488],[-71.8570640669531,42.2658985067107],[-71.8570086929968,42.2659908922659],[-71.8569447763803,42.2660801832539],[-71.8568726291684,42.2661659453022],[-71.8567926038955,42.266247760226],[-71.8567050890686,42.2663252296257],[-71.8566105118656,42.266397975786],[-71.8565093336388,42.266465644374],[-71.856402045418,42.2665279053386],[-71.8563799274916,42.2665389867848],[-71.8563817252364,42.2665484863236],[-71.8563912256745,42.2666493668748],[-71.8563912265738,42.2666780111813],[-71.8564070447493,42.2667332790177],[-71.8564259970621,42.2668334221248],[-71.8564354975002,42.266934302676],[-71.8564354975002,42.2669346165394],[-71.8564508992895,42.2670160024866],[-71.8564510188993,42.2670172768259],[-71.8564679144627,42.267076308325],[-71.8564868667755,42.2671764514321],[-71.8564957943454,42.267271248969],[-71.8564974814735,42.2672771449244],[-71.8565274028173,42.267354642203],[-71.8565557143747,42.2674535595342],[-71.8565746657882,42.2675537026413],[-71.8565791084391,42.2676008720827],[-71.8565818936394,42.2676106036465],[-71.8565857715161,42.267631096498],[-71.8565892779728,42.2676401769527],[-71.8566175886308,42.2677390942838],[-71.8566365409436,42.2678392373909],[-71.8566460413817,42.2679401179421],[-71.8566460440796,42.2680284745345],[-71.8566508239763,42.2680792322708],[-71.8566597830225,42.2680941763052],[-71.8567063535153,42.2681892049679],[-71.8567438858216,42.2682864135872],[-71.856772197379,42.2683853309184],[-71.8567750338407,42.2684003163216],[-71.8567843409245,42.268424422649],[-71.8567929789128,42.2684546029976],[-71.8568086783778,42.2684866377482],[-71.856846210684,42.2685838463674],[-71.856854236234,42.2686118854302],[-71.8568581096141,42.268621918267],[-71.8568617320832,42.2686345744261],[-71.8568978236756,42.2686947786412],[-71.8569443950677,42.2687898064045],[-71.8569513000624,42.2688076894234],[-71.8569681902297,42.2688421541421],[-71.857005722536,42.2689393627614],[-71.8570124530622,42.2689628791336],[-71.8570437980328,42.2690440600354],[-71.8570508649054,42.2690687509221],[-71.8570657558799,42.2690991363161],[-71.8571032890855,42.2691963449354],[-71.8571102237578,42.26922057447],[-71.8571300061448,42.2692609396407],[-71.8571675393504,42.26935814826],[-71.8571678001538,42.2693590601725],[-71.8571913354118,42.2694200144222],[-71.8572196469691,42.2695189317533],[-71.8572386001812,42.2696190748605],[-71.8572481006193,42.2697199554117],[-71.8572481042166,42.2698210832764],[-71.8572386091744,42.269921964727],[-71.8572196622576,42.2700221078341],[-71.8572127015049,42.2700464326967],[-71.8572231147549,42.2700734024656],[-71.8572514272116,42.2701723188974],[-71.8572703795244,42.2702724620046],[-71.8572798808618,42.2703733425558],[-71.8572798808618,42.270380944525],[-71.857296200859,42.2704003411029],[-71.8573601264686,42.2704896302923],[-71.8574155103175,42.2705820140488],[-71.857462082609,42.2706770418121],[-71.8574996167139,42.2707742513307],[-71.8575279291705,42.2708731677625],[-71.8575468823827,42.2709733108696],[-71.8575563837201,42.2710741914208],[-71.8575563864181,42.2711753192856],[-71.8575468913759,42.2712762007361],[-71.857527944459,42.2713763438432],[-71.8574996382976,42.2714752620737],[-71.8574621095887,42.2715724724916],[-71.8574155417938,42.2716675020536],[-71.8573601615422,42.2717598867094],[-71.8572962395298,42.2718491776974],[-71.8572240860227,42.2719349397457],[-71.8571440535552,42.2720167546695],[-71.8570565306343,42.2720942240692],[-71.8569619453374,42.2721669702295],[-71.8568607572182,42.2722346388176],[-71.8567534591048,42.2722968997821],[-71.8566405753023,42.2723534509511],[-71.8566132314155,42.2723651763119],[-71.8567132405236,42.2723836942521],[-71.8568427402002,42.2724149438946],[-71.8569689906264,42.2724528260371],[-71.857091374867,42.2724971563188],[-71.857209297571,42.2725477189022],[-71.8573221849708,42.2726042673731],[-71.8574294848828,42.272666526539],[-71.8575306765994,42.2727341933284],[-71.8576252663929,42.2728069367907],[-71.8577127938103,42.2728844034925],[-71.8577928325731,42.2729662166176],[-71.8578649914762,42.273051975968],[-71.8579289197838,42.2731412651573],[-71.8579843063306,42.2732336489138],[-71.8580308804208,42.2733286766771],[-71.858068415425,42.2734258861957],[-71.8580967296803,42.2735248026276],[-71.8581156828924,42.2736249457347],[-71.8581251851292,42.2737258262859],[-71.8581251878271,42.2738269541506],[-71.858115692785,42.2739278347019],[-71.8580967449687,42.2740279787083],[-71.8580684370087,42.2741268960395],[-71.8580309065011,42.2742241064574],[-71.8579843369076,42.2743191360194],[-71.8579289548574,42.2744115215745],[-71.857865030147,42.2745008125625],[-71.8577928739419,42.2745865746108],[-71.8577128369778,42.2746683895346],[-71.857625311359,42.274745858035],[-71.8575307215655,42.2748186041953],[-71.8574295289496,42.2748862727833],[-71.857322227239,42.2749485346472],[-71.8572093380405,42.2750050849168],[-71.8571927653338,42.2750121904603],[-71.8571507247261,42.275082321392],[-71.8570867991165,42.2751716123801],[-71.8570146420121,42.2752573744283],[-71.8569402339047,42.2753334354897],[-71.8570052494927,42.2753834332989],[-71.8570927805074,42.2754609000006],[-71.8571728219681,42.2755427122265],[-71.8572419699409,42.2756248904764],[-71.8572998808847,42.2756203704837],[-71.8574359689947,42.275616841544],[-71.8575720571047,42.2756203704837],[-71.8577074824144,42.2756309411151],[-71.8578415857206,42.2756485012774],[-71.8579737123169,42.275672965535],[-71.8581032191882,42.2757042151774],[-71.8582294759095,42.27574209732],[-71.8583518664454,42.2757864276016],[-71.8584697954446,42.275836990185],[-71.8585826882404,42.275893538656],[-71.8586899944477,42.2759557978218],[-71.8587911915602,42.2760234637119],[-71.8588857858503,42.2760962080736],[-71.8589733177644,42.2761736747754],[-71.8590533601244,42.2762554870011],[-71.8591255226247,42.2763412472508],[-71.8591894545297,42.2764305364402],[-71.8592448437745,42.2765229192973],[-71.8592914205626,42.2766179470607],[-71.8593289582648,42.2767151565793],[-71.8593414363581,42.2767587494168],[-71.8593466281444,42.2767674080895],[-71.8593932049324,42.2768624358528],[-71.8594307426346,42.2769596453714],[-71.8594590577893,42.2770585627026],[-71.8594698415599,42.2771155338548],[-71.8594939281023,42.2771646764087],[-71.8594988410986,42.277177400017],[-71.8594994769193,42.2771781554476],[-71.8595634097235,42.2772674446369],[-71.8596035086949,42.2773343245195],[-71.8596469954124,42.2773500752458],[-71.8597694767799,42.2773796278676],[-71.8598614342578,42.2774072181687],[-71.8599541390722,42.2774144541138],[-71.8600882450764,42.2774320142761],[-71.8602203761694,42.2774564785337],[-71.8603498866379,42.2774877272768],[-71.8604761469566,42.2775256094194],[-71.8605985410898,42.277569939701],[-71.8607164736863,42.2776205022844],[-71.86082936918,42.2776770516547],[-71.8609366780852,42.2777393099213],[-71.8610378778957,42.2778069767107],[-71.8611324757831,42.277879720173],[-71.8611416263849,42.277887818568],[-71.8612727196602,42.2779049839279],[-71.8614048507532,42.2779294481855],[-71.8615343630204,42.2779606969287],[-71.861660623339,42.2779985790712],[-71.8617830183716,42.2780429102522],[-71.8617942814809,42.2780477396116],[-71.8618421110245,42.2780333891296],[-71.8618392484825,42.2780029812526],[-71.8618392502812,42.2779315975652],[-71.8618392511805,42.2779018524885],[-71.8618392538784,42.2778304697005],[-71.8618442981758,42.2777769195692],[-71.8618103613591,42.2776890225304],[-71.8617820516004,42.2775901051992],[-71.8617662325256,42.2775065024232],[-71.8617581278353,42.277485510448],[-71.8617298189759,42.2773865931168],[-71.8617229823298,42.2773504628536],[-71.8617117336096,42.2773213275173],[-71.8616834238509,42.2772224101861],[-71.8616644751354,42.2771222661797],[-71.8616549791939,42.2770213856285],[-71.8616549809925,42.2769732044499],[-71.8616486983287,42.2769569321168],[-71.8616203894694,42.2768580147856],[-71.8616014407539,42.2767578707792],[-71.8615919448123,42.276656990228],[-71.8615919475103,42.2765558623632],[-71.8615933630433,42.2765408301952],[-71.8615899060493,42.2765041036815],[-71.8615773272318,42.2764715230424],[-71.8615490183724,42.2763726057112],[-71.861530069657,42.2762724617048],[-71.8615205737154,42.2761715811536],[-71.8615205773128,42.2760704532889],[-71.8615300795495,42.2759695727377],[-71.8615490336609,42.2758694296305],[-71.8615773488156,42.2757705131987],[-71.8616148856185,42.2756733036801],[-71.8616614615072,42.2755782759168],[-71.8617168498527,42.2754858921602],[-71.8617807808583,42.2753966038702],[-71.8618529424593,42.2753108436206],[-71.8619329830207,42.2752290313948],[-71.8620205140355,42.2751515637937],[-71.8621151074262,42.2750788203314],[-71.8622163027401,42.2750111544413],[-71.8623236071487,42.2749488952754],[-71.8624364981458,42.2748923468044],[-71.8625544253464,42.274841784221],[-71.8626768140837,42.2747974539394],[-71.8628030690064,42.2747595717968],[-71.862932574079,42.2747283221544],[-71.8630646988767,42.2747038578968],[-71.863198799485,42.2746862977345],[-71.8633342229959,42.2746757271032],[-71.8634703093073,42.2746721981634],[-71.8636063956186,42.2746757271032],[-71.8637418191296,42.2746862977345],[-71.8638759197379,42.2747038578968],[-71.8640080445356,42.2747283221544],[-71.8641375496082,42.2747595717968],[-71.8642638045309,42.2747974539394],[-71.8643861932682,42.274841784221],[-71.8644356227058,42.2748629776444],[-71.8644656735519,42.2748428840919],[-71.8645729779605,42.2747806249259],[-71.8646858680583,42.274724076455],[-71.8648037952589,42.2746735138716],[-71.8649261839961,42.27462918359],[-71.8650524380196,42.2745913014474],[-71.8651819430922,42.274560051805],[-71.8653140669905,42.2745355875474],[-71.8654481675988,42.2745180273851],[-71.8655835902105,42.2745074567538],[-71.8657196765218,42.2745039278141],[-71.8658557628331,42.2745074567538],[-71.8659911854448,42.2745180273851],[-71.8661252860531,42.2745355875474],[-71.8662574099515,42.274560051805],[-71.8663869150241,42.2745913014474],[-71.8665131690475,42.27462918359],[-71.8666355577847,42.2746735138716],[-71.8667534849853,42.274724076455],[-71.8668663750831,42.2747806249259],[-71.8669736794917,42.2748428840919],[-71.8670748748056,42.2749105499819],[-71.8671694681964,42.2749832934443],[-71.8672569983118,42.2750607610453],[-71.8673370388732,42.2751425732712],[-71.8673951791442,42.2752116699826],[-71.8674201443242,42.275208400947],[-71.8675555687345,42.2751978303157],[-71.8676916559451,42.2751943013759],[-71.8678277431558,42.2751978303157],[-71.8679631675661,42.275208400947],[-71.868097269973,42.2752259611092],[-71.86822939567,42.2752504253669],[-71.868358901642,42.2752816750093],[-71.868485157464,42.2753195571519],[-71.8686075471006,42.2753638874335],[-71.8687058160206,42.2754060206714],[-71.8687524332781,42.2753789735608],[-71.8688653242752,42.2753224250899],[-71.8689832523751,42.2752718625065],[-71.8691056420117,42.2752275322249],[-71.8692318978338,42.2751896500823],[-71.8693614038057,42.2751584004399],[-71.8694935295027,42.2751339361823],[-71.8696276310103,42.27511637602],[-71.8696601864684,42.2751138345359],[-71.8697828773779,42.2750842297535],[-71.8699150021756,42.2750597654958],[-71.8700491036831,42.2750422053335],[-71.8701845280934,42.2750316347023],[-71.8703206153041,42.2750281057625],[-71.8704567025148,42.2750316347023],[-71.8705921269251,42.2750422053335],[-71.8707262284327,42.2750597654958],[-71.8708583532304,42.2750842297535],[-71.8709878592023,42.2751154793959],[-71.8711141150243,42.2751533615385],[-71.8712365046609,42.2751976918201],[-71.8713544318615,42.2752482544035],[-71.8714673237579,42.2753048028744],[-71.8715746290658,42.2753670620403],[-71.8716758252791,42.2754347279304],[-71.8717704186698,42.2755074722921],[-71.8718579496846,42.2755849389938],[-71.8719379911453,42.2756667512197],[-71.8720101536456,42.2757525114693],[-71.8720740846513,42.2758418006586],[-71.8721294729967,42.2759341835158],[-71.8721760497849,42.2760292112791],[-71.8721829008202,42.2760469531045],[-71.8722329858635,42.2761304893307],[-71.8722425294691,42.2761499614516],[-71.8722538834099,42.2761548294819],[-71.8723667762057,42.2762113779528],[-71.8724740833123,42.2762736371187],[-71.8725752804248,42.2763413030088],[-71.8726698756142,42.2764140473704],[-71.8727574084276,42.2764915140722],[-71.8728374507877,42.276573326298],[-71.8729096141873,42.2766590865477],[-71.8729735460922,42.276748375737],[-71.8730037021591,42.2767986730204],[-71.8730274019929,42.2768268379882],[-71.8730913338979,42.2769161271776],[-71.873146724042,42.2770085100348],[-71.8731554798415,42.2770263732685],[-71.8731931407508,42.2770333466117],[-71.87332265032,42.2770645953548],[-71.8734489097394,42.2771024774974],[-71.8735713029732,42.277146807779],[-71.8736892346704,42.2771973703624],[-71.8738021292648,42.2772539188334],[-71.87390943817,42.2773161779993],[-71.87396845528,42.2773556402507],[-71.8739986994804,42.2773500401723],[-71.8741328054845,42.27733248001],[-71.8742682352908,42.2773219093786],[-71.874404326998,42.2773183795396],[-71.8745404187053,42.2773219093786],[-71.8746758485116,42.27733248001],[-71.8748065011191,42.2773495878133],[-71.8748402301924,42.2773504628536],[-71.8749756599987,42.277361033485],[-71.8750489151752,42.2773706256539],[-71.8750972123664,42.2773718784095],[-71.8752326421726,42.2773824490408],[-71.8753667481769,42.2774000092031],[-71.8754935426928,42.2774234851058],[-71.8754970167739,42.2774237567011],[-71.8756311236774,42.2774413168634],[-71.875763253871,42.277465781121],[-71.8758927643395,42.2774970298641],[-71.8759791577119,42.2775229510234],[-71.876055927439,42.2775371648083],[-71.8761854388069,42.2775684135515],[-71.8763116991256,42.2776062956941],[-71.8764340932588,42.2776506259756],[-71.8765520258553,42.277701188559],[-71.876664921349,42.2777577379293],[-71.8766928201175,42.2777739239275],[-71.8767441012592,42.2777752540248],[-71.8768795319648,42.2777858246561],[-71.8769575769306,42.2777960436525],[-71.877049175579,42.2777739428133],[-71.8771813066719,42.2777494785556],[-71.8773154144748,42.2777319183934],[-71.8773449787877,42.277729610733],[-71.8773918901236,42.2777209250807],[-71.8775259979264,42.2777033649184],[-71.8775376972069,42.2777024521065],[-71.8775431965612,42.2776440699179],[-71.877562151572,42.2775439277101],[-71.8775904667266,42.277445010379],[-71.8776280044288,42.2773478008604],[-71.8776745821162,42.2772527730971],[-71.8776806345536,42.2772426773077],[-71.8776999205149,42.2771753045967],[-71.8777374582171,42.2770780950781],[-71.8777840350052,42.2769830673147],[-71.8778394251493,42.2768906844576],[-71.8779033570543,42.2768013952683],[-71.8779755204538,42.2767156350186],[-71.8780555628139,42.2766338227927],[-71.8781430956273,42.276556356091],[-71.8782376908167,42.2764836117294],[-71.8783388888286,42.2764159458393],[-71.8784461959352,42.2763536866734],[-71.8785590896302,42.2762971382024],[-71.8786770186294,42.276246575619],[-71.878799410964,42.2762022453374],[-71.8789256685847,42.2761643631949],[-71.8790551763553,42.2761331135524],[-71.8791873038509,42.2761086492948],[-71.8793214071572,42.2760910891325],[-71.8794568342655,42.2760805185012],[-71.8795929232747,42.2760769895615],[-71.879729012284,42.2760805185012],[-71.8798644393923,42.2760910891325],[-71.8799985426986,42.2761086492948],[-71.8801306701943,42.2761331135524],[-71.8802601779648,42.2761643631949],[-71.8803864355855,42.2762022453374],[-71.88050882792,42.276246575619],[-71.8806267569192,42.2762971382024],[-71.8807396506144,42.2763536866734],[-71.8808469577209,42.2764159458393],[-71.8809481557328,42.2764836117294],[-71.8810427509222,42.276556356091],[-71.8810437248879,42.2765572185409],[-71.8811303475874,42.2766074762541],[-71.8812315455993,42.2766751430435],[-71.8813261416881,42.2767478865058],[-71.8814136745015,42.2768253532075],[-71.8814937177608,42.2769071654334],[-71.8815658811604,42.276992925683],[-71.8816196570215,42.2770680298657],[-71.8816845709861,42.2770560104266],[-71.8818186769903,42.2770384502643],[-71.8819541049979,42.2770278805323],[-71.8820901967052,42.2770243506933],[-71.8822262884124,42.2770278805323],[-71.8823617164201,42.2770384502643],[-71.8824958224242,42.2770560104266],[-71.8826279517186,42.2770804755835],[-71.8827574621871,42.2771117243267],[-71.8828837207071,42.2771496064692],[-71.8830061148403,42.2771939367508],[-71.8831240465375,42.2772444993342],[-71.8832369411319,42.2773010478052],[-71.8833442500371,42.2773633069711],[-71.8834454489483,42.2774309737605],[-71.8835400459363,42.2775037172228],[-71.883627579649,42.2775811839245],[-71.8837076238078,42.2776629961504],[-71.8837797881067,42.2777487564001],[-71.8838437218103,42.2778380455894],[-71.8838991119544,42.2779304284465],[-71.8839456896418,42.2780254571092],[-71.8839832282433,42.2781226657285],[-71.8840115433979,42.2782215830597],[-71.8840147377899,42.2782384579385],[-71.8840446843147,42.2782690663644],[-71.884116849513,42.2783548257147],[-71.8841797292111,42.2784426436132],[-71.884285250264,42.2784878840087],[-71.8843981475565,42.2785444324796],[-71.8845054582603,42.2786066916456],[-71.8846066598694,42.2786743575356],[-71.8847012586562,42.278747100998],[-71.8847887941675,42.2788245676997],[-71.8848688392255,42.2789063808249],[-71.8849410053231,42.2789921401752],[-71.885004939926,42.2790814293645],[-71.8850603318688,42.279173813121],[-71.8851069104555,42.2792688408844],[-71.8851444490571,42.2793660495036],[-71.885172765111,42.2794649668348],[-71.885191721021,42.2795651090426],[-71.8852012232578,42.2796659895938],[-71.8852012268551,42.2797671174586],[-71.8851917300143,42.2798679980098],[-71.8851727803994,42.2799681420162],[-71.8851444697414,42.2800670593473],[-71.8851069365359,42.2801642697653],[-71.8850977994239,42.2801829136106],[-71.8851000261453,42.2802065558879],[-71.8851000270446,42.2802532990506],[-71.8851119448603,42.2803162578891],[-71.885121447097,42.2804171384402],[-71.8851214506943,42.280518266305],[-71.8851119538535,42.2806191468562],[-71.8850930042387,42.2807192908626],[-71.8850646926814,42.2808182081938],[-71.8850271585765,42.2809154186118],[-71.8849805844864,42.2810104481737],[-71.8849717765262,42.2810251394986],[-71.8849778541446,42.281057246195],[-71.8849829497033,42.2811113350202],[-71.8849833004389,42.2811122442347],[-71.8850116173922,42.2812111615659],[-71.8850305742016,42.2813113037737],[-71.8850400764383,42.2814121843249],[-71.8850400800357,42.2815133121896],[-71.8850305831948,42.2816141927408],[-71.8850116326807,42.281714335848],[-71.8849833220227,42.2818132540785],[-71.8849457870184,42.2819104644964],[-71.884899212029,42.282005493159],[-71.8848438227841,42.2820978787142],[-71.8847798899799,42.2821871697022],[-71.8847077247816,42.2822729317505],[-71.8846276788243,42.282354745775],[-71.8845678037611,42.2824077356286],[-71.8845621740051,42.2824155975019],[-71.8845079916505,42.282479988061],[-71.8845073477358,42.2824816563034],[-71.8844607727464,42.2825766849661],[-71.8844053835016,42.2826690705213],[-71.8843414497981,42.2827583615093],[-71.8842692837005,42.2828441226582],[-71.8841892377431,42.282925937582],[-71.8841016995337,42.2830034069817],[-71.8840070980491,42.283076153142],[-71.8839058919433,42.2831438208307],[-71.8837985758436,42.2832060826946],[-71.8836856722559,42.2832626329642],[-71.8835677306662,42.2833131973462],[-71.8834751040927,42.2833467447565],[-71.8834363900773,42.2833863140272],[-71.883348851868,42.2834637834269],[-71.883254249484,42.2835365286879],[-71.8831530424789,42.283604197276],[-71.8830457263791,42.2836664591399],[-71.8829328209928,42.2837230094094],[-71.8828148794031,42.2837735737914],[-71.8826924735787,42.2838179058717],[-71.8825662024682,42.2838557898129],[-71.8824366794092,42.2838870403547],[-71.8823706754662,42.2838992603427],[-71.8822933211798,42.2839677167368],[-71.8821987178965,42.2840404619978],[-71.8820975108914,42.2841081305858],[-71.881990192993,42.2841703915504],[-71.8818772876067,42.2842269427193],[-71.8818220656358,42.2842506173721],[-71.8818150554204,42.2842568208956],[-71.8817204521371,42.2843295661566],[-71.8816192442327,42.2843972347446],[-71.8815119263343,42.2844594957092],[-71.8813990200487,42.2845160468781],[-71.8812810766603,42.2845666112602],[-71.8811586699366,42.2846109433404],[-71.8810323961281,42.2846488272816],[-71.8809472932829,42.2846693606025],[-71.880894486891,42.2847099649929],[-71.8808020167996,42.2847717906856],[-71.88077021947,42.284824824606],[-71.8807062839678,42.284914115594],[-71.8806341160716,42.284999876743],[-71.8805540665169,42.2850816916668],[-71.8804665256096,42.2851591601671],[-71.8803719205277,42.2852319063275],[-71.8802707117239,42.2852995749155],[-71.8801776067111,42.2853535890969],[-71.8801293409962,42.2854029196091],[-71.8800417991897,42.2854803881095],[-71.8799471941077,42.2855531342698],[-71.8798459844046,42.2856208028578],[-71.8797386638083,42.2856830638224],[-71.879625755724,42.2857396149913],[-71.8795078096377,42.2857901793734],[-71.8793854011153,42.2858345114536],[-71.8793040772213,42.2858589082621],[-71.879244268708,42.2859048977929],[-71.8791430590049,42.2859725663809],[-71.8790357375092,42.2860348273455],[-71.879002005738,42.2860517220094],[-71.8789979974596,42.2860548039861],[-71.8788967868572,42.2861224725741],[-71.8787894653615,42.2861847335387],[-71.8786765563779,42.2862412838082],[-71.8785586093923,42.2862918490896],[-71.8785112142211,42.2863090135502],[-71.8784430968714,42.2863431302313],[-71.8784354391441,42.2863464136561],[-71.8783885035266,42.2863777937003],[-71.8782811820309,42.2864400546649],[-71.878168272148,42.2864966049344],[-71.878050324263,42.2865471702158],[-71.877927913942,42.2865915022961],[-71.8778016365363,42.2866293853379],[-71.8776721080813,42.2866606358797],[-71.8775399581025,42.286685101936],[-71.8774058323133,42.2867026629975],[-71.8773815964835,42.2867045542718],[-71.8772973425982,42.286724881648],[-71.8771651935188,42.2867493477043],[-71.8770310677295,42.2867669087658],[-71.8768956181382,42.2867774793972],[-71.8767708443989,42.2867807142586],[-71.8767462056728,42.2867950080832],[-71.8767347249276,42.2868067424372],[-71.8766471813223,42.2868842109376],[-71.8765525735424,42.286956957098],[-71.8764513620407,42.287024625686],[-71.8763440396457,42.2870868866506],[-71.8762311288635,42.2871434369201],[-71.8761131800791,42.2871940013022],[-71.8759907679595,42.2872383333824],[-71.8758644896544,42.2872762173236],[-71.8757349594008,42.2873074678654],[-71.8756028085227,42.2873319339217],[-71.8754686809348,42.2873494940839],[-71.8753332304442,42.2873600656146],[-71.8751971171532,42.2873635945543],[-71.8751527275163,42.2873624434221],[-71.8751326582455,42.2873650712411],[-71.8749972077549,42.2873756427717],[-71.8748610944639,42.2873791717114],[-71.8747249811729,42.2873756427717],[-71.8745895306823,42.2873650712411],[-71.8744554030943,42.2873475110788],[-71.8743232522163,42.2873230450226],[-71.8741937219627,42.2872917944808],[-71.8740674436576,42.2872539105396],[-71.8739450315379,42.2872095784593],[-71.8739217148153,42.2871995824948],[-71.8738219278397,42.2871865180434],[-71.8736897769616,42.2871620519871],[-71.8735602476073,42.2871308014454],[-71.8734339693022,42.2870929175042],[-71.8733444085176,42.2870604825552],[-71.873310405151,42.2870522789396],[-71.873184126846,42.2870143949984],[-71.8730617156256,42.2869700629181],[-71.873037756787,42.286959791761],[-71.8729846437263,42.286943857573],[-71.8729483326994,42.2869371351407],[-71.8728188024457,42.2869058845989],[-71.87269252504,42.2868680015571],[-71.8725701138197,42.2868236685775],[-71.8724521659346,42.2867731041954],[-71.8723392560518,42.2867165539259],[-71.8722319336568,42.2866542929613],[-71.8721562080426,42.2866036629288],[-71.8720965533133,42.2865737856517],[-71.8719892309182,42.2865115246872],[-71.8719182033624,42.2864640359865],[-71.8719051973669,42.2864575221969],[-71.8717978758712,42.2863952612324],[-71.8717858438416,42.2863872167967],[-71.8716910490027,42.2863397388879],[-71.871583727507,42.2862774779233],[-71.8714825169046,42.2862098093353],[-71.8714720469973,42.2862017586043],[-71.8713841004958,42.2861577107099],[-71.8713131916504,42.2861165739208],[-71.8712476013956,42.2860884539191],[-71.871147769454,42.2860699719517],[-71.8710182418983,42.2860387205106],[-71.8708919653919,42.2860008374687],[-71.8707695559702,42.2859565053885],[-71.8706516098839,42.2859059401071],[-71.8705387009003,42.2858493898375],[-71.8704313803039,42.2857871288729],[-71.8703301706009,42.2857194602849],[-71.8702355646196,42.2856467141246],[-71.8701480237123,42.2855692456242],[-71.8700679732583,42.2854874307004],[-71.8699958044627,42.2854016686521],[-71.8699788576381,42.2853780011939],[-71.8699731379499,42.2853729398093],[-71.8698930883953,42.2852911248855],[-71.8698209195997,42.2852053628373],[-71.8697569840975,42.2851160727486],[-71.8697015921547,42.2850236871935],[-71.8696550153666,42.2849286585308],[-71.8696261840012,42.2848539941166],[-71.8696123686159,42.2848309507878],[-71.8695953651339,42.2847962603392],[-71.8695892407508,42.2847877068872],[-71.8695338497074,42.2846953213321],[-71.86948727202,42.2846002926694],[-71.8694497361164,42.2845030822515],[-71.8694281074212,42.2844275149179],[-71.8693930842234,42.2843368146923],[-71.8693823310297,42.2842992446145],[-71.8693556742249,42.2842448581138],[-71.8693181383214,42.2841476476958],[-71.8693147541725,42.2841358225103],[-71.8692807265243,42.2840663984456],[-71.8692431906207,42.2839691880276],[-71.869214878164,42.2838702697971],[-71.8692124868667,42.2838576316245],[-71.8691825187582,42.2837800210312],[-71.8691542063015,42.2836811028007],[-71.8691352557874,42.2835809596936],[-71.8691338042816,42.2835655444144],[-71.8691145497966,42.2835485040603],[-71.8690988404391,42.2836033887854],[-71.8690613045355,42.2837005992034],[-71.8690147286468,42.283795627866],[-71.8689593376033,42.2838880134211],[-71.8688954030004,42.2839773044091],[-71.8688232360035,42.2840630655581],[-71.8687431882475,42.2841448804819],[-71.8686556482396,42.2842223498816],[-71.8685610449562,42.2842950951426],[-71.8684598370518,42.2843627637306],[-71.8683525191534,42.2844250246952],[-71.8682396128678,42.2844815758641],[-71.8681216694794,42.2845321402461],[-71.8679992627557,42.2845764723264],[-71.8678729898465,42.2846143562676],[-71.8677434649889,42.2846456068093],[-71.8676113195068,42.2846700719663],[-71.8674771982141,42.2846876330279],[-71.8673417531194,42.2846982036592],[-71.8672056452243,42.2847017334983],[-71.8670695373293,42.2846982036592],[-71.8669340922345,42.2846876330279],[-71.8668171722746,42.2846723238687],[-71.8667599753925,42.2846767881033],[-71.8666238674974,42.2846803179424],[-71.8664877596024,42.2846767881033],[-71.8663523145077,42.284666217472],[-71.866218193215,42.2846486564104],[-71.8661167065208,42.2846298668749],[-71.8660181300326,42.2846324236475],[-71.8658820221376,42.2846288938085],[-71.8657465779422,42.2846183231771],[-71.8656124557502,42.2846007621155],[-71.8654803111674,42.2845762969585],[-71.8653507863097,42.2845450464168],[-71.8652245134005,42.2845071624756],[-71.8651082247647,42.2844650463249],[-71.8650271086141,42.2844544253315],[-71.8648949640314,42.2844299601746],[-71.8648583220539,42.2844211189395],[-71.8647960089286,42.2844195037571],[-71.8646605647332,42.2844089322265],[-71.8645264434406,42.2843913711649],[-71.8644709966392,42.284381106303],[-71.864458633659,42.2844063304878],[-71.8645009413653,42.2844926393239],[-71.8645384835641,42.2845898488425],[-71.8645668023161,42.2846887652743],[-71.8645857591254,42.2847889074821],[-71.8645952622615,42.2848897880333],[-71.8645952658588,42.2849909158981],[-71.8645932414848,42.2850124168896],[-71.864598837966,42.2850718171107],[-71.8645988406639,42.2851729449755],[-71.8645893438231,42.2852738255267],[-71.8645881369329,42.2852802026193],[-71.8645881387316,42.2853478352345],[-71.8645824828952,42.2854079171417],[-71.8645881423288,42.2854679972504],[-71.8645881459262,42.2855691251151],[-71.864578648186,42.2856700056663],[-71.8645596967726,42.2857701487734],[-71.8645313843159,42.2858690670039],[-71.8644938466137,42.2859662765225],[-71.8644472689263,42.2860613060844],[-71.8643918760842,42.2861536907403],[-71.8643279396827,42.2862429817283],[-71.8643026534447,42.2862730298765],[-71.8643027002094,42.2862731917544],[-71.8643216579181,42.2863733339622],[-71.8643311619535,42.2864742145134],[-71.8643311646515,42.2865753423782],[-71.8643216678107,42.2866762229294],[-71.8643027154979,42.2867763660365],[-71.8642744021419,42.286875284267],[-71.8642368644397,42.2869724937856],[-71.864190285853,42.2870675233476],[-71.8641348921116,42.2871599080034],[-71.8640709539114,42.2872491989914],[-71.8640690167717,42.2872515012558],[-71.8640999039873,42.2873314770661],[-71.8641282236385,42.2874303934979],[-71.8641471822466,42.2875305357057],[-71.8641566853827,42.2876314171562],[-71.8641566880806,42.2877111951156],[-71.8641715080087,42.2877318894152],[-71.864226907146,42.2878242731717],[-71.864273492028,42.2879193000357],[-71.8643110360255,42.2880165095543],[-71.864339356576,42.2881154259862],[-71.8643583142847,42.2882155681939],[-71.864360521221,42.2882389937346],[-71.8644614341478,42.288289531137],[-71.8645687610394,42.288351790303],[-71.8646699779371,42.288419456193],[-71.8647645911129,42.2884921996554],[-71.8648521401141,42.2885696663571],[-71.864932198662,42.2886514785829],[-71.8650043755515,42.2887372379332],[-71.8650683191476,42.2888265271226],[-71.8651237200836,42.2889189108791],[-71.8651703058649,42.2890139377431],[-71.8652078507617,42.2891111472617],[-71.8652361713122,42.2892100636935],[-71.8652551299203,42.2893102068007],[-71.8652646339556,42.2894110873519],[-71.8652646366536,42.2895122143173],[-71.8652551389135,42.2896130948685],[-71.8652361866007,42.2897132379756],[-71.8652145821872,42.289788712679],[-71.8652698131513,42.2898375827383],[-71.8653498725985,42.2899193949642],[-71.8654220503873,42.2900051552138],[-71.8654859966813,42.2900944435038],[-71.8655413976174,42.2901868272603],[-71.8655840614553,42.2902738528561],[-71.8656772042395,42.2903454631726],[-71.8657647550394,42.2904229298744],[-71.8657744191541,42.2904328053298],[-71.8658922950933,42.2904173738628],[-71.8660277518792,42.2904068032315],[-71.8661638723648,42.2904032742917],[-71.8662999928504,42.2904068032315],[-71.8664354496362,42.2904173738628],[-71.8665695835194,42.290434934025],[-71.8667017415921,42.2904593982827],[-71.8668312790402,42.2904906479251],[-71.8669575645399,42.2905285300677],[-71.8670799838541,42.2905728603493],[-71.8671979407324,42.2906234229327],[-71.8673108596084,42.2906799714036],[-71.8674181909967,42.2907422296702],[-71.8675194114916,42.2908098955603],[-71.8676140282648,42.2908826390226],[-71.8677015808632,42.2909601057244],[-71.867781642109,42.2910419188495],[-71.8678538216965,42.2911276781998],[-71.8679177679905,42.2912169664899],[-71.8679731707252,42.2913093502464],[-71.8680197583051,42.2914043780097],[-71.8680573041013,42.291501586629],[-71.8680856255511,42.2916005030608],[-71.8681045850585,42.2917006461679],[-71.8681140899932,42.2918015267192],[-71.8681140926912,42.2919026536846],[-71.8681045940517,42.2920035342358],[-71.8680856408396,42.2921036773429],[-71.8680573247857,42.2922025946741],[-71.8680197843855,42.292299805092],[-71.8679732013022,42.2923948337546],[-71.8679178030641,42.2924872193097],[-71.8678538603673,42.2925765093984],[-71.8677816834779,42.2926622714467],[-71.8677391959071,42.2927056907151],[-71.8677455532147,42.2927731596536],[-71.8677455559126,42.2928742866191],[-71.8677360581725,42.2929751671703],[-71.8677185492716,42.2930676741339],[-71.8677217706432,42.2931018654588],[-71.8677217715425,42.2931251444099],[-71.8677405754672,42.2931634986966],[-71.8677781230619,42.2932607073158],[-71.8678064454111,42.2933596237477],[-71.8678203282455,42.2934329544673],[-71.8678397050383,42.2934600087724],[-71.8678951095716,42.2935523916296],[-71.8679416989502,42.2936474193929],[-71.867979246545,42.2937446280122],[-71.8680075688941,42.2938435444441],[-71.8680265293008,42.2939436875512],[-71.8680360333362,42.2940445681024],[-71.8680360369335,42.2941456950678],[-71.8680265382941,42.294246575619],[-71.8680075841826,42.2943467187261],[-71.8679792672294,42.2944456360573],[-71.8679417250306,42.2945428464752],[-71.8678951410479,42.2946378751379],[-71.8678397410112,42.2947302597937],[-71.8677757947171,42.2948195507817],[-71.867703616029,42.29490531283],[-71.8676235538838,42.2949871268545],[-71.8675359994867,42.2950645962542],[-71.8674413791163,42.2951373415152],[-71.8673401541247,42.2952050101032],[-71.8672328182399,42.2952672710678],[-71.8671198921692,42.2953238213373],[-71.8670019289958,42.2953743857193],[-71.8668795006884,42.2954187177996],[-71.8667532061955,42.2954566017408],[-71.8666236588547,42.2954878522826],[-71.8664914908895,42.2955123174395],[-71.8663573462145,42.2955298785012],[-71.8662218786367,42.2955404491325],[-71.8660857473593,42.2955439789715],[-71.8659496160819,42.2955404491325],[-71.8658141485041,42.2955298785012],[-71.8656800038291,42.2955123174395],[-71.8655478358639,42.2954878522826],[-71.8654182885231,42.2954566017408],[-71.8652919940303,42.2954187177996],[-71.8651695657229,42.2953743857193],[-71.8650516025494,42.2953238213373],[-71.8649386764787,42.2952672710678],[-71.8648313405939,42.2952050101032],[-71.8647301156023,42.2951373415152],[-71.8646354952319,42.2950645962542],[-71.8645479408348,42.2949871268545],[-71.8644678786896,42.29490531283],[-71.8643957000015,42.2948195507817],[-71.8643317537074,42.2947302597937],[-71.8642763536707,42.2946378751379],[-71.8642297696881,42.2945428464752],[-71.8641922274892,42.2944456360573],[-71.8641790434281,42.294399580876],[-71.864089014996,42.2944212986041],[-71.8639568497288,42.2944457646603],[-71.8638227068524,42.2944633248226],[-71.8636872410733,42.2944738963533],[-71.8635511124938,42.294477425293],[-71.8634149839143,42.2944738963533],[-71.8632795181352,42.2944633248226],[-71.8631453752588,42.2944457646603],[-71.8630132099916,42.2944212986041],[-71.8628836653488,42.2943900480623],[-71.8627573717553,42.2943521650204],[-71.8626349461458,42.2943078329402],[-71.8625212358663,42.2942590896853],[-71.8624521769264,42.2943052563825],[-71.8623448410415,42.2943675173471],[-71.8623024694833,42.2943887359514],[-71.8622986338748,42.2944294770388],[-71.8622796797634,42.2945296201459],[-71.8622513628101,42.2946285374771],[-71.8622138206113,42.294725747895],[-71.8621844199749,42.2947857227829],[-71.8621876944065,42.294791182567],[-71.8622342846845,42.2948862103304],[-71.8622718331785,42.2949834189497],[-71.862300156427,42.2950823353815],[-71.8623191168338,42.2951824784886],[-71.8623286217684,42.2952833590398],[-71.8623286244664,42.2953844860053],[-71.862319125827,42.2954853665565],[-71.8623001717155,42.2955855096636],[-71.8622718538629,42.2956844269947],[-71.8622343116641,42.2957816374127],[-71.8621877258828,42.2958766660753],[-71.8621323249468,42.2959690507312],[-71.8620683777534,42.2960583417192],[-71.8620378916353,42.2960945637132],[-71.8620345947207,42.2961119835812],[-71.8620062768682,42.2962109009124],[-71.86196873377,42.2963081113303],[-71.8619221479887,42.2964031399929],[-71.8618667461534,42.2964955246488],[-71.86180279896,42.2965848156368],[-71.8617306175739,42.2966705767857],[-71.8616505536301,42.2967523917095],[-71.861562996535,42.2968298602099],[-71.8614683734666,42.2969026063702],[-71.8613671457771,42.2969702740589],[-71.861259806295,42.2970325359228],[-71.8611468784256,42.2970890861924],[-71.8610289107556,42.2971396505745],[-71.8609064797502,42.2971839826547],[-71.86078018166,42.2972218656966],[-71.860650630722,42.2972531171377],[-71.8605184591596,42.2972775822946],[-71.8603843108872,42.2972951433562],[-71.8602488388128,42.2973057139875],[-71.8601127039381,42.2973092429273],[-71.8599765690633,42.2973057139875],[-71.859841096989,42.2972951433562],[-71.8597069487167,42.2972775822946],[-71.8595747771542,42.2972531171377],[-71.8594452262162,42.2972218656966],[-71.859318928126,42.2971839826547],[-71.8591964971206,42.2971396505745],[-71.8590785294505,42.2970890861924],[-71.8589656015812,42.2970325359228],[-71.8588582620991,42.2969702740589],[-71.8587570344096,42.2969026063702],[-71.8586624113412,42.2968298602099],[-71.8585748542461,42.2967523917095],[-71.8584947903023,42.2966705767857],[-71.8584226089162,42.2965848156368],[-71.8583586617228,42.2964955246488],[-71.8583032598875,42.2964031399929],[-71.8582681440595,42.296331508992],[-71.8582008253078,42.2963152699338],[-71.8580745290163,42.2962773859926],[-71.8579520989102,42.2962330539124],[-71.8578341339381,42.2961824895303],[-71.8577212069681,42.2961259392607],[-71.8576138692846,42.2960636782961],[-71.8575126424944,42.2959960097081],[-71.8574180212246,42.2959232635478],[-71.8573304659282,42.2958457950474],[-71.8572504028837,42.2957639801236],[-71.857178222397,42.2956782189747],[-71.8571142761029,42.2955889279867],[-71.8570588751669,42.2954965433308],[-71.857012290285,42.2954015146682],[-71.8569747471868,42.2953043042503],[-71.8569464302335,42.2952053869191],[-71.8569274761221,42.295105243812],[-71.8569205324566,42.2950314967063],[-71.8568128305477,42.2950704967061],[-71.8566865360548,42.2951083806473],[-71.8565974087434,42.2951298807395],[-71.8565717654745,42.2951821907056],[-71.8565163645385,42.2952745753614],[-71.8564524191438,42.2953638663494],[-71.856380238657,42.2954496274984],[-71.8563001765119,42.2955314424222],[-71.8562126212154,42.2956089109226],[-71.8561179999457,42.2956816570829],[-71.8560167740549,42.2957493256709],[-71.8559094372707,42.2958115866355],[-71.8557965103006,42.295868136905],[-71.8556785453285,42.2959187012871],[-71.8555561170211,42.2959630333673],[-71.8554298207296,42.2960009173086],[-71.8553002724896,42.2960321678503],[-71.855168103625,42.2960566330073],[-71.8550339580507,42.2960741940689],[-71.8548984886743,42.2960847647002],[-71.8547623564975,42.2960882945392],[-71.8546262243208,42.2960847647002],[-71.8544907549443,42.2960741940689],[-71.85435660937,42.2960566330073],[-71.8542244405055,42.2960321678503],[-71.8540948922654,42.2960009173086],[-71.8539685959739,42.2959630333673],[-71.8538461676665,42.2959187012871],[-71.8537978794685,42.2958980024909],[-71.8536694293007,42.2959013335797],[-71.8536527127025,42.2959009001065],[-71.8535662644715,42.2959122171752],[-71.8534307959944,42.2959227878065],[-71.8532946638176,42.2959263176455],[-71.8531585316409,42.2959227878065],[-71.8530230631638,42.2959122171752],[-71.8528889175894,42.2958946561135],[-71.8527567487249,42.2958701909566],[-71.8527552288706,42.2958698240332],[-71.8526742089475,42.2958761462672],[-71.8525380767708,42.2958796761062],[-71.852401944594,42.2958761462672],[-71.8522664761169,42.2958655756358],[-71.8521323305426,42.2958480145743],[-71.8521004765557,42.2958421177196],[-71.8520915570796,42.2958732738326],[-71.8520540139815,42.2959704842505],[-71.8520074282002,42.2960655129131],[-71.8519520272642,42.2961578975689],[-71.8518880800708,42.2962471885569],[-71.8518158986847,42.2963329497059],[-71.851735834741,42.2964147646297],[-71.8516482785452,42.2964922331301],[-71.8515536563761,42.2965649792904],[-71.8514524295859,42.2966326469791],[-71.8513450901038,42.296694908843],[-71.8512321622345,42.2967514591126],[-71.8511625475135,42.2967812986181],[-71.8511054819324,42.2968194451613],[-71.8509981424503,42.2968817070252],[-71.850885214581,42.2969382572948],[-71.8507672478102,42.2969888216768],[-71.8506448168048,42.2970331537571],[-71.8505801726368,42.2970525440397],[-71.850564437199,42.2970712400457],[-71.8506088646074,42.297145315404],[-71.850655456684,42.2972403431673],[-71.8506930069767,42.2973375517867],[-71.8507213311245,42.2974364691178],[-71.8507402915312,42.2975366113256],[-71.8507497973652,42.2976374918768],[-71.8507498000632,42.2977386188422],[-71.8507403014237,42.2978394993934],[-71.850721346413,42.2979396425006],[-71.8506930276611,42.2980385598317],[-71.8506554827643,42.2981357693503],[-71.8506088960837,42.2982307989123],[-71.8505534924497,42.2983231835681],[-71.8504895434576,42.2984124745561],[-71.8504173602729,42.2984982357051],[-71.8503372936312,42.2985800506289],[-71.8502497347374,42.2986575191293],[-71.8501551089711,42.2987302643903],[-71.8500538785836,42.2987979329783],[-71.8499465355042,42.2988601939429],[-71.8498336040375,42.2989167442124],[-71.8497918422197,42.2989346443184],[-71.849907059763,42.2989000869695],[-71.8500366142983,42.298868837327],[-71.8501687894581,42.2988443730694],[-71.8503029413276,42.2988268138064],[-71.8504384161,42.2988162431751],[-71.850574554572,42.2988127133361],[-71.850710693044,42.2988162431751],[-71.8508461678164,42.2988268138064],[-71.850980319686,42.2988443730694],[-71.8511124948457,42.298868837327],[-71.851242049381,42.2989000869695],[-71.8513683528672,42.298937969112],[-71.8514907883692,42.2989822993936],[-71.8516087605358,42.299032861977],[-71.8517216947004,42.2990894095487],[-71.8518290395785,42.2991516687146],[-71.8519302744626,42.2992193346047],[-71.8520249038262,42.299292078067],[-71.8521124672166,42.2993695447687],[-71.8521925392542,42.2994513569946],[-71.8522647287342,42.2995371163449],[-71.8523286840215,42.2996264046349],[-71.8523840930514,42.2997187883914],[-71.8524306869266,42.2998138152554],[-71.8524682381187,42.299911024774],[-71.8524965640651,42.3000099412059],[-71.8525155253711,42.3001100834137],[-71.8525250312052,42.3002109639649],[-71.8525250330038,42.3002502931166],[-71.8525539111341,42.3003250519596],[-71.8525822370805,42.3004239683915],[-71.8526011983865,42.3005241105993],[-71.8526107042206,42.3006249911505],[-71.8526107069185,42.3007075893838],[-71.8526357854131,42.3007951644653],[-71.8526547476185,42.3008953066731],[-71.8526642534525,42.3009961872243],[-71.8526642561505,42.3010973132904],[-71.8526547566117,42.3011981947409],[-71.8526486735973,42.3012303329136],[-71.8526574455846,42.3012530416946],[-71.8526857715311,42.3013519581264],[-71.8527047337365,42.3014521003342],[-71.8527142395704,42.3015529808854],[-71.8527142431677,42.3016541069515],[-71.8527047427297,42.301754988402],[-71.8526857868196,42.3018551306098],[-71.852657466269,42.3019540488403],[-71.8526199195736,42.3020512583589],[-71.852573330195,42.3021462870216],[-71.8525179229637,42.3022386716774],[-71.8524539703744,42.3023279626654],[-71.8523817817938,42.3024137238144],[-71.8523017106554,42.3024955387382],[-71.8522141463657,42.3025730072385],[-71.8521195143041,42.3026457533989],[-71.8520182776214,42.3027134210876],[-71.8519109282467,42.3027756820521],[-71.8518794609683,42.3027914381744],[-71.8518638685227,42.3028099624099],[-71.851783796485,42.3028917773337],[-71.851696231296,42.3029692458341],[-71.8516015992344,42.3030419919944],[-71.8515003616523,42.3031096596831],[-71.8513930113783,42.3031719206477],[-71.8512800718178,42.3032284709172],[-71.8511620933559,42.3032790352993],[-71.8510396506593,42.3033233673796],[-71.8509133399786,42.3033612513207],[-71.8508172114451,42.3033844376417],[-71.8508149226705,42.3033871562923],[-71.8507348497335,42.3034689712161],[-71.8506472836452,42.3035464397164],[-71.8505526515835,42.3036191849774],[-71.8504514131022,42.3036868535655],[-71.8503440619289,42.3037491145301],[-71.8502311214691,42.3038056647996],[-71.8501131412085,42.3038562291817],[-71.8499906976126,42.303900561262],[-71.8499072045538,42.3039256028843],[-71.8498491883893,42.3039702002646],[-71.8497479490086,42.3040378688526],[-71.8496405978353,42.3041001298172],[-71.8495276564761,42.3041566800867],[-71.8494096762155,42.3042072444688],[-71.8492872317203,42.3042515765491],[-71.849160919241,42.3042894604903],[-71.8490313539138,42.3043207110321],[-71.8489352091925,42.3043385059174],[-71.8489130013339,42.3043695109442],[-71.8488408109546,42.3044552720932],[-71.8487607371183,42.3045370861177],[-71.8486731701307,42.3046145555174],[-71.8485785353711,42.3046873007784],[-71.8484772950911,42.3047549693664],[-71.8483699421191,42.304817230331],[-71.8482569998606,42.3048737806005],[-71.8481390187007,42.3049243449826],[-71.8480165724068,42.3049686770628],[-71.8478902581289,42.3050065601048],[-71.8477606919024,42.3050378106465],[-71.8476285041521,42.3050622767027],[-71.8474943387927,42.3050798368651],[-71.847444990294,42.305083687762],[-71.8474317684613,42.3051021463471],[-71.8473595771827,42.305187907496],[-71.8472795024471,42.3052697215205],[-71.8471919336608,42.3053471909202],[-71.8470972989012,42.3054199361812],[-71.8469960568225,42.3054876047692],[-71.8468887029512,42.3055498657338],[-71.846822058691,42.305583234179],[-71.8467787752203,42.3056436623252],[-71.8467065839417,42.3057294234742],[-71.8466265083067,42.3058112374987],[-71.8465389386211,42.3058887068984],[-71.8464443020629,42.3059614521593],[-71.8463430599842,42.3060291198481],[-71.8462357052136,42.3060913808126],[-71.8461227602571,42.3061479319815],[-71.8460047763993,42.3061984963635],[-71.8458823283067,42.3062428284438],[-71.8457560113308,42.3062807114857],[-71.8456264424063,42.3063119620275],[-71.8454942519581,42.3063364271844],[-71.8453658629442,42.3063532319161],[-71.845348847771,42.3063734450785],[-71.8453264339677,42.3063963454151],[-71.8453258655962,42.3063971386171],[-71.8452536725189,42.3064829006654],[-71.8451735959846,42.3065647146899],[-71.8450860253997,42.3066421831903],[-71.8449913879422,42.3067149293505],[-71.8448901449642,42.3067825970393],[-71.8447827883949,42.3068448580038],[-71.8446698425392,42.3069014082734],[-71.8445518568827,42.3069519726554],[-71.8444625236265,42.3069843149742],[-71.8444228275514,42.307031471825],[-71.8443427501178,42.3071132858495],[-71.8442880902231,42.307161639698],[-71.8442166417846,42.3072346376685],[-71.8441290703003,42.3073121061688],[-71.8440344319434,42.3073848523291],[-71.8439331880662,42.3074525200178],[-71.8438258305976,42.3075147809824],[-71.8437128829432,42.307571331252],[-71.8435948963873,42.307621895634],[-71.8434724446975,42.3076662277143],[-71.8433461259229,42.3077041116555],[-71.8432165534012,42.3077353621973],[-71.843084360255,42.3077598273542],[-71.8429501894996,42.3077773884158],[-71.8428146949422,42.3077879590471],[-71.8427139555845,42.307790569779],[-71.8426146848198,42.3078035631839],[-71.8424791902624,42.3078141338153],[-71.8423430329046,42.307817662755],[-71.8422068755468,42.3078141338153],[-71.8420713809894,42.3078035631839],[-71.8419372102341,42.3077860021223],[-71.8418050170878,42.3077615369654],[-71.8416754445661,42.3077302864236],[-71.8416159930836,42.3077124564647],[-71.8416357116188,42.3077634956888],[-71.8416640402632,42.3078624121207],[-71.8416830042672,42.3079625543285],[-71.8416925118999,42.3080634348797],[-71.8416925145978,42.3081645609458],[-71.8416830141597,42.308265441497],[-71.8416640555517,42.3083655846041],[-71.8416612901364,42.3083752415242],[-71.8416612910357,42.3083965581547],[-71.8416517905976,42.3084974387059],[-71.8416328319896,42.308597581813],[-71.8416045087411,42.3086964991442],[-71.8415669584483,42.3087937086628],[-71.8415203627745,42.3088887382248],[-71.8414649501473,42.3089811228806],[-71.8414009903634,42.3090704129692],[-71.8413287945882,42.3091561741182],[-71.8412487144566,42.309237989042],[-71.8411611411737,42.3093154575424],[-71.8410664992196,42.3093882028033],[-71.8409652517449,42.3094558713914],[-71.840857890679,42.309518132356],[-71.8407449403267,42.3095746826256],[-71.8407187889409,42.3095858899769],[-71.8406663359826,42.3096209464496],[-71.8405589749167,42.3096832074141],[-71.8404611205842,42.3097321988819],[-71.8404508143536,42.3097413162088],[-71.8403561715,42.3098140614698],[-71.8402549231262,42.3098817300578],[-71.8401475620603,42.3099439910224],[-71.8400346108086,42.310000541292],[-71.8400263442404,42.3100040837215],[-71.8399278253088,42.3100699275851],[-71.839820464243,42.3101321885497],[-71.839707512092,42.3101887388193],[-71.8395895201402,42.3102393032013],[-71.8394670639538,42.3102836343823],[-71.8393407388839,42.3103215183235],[-71.8392111618656,42.3103527688652],[-71.8390789633235,42.3103772340222],[-71.8389447862728,42.3103947950838],[-71.8388092872188,42.3104053657151],[-71.8386731235657,42.3104088955541],[-71.8385369599127,42.3104053657151],[-71.8384014608587,42.3103947950838],[-71.8383861759812,42.3103927949916],[-71.8383691832911,42.310482550929],[-71.8383408591433,42.3105814682602],[-71.8383033070519,42.3106786777788],[-71.8382567104788,42.3107737064415],[-71.8382012969523,42.3108660910973],[-71.8381373344704,42.3109553820852],[-71.8380651368965,42.3110411432342],[-71.837985054067,42.3111229572587],[-71.8378974780861,42.3112004257591],[-71.837802833434,42.3112731719194],[-71.8377015832614,42.3113408396081],[-71.8375942185983,42.3114031005727],[-71.8374812646486,42.3114596508423],[-71.8373632708982,42.3115102152243],[-71.8373626584599,42.3115104373568],[-71.8373272287686,42.3115466323712],[-71.8372396518884,42.3116241008716],[-71.8371450063369,42.3116968470319],[-71.837043755265,42.3117645147206],[-71.8369635834026,42.3118110069724],[-71.83696304291,42.3118114845125],[-71.8368683982579,42.3118842306728],[-71.8367671462867,42.3119518983615],[-71.8366597816236,42.3120141593261],[-71.8365468258753,42.3120707095956],[-71.8364288312255,42.3121212739776],[-71.8363063705425,42.3121656060579],[-71.8363052877588,42.3121659307132],[-71.8362562531236,42.3121904795071],[-71.8361510917994,42.3122355445348],[-71.8361416749983,42.3122410052183],[-71.83602871925,42.3122975554879],[-71.8359505888486,42.3123310363483],[-71.835946624637,42.3123365698768],[-71.8359086597568,42.3124139943104],[-71.8358532435323,42.3125063789662],[-71.8357892801511,42.3125956699542],[-71.8357170807786,42.3126814311032],[-71.8356369961504,42.3127632451277],[-71.8355494174716,42.3128407136281],[-71.8354547701215,42.3129134597884],[-71.835353517251,42.3129811274771],[-71.8352461498899,42.3130433884416],[-71.8351331932423,42.3130999387113],[-71.8350151958945,42.3131505030933],[-71.8348927343122,42.3131948351735],[-71.8347664038464,42.3132327182154],[-71.8346368205328,42.3132639687572],[-71.8345046147961,42.3132884339141],[-71.8343704323495,42.3133059949757],[-71.8343581080402,42.313306956351],[-71.8343366762965,42.3133147148023],[-71.8342103458307,42.3133525978442],[-71.8340807625171,42.313383848386],[-71.8339802974527,42.3134024400706],[-71.8339227876065,42.3134196854701],[-71.8338792046615,42.3134301958469],[-71.8338468425577,42.3134419113152],[-71.8337205120919,42.3134797943571],[-71.833590927879,42.3135110448989],[-71.8335054940832,42.3135268549804],[-71.8334596223636,42.3135908885088],[-71.8333874211925,42.3136766505571],[-71.833307335665,42.3137584645816],[-71.8332197551875,42.3138359330819],[-71.8331251069381,42.3139086783429],[-71.8330451895838,42.3139620872806],[-71.8329699163285,42.3140286694876],[-71.8328752680791,42.3141014147486],[-71.8327740125106,42.3141690833366],[-71.8326666433509,42.3142313443012],[-71.8325947452512,42.3142673387667],[-71.8325246556882,42.3143141790562],[-71.8324382883962,42.3143642614016],[-71.8323546568419,42.3144285395455],[-71.8322534003741,42.3144962081336],[-71.8321579939962,42.3145515326272],[-71.8321322509026,42.3145713177122],[-71.8320309944348,42.3146389863002],[-71.8319236252751,42.3147012472648],[-71.8319025289785,42.3147118089029],[-71.8318717029167,42.3147355006429],[-71.8317704464489,42.3148031692309],[-71.8316630763898,42.3148654292962],[-71.8315501161449,42.3149219804651],[-71.8314729705011,42.3149550377448],[-71.8314507041866,42.3149679493114],[-71.8313916969692,42.3150133003236],[-71.8312904405014,42.3150809689116],[-71.8311830704423,42.3151432289769],[-71.8310701092981,42.3151997792465],[-71.8310180718265,42.3152220779366],[-71.8310049075504,42.3152308751049],[-71.8308975374913,42.3152931360694],[-71.8307845763471,42.315349686339],[-71.8307437938909,42.315367161965],[-71.8307377153732,42.3153712242027],[-71.8306303444148,42.3154334851673],[-71.8305173832706,42.3154900354368],[-71.8304452360588,42.3155209505315],[-71.8304129225183,42.3155425450524],[-71.8303055515599,42.3156048060171],[-71.8301925904157,42.3156613562866],[-71.8300745885714,42.3157119206687],[-71.8299521215931,42.3157562527489],[-71.8298257857314,42.3157941366901],[-71.8296961970219,42.3158253872319],[-71.8295639867885,42.3158498523889],[-71.829429798946,42.3158674125511],[-71.8292942873015,42.3158779840817],[-71.8291581119573,42.3158815130214],[-71.8290219366131,42.3158779840817],[-71.8288864249685,42.3158674125511],[-71.828752237126,42.3158498523889],[-71.8286200268927,42.3158253872319],[-71.8284904381831,42.3157941366901],[-71.8283641023214,42.3157562527489],[-71.8282416353431,42.3157119206687],[-71.8281236334989,42.3156613562866],[-71.8280106723546,42.3156048060171],[-71.8279033013962,42.3155425450524],[-71.8278965124141,42.3155380079727],[-71.8278095461736,42.3155007427651],[-71.8276965850293,42.3154441924955],[-71.8275892140709,42.315381931531],[-71.8274879567038,42.3153142638422],[-71.8273933066557,42.3152415185813],[-71.827382056137,42.3152315675828],[-71.8273592367394,42.3152183349582],[-71.8272579793722,42.3151506672695],[-71.8271633293242,42.3150779220085],[-71.8271040711959,42.3150255068217],[-71.8270723844829,42.3150043304855],[-71.8269777344349,42.3149315852245],[-71.8268901521587,42.3148541167242],[-71.8268576398681,42.3148209029624],[-71.8267706241649,42.3147773398024],[-71.8266632541059,42.3147150797372],[-71.8265619976381,42.3146474111492],[-71.8264673484893,42.3145746658882],[-71.8263797671125,42.3144971973878],[-71.8262996806857,42.314415382464],[-71.8262933638476,42.3144078785208],[-71.8262119725045,42.3143606820998],[-71.826110716936,42.3142930135118],[-71.8260160677872,42.3142202682508],[-71.8259284873098,42.3141427997505],[-71.8258594715373,42.3140722956],[-71.8257733677467,42.3140061171886],[-71.8256857872692,42.3139286486883],[-71.8256057008424,42.3138468346638],[-71.8255499320837,42.3137805915011],[-71.8255367983845,42.313768974059],[-71.825478916219,42.3137302915198],[-71.825461493653,42.3137228253482],[-71.8253485352067,42.3136662750786],[-71.8252411669463,42.313604014114],[-71.8252152673707,42.3135867048626],[-71.8252080826868,42.3135836264832],[-71.8250951251399,42.3135270762136],[-71.8249877577788,42.3134648152491],[-71.8248865031096,42.313397146661],[-71.8247918557595,42.3133244014],[-71.8247042761814,42.3132469328997],[-71.8246611995547,42.313202926374],[-71.8246580789072,42.3132008408462],[-71.8245971858115,42.3131540392276],[-71.8245237687569,42.3131114653219],[-71.8244225158863,42.3130437976332],[-71.8243278685363,42.3129710514729],[-71.8242402898575,42.3128935829725],[-71.8241602052292,42.312811768948],[-71.824124368145,42.3127692013376],[-71.8240511273576,42.3127044150767],[-71.8239710427294,42.3126226010522],[-71.8239090200852,42.3125489285902],[-71.8238765392708,42.3125201970495],[-71.8237964546426,42.312438383025],[-71.8237242552701,42.3123526218761],[-71.8236602918889,42.3122633308881],[-71.8236048765638,42.3121709462322],[-71.8235582790913,42.3120759175696],[-71.8235267938264,42.3119944129119],[-71.8234978068783,42.3119460878417],[-71.82345368434,42.3118561052751],[-71.8234104620232,42.311795767061],[-71.823355046698,42.3117033824052],[-71.8233084492255,42.3116083537426],[-71.8232708971341,42.311511144224],[-71.8232425729863,42.3114122268928],[-71.8232269589569,42.3113297563632],[-71.8231902306446,42.3112346782378],[-71.8231823678719,42.3112072192378],[-71.8231296487143,42.3111445967458],[-71.8230656862324,42.3110553057578],[-71.8230102727059,42.310962921102],[-71.8229952387392,42.3109322605155],[-71.8229398153202,42.3108548891419],[-71.8228963250053,42.3108104581362],[-71.8228241265322,42.3107246969872],[-71.8227601649496,42.3106354059992],[-71.8227047514231,42.3105430213434],[-71.8226966215518,42.3105264414422],[-71.8226816415445,42.3105086474562],[-71.822623066901,42.3104568312178]]],[[[-71.8321402395803,42.303442416934],[-71.8321557429931,42.3033882795455],[-71.8321550945819,42.3033885142686],[-71.8320287830019,42.3034263982098],[-71.8318992203727,42.3034576487515],[-71.8317670353204,42.3034821139085],[-71.831709329422,42.3034896673143],[-71.831639295617,42.3035516261067],[-71.8315889677566,42.3035903131425],[-71.8316271574673,42.3035913032961],[-71.8317626430315,42.3036018739274],[-71.8318968047936,42.3036194340897],[-71.8319391026075,42.3036272626881],[-71.8319478665008,42.3036270351596],[-71.8320493909666,42.3036296665759],[-71.8320744011127,42.3036277150471],[-71.8320990344428,42.3035639504161],[-71.8321286716009,42.3035035096793],[-71.8321402395803,42.303442416934]]],[[[-71.825097138722,42.2996120460591],[-71.8251540882905,42.299532539695],[-71.8251574949224,42.2995255906336],[-71.8251541017804,42.2995168060558],[-71.8251257821291,42.2994178887246],[-71.8251068271184,42.2993177456175],[-71.8250973275796,42.2992168650663],[-71.8250973311768,42.2991157381009],[-71.8251068361116,42.2990148575497],[-71.8251257974176,42.2989147153419],[-71.8251541224648,42.2988157980107],[-71.8251916736568,42.2987185893914],[-71.8252382666327,42.2986235625274],[-71.8252936747633,42.2985311787709],[-71.8253576291512,42.2984418904809],[-71.8254298168325,42.2983561311306],[-71.8255098870716,42.2982743189048],[-71.8255974495626,42.298196852203],[-71.8256920780269,42.2981241087407],[-71.8256974280938,42.2981205330362],[-71.8257273962024,42.2980429521206],[-71.8257739882789,42.2979479252566],[-71.8258293964095,42.2978555415001],[-71.8258933498981,42.2977662532101],[-71.8259655366801,42.2976804938597],[-71.8260456069192,42.2975986816339],[-71.8261331676115,42.2975212149322],[-71.8262277951766,42.2974484714699],[-71.8263290264634,42.2973808055798],[-71.8263803858461,42.2973510164363],[-71.8263819866393,42.2973491152695],[-71.8264620559791,42.2972673021443],[-71.8265496166715,42.2971898363419],[-71.8266442433371,42.2971170928796],[-71.8267454737246,42.2970494269895],[-71.8268528159047,42.2969871678236],[-71.8269657455726,42.2969306193527],[-71.8270837141421,42.2968800567693],[-71.8272061460468,42.2968357264876],[-71.827332444137,42.2967978443451],[-71.827461995075,42.296766595602],[-71.8275941657381,42.2967421313443],[-71.8277283131111,42.296724571182],[-71.8278637833869,42.2967140005508],[-71.8279999173623,42.296710471611],[-71.8280615892709,42.2967120706056],[-71.8279963263693,42.2966999900126],[-71.8278667772299,42.2966687394708],[-71.8277404800391,42.2966308555296],[-71.827618049933,42.2965865234494],[-71.8275739453812,42.2965676188006],[-71.8275058388234,42.2965968116936],[-71.8273834087173,42.2966411437738],[-71.8272571115264,42.296679027715],[-71.827127562387,42.2967102782568],[-71.8270439793961,42.2967257492939],[-71.8269592272865,42.2967824038849],[-71.8268518878044,42.2968446657488],[-71.826738959935,42.2969012160183],[-71.8266209931643,42.2969517804004],[-71.8264985621589,42.2969961124807],[-71.826402538846,42.2970249150678],[-71.8263349754787,42.2971051885536],[-71.8262549106356,42.2971870034775],[-71.8261673535405,42.2972644719778],[-71.8260727304721,42.2973372181382],[-71.8259715018833,42.2974048858269],[-71.8258641615018,42.2974671467915],[-71.8258554614603,42.2974715031074],[-71.8258433071229,42.2975139583026],[-71.8258057631254,42.2976111678212],[-71.8257591764448,42.2977061973832],[-71.8257037737101,42.297798582039],[-71.8256398256174,42.297887873027],[-71.8255676424327,42.2979736341759],[-71.8254875766903,42.2980554490997],[-71.8254000177965,42.2981329176001],[-71.8253053929295,42.2982056637604],[-71.8252041634414,42.2982733314491],[-71.8250968221606,42.2983355924137],[-71.8249838906939,42.2983921435826],[-71.8248659212252,42.2984427079646],[-71.8247540230797,42.2984832251208],[-71.8247183119005,42.2985148210023],[-71.8246236870335,42.2985875662632],[-71.8245224557467,42.2986552348512],[-71.8244151135666,42.2987174958158],[-71.8243021821,42.2987740460854],[-71.824184211732,42.2988246104675],[-71.8240617780286,42.2988689425477],[-71.8240053716505,42.2988858614934],[-71.8239920445972,42.2988947701775],[-71.8238847015177,42.2989570311421],[-71.8237717700511,42.2990135814117],[-71.8236537987838,42.2990641457937],[-71.8235773510139,42.2990918269263],[-71.8236099892096,42.299103644018],[-71.8237279613763,42.2991542066014],[-71.8238408955409,42.299210754173],[-71.8239482413182,42.299273013339],[-71.8240494762023,42.299340679229],[-71.824144105566,42.2994134226914],[-71.8242316698556,42.2994908893931],[-71.824311740994,42.299572701619],[-71.824383930474,42.2996584609692],[-71.8244478857613,42.2997477492593],[-71.8245032956905,42.2998401330158],[-71.8245498895657,42.2999351598798],[-71.8245874407577,42.3000323693984],[-71.8246157667043,42.3001312858302],[-71.8246347280103,42.300231428038],[-71.8246397615158,42.3002848423716],[-71.8246775213505,42.3003234223881],[-71.8247642186937,42.300373704383],[-71.8248654553764,42.3004413702731],[-71.8249273934844,42.3004889821808],[-71.8249102874797,42.3003986129057],[-71.824900787941,42.3002977314552],[-71.8249007906389,42.3001966053891],[-71.824910296473,42.3000957248379],[-71.8249292586783,42.2999955826301],[-71.8249575837254,42.2998966661983],[-71.8249951349175,42.2997994566796],[-71.8250417287927,42.2997044298156],[-71.825097138722,42.2996120460591]]],[[[-71.8490710149154,42.2991228013762],[-71.8489355392437,42.2991333720076],[-71.8487993998723,42.2991369018466],[-71.848663260501,42.2991333720076],[-71.8485358508488,42.2991234309017],[-71.8484930422201,42.2992107523744],[-71.8484376385861,42.2993031370302],[-71.8483736877954,42.2993924271188],[-71.8483143631173,42.2994629114842],[-71.8483304708745,42.2995191631789],[-71.8483442997496,42.299592193525],[-71.8484062180725,42.299569775225],[-71.8485325215586,42.2995318930825],[-71.8485630103746,42.2995245393261],[-71.8486280844185,42.2994669692253],[-71.8487227137822,42.299394225763],[-71.8488239486663,42.2993265598729],[-71.8489312944436,42.299264300707],[-71.8490442286082,42.2992077531354],[-71.8491622007749,42.299157190552],[-71.8492846371763,42.2991128602703],[-71.8494109406623,42.2990749781278],[-71.8494983385774,42.2990538971197],[-71.8495403486082,42.299032861977],[-71.8495820816477,42.2990149753609],[-71.8494668964801,42.2990495246159],[-71.8493373419448,42.2990807751577],[-71.849205166785,42.2991052403147],[-71.8490710149154,42.2991228013762]]],[[[-71.8245939113798,42.292732680269],[-71.8246022525918,42.2927210340486],[-71.8245361137506,42.2927594000263],[-71.8244231930759,42.2928159502959],[-71.8243052334997,42.2928665146779],[-71.8241828105882,42.2929108467582],[-71.8240565205919,42.2929487306994],[-71.8239269795465,42.2929799812412],[-71.8237948169772,42.2930044463981],[-71.8236606767987,42.2930220074597],[-71.823525214617,42.2930325780911],[-71.8233890887354,42.2930361079301],[-71.8232529628539,42.2930325780911],[-71.8231175006721,42.2930220074597],[-71.8229833604937,42.2930044463981],[-71.8229147359263,42.2929917434743],[-71.8228846715903,42.2929973084791],[-71.8227505323112,42.2930148695406],[-71.8227279584285,42.2930166313125],[-71.8227102705625,42.2930624319857],[-71.8226636865799,42.2931574606483],[-71.8226484853393,42.2931828116375],[-71.8226840760092,42.293180034531],[-71.8228202018907,42.2931765055913],[-71.8229563277723,42.293180034531],[-71.823005402877,42.2931838638443],[-71.82302837426,42.2931796118497],[-71.8231625144385,42.2931620516874],[-71.8232979775196,42.293151481056],[-71.8234341034011,42.2931479521163],[-71.8235702292826,42.293151481056],[-71.8237056923638,42.2931620516874],[-71.8238398325422,42.2931796118497],[-71.8239719960108,42.2932040761073],[-71.8241015388549,42.2932353257497],[-71.8242278297505,42.293273206993],[-71.8243502553599,42.2933175372746],[-71.8243975848806,42.2933378241813],[-71.8243975857799,42.293317239599],[-71.8244070898153,42.2932163590478],[-71.8244260493227,42.2931162159406],[-71.8244543716719,42.2930172995088],[-71.8244919192666,42.2929200908895],[-71.8245385077459,42.2928250631262],[-71.8245939113798,42.292732680269]]],[[[-71.8265296175477,42.2909695162302],[-71.8265350287685,42.2909506160781],[-71.8265160629659,42.2909587459494],[-71.8263936436517,42.2910030780297],[-71.8262673572527,42.2910409619709],[-71.8261378189052,42.2910722125126],[-71.8260056608325,42.2910966776696],[-71.8258715251507,42.2911142387312],[-71.8257360665662,42.2911248102619],[-71.8255999451813,42.2911283392015],[-71.8254638237964,42.2911248102619],[-71.8253283652119,42.2911142387312],[-71.8252259881888,42.2911008352354],[-71.8252449665819,42.2911395474522],[-71.825282512378,42.2912367560715],[-71.8253108338279,42.2913356725033],[-71.8253297933352,42.2914358156104],[-71.8253392973706,42.2915366961616],[-71.8253393009679,42.2916378231271],[-71.8253298023285,42.2917387036783],[-71.8253108491164,42.2918388467854],[-71.8252825339617,42.2919377641166],[-71.8252449926622,42.2920349745345],[-71.8251984104782,42.2921300031971],[-71.8251430122402,42.2922223887523],[-71.8251346395519,42.2922340808382],[-71.8252008341511,42.2921956842834],[-71.8253137557252,42.2921391358125],[-71.8254317153014,42.2920885732291],[-71.8255541382129,42.2920442429475],[-71.8256804273098,42.292006360805],[-71.825809967456,42.2919751120618],[-71.8259421282266,42.2919506478042],[-71.8260762657071,42.2919330876419],[-71.8262117260903,42.2919225170106],[-71.8262561310156,42.2919213658784],[-71.8263277368355,42.2918481943387],[-71.8264152903333,42.291770727637],[-71.8265099089051,42.2916979841747],[-71.826586856698,42.2916465447523],[-71.8265579183133,42.2915716078435],[-71.8265296022593,42.2914726905123],[-71.8265106490472,42.2913725474052],[-71.8265011513071,42.291271666854],[-71.826501154005,42.2911705398886],[-71.8265106580404,42.2910696593374],[-71.8265296175477,42.2909695162302]]],[[[-71.8406589066831,42.288573181807],[-71.8405326256801,42.2885352978657],[-71.8404648635625,42.2885107580651],[-71.8404558523557,42.288542240632],[-71.8404183128548,42.2886394510499],[-71.8403717333688,42.2887344806118],[-71.8403163378287,42.2888268652677],[-71.8402523987292,42.2889161562557],[-71.8401802263363,42.2890019183039],[-71.8401629764402,42.2890195468147],[-71.840137276514,42.2891093288325],[-71.8400997379125,42.2892065392504],[-71.8400641058738,42.28927923325],[-71.8400892131467,42.2893669261428],[-71.840090113368,42.2893716808584],[-71.8401495351729,42.289367043954],[-71.8402856529605,42.2893635150143],[-71.8404217707481,42.289367043954],[-71.8405572257353,42.2893776145853],[-71.8406913578199,42.2893951747476],[-71.8408222073789,42.2894193970876],[-71.8408679199185,42.289420582394],[-71.8410033749058,42.2894311530254],[-71.8410274542535,42.2894343051491],[-71.8410408388636,42.2893996515727],[-71.8410874246449,42.2893046247087],[-71.8410884453754,42.2893029222921],[-71.8410955545162,42.2892274655752],[-71.8411145131242,42.289127322468],[-71.8411428336748,42.2890284060361],[-71.8411803785716,42.2889311965176],[-71.8412019308244,42.2888872340587],[-71.8411687485388,42.2888013056358],[-71.8411404342836,42.2887023883046],[-71.8411309752143,42.2886524093812],[-71.8410547225973,42.2886464585672],[-71.8409205932108,42.2886288975056],[-71.8407884396348,42.2886044323487],[-71.8406589066831,42.288573181807]]],[[[-71.8532237504756,42.2885353509258],[-71.8533018511994,42.2885455753181],[-71.8533124694948,42.2885410238492],[-71.8533870997348,42.2885139983224],[-71.8534635088338,42.288469674336],[-71.8535764232133,42.2884131258651],[-71.8536123169548,42.2883977393643],[-71.8536123178541,42.2883676786255],[-71.8536218218895,42.288266797175],[-71.8536407804976,42.2881666549672],[-71.8536691001488,42.2880677385353],[-71.8537066441463,42.2879705290168],[-71.8537532299276,42.2878755021528],[-71.8538019183238,42.2877943086605],[-71.8537608363935,42.2877257938104],[-71.8537249741282,42.287652628566],[-71.853696391875,42.2876186638703],[-71.8536324536748,42.2875293728823],[-71.8535770599333,42.2874369882265],[-71.8535304804473,42.2873419586645],[-71.853492942745,42.2872447491459],[-71.8534646284897,42.2871458309154],[-71.8534456770763,42.2870456878083],[-71.8534361793361,42.2869448072571],[-71.8534361811348,42.2868911510059],[-71.853434148667,42.2868923300171],[-71.8533212378848,42.2869488802867],[-71.8532032899998,42.2869994446687],[-71.8530808787795,42.2870437767489],[-71.8529546004744,42.2870816606901],[-71.8528250702208,42.2871129112319],[-71.852692920242,42.2871373772882],[-71.8525587926541,42.2871549374504],[-71.8525306411761,42.2871571344942],[-71.852429434171,42.2871815519871],[-71.852297283293,42.2872060180434],[-71.8521631566044,42.2872235782056],[-71.8521200233204,42.2872269443681],[-71.8521369215816,42.287316210175],[-71.852146425617,42.2874170916255],[-71.8521464292143,42.2875182185909],[-71.8521369314741,42.2876190991421],[-71.8521179791614,42.2877192422493],[-71.8521073464768,42.2877563878471],[-71.8521184315204,42.2877748734117],[-71.8521650164024,42.2878699002757],[-71.8522025603998,42.2879671097943],[-71.852224085673,42.2880422922181],[-71.852225677473,42.288043356116],[-71.8523202906488,42.2881160995784],[-71.8524014841411,42.2881879428194],[-71.8524091148887,42.2881930446733],[-71.8525037280646,42.2882657881357],[-71.8525912761664,42.2883432548374],[-71.8526174419413,42.2883699943798],[-71.8526197010383,42.2883715043415],[-71.8527137548359,42.2884438179279],[-71.8527971111977,42.2884592484956],[-71.8529266441492,42.2884904972387],[-71.8529935645014,42.2885105719054],[-71.8530336257012,42.2885158167516],[-71.8530810280669,42.2885245914368],[-71.8530882972871,42.2885247802944],[-71.8532237504756,42.2885353509258]]],[[[-71.8583916038893,42.2852988788403],[-71.8583784351167,42.2852647756489],[-71.8583019819509,42.2852924648754],[-71.858175707243,42.2853303488166],[-71.8580461805867,42.2853615993584],[-71.8579140342053,42.2853860645153],[-71.857779911114,42.2854036255769],[-71.8576444651199,42.2854141962083],[-71.8575083554262,42.2854177260473],[-71.8573722457325,42.2854141962083],[-71.8572367997385,42.2854036255769],[-71.8571026766472,42.2853860645153],[-71.8569705302657,42.2853615993584],[-71.8568410036094,42.2853303488166],[-71.8567147289016,42.2852924648754],[-71.8565923203793,42.2852481327951],[-71.8564743760916,42.2851975684131],[-71.8564351629524,42.2851779281189],[-71.8564337645066,42.2851798805471],[-71.856361595711,42.2852656425954],[-71.8562815461564,42.2853474575192],[-71.8562557580967,42.2853702778161],[-71.8563266516536,42.2853834025221],[-71.8564561783099,42.2854146512652],[-71.8565824539171,42.2854525334077],[-71.8567048642381,42.2854968636894],[-71.8568228112237,42.2855474262728],[-71.8569357211066,42.2856039747437],[-71.8570430435016,42.2856662339096],[-71.8571442559027,42.2857338997997],[-71.8572388654812,42.285806643262],[-71.8573264108851,42.2858841108631],[-71.8574064649364,42.285965923089],[-71.8574786391279,42.2860516824392],[-71.8575425809253,42.2861409716286],[-71.8575692098511,42.2861853792519],[-71.8576938280077,42.2861951045205],[-71.8578279528977,42.2862126646828],[-71.8579601019771,42.2862371289404],[-71.8580896304321,42.2862683785829],[-71.8582159078379,42.2863062607254],[-71.8583383190581,42.286350591007],[-71.8584562678424,42.2864011535904],[-71.858569179524,42.2864577020613],[-71.8586765037176,42.286519960328],[-71.858777717018,42.2865876271173],[-71.8587878478808,42.2865954161456],[-71.8587798906794,42.2865533692426],[-71.8587703929392,42.2864524886914],[-71.8587703956372,42.2863513608267],[-71.8587724047227,42.2863300307064],[-71.8587650122955,42.2862515001067],[-71.8587650140941,42.286192436232],[-71.8587480339945,42.2861722581433],[-71.8586840966937,42.2860829671553],[-71.8586287047509,42.2859905824994],[-71.8585821261642,42.2858955529375],[-71.8585445893613,42.2857983434189],[-71.8585162760053,42.2856994251884],[-71.8584973245918,42.2855992820813],[-71.858487827751,42.28549840153],[-71.8584878286503,42.2854767107816],[-71.8584381815768,42.2853939075029],[-71.8583916038893,42.2852988788403]]],[[[-71.8512003244354,42.2705935568472],[-71.8511878247583,42.2705912419923],[-71.8511008486252,42.2706026328053],[-71.8511008495245,42.2706360426193],[-71.8510913544824,42.2707369240699],[-71.8510724075655,42.270837067177],[-71.8510441014041,42.2709359854074],[-71.8510065726952,42.2710331958254],[-71.8509600057996,42.2711282253874],[-71.8509046264473,42.2712206100432],[-71.8508407044349,42.2713099010311],[-71.8507685518272,42.2713956630794],[-71.8507475760397,42.271417105615],[-71.850836842746,42.271405416227],[-71.8509722590625,42.2713948455957],[-71.8511083381792,42.271391316656],[-71.851244417296,42.2713948455957],[-71.8513798336124,42.271405416227],[-71.8515139279254,42.2714229763893],[-71.8516460455285,42.2714474406469],[-71.8517755443059,42.2714786902894],[-71.851901792034,42.2715165724319],[-71.852024174476,42.2715609027135],[-71.852031560608,42.2715640701258],[-71.8521194819285,42.2715477896988],[-71.8522535753422,42.2715302295365],[-71.8523189092902,42.2715251294812],[-71.8522167813793,42.2714739661507],[-71.8521094850647,42.2714117051861],[-71.852008298744,42.2713440365981],[-71.8519137143464,42.2712712904378],[-71.8518261923249,42.2711938210381],[-71.8517461607566,42.2711120061143],[-71.8516740081489,42.271026244066],[-71.8516100870359,42.270936953078],[-71.8515547076836,42.2708445684221],[-71.851508140788,42.2707495388602],[-71.8514706129783,42.2706523284423],[-71.8514616629254,42.2706210509208],[-71.8513344169497,42.2706111179088],[-71.8512003244354,42.2705935568472]]],[[[-71.8178898225572,42.2690532735897],[-71.8180258971774,42.26904974465],[-71.8180880978874,42.2690513580338],[-71.8181378564769,42.2690421435801],[-71.8182719453939,42.2690245834178],[-71.8182859631266,42.2690234889429],[-71.8183473841244,42.2690050582369],[-71.8184768775059,42.2689738085945],[-71.8186089906124,42.2689493443368],[-71.8187430795294,42.2689317841745],[-71.8188784904499,42.2689212135432],[-71.8190145641707,42.2689176846035],[-71.8191506378916,42.2689212135432],[-71.8192291352164,42.2689273415236],[-71.819335691389,42.2689133867435],[-71.8194711023095,42.2689028161121],[-71.8196071760303,42.2688992871724],[-71.8197104883483,42.2689019671521],[-71.819749633139,42.268855440726],[-71.8198296665059,42.2687736285002],[-71.8199171876281,42.2686961608991],[-71.8200117720256,42.2686234174368],[-71.8201129565477,42.2685557506474],[-71.8202202501644,42.2684934914815],[-71.8203331294703,42.2684369430106],[-71.8204510449797,42.2683863804272],[-71.8205734211264,42.2683420501456],[-71.8206996634586,42.268304168003],[-71.8208291550415,42.2682729183605],[-71.8209612663493,42.2682484541029],[-71.8210953534677,42.2682308939407],[-71.8212307625896,42.2682203233093],[-71.8213668354111,42.2682167943696],[-71.8215029082326,42.2682203233093],[-71.8216383173544,42.2682308939407],[-71.8217724044728,42.2682484541029],[-71.8219045157807,42.2682729183605],[-71.8220340073635,42.268304168003],[-71.8221602496957,42.2683420501456],[-71.8222826258425,42.2683863804272],[-71.8224005413518,42.2684369430106],[-71.8225134206578,42.2684934914815],[-71.8226207142745,42.2685557506474],[-71.8227218987965,42.2686234174368],[-71.8228164831941,42.2686961608991],[-71.8228539939166,42.2687293629698],[-71.8228888084717,42.2687266452186],[-71.8229597263103,42.2687248061049],[-71.8229531010048,42.2687076434431],[-71.8229247948433,42.2686087252126],[-71.8229233397403,42.2686010342104],[-71.8228891394222,42.2685532577267],[-71.8228337618686,42.2684608721715],[-71.8227871967717,42.2683658426096],[-71.8227665465388,42.2683123491357],[-71.8227245580919,42.2682536935532],[-71.8226691814376,42.268161307998],[-71.8226226163407,42.2680662784361],[-71.8226064510268,42.2680244042029],[-71.8225956043037,42.2680063080447],[-71.8225490392068,42.2679112784828],[-71.8225318549611,42.2678667638401],[-71.8225170862945,42.267842125114],[-71.8224912451748,42.2677893888692],[-71.8224903755304,42.2677881738851],[-71.8224349988761,42.26769578833],[-71.8223884346785,42.2676007587681],[-71.8223509086675,42.2675035483501],[-71.8223226034054,42.2674046301196],[-71.82230385344,42.2673055221322],[-71.8222496117302,42.2672150287506],[-71.8222030475326,42.2671199991886],[-71.8221655215216,42.2670227887708],[-71.8221475386779,42.2669599432468],[-71.8221384132571,42.2669413200859],[-71.8221351550134,42.2669328799485],[-71.8221258200505,42.2669217832138],[-71.8220619034341,42.2668324922258],[-71.8220065276791,42.2667401066706],[-71.8219754803841,42.2666767449359],[-71.8218930638138,42.2666037892336],[-71.8218130385409,42.2665219743097],[-71.8217753263702,42.2664771449043],[-71.8217723846878,42.2664745404677],[-71.8217466505874,42.2664596072252],[-71.82168711277,42.2664197879429],[-71.8216697135863,42.2664250094067],[-71.8215402265002,42.2664562599485],[-71.8214081187896,42.2664807251055],[-71.8212740361678,42.266498286167],[-71.8211386297439,42.2665088576977],[-71.8211236929041,42.2665092453055],[-71.8210535601737,42.2665346520526],[-71.8209273232374,42.2665725359938],[-71.8207978352519,42.2666037865356],[-71.8206657275413,42.2666282516925],[-71.8206163574589,42.266634717818],[-71.8205757980346,42.2666829313723],[-71.8204957718623,42.2667647462961],[-71.8204082561361,42.2668422156958],[-71.8203136789331,42.2669149618561],[-71.8202124989077,42.2669826304441],[-71.8201052106869,42.2670448914087],[-71.8199923349782,42.2671014425775],[-71.8198744239655,42.2671520069596],[-71.819752051416,42.2671963399392],[-71.8196258126811,42.2672342229811],[-71.819496322897,42.2672654744222],[-71.819364214287,42.2672899395791],[-71.8192301298666,42.2673075006407],[-71.819094721644,42.267318071272],[-71.8189586515205,42.2673216011111],[-71.8189338572117,42.2673209580958],[-71.8189321332113,42.2673216973385],[-71.8188097597626,42.2673660303181],[-71.8186835210277,42.2674039133599],[-71.8186713208248,42.2674068577403],[-71.8185840461168,42.2674442839266],[-71.818461672668,42.2674886160069],[-71.8183354330338,42.2675264999481],[-71.8182059432497,42.2675577513892],[-71.8180738337404,42.2675822165461],[-71.8179397484206,42.2675997776077],[-71.8178043401981,42.267610348239],[-71.8176682691752,42.2676138780781],[-71.8175321981524,42.267610348239],[-71.8173967899299,42.2675997776077],[-71.8173639682725,42.2675954788483],[-71.8173414384566,42.2675960634077],[-71.8172053674337,42.2675925335686],[-71.8170699592112,42.2675819629373],[-71.8169358738915,42.2675644018757],[-71.8168037643822,42.2675399367188],[-71.816674274598,42.2675086852777],[-71.8166658290647,42.2675061509881],[-71.81668075871,42.2675583152641],[-71.8166997110228,42.2676584583712],[-71.8167092114609,42.2677593389224],[-71.8167092150582,42.2678604667872],[-71.816699720016,42.2679613482377],[-71.8166807739985,42.2680614913448],[-71.8166524687364,42.2681604095753],[-71.8166149427254,42.2682576199932],[-71.8165683767292,42.2683526495552],[-71.8165130000748,42.2684450351103],[-71.816491713122,42.2684747720931],[-71.8164928489658,42.2684868329011],[-71.816492852563,42.2685879607658],[-71.8164833575209,42.2686888422164],[-71.8164722805712,42.2687473925782],[-71.8164722832692,42.2688294898891],[-71.8164627882271,42.2689303713396],[-71.8164508722099,42.2689933544598],[-71.8164508731093,42.26902202035],[-71.8165474207269,42.2690093767814],[-71.8166828325466,42.26899880615],[-71.8168189062675,42.2689952772103],[-71.8169549799883,42.26899880615],[-71.8170903918081,42.2690093767814],[-71.8172244807251,42.2690269369436],[-71.8173565929324,42.2690514012012],[-71.8174013764723,42.2690622083543],[-71.8174691035163,42.2690604519783],[-71.8176051781364,42.269063980918],[-71.8176980232452,42.2690712285544],[-71.8177544116368,42.2690638442211],[-71.8178898225572,42.2690532735897]]],[[[-71.8457796185346,42.2686846297919],[-71.8458171517401,42.2687818384111],[-71.8458454632975,42.2688807557423],[-71.8458644156103,42.2689808988495],[-71.8458686523164,42.2690258802402],[-71.845905917524,42.2690123814163],[-71.8460321607556,42.2689744992738],[-71.8461316608474,42.2689504873752],[-71.8461363265302,42.2689341853644],[-71.8461738597358,42.2688369767452],[-71.8462204302286,42.2687419489818],[-71.8462758131782,42.2686495652253],[-71.8463049700982,42.2686088385271],[-71.8462298407345,42.2685766212142],[-71.8461169632272,42.2685200700453],[-71.8460096714091,42.2684578090807],[-71.8459084895851,42.2683901404927],[-71.8458139096841,42.2683173943323],[-71.8458104302072,42.2683143141543],[-71.8457928691456,42.2683206759585],[-71.845666628612,42.2683585598997],[-71.8456510226765,42.2683623262604],[-71.8456131998892,42.2684072851681],[-71.8456137421804,42.2684079290827],[-71.8456776659914,42.268497218272],[-71.8457330480417,42.2685896011292],[-71.8457796185346,42.2686846297919]]],[[[-71.8568366751724,42.2536368180847],[-71.8568077466801,42.2536223219127],[-71.8568430342786,42.2536716236465],[-71.8568984037383,42.253764007403],[-71.8569449634393,42.2538590351664],[-71.8569824876516,42.253956244685],[-71.8570107929137,42.2540551620162],[-71.8570297407299,42.2541553060226],[-71.8570392393694,42.2542561865738],[-71.8570392420673,42.2543573144386],[-71.8570355629408,42.2543964142632],[-71.8570967438196,42.2544818912263],[-71.8571521141787,42.2545742749829],[-71.857198674779,42.2546693027461],[-71.8572361989914,42.2547665122648],[-71.8572645042534,42.2548654295959],[-71.8572820536239,42.2549581811752],[-71.8573835322242,42.2549826751104],[-71.8575097475767,42.2550205581523],[-71.8576004073329,42.25505340589],[-71.8576191608955,42.2549878695946],[-71.8576566851079,42.2548906600759],[-71.8577032457082,42.2547956314133],[-71.8577586160673,42.2547032476568],[-71.8578225263884,42.2546139584675],[-71.8578931222697,42.2545300310362],[-71.8578111445686,42.254466964279],[-71.8577236459295,42.2543894948793],[-71.857643635945,42.2543076799555],[-71.857571502223,42.2542219179072],[-71.8575075981971,42.25413262602],[-71.8574522332339,42.2540402404648],[-71.8574320605411,42.2539990623069],[-71.8573147808524,42.2539487578289],[-71.8572019294255,42.2538922066601],[-71.8570946636877,42.2538299456955],[-71.8569935043467,42.2537622771074],[-71.8568989460295,42.2536895300478],[-71.8568419820718,42.2536390942689],[-71.8568366751724,42.2536368180847]]]]},"properties":{"OBJECTID_1":3,"FullName_High":"Doherty Memorial High School","Type":"High","FullName":"Doherty Memorial High School","Total_Population":60666.842749245319,"Under_5_years":2852.433889736662,"F5_to_9_years":2459.7829963457152,"F10_to_14_years":2762.4458847343462,"F15_to_19_years":5665.4829191738409,"Prcntg___Under_5_years":0.047018004571733635,"Prcntg___5_to_9_years":0.040545755883699984,"Prcntg___10_to_14_years":0.045534690113220214,"Prcntg___15_to_19_years":0.093386810033794246,"Median_age__years_":36.352604057531771,"Hispanic_or_Latino":12899.438131657138,"White":39962.6195550418,"Black_or_African_American":5968.5717241878065,"American_Indian_and_Alaska_Nati":73.604780240597961,"Asian":4231.51621523952,"Native_Hawaiian_and_Other_Pacif":90.851733206430964,"Some_Other_Race":3150.0485479142008,"Two_or_More_Races":7189.630193414966,"Prcntg___Hispanic_or_Latino":0.21262748392848585,"Prcntg___White":0.65872258624401425,"Prcntg___Black_or_African_Ameri":0.09838276484665183,"Prcntg___American_Indian_and_Al":0.0012132620869167218,"Prcntg___Asian":0.0697500648373886,"Prcntg___Native_Hawaiian_and_Ot":0.0014975516952802218,"Prcntg___Some_Other_Race":0.051923726456877248,"Prcntg___Two_or_More_Races":0.11851004383287118,"Pop_18_to_24_years":11519.642547578049,"Out_Of_18_to_24_years___Less_Th":428.78767794283095,"Out_Of_18_to_24_years___High_Sc":2779.1762781871039,"Out_Of_18_to_24_years___Bachelo":1758.2919225787448,"Prcntg___Pop_18_to_24_years":0.18988366668745671,"Prcntg_Out_Of_18_to_24_years___":0.03722230756482818,"Prcntg_Out_Of_18_to_24_years__1":0.2412554266947643,"Prcntg_Out_Of_18_to_24_years__2":0.15263424323425881,"Pop_25_years_and_over":39064.567221977464,"Out_Of_25_years_and_over___Less":4681.2358917955771,"Out_Of_25_years_and_over___High":9338.1886030759488,"Out_Of_25_years_and_over___Bach":15854.886085821223,"Prcntg___Pop_25_years_and_over":0.64391956877405521,"Prcntg_Out_Of_25_years_and_over":0.11983329714611417,"Prcntg_Out_Of_25_years_and_ov_1":0.23904497776753422,"Prcntg_Out_Of_25_years_and_ov_2":0.40586360513681485,"Pop_25_to_34_years":8517.9636040447913,"Out_Of_25_to_34_years___High_Sc":7922.6011601982018,"Out_Of_25_to_34_years___Bachelo":3983.9381536923397,"Prcntg___Pop_25_to_34_years":0.14040558595165648,"Prcntg_Out_Of_25_to_34_years___":0.93010507305245127,"Prcntg_Out_Of_25_to_34_years__1":0.46771016394112669,"Total_Households":23376.631068396007,"Households_Median_Income":73865.982309555518,"Households_Mean_Income":93762.042224260469,"Year_Built":1966,"Square_Footage":168126,"Enrollment":1398,"Student___Teacher_Ratio__2023_":12.7,"F__Teachers_Licensed_2023_DESE":100,"F__Experienced_Teachers__2023_":100,"Graduation_Rate":"93.1","F__High_Needs":65.8,"F__First_Language_Not_English":51.1,"F__English_Language_Learner":19.1,"F__Students_with_Disabilities":13.9,"F__Econmically_Disadvantaged":57.8,"F__Multi_Racial_Non_White":5.3,"F__White":37.6,"F__Native_American":0.3,"F__Native_Hawaiian___Pacific_Is":0,"F__Hispanic":35.5,"F__Asian":6,"F__African_American":15.3,"ObjectID":34,"Shape__Area":52973444.06640625,"Shape__Length":62636.143914800341}},{"type":"Feature","id":4,"geometry":{"type":"MultiPolygon","coordinates":[[[[-71.7950342263484,42.2126709029399],[-71.7949393622617,42.2126365065696],[-71.7949298986958,42.2126372458123],[-71.7947939454842,42.212640774752],[-71.7946579922725,42.2126372458123],[-71.7945227018612,42.2126266742816],[-71.7943887325539,42.21260911322],[-71.7942567381579,42.2125846480631],[-71.7941273598897,42.212553396622],[-71.7940012308721,42.2125155126808],[-71.7938789635433,42.2124711797012],[-71.7937611541539,42.2124206144199],[-71.7936483764714,42.212364063251],[-71.7935411799814,42.2123018013871],[-71.7934400880895,42.2122341318997],[-71.7933455918256,42.2121613848401],[-71.7932889210468,42.2121111765896],[-71.7932902754258,42.2121159124194],[-71.7933092106515,42.2122160564259],[-71.7933187029957,42.2123169387758],[-71.793318706593,42.2124180666405],[-71.7933092205441,42.2125189489903],[-71.7932902907143,42.2126190938961],[-71.7932620106333,42.2127180130259],[-71.7932245160985,42.2128152243432],[-71.7931779923704,42.2129102548044],[-71.7931226633802,42.2130026412589],[-71.793058800723,42.2130919331462],[-71.7929867137658,42.2131776951945],[-71.792906755942,42.2132595110177],[-71.7928193139601,42.2133369813167],[-71.7927248158975,42.2134097283763],[-71.792623722207,42.2134773969644],[-71.7925165239184,42.2135396597276],[-71.7924037444372,42.2135962108965],[-71.7922859323498,42.2136467761778],[-71.7921636632224,42.2136911082581],[-71.7920375306075,42.2137289930986],[-71.79190815144,42.2137602436404],[-71.7917761534467,42.2137847096966],[-71.7916421823408,42.2138022707583],[-71.7915068892315,42.2138128413896],[-71.7913709333219,42.2138163712286],[-71.7912349774122,42.2138128413896],[-71.7910996843029,42.2138022707583],[-71.7909657131971,42.2137847096966],[-71.7908337152037,42.2137602436404],[-71.7907043360362,42.2137289930986],[-71.7905782034213,42.2136911082581],[-71.7904559342939,42.2136467761778],[-71.7903381222065,42.2135962108965],[-71.7902253427254,42.2135396597276],[-71.7901181444368,42.2134773969644],[-71.7900170507463,42.2134097283763],[-71.7899225526836,42.2133369813167],[-71.7898351107017,42.2132595110177],[-71.7897551528779,42.2131776951945],[-71.7896830659207,42.2130919331462],[-71.7896192032636,42.2130026412589],[-71.7895638742733,42.2129102548044],[-71.7895173505452,42.2128152243432],[-71.7894798560105,42.2127180130259],[-71.7894515759294,42.2126190938961],[-71.7894450009859,42.2125843108174],[-71.7893984080101,42.2125531223288],[-71.7893039108468,42.2124803752691],[-71.7892164715629,42.2124029049701],[-71.7891365137391,42.2123210900463],[-71.7890644285805,42.2122353270987],[-71.7890005659233,42.2121460352114],[-71.7889452387317,42.2120536487569],[-71.7888987141043,42.2119586182956],[-71.7888612213682,42.2118614069784],[-71.7888329412872,42.2117624878486],[-71.7888140114574,42.2116623429428],[-71.7888045254085,42.211561460593],[-71.7888045290057,42.2114603327282],[-71.78881402135,42.2113594503784],[-71.7888329565756,42.211259306372],[-71.7888612420526,42.2111603890408],[-71.788898741084,42.2110631786228],[-71.7889452693087,42.2109681490609],[-71.7890006009969,42.2108757653044],[-71.789064466352,42.2107864743164],[-71.7891365551079,42.2107007140668],[-71.7892165147304,42.2106189000423],[-71.7893039558129,42.2105414324412],[-71.7893984529762,42.2104686880795],[-71.7894995448681,42.2104010212902],[-71.7896067395594,42.2103387612249],[-71.7897195154433,42.2102822118546],[-71.789837323034,42.2102316492712],[-71.7899595867655,42.2101873180903],[-71.7900857130851,42.2101494359478],[-71.7902150859574,42.210118185406],[-71.7903470758568,42.2100937211484],[-71.7904810397681,42.2100761609861],[-71.7906163247835,42.2100655903548],[-71.7907522725993,42.2100620605157],[-71.790888220415,42.2100655903548],[-71.7910235054304,42.2100761609861],[-71.7911574693417,42.2100937211484],[-71.7912894592411,42.210118185406],[-71.7914188321134,42.2101494359478],[-71.7915449584331,42.2101873180903],[-71.7916672221645,42.2102316492712],[-71.7917850297553,42.2102822118546],[-71.7918978056392,42.2103387612249],[-71.7920050003304,42.2104010212902],[-71.7921060922224,42.2104686880795],[-71.7922005893856,42.2105414324412],[-71.7922880304682,42.2106189000423],[-71.7923679900906,42.2107007140668],[-71.7924400788465,42.2107864743164],[-71.7925039442016,42.2108757653044],[-71.7925592758899,42.2109681490609],[-71.7926058041145,42.2110631786228],[-71.7926433031459,42.2111603890408],[-71.7926715886229,42.211259306372],[-71.7926781671637,42.2112940993432],[-71.7927247718307,42.2113252941271],[-71.7928192698934,42.2113980384887],[-71.7928759955307,42.211448293504],[-71.7928746240646,42.2114434974195],[-71.7928556942348,42.2113433525138],[-71.7928462081859,42.2112424701639],[-71.7928462117832,42.2111413422992],[-71.7928557041274,42.2110404599493],[-71.7928746384538,42.2109403159429],[-71.7929029248301,42.2108413986117],[-71.7929404229621,42.2107441881938],[-71.7929869511868,42.2106491586318],[-71.793042282875,42.2105567748753],[-71.7931061482301,42.2104674838873],[-71.7931782360867,42.2103817236377],[-71.7932581948098,42.2102999096132],[-71.7933456358924,42.2102224420121],[-71.7934401321563,42.2101496976505],[-71.7935412240482,42.2100820308611],[-71.7936484187395,42.2100197707958],[-71.7937611937241,42.2099632214256],[-71.7938790004155,42.2099126588422],[-71.794001264147,42.2098683276612],[-71.794127388668,42.2098304446194],[-71.7942567615403,42.2097991949769],[-71.7943887505403,42.2097747307193],[-71.7945227135523,42.209757170557],[-71.7946579985677,42.2097465999257],[-71.7947939454842,42.2097430700867],[-71.7949298924006,42.2097465999257],[-71.7950651774159,42.209757170557],[-71.7951991404279,42.2097747307193],[-71.7953311294281,42.2097991949769],[-71.7954605023003,42.2098304446194],[-71.7955866268213,42.2098683276612],[-71.7956815106931,42.2099027312261],[-71.7956909958427,42.2099019901847],[-71.7958269427592,42.2098984603457],[-71.7959628896756,42.2099019901847],[-71.796098174691,42.2099125608161],[-71.7961545504921,42.2099199505453],[-71.7961847434311,42.2099108817818],[-71.7963141163034,42.2098796321393],[-71.7964461062028,42.2098551678817],[-71.7965800692148,42.2098376077195],[-71.7967153542302,42.2098270370881],[-71.7968513011466,42.2098235072491],[-71.796987248063,42.2098270370881],[-71.7971225330784,42.2098376077195],[-71.7972564960904,42.2098551678817],[-71.7973884859898,42.2098796321393],[-71.7975178588621,42.2099108817818],[-71.7976439842824,42.2099487648237],[-71.7977662480139,42.2099930960046],[-71.797884053806,42.210043658588],[-71.7979968296899,42.2101002079583],[-71.7981040243812,42.2101624680235],[-71.798205116273,42.2102301348129],[-71.7982996125371,42.2103028791746],[-71.7983870536196,42.2103803467756],[-71.7984670123427,42.2104621608001],[-71.7985391001993,42.2105479210498],[-71.7985867498786,42.2106145410283],[-71.7986277562659,42.2106268572437],[-71.7987502978879,42.2106564566302],[-71.7988764251069,42.2106943387728],[-71.798998690637,42.2107386699537],[-71.7991164982278,42.2107892325371],[-71.7991435849084,42.210802814998],[-71.7991888298006,42.2108192195314],[-71.7993066373913,42.2108697830141],[-71.7994194141746,42.210926331485],[-71.7995266106645,42.2109885915503],[-71.7996277034557,42.2110562583397],[-71.7997222015184,42.2111290027013],[-71.7998096435002,42.2112064712018],[-71.799889604022,42.2112882843269],[-71.7999616927779,42.2113740454758],[-71.8000255590323,42.2114633355645],[-71.8000808916198,42.2115557202204],[-71.8001274207438,42.211650748883],[-71.8001649188759,42.2117479593009],[-71.8001932052522,42.2118468766321],[-71.8002121404779,42.2119470206385],[-71.8002177747305,42.212006901997],[-71.8002915928827,42.2120563116495],[-71.800386092744,42.2121290569105],[-71.8004735356251,42.2122065245115],[-71.8005534970462,42.2122883376367],[-71.8006255876007,42.2123740987857],[-71.8006894547545,42.2124633888744],[-71.800744787342,42.2125557735302],[-71.8007913173653,42.2126508021928],[-71.8008288172961,42.2127480126107],[-71.8008571036723,42.2128469299419],[-71.800876038898,42.2129470739484],[-71.8008855312422,42.2130479562982],[-71.8008855348395,42.213149084163],[-71.8008760487906,42.2132499665128],[-71.8008571189608,42.2133501114186],[-71.8008288379805,42.2134490305483],[-71.8007913434457,42.2135462418656],[-71.8007448188183,42.2136412723269],[-71.8006894898281,42.2137336578821],[-71.8006256253723,42.2138229506687],[-71.800553538415,42.2139087127169],[-71.8004735787926,42.2139905285401],[-71.8003861368107,42.2140679988391],[-71.8002916378488,42.2141407458988],[-71.8001905423596,42.2142084144868],[-71.8000833431717,42.2142706763507],[-71.7999705618919,42.2143272284189],[-71.7999146492417,42.2143512259284],[-71.7998705554817,42.2143963431168],[-71.7997831126006,42.2144738134158],[-71.7996886127393,42.2145465604754],[-71.7995875172501,42.2146142290635],[-71.7994803171629,42.2146764909274],[-71.7993675349837,42.2147330429956],[-71.7992497210977,42.2147836073776],[-71.7991274492723,42.2148279403572],[-71.7990013157581,42.2148658242984],[-71.7988719329933,42.2148970757395],[-71.7987399332013,42.2149215408965],[-71.7986059593975,42.2149391028574],[-71.7984706635902,42.2149496734887],[-71.7983347058819,42.2149532033278],[-71.7981987481737,42.2149496734887],[-71.7980634523664,42.2149391028574],[-71.7979294785625,42.2149215408965],[-71.7977974787706,42.2148970757395],[-71.7976680960058,42.2148658242984],[-71.7975419624916,42.2148279403572],[-71.7974196906662,42.2147836073776],[-71.7973018767801,42.2147330429956],[-71.797189094601,42.2146764909274],[-71.7970818945138,42.2146142290635],[-71.7969807990246,42.2145465604754],[-71.7968862991634,42.2144738134158],[-71.7967988562822,42.2143963431168],[-71.7967188957604,42.2143145272936],[-71.7966468088031,42.2142287652454],[-71.7965829443474,42.2141394724587],[-71.7965276144578,42.2140470869036],[-71.7964810898304,42.2139520564423],[-71.7964435952957,42.2138548451251],[-71.7964336029284,42.2138198947724],[-71.7963057049443,42.2137890021608],[-71.7961795732287,42.2137511173203],[-71.796057303202,42.21370678524],[-71.7959394911146,42.2136562199586],[-71.7958267116334,42.2135996687897],[-71.7957195133448,42.2135374060265],[-71.795618418755,42.2134697374385],[-71.7955239206923,42.2133969903788],[-71.7954364796098,42.2133195200798],[-71.7953565208867,42.2132377042567],[-71.7952844339295,42.2131519422084],[-71.7952205712723,42.2130626503211],[-71.7951652422821,42.2129702638666],[-71.795118718554,42.2128752334053],[-71.7950812240192,42.2127780220881],[-71.7950529439382,42.2126791029583],[-71.7950524277273,42.2126763699186],[-71.7950342263484,42.2126709029399]]],[[[-71.7955363538196,42.2391607494691],[-71.7954483155872,42.2391492138652],[-71.7954277741724,42.2391508182557],[-71.7952917643034,42.2391543480947],[-71.7951557544345,42.2391508182557],[-71.7950204073659,42.2391402476244],[-71.7948863814013,42.2391226865628],[-71.7947543321467,42.2390982205065],[-71.7946248999191,42.2390669699648],[-71.7944987178415,42.2390290860235],[-71.7943763992514,42.2389847530439],[-71.7942585403993,42.2389341886619],[-71.794145715952,42.238877637493],[-71.7940484165012,42.238821147478],[-71.7939803495135,42.2388193812095],[-71.7938450024449,42.2388088105782],[-71.793710978279,42.2387912495166],[-71.7935789290243,42.2387667834603],[-71.7934494976961,42.2387355329186],[-71.7933233156185,42.2386976489774],[-71.7932303814769,42.2386639657694],[-71.7931809016772,42.2386574825568],[-71.7930488524225,42.2386330165006],[-71.7929194219937,42.2386017659588],[-71.792793239916,42.2385638820176],[-71.792787986976,42.2385619781528],[-71.7927315464237,42.2385515208361],[-71.7926021159948,42.2385202702943],[-71.7924759339172,42.2384823863531],[-71.7923536171257,42.2384380542728],[-71.7922357591729,42.2383874889915],[-71.7921229356249,42.2383309378226],[-71.7920156950682,42.2382686759587],[-71.7919145618075,42.2382010073707],[-71.7918620701784,42.238160614321],[-71.79174513493,42.2381575800084],[-71.79160978966,42.2381470084777],[-71.7914757672928,42.2381294474161],[-71.7913437189374,42.2381049822592],[-71.7912142894079,42.2380737308181],[-71.7910881091289,42.2380358468769],[-71.7909657923374,42.2379915147966],[-71.7908479352839,42.2379409495152],[-71.7907351126353,42.2378843983464],[-71.7906278729779,42.2378221364825],[-71.7905267397172,42.2377544678944],[-71.7904322056817,42.2376817208348],[-71.7903447304249,42.2376042514351],[-71.7902647411249,42.2375224365113],[-71.7901926271879,42.2374366735637],[-71.7901287393498,42.2373473825757],[-71.7900733896752,42.2372549961212],[-71.7900268479606,42.2371599665593],[-71.7899893390367,42.237062755242],[-71.7899610481638,42.2369638370115],[-71.7899421111395,42.2368636930051],[-71.7899326214932,42.2367628106552],[-71.7899326241912,42.2366616827905],[-71.7899421201327,42.23656080134],[-71.7899610634523,42.2364606582328],[-71.7899893606204,42.2363617400023],[-71.790026874041,42.2362645304838],[-71.7900734211514,42.2361695018211],[-71.7901287744234,42.2360771180646],[-71.7901926658588,42.2359878279759],[-71.7902647824937,42.2359020677263],[-71.7903447735924,42.2358202546011],[-71.7904322497485,42.235742787],[-71.7905267846833,42.2356700426384],[-71.7906279170447,42.235602375849],[-71.7907351549034,42.2355401166831],[-71.7908479757534,42.2354835673128],[-71.7909658292096,42.2354330047294],[-71.7910881424038,42.2353886735485],[-71.7912143181862,42.2353507914059],[-71.7913437423198,42.2353195417635],[-71.7914757852792,42.2352950775059],[-71.7916098022505,42.2352775173436],[-71.7917451412252,42.2352669467123],[-71.7918811430003,42.2352634177726],[-71.7920171447754,42.2352669467123],[-71.7921524837501,42.2352775173436],[-71.7922865007214,42.2352950775059],[-71.7924185436808,42.2353195417635],[-71.7925479678144,42.2353507914059],[-71.7926741435968,42.2353886735485],[-71.792796456791,42.2354330047294],[-71.7929143102472,42.2354835673128],[-71.7929912238658,42.235522118551],[-71.7931192837279,42.2355254415459],[-71.793254623602,42.2355360121772],[-71.7933886414726,42.2355535723395],[-71.7934380412326,42.23556272474],[-71.7934571994901,42.2355642212119],[-71.7935912173608,42.2355817813742],[-71.7937232603202,42.2356062456318],[-71.7938526862524,42.2356374952743],[-71.7939788620348,42.2356753783161],[-71.7941011761283,42.2357197085977],[-71.7942190304838,42.2357702711811],[-71.7943318513338,42.2358268205514],[-71.7944390891926,42.2358890797173],[-71.7945238610873,42.2359457990594],[-71.7945528948002,42.2359626550526],[-71.7946537645595,42.2359813438639],[-71.7947831904918,42.2360125935064],[-71.7948911594994,42.2360450095696],[-71.7948988235219,42.2360448108194],[-71.7950348270955,42.2360483397591],[-71.7951701678689,42.2360589103904],[-71.7953041866389,42.2360764705527],[-71.7954362304976,42.2361009348103],[-71.7955656564299,42.2361321844528],[-71.7956918340109,42.2361700674947],[-71.7958141490037,42.2362143977763],[-71.7959320042585,42.236264961259],[-71.7959670112685,42.2362825070321],[-71.7960790560036,42.236291258335],[-71.7962130747736,42.2363088184972],[-71.7963451195316,42.2363332836542],[-71.7964745463632,42.2363645323973],[-71.7966007248435,42.2364024154391],[-71.796723038937,42.2364467457208],[-71.7968408950912,42.2364973092035],[-71.7969537177398,42.2365538576744],[-71.7970609564979,42.2366161177397],[-71.7971620906579,42.2366837836298],[-71.7972566273914,42.2367565279914],[-71.7973441044468,42.2368339955924],[-71.7974240973442,42.2369158087176],[-71.7974962148784,42.2370015689673],[-71.7975601072131,42.237090859056],[-71.7976154613844,42.2371832428125],[-71.7976620093942,42.2372782714751],[-71.797699523714,42.2373754809937],[-71.7977278208822,42.2374743992242],[-71.7977467642017,42.2375745423314],[-71.7977562601433,42.2376754237818],[-71.7977562637406,42.2377765516466],[-71.797746773195,42.2378774339965],[-71.7977278361707,42.2379775780029],[-71.7976995443984,42.2380764962334],[-71.7976620354745,42.2381737075506],[-71.7976154928606,42.2382687371126],[-71.7975601422867,42.2383611226677],[-71.7974962535492,42.238450414555],[-71.797424138713,42.2385361766033],[-71.7973441476143,42.2386179924264],[-71.7972566714582,42.2386954618262],[-71.797162135624,42.2387682088858],[-71.7970610005647,42.2388358774738],[-71.796953760008,42.2388981393377],[-71.7968409346614,42.2389546905066],[-71.7967230767086,42.2390052548886],[-71.7966007572192,42.2390495878682],[-71.7964745751415,42.2390874718094],[-71.7963451438133,42.2391187223512],[-71.7962130936593,42.2391431884075],[-71.7960790676948,42.2391607494691],[-71.7959437206262,42.2391713201004],[-71.7958077107572,42.2391748499394],[-71.7956717008882,42.2391713201004],[-71.7955363538196,42.2391607494691]]],[[[-71.7612645935861,42.2907805686684],[-71.7612269911327,42.2907736070164],[-71.7611786858477,42.290801628992],[-71.7610657687702,42.2908581792616],[-71.7609478136906,42.2909087436437],[-71.7608253943764,42.2909530757239],[-71.7606991079774,42.2909909596651],[-71.7605695705292,42.2910222102069],[-71.7604374124566,42.2910466762631],[-71.7603032767748,42.2910642364254],[-71.7601678181902,42.2910748079561],[-71.7601624933044,42.2910749464517],[-71.7600424922672,42.2910971606055],[-71.7599083565854,42.2911147216671],[-71.7597728980008,42.2911252931978],[-71.7596367766159,42.2911288221375],[-71.759542671557,42.2911263822768],[-71.7594708301147,42.2911437140112],[-71.7593386711427,42.2911681791682],[-71.7592045363602,42.2911857402298],[-71.75917751533,42.29118784914],[-71.7591526652632,42.2911953036204],[-71.7590231269157,42.2912265541622],[-71.7588909679438,42.2912510193191],[-71.758756832262,42.2912685803807],[-71.7586213736774,42.2912791519114],[-71.7584852513932,42.2912826808511],[-71.758349129109,42.2912791519114],[-71.7582136705244,42.2912685803807],[-71.7580795348426,42.2912510193191],[-71.7579473758707,42.2912265541622],[-71.7578178375231,42.2911953036204],[-71.7576915511241,42.2911574196792],[-71.7575691318099,42.291113087599],[-71.7574511758311,42.2910625232169],[-71.7573382578543,42.2910059729473],[-71.757230929164,42.2909437119828],[-71.7571297104677,42.2908760433947],[-71.7570350972919,42.2908032972344],[-71.7569475482907,42.2907258287341],[-71.7568674924408,42.2906440138103],[-71.75679531735,42.2905582526613],[-71.7567313764518,42.2904689616733],[-71.7566759800124,42.2903765770175],[-71.7566293987277,42.2902815474555],[-71.7565918592269,42.2901843370376],[-71.7565635440723,42.2900854197064],[-71.7565445908601,42.2899852765993],[-71.75653509312,42.2898843960481],[-71.7565350967173,42.2897832690827],[-71.7565446007527,42.2896823885314],[-71.7565447473422,42.2896816133158],[-71.7565447491408,42.2896378496071],[-71.7565542531762,42.2895369690559],[-71.7565659920269,42.2894749643981],[-71.75654800019,42.2893798988633],[-71.7565385024499,42.2892790183121],[-71.7565385033492,42.289237884221],[-71.756529119823,42.2891382150567],[-71.7565291225209,42.2890370880912],[-71.7565386265563,42.28893620754],[-71.7565575851644,42.2888360644329],[-71.7565859057149,42.288737148001],[-71.7566234506117,42.2886399384824],[-71.7566700354937,42.2885449116184],[-71.7567254355304,42.2884525278619],[-71.7567893791265,42.2883632386726],[-71.756861556016,42.2882774793223],[-71.7569416136645,42.2881956670964],[-71.7570291617664,42.2881182003947],[-71.7570609105326,42.2880937900964],[-71.7570697634588,42.2879998172378],[-71.7570887220668,42.28789967503],[-71.7570919074655,42.2878885486177],[-71.7570477174781,42.2878268371389],[-71.7569923237367,42.287734452483],[-71.7569457442506,42.2876394229211],[-71.7569082065485,42.2875422134025],[-71.7569002115754,42.2875142813591],[-71.7568926141028,42.28749460779],[-71.7568816423739,42.2874562759864],[-71.756835655541,42.2873795800037],[-71.7567890769543,42.2872845504417],[-71.7567515392521,42.2871873409231],[-71.7567232249968,42.2870884226926],[-71.7567093376658,42.2870150398123],[-71.7566637051658,42.2869389346841],[-71.7566171265791,42.2868439051222],[-71.7565910894072,42.2867764784518],[-71.7565190546106,42.2867210892069],[-71.7564315119047,42.2866436207066],[-71.7563514605514,42.2865618057828],[-71.7562792908565,42.2864760437345],[-71.7562153535557,42.2863867527465],[-71.7561599607136,42.2862943680907],[-71.7561482317554,42.2862704389296],[-71.7561467334849,42.2862683462072],[-71.7561217539157,42.2862462408714],[-71.7560417025625,42.2861644259476],[-71.7559695328676,42.2860786638993],[-71.7559055964661,42.2859893729113],[-71.7558502045233,42.2858969882555],[-71.7558036259366,42.2858019586935],[-71.7557660891337,42.2857047491749],[-71.7557377757777,42.2856058309444],[-71.7557188243642,42.2855056878373],[-71.7557093275234,42.285404807286],[-71.7557093302214,42.2853036794213],[-71.755709734017,42.2852993968497],[-71.7557095208776,42.2852990416175],[-71.7556629431903,42.2852040129549],[-71.7556254063874,42.285106802537],[-71.7555970930314,42.2850078843065],[-71.7555781425172,42.2849077411993],[-71.7555686447771,42.2848068606481],[-71.7555686483744,42.2847057327834],[-71.7555781515105,42.2846048522322],[-71.7555825330074,42.28458170728],[-71.7555822641102,42.2845788537311],[-71.7555822659088,42.2845382682265],[-71.7555640915096,42.2844422287259],[-71.7555545937694,42.2843413481747],[-71.7555545973667,42.28424022031],[-71.7555641005028,42.2841393397588],[-71.7555830573122,42.284039197551],[-71.7556113760641,42.2839402802198],[-71.7556124615458,42.2839374707377],[-71.7556124633444,42.2838556702031],[-71.7556219664805,42.2837547896519],[-71.7556409232899,42.283654647444],[-71.7556692411425,42.2835557301129],[-71.7556932260615,42.2834936256304],[-71.7556932269608,42.2834618705689],[-71.7556903014662,42.2834542955793],[-71.7556619890095,42.2833553773488],[-71.7556430384954,42.2832552342417],[-71.7556335416546,42.2831543536905],[-71.7556335452519,42.2830532258258],[-71.7556430474886,42.2829523452746],[-71.755662004298,42.2828522030668],[-71.7556903221506,42.2827532857356],[-71.7557278634501,42.2826560771163],[-71.7557744447348,42.282561049353],[-71.755804601701,42.2825107547675],[-71.7558185582798,42.282437024749],[-71.7558468761324,42.2823381074178],[-71.7558728647409,42.2822708120484],[-71.7558816115471,42.2821779588458],[-71.7559005674572,42.282077816638],[-71.7559288853097,42.2819788993068],[-71.7559664257099,42.2818816906875],[-71.7560130060953,42.2817866629242],[-71.7560407438852,42.2817404035968],[-71.7560461847835,42.2817213973247],[-71.7560483773307,42.2816981228701],[-71.7560673341401,42.2815979806623],[-71.7560956510934,42.2814990633312],[-71.7561331914936,42.2814018547119],[-71.7561680258337,42.2813307893845],[-71.7561773320182,42.2812982824898],[-71.7562148715191,42.2812010738705],[-71.7562614519044,42.2811060461072],[-71.7562681536523,42.2810948684335],[-71.756266242593,42.2810745689363],[-71.7562585273092,42.2810337963726],[-71.7562490304683,42.2809329158214],[-71.7562490340656,42.2808317879567],[-71.7562585363024,42.2807309074055],[-71.7562774922125,42.2806307651977],[-71.7563058091657,42.2805318478665],[-71.7563354661089,42.280455052059],[-71.7563354661089,42.2804493404648],[-71.7563449683456,42.2803484599136],[-71.7563639242557,42.2802483177057],[-71.7563922412089,42.2801494003746],[-71.7564297807098,42.2800521917553],[-71.7564308616949,42.2800499866176],[-71.7564321153498,42.2800366775507],[-71.7564510712599,42.2799365353429],[-71.7564793873138,42.2798376180117],[-71.7565169268147,42.2797404093924],[-71.7565635063007,42.2796453816291],[-71.7566188982435,42.2795529978726],[-71.7566828328464,42.2794637086832],[-71.756754998944,42.2793779493329],[-71.7568350449014,42.2792961362078],[-71.756922581312,42.2792186695061],[-71.757017180998,42.2791459260437],[-71.7571183826072,42.2790782601536],[-71.7572256942104,42.2790160009877],[-71.7573385924021,42.2789594525168],[-71.7573638849353,42.2789486084915],[-71.7573738791012,42.2789419265287],[-71.7574811907044,42.2788796673628],[-71.757594088896,42.2788231188919],[-71.7577120232912,42.2787725563085],[-71.7578020544212,42.2787399486898],[-71.7578054646505,42.2787037401855],[-71.7578244205605,42.2786035979777],[-71.7578527366144,42.2785046806465],[-71.7578902743167,42.2784074720273],[-71.7579368529034,42.2783124442639],[-71.7579922439469,42.2782200605075],[-71.7580561767511,42.2781307713181],[-71.7581283419494,42.2780450119678],[-71.7582083870074,42.2779631988426],[-71.7582959207201,42.2778857321409],[-71.7583905186075,42.2778129886785],[-71.758491718418,42.2777453218891],[-71.7585990273232,42.2776830636225],[-71.7587119228169,42.2776265142523],[-71.7588298554135,42.2775759516689],[-71.7589522495467,42.2775316213873],[-71.7590785098653,42.2774937392447],[-71.7592080203339,42.2774624905016],[-71.7593401514268,42.2774380262439],[-71.759474257431,42.2774204660817],[-71.7596096863379,42.2774098954504],[-71.7597457789445,42.2774063656113],[-71.7597822140779,42.2774073107988],[-71.7597822149772,42.2773766268299],[-71.7597917172139,42.2772757462787],[-71.7598106722247,42.2771756040709],[-71.7598389873793,42.2770766867397],[-71.7598510490866,42.2770454496878],[-71.7598070785338,42.2770488824],[-71.7596906370133,42.2770519014242],[-71.7595725560286,42.2770873320148],[-71.7594430473587,42.2771185825566],[-71.7593109171651,42.2771430477135],[-71.7591768120602,42.2771606087751],[-71.7590413831533,42.2771711803058],[-71.758905291446,42.2771747092455],[-71.7587691997388,42.2771711803058],[-71.7586337708318,42.2771606087751],[-71.758499665727,42.2771430477135],[-71.7583675355333,42.2771185825566],[-71.7582380268634,42.2770873320148],[-71.7581117683434,42.2770494480736],[-71.7579893760089,42.2770051159933],[-71.7578714470096,42.2769545516113],[-71.7577585542139,42.2768980004424],[-71.757651248906,42.2768357394779],[-71.7575500535921,42.2767680708898],[-71.7574554602013,42.2766953247295],[-71.7573679318845,42.2766178553298],[-71.7572878931217,42.276536040406],[-71.7572157342187,42.2764502792571],[-71.7571518077097,42.2763609882691],[-71.7570964238608,42.2762686027139],[-71.7570498524687,42.2761735731519],[-71.7570123210617,42.276076362734],[-71.7569840122023,42.2759774454028],[-71.7569650643862,42.2758773013964],[-71.7569555684447,42.2757764208452],[-71.7569555711427,42.2756752929804],[-71.7569650733794,42.2755744124293],[-71.7569840274908,42.2754742693221],[-71.7570123426455,42.2753753528902],[-71.7570498794483,42.2752781433717],[-71.7570964544378,42.2751831156083],[-71.7571518427833,42.2750907318518],[-71.7572157728896,42.2750014426625],[-71.7572879344905,42.2749156833122],[-71.757367975052,42.2748338710863],[-71.7574155707719,42.2747917468417],[-71.7574125544458,42.2747812076867],[-71.7573936066296,42.2746810636802],[-71.7573841106881,42.274580183129],[-71.7573841115874,42.274539255882],[-71.7573386616499,42.2745256185625],[-71.7572162747113,42.2744812864822],[-71.7570983493093,42.2744307212009],[-71.7569854619095,42.2743741709313],[-71.7568781601989,42.2743119090674],[-71.7567769693816,42.2742442404794],[-71.7566823804874,42.274171494319],[-71.7565948548686,42.2740940258187],[-71.7565148197031,42.2740122108948],[-71.7564426634981,42.2739264488466],[-71.756378739687,42.2738371578586],[-71.7563233576368,42.2737447723035],[-71.7562767889426,42.2736497436408],[-71.756239258435,42.2735525332229],[-71.7562109513743,42.2734536149924],[-71.7561920035581,42.273353470986],[-71.7561839798068,42.2732682314438],[-71.7561732940623,42.2732464255821],[-71.7561357644539,42.2731492151642],[-71.7561074564939,42.2730502969337],[-71.756088509577,42.2729501529273],[-71.7560790136355,42.272849272376],[-71.7560790172328,42.2727481445113],[-71.7560885185702,42.2726472639601],[-71.7561074717823,42.272547120853],[-71.7561357851383,42.2724482044211],[-71.7561733201426,42.2723509949025],[-71.7562198933334,42.2722559671392],[-71.7562752789809,42.2721635833827],[-71.7563392063892,42.2720742941934],[-71.7563976767113,42.2720048026795],[-71.7563706916541,42.2719867568834],[-71.7562761063572,42.2719140107231],[-71.7561885843356,42.2718365413234],[-71.7561085518681,42.2717547263995],[-71.7560391538838,42.2716722396822],[-71.7559469679782,42.2716013389307],[-71.7558594468559,42.271523869531],[-71.7557794143884,42.2714420546072],[-71.7557072617807,42.2713562925589],[-71.7556509444355,42.2712776243629],[-71.755555215201,42.2712545225782],[-71.7554289683721,42.2712166395364],[-71.7553065877288,42.2711723065568],[-71.7551886695214,42.2711217421747],[-71.7550757866182,42.2710651910058],[-71.7549684912029,42.2710029300412],[-71.7548673057815,42.2709352614532],[-71.754772721384,42.2708625152929],[-71.7546852011611,42.2707850458932],[-71.7546051695929,42.2707032309694],[-71.7545330178845,42.2706174698204],[-71.7544690967713,42.2705281779331],[-71.7544137174191,42.2704357932773],[-71.7543671514229,42.2703407637153],[-71.7543296227139,42.2702435532974],[-71.7543013165525,42.2701446350669],[-71.7542922666747,42.2700967974293],[-71.7542888087814,42.2700847159369],[-71.7542743602735,42.2700552289657],[-71.7542368324638,42.2699580185478],[-71.7542085263024,42.2698591003173],[-71.7541974484535,42.2698005463582],[-71.7541567568288,42.2697326628322],[-71.7541101899333,42.2696376332702],[-71.7540996354898,42.2696102920814],[-71.7540305594627,42.2695396755157],[-71.7539584086536,42.2694539134674],[-71.7538944893392,42.2693646224794],[-71.7538391108862,42.2692722369242],[-71.75379254489,42.2691772073623],[-71.753781497618,42.2691485909348],[-71.753762111832,42.269125547606],[-71.7536981925175,42.269036256618],[-71.7536428149639,42.2689438710628],[-71.7536234534596,42.2689043593488],[-71.753612979955,42.2688936520205],[-71.7535408300452,42.2688078899722],[-71.7534769107308,42.2687185989842],[-71.7534215340765,42.2686262134291],[-71.7533749689796,42.2685311838671],[-71.7533374420693,42.2684339734492],[-71.7533246645016,42.2683893194116],[-71.7532857454407,42.2683098939865],[-71.7532482185304,42.2682126835685],[-71.7532199132684,42.2681137653381],[-71.7532009672508,42.2680136222309],[-71.7531914722086,42.2679127407804],[-71.7531914758059,42.2678116129156],[-71.753200976244,42.2677107323644],[-71.7532199285568,42.2676105892573],[-71.7532482392148,42.2675116719262],[-71.7532857715211,42.2674144633069],[-71.7532903553656,42.2674051103576],[-71.7532699344599,42.267376582963],[-71.7532145587049,42.2672841974078],[-71.7531796047549,42.2672128640825],[-71.7531782359868,42.2672118109763],[-71.7530907202605,42.2671343415766],[-71.7530106940882,42.2670525266528],[-71.7529385459771,42.2669667646045],[-71.7528746284613,42.2668774736165],[-71.7528192527063,42.2667850880614],[-71.7527726894081,42.2666900584995],[-71.752735163397,42.2665928480815],[-71.7527068590343,42.266493929851],[-71.7526879130168,42.2663937867439],[-71.7526784188739,42.2662929052934],[-71.7526784206725,42.2662382921635],[-71.752610052412,42.2661570222289],[-71.7525461357955,42.2660677312409],[-71.7524907609398,42.2659753456857],[-71.7524441976416,42.2658803161237],[-71.7524066725299,42.2657831057058],[-71.7523783681671,42.2656841874753],[-71.7523594230489,42.2655840443682],[-71.752349928906,42.2654831629177],[-71.752349931604,42.2653820350529],[-71.7523514370691,42.2653660496036],[-71.7523353311106,42.2653469039365],[-71.7522714153935,42.2652576129485],[-71.7522160414371,42.2651652273934],[-71.7521694781389,42.2650701978314],[-71.7521319539265,42.2649729874135],[-71.7521036495638,42.264874069183],[-71.7520847044455,42.2647739260759],[-71.7520821683573,42.264746981488],[-71.7520645758195,42.2647110760554],[-71.751994021307,42.2646568064665],[-71.751906509178,42.2645793370668],[-71.7518264857037,42.264497522143],[-71.7517543411898,42.2644117600947],[-71.751690426372,42.2643224691067],[-71.751635053315,42.2642300835516],[-71.7515884909161,42.2641350539896],[-71.7515509667037,42.2640378435717],[-71.7515226632403,42.2639389253412],[-71.7515037181221,42.2638387822341],[-71.7514942239792,42.2637379007835],[-71.7514942275765,42.2636367729188],[-71.7515037280146,42.2635358923676],[-71.7515226785288,42.2634357492605],[-71.7515509873881,42.2633368319293],[-71.7515885169964,42.2632396224107],[-71.751635083892,42.2631445946474],[-71.7516904614456,42.2630522108909],[-71.7517543798607,42.2629629217015],[-71.7518265270725,42.2628771614519],[-71.7519065523455,42.2627953492261],[-71.7519940662731,42.262717881625],[-71.7520886407781,42.2626451381627],[-71.752189816307,42.2625774713733],[-71.7522971000311,42.2625152122073],[-71.7524099685452,42.2624586637364],[-71.7525278723634,42.262408101153],[-71.7526502377183,42.2623637699721],[-71.75277646746,42.2623258878295],[-71.7529059473516,42.2622946390864],[-71.7530380460689,42.2622701739294],[-71.7531721196975,42.2622526137672],[-71.7533075171282,42.2622420431358],[-71.7533759564352,42.2622402678741],[-71.7533760922328,42.2622402274046],[-71.7535055712251,42.2622089786615],[-71.7536376699425,42.2621845135046],[-71.7537717444704,42.2621669533423],[-71.7539071410017,42.2621563827109],[-71.7540432003334,42.2621528537712],[-71.7541792596651,42.2621563827109],[-71.7543146561964,42.2621669533423],[-71.7543185061941,42.2621674578619],[-71.7543221304619,42.2621665828216],[-71.7544542291793,42.2621421176646],[-71.7545883028079,42.2621245575024],[-71.7547236993392,42.262113986871],[-71.7547995571538,42.2621120191544],[-71.7548537350118,42.2621049235035],[-71.7549239612717,42.2620994412363],[-71.7549325695824,42.262096857484],[-71.755062049474,42.2620656078416],[-71.755194147292,42.262041143584],[-71.7553282218199,42.2620235834217],[-71.7554636174519,42.2620130127904],[-71.7555996767836,42.2620094838506],[-71.7556579627447,42.262010995611],[-71.7556830889034,42.2620049314825],[-71.7558151876208,42.2619804672248],[-71.7559492612494,42.2619629070626],[-71.7560846568814,42.2619523364312],[-71.756220716213,42.2619488074915],[-71.7562896699323,42.2619505962431],[-71.7563130846811,42.2619487679214],[-71.7564491440127,42.2619452389816],[-71.7564644234943,42.2619456355827],[-71.7565076107376,42.2619376370124],[-71.75659644487,42.2619260024831],[-71.7566539088508,42.2619121331385],[-71.7567860066688,42.2618876688809],[-71.7569200802974,42.2618701087186],[-71.7570554768287,42.2618595380873],[-71.7571915352611,42.2618560091475],[-71.7572237210978,42.2618568437184],[-71.7572500037846,42.2618519765875],[-71.7572920057215,42.2618464754345],[-71.7573748881405,42.2618264718143],[-71.7574762345405,42.2618077029631],[-71.7574626655695,42.2617602808124],[-71.7574437222499,42.2616601377052],[-71.757442706016,42.2616493368475],[-71.757437685101,42.2616317892757],[-71.7574187408821,42.2615316461686],[-71.7574092467393,42.261430764718],[-71.7574092503366,42.2613366236863],[-71.7574056818267,42.2612987046716],[-71.7574056845247,42.2612118130748],[-71.757401362383,42.2611658873959],[-71.7574013650809,42.261064759531],[-71.7574108646197,42.2609638789799],[-71.7574120769058,42.2609574740082],[-71.7574120778051,42.2609255606661],[-71.7574215773439,42.2608246801149],[-71.7574405269587,42.2607245370078],[-71.7574688349188,42.2606256196767],[-71.7574882449865,42.2605753421783],[-71.7574760825551,42.2605438326318],[-71.7574477808903,42.2604449153006],[-71.7574288366714,42.2603447712942],[-71.7574203021052,42.2602540728672],[-71.7574085263823,42.2602129171924],[-71.7573895821635,42.260112773186],[-71.7573800889199,42.2600118917355],[-71.7573800889199,42.2600111884656],[-71.7573558189159,42.2599706928932],[-71.7573092601142,42.2598756633312],[-71.7572717385998,42.259778452014],[-71.757243436935,42.2596795346828],[-71.7572244927161,42.2595793906764],[-71.7572149994726,42.2594785092259],[-71.7572150030699,42.2593773813611],[-71.7572245026087,42.2592765008099],[-71.7572340129393,42.259226241298],[-71.7572253560653,42.2592038122062],[-71.7571970544005,42.2591048939757],[-71.7571781110809,42.2590047499693],[-71.7571686178374,42.2589038685188],[-71.7571686205354,42.258802740654],[-71.7571781200741,42.2587018601028],[-71.757197069689,42.2586017169957],[-71.7572026355931,42.2585822682571],[-71.7571973844517,42.2585639148928],[-71.7571784411321,42.2584637708863],[-71.7571689487879,42.2583628894358],[-71.7571689514859,42.2582617615711],[-71.7571784510246,42.2581608810199],[-71.7571973997402,42.2580607379128],[-71.7572257068009,42.2579618205816],[-71.7572369753061,42.2579326294873],[-71.7572403468645,42.2578968301746],[-71.7572403468645,42.2578869969874],[-71.7572498464032,42.2577861164362],[-71.7572687951188,42.2576859733291],[-71.7572971012802,42.2575870559979],[-71.7573346272912,42.2574898464793],[-71.7573811905895,42.2573948178166],[-71.7574365627472,42.2573024340601],[-71.757500474867,42.2572131448708],[-71.7575119502163,42.257199503954],[-71.7575018769101,42.2571905853773],[-71.7574218624289,42.2571087704534],[-71.7573641070679,42.2570401045173],[-71.7572372109285,42.2570707345268],[-71.757105123003,42.2570952005831],[-71.7569710601663,42.2571127616447],[-71.7568356744268,42.257123332276],[-71.756699625887,42.2571268621151],[-71.7565635773472,42.257123332276],[-71.7564281916077,42.2571127616447],[-71.756294128771,42.2570952005831],[-71.7561620408455,42.2570707345268],[-71.7560325726451,42.2570394839851],[-71.7559063536953,42.2570016000438],[-71.7557840009309,42.2569572679636],[-71.7556661088038,42.2569067026822],[-71.7555532519809,42.2568501524127],[-71.7554459808473,42.2567878905488],[-71.7554397341564,42.2567837113992],[-71.7553416019334,42.2567965663085],[-71.7552062161939,42.2568071369399],[-71.7551121165309,42.2568095785992],[-71.755065207893,42.2568182669495],[-71.7549311450563,42.2568358280111],[-71.7548723284951,42.2568404199495],[-71.7548405077832,42.2568463141062],[-71.7547064449465,42.2568638751678],[-71.754571059207,42.2568744457991],[-71.7544350115665,42.2568779756381],[-71.754430533842,42.2568778596255],[-71.7543163127476,42.2569121426813],[-71.7541868445472,42.2569433932231],[-71.754054757521,42.2569678592793],[-71.7539206937849,42.2569854203409],[-71.7537972087741,42.2569950619726],[-71.753751374826,42.2570035515727],[-71.7536173119893,42.2570211126343],[-71.7534819262498,42.2570316832656],[-71.75334587771,42.2570352131046],[-71.7532960372823,42.2570339198796],[-71.7532086789374,42.2570550062836],[-71.7530765910118,42.2570794723399],[-71.7529425281751,42.2570970334014],[-71.7528071424356,42.2571076040327],[-71.7526710938959,42.2571111338718],[-71.752535045356,42.2571076040327],[-71.752476220701,42.2571030111951],[-71.7524343239848,42.2571084988582],[-71.7523238179897,42.2571351727501],[-71.7521917300642,42.2571596388063],[-71.7520576663282,42.257177199868],[-71.7519222805888,42.2571877704993],[-71.7517862320489,42.2571913003383],[-71.7516501835091,42.2571877704993],[-71.7515147977697,42.257177199868],[-71.7513807340336,42.2571596388063],[-71.7512486461081,42.2571351727501],[-71.7511191779077,42.2571039222083],[-71.7509929598572,42.2570660382671],[-71.7508706061935,42.2570217061868],[-71.7507527140664,42.2569711409055],[-71.7506398572436,42.2569145906359],[-71.7505325852106,42.256852328772],[-71.750431421373,42.256784660184],[-71.7503368594585,42.2567119140236],[-71.7502493581213,42.256634444624],[-71.7501693445396,42.2565526297001],[-71.7500972090189,42.2564668676519],[-71.750033302295,42.2563775757646],[-71.7499779355333,42.2562851902094],[-71.7499313794296,42.2561901606475],[-71.7498938597138,42.2560929502295],[-71.7498655598476,42.255994031999],[-71.7498634338504,42.2559827913728],[-71.7498260517308,42.2558859379857],[-71.7498226999576,42.2558742234167],[-71.7497887820267,42.2558176263824],[-71.7497422259229,42.2557225968204],[-71.7497262161919,42.2556811164904],[-71.7496958289993,42.2556190902488],[-71.7496583101828,42.255521879831],[-71.7496300103167,42.2554229616005],[-71.7496110678964,42.255322817594],[-71.7496020899645,42.2552274013236],[-71.7495801635936,42.2551705911499],[-71.749561839907,42.2551065423331],[-71.7495357568696,42.2550630187434],[-71.7494892016653,42.2549679891814],[-71.7494602165157,42.254892888596],[-71.7494590680815,42.2548912842054],[-71.7494037031184,42.2547988986503],[-71.7494008001068,42.2547929739167],[-71.7493465997657,42.2547025308971],[-71.7493000445614,42.2546075013352],[-71.7492625266443,42.2545102909173],[-71.7492342267781,42.2544113726868],[-71.7492306762547,42.2543926002384],[-71.7492282265014,42.2543891774187],[-71.7491728615383,42.2542967918635],[-71.7491263072333,42.2542017623015],[-71.7491072730821,42.2541524443799],[-71.7490764110475,42.2541009465015],[-71.7490529729163,42.254053103468],[-71.7490354999883,42.2540286886731],[-71.7489801359245,42.2539363031179],[-71.7489335807201,42.253841273556],[-71.748896062803,42.2537440631381],[-71.7488677638362,42.2536451449076],[-71.7488649192805,42.2536301064443],[-71.748849667678,42.253590588435],[-71.7488213687112,42.2534916702045],[-71.7488024271902,42.253391526198],[-71.7487994873064,42.2533602810522],[-71.7487985124413,42.2533568735209],[-71.7487795709204,42.2532567295145],[-71.7487700785762,42.253155848064],[-71.7487700812742,42.2530547201992],[-71.7487795799136,42.2529538387487],[-71.7487985277298,42.2528536956416],[-71.7487989207336,42.2528523214775],[-71.7487965690064,42.2528398865516],[-71.7487714473444,42.2527747945212],[-71.7487431492769,42.2526758762907],[-71.7487269434936,42.2525901942821],[-71.7487050423038,42.2525136403922],[-71.7486979817264,42.2524763113328],[-71.7486729239163,42.2523887182648],[-71.7486599098269,42.2523199147323],[-71.7486227066726,42.2522235164022],[-71.748594408605,42.2521245981717],[-71.7485905415202,42.2521041511857],[-71.7485870188758,42.2520950248656],[-71.7485712924312,42.2520400520069],[-71.7485568834933,42.2520160068333],[-71.7485164202965,42.2519334077007],[-71.7484551422909,42.251847784148],[-71.7483997800258,42.2517553985928],[-71.7483532266201,42.2516603681315],[-71.7483295609604,42.2515990478578],[-71.7482656434447,42.251523049749],[-71.7482017421167,42.251433758761],[-71.7481463798515,42.2513413732059],[-71.7480998273451,42.2512463436439],[-71.7480623103273,42.2511491323266],[-71.7480340131592,42.2510502140961],[-71.7480150716382,42.2509500700897],[-71.7480055801933,42.2508491886392],[-71.7480055828913,42.2507480607744],[-71.7480072925025,42.2507299061603],[-71.7479927675521,42.2507002564117],[-71.7479622220789,42.2506211070785],[-71.7479367415873,42.2505690929893],[-71.7479141029535,42.2505104329102],[-71.747910577611,42.2505068275281],[-71.7478384483857,42.2504210645805],[-71.747774547957,42.2503317735925],[-71.7477191865912,42.2502393880374],[-71.7476726349841,42.2501443584754],[-71.7476351188656,42.2500471471582],[-71.747634156591,42.2500437845931],[-71.7476046048686,42.250013563775],[-71.7475856705422,42.2499910501469],[-71.7474779758279,42.2499650525452],[-71.7473517712672,42.249927168604],[-71.7472294319927,42.2498828365237],[-71.7471115524561,42.2498322712424],[-71.7469987082238,42.2497757200735],[-71.7468914487813,42.2497134591089],[-71.7467902966349,42.2496457896215],[-71.7466957446129,42.2495730434612],[-71.7466082531683,42.2494955740615],[-71.7465282494791,42.2494137591377],[-71.746456121153,42.2493279970894],[-71.7463922216237,42.2492387052021],[-71.7463368620565,42.249146319647],[-71.7462903104494,42.249051290085],[-71.7462527952303,42.2489540787678],[-71.7462244989614,42.2488551605373],[-71.7462055583398,42.2487550165308],[-71.7461960668949,42.2486541350803],[-71.7461960695929,42.2485530072155],[-71.7462055682324,42.248452125765],[-71.7462245142499,42.2483519826579],[-71.746252816814,42.2482530653268],[-71.7462787424699,42.2481858958624],[-71.7462781489174,42.2481827563292],[-71.7462686574725,42.2480818748787],[-71.7462686601705,42.2479807470139],[-71.7462781579106,42.2478798655634],[-71.7462971039282,42.2477797224563],[-71.7463254064923,42.2476808051251],[-71.7463629262081,42.2475835956065],[-71.7464094814124,42.2474885669438],[-71.7464648454762,42.2473961831873],[-71.7465287477035,42.247306893998],[-71.7466008778282,42.2472211337484],[-71.7466808833161,42.2471393206232],[-71.7467683747606,42.2470618530222],[-71.7468629267826,42.2469891095598],[-71.7469640771304,42.2469214427704],[-71.7470713338749,42.2468591836045],[-71.7470793801093,42.2468551510444],[-71.7470373871656,42.2467694231704],[-71.7469998728458,42.2466722118531],[-71.7469715774763,42.2465732936226],[-71.746954522733,42.2464831159031],[-71.7469239331929,42.2464677851602],[-71.7468166791464,42.2464055232963],[-71.7467155323959,42.2463378547083],[-71.7466209848705,42.246265108548],[-71.7465334988219,42.2461876391483],[-71.7465017023916,42.2461551205624],[-71.7464345140415,42.2461262981902],[-71.7463216770038,42.2460697470212],[-71.7462144238565,42.2460074851573],[-71.746113277106,42.2459398165693],[-71.7460187313793,42.245867070409],[-71.7459312444313,42.2457896010093],[-71.7458512452387,42.2457077851862],[-71.7457791214093,42.2456220231379],[-71.7457152254772,42.2455327312506],[-71.745659868608,42.2454403456954],[-71.7456133205982,42.2453453161335],[-71.7455758071777,42.2452481048162],[-71.7455726883289,42.2452372005365],[-71.7455624171718,42.2452347211055],[-71.7454362225036,42.2451968371644],[-71.7453138922223,42.2451525050841],[-71.745196021679,42.2451019398027],[-71.7451798626605,42.2450938414077],[-71.7450877226203,42.2451215018558],[-71.7449582787016,42.245152753297],[-71.7448262159571,42.2451772184539],[-71.744692177402,42.2451947795155],[-71.7445568177429,42.2452053510461],[-71.7444207943841,42.2452088799858],[-71.7442847710253,42.2452053510461],[-71.7441494113662,42.2451947795155],[-71.7440153728112,42.2451772184539],[-71.7438833100667,42.245152753297],[-71.743753866148,42.2451215018558],[-71.7436276723791,42.2450836179147],[-71.7435053420978,42.2450392858344],[-71.7433874715545,42.2449887205531],[-71.7432746363154,42.2449321693842],[-71.7431673849668,42.2448699084196],[-71.7430662409142,42.2448022389322],[-71.7430355776298,42.2447786452183],[-71.742951364214,42.2447676123355],[-71.7428193023688,42.2447431471785],[-71.7427500689604,42.244726432379],[-71.7426674158685,42.2447199770453],[-71.7425333791121,42.2447024159837],[-71.742401317267,42.2446779508268],[-71.7422718742475,42.2446466993857],[-71.7421456804788,42.2446088154445],[-71.7420233510967,42.2445644833643],[-71.7419054823521,42.2445139180829],[-71.741792647113,42.2444573678133],[-71.7417742568764,42.2444466919613],[-71.7417667781143,42.2444472756213],[-71.7416307565541,42.244450804561],[-71.741494734994,42.2444472756213],[-71.7413794976657,42.2444382752063],[-71.741343167753,42.244449182184],[-71.7412137247336,42.2444804336251],[-71.7410816637877,42.2445048987821],[-71.7409476270313,42.2445224598437],[-71.7408122682715,42.2445330313744],[-71.7406762467114,42.244536560314],[-71.7405402251512,42.2445330313744],[-71.7404048663914,42.2445224598437],[-71.7402708296351,42.2445048987821],[-71.7401387686892,42.2444804336251],[-71.7400093256698,42.244449182184],[-71.7398831328003,42.2444112982429],[-71.7397608034183,42.2443669661626],[-71.7396429346737,42.2443164008812],[-71.7396110600024,42.2443004262237],[-71.7395495139988,42.2442988290278],[-71.739414155239,42.2442882574971],[-71.739280119382,42.2442706964355],[-71.7391480584361,42.2442462312786],[-71.7390186163161,42.2442149807368],[-71.7388924234465,42.2441770967956],[-71.7387700949639,42.244132763816],[-71.7386522271186,42.244082199434],[-71.7385393927787,42.2440256482651],[-71.7384321432288,42.2439633864012],[-71.7383310000756,42.2438957178132],[-71.7383224933883,42.2438891725473],[-71.7382953959158,42.2438793519506],[-71.7381775280704,42.2438287875685],[-71.7380646946299,42.2437722363996],[-71.73795744508,42.2437099745358],[-71.7378563028261,42.2436423059477],[-71.7377617597974,42.2435695588881],[-71.7376742764467,42.2434920894884],[-71.737594279952,42.2434102745645],[-71.7375221588205,42.2433245116169],[-71.7374582655864,42.243235220629],[-71.7374050113322,42.2431463415305],[-71.7373382213818,42.2430669170047],[-71.7372743281477,42.2429776260167],[-71.7372513513687,42.2429392780253],[-71.7371655515489,42.2428632988023],[-71.7370855559536,42.2427814838784],[-71.7370134357215,42.2426957209308],[-71.7369782029816,42.2426464821495],[-71.7369174258985,42.2425742081332],[-71.7368535326644,42.2424849162459],[-71.7368272220986,42.2424410041491],[-71.7368249036463,42.2424409438945],[-71.7366895493832,42.2424303732632],[-71.7365555171233,42.2424128122016],[-71.7365487695101,42.242411562144],[-71.736518341848,42.2424123517487],[-71.7363823247844,42.2424088219096],[-71.7362469705212,42.2423982512783],[-71.7361129382614,42.2423806902167],[-71.7359808818122,42.2423562241605],[-71.7358514432894,42.2423249736187],[-71.7357252540172,42.2422870896775],[-71.7356029291319,42.2422427575972],[-71.7354850648838,42.2421921923159],[-71.7353722341413,42.242135641147],[-71.7352649872893,42.2420733792831],[-71.7351638477334,42.242005710695],[-71.7350693074026,42.2419329645347],[-71.7349818267498,42.2418554942357],[-71.7349018320539,42.2417736793119],[-71.734829712721,42.2416879172636],[-71.7347658212856,42.2415986253763],[-71.7347104671143,42.2415062398211],[-71.7346639218025,42.2414112093599],[-71.7346586131045,42.2413974515312],[-71.7346548863139,42.2413936402044],[-71.7345827678804,42.2413078781561],[-71.7345556434282,42.2412699699332],[-71.7345552009617,42.2412698880949],[-71.7344257651369,42.2412386366538],[-71.7342995785627,42.2412007527126],[-71.7341772554759,42.2411564206324],[-71.7340593930265,42.241105855351],[-71.7339465640826,42.2410493041821],[-71.7338393190293,42.2409870432175],[-71.733738181272,42.2409193737301],[-71.7336436418406,42.2408466275698],[-71.7335561629865,42.2407691581702],[-71.7334761691898,42.240687342347],[-71.7334040516556,42.2406015802987],[-71.7333401611195,42.2405122884114],[-71.7332848087469,42.2404199028563],[-71.7332382643344,42.240324872395],[-71.7332007536119,42.2402276619771],[-71.7331724609403,42.2401287437466],[-71.7331645019402,42.2400866572735],[-71.7330934554985,42.2400695036048],[-71.732967270723,42.2400316196636],[-71.7328449503341,42.239987286684],[-71.7327270896834,42.2399367214026],[-71.7326142625382,42.239880171133],[-71.7325989156074,42.2398712615495],[-71.7325795639957,42.2398629590084],[-71.7324667377497,42.2398064078395],[-71.7323594953943,42.2397441459756],[-71.7322583585364,42.2396764764882],[-71.7321638218029,42.2396037303279],[-71.7320763438482,42.2395262609282],[-71.7319963527494,42.2394444451051],[-71.731977373457,42.2394218748197],[-71.7319716492722,42.2394168053414],[-71.7318916581734,42.2393349895182],[-71.7318195415386,42.2392492274699],[-71.7317556528011,42.2391599355826],[-71.7317003013278,42.2390675500275],[-71.7316537578146,42.2389725204655],[-71.7316520482034,42.2389680895058],[-71.7316503367936,42.238965233259],[-71.7316037932804,42.238870203697],[-71.7315662843565,42.2387729923797],[-71.7315379916849,42.2386740741492],[-71.7315190546606,42.2385739292435],[-71.7315095641151,42.238473047793],[-71.7315095677124,42.2383719199282],[-71.7315119473185,42.2383466408848],[-71.7315119491171,42.238274362372],[-71.7315214459579,42.2381734809214],[-71.7315403883782,42.2380733378143],[-71.7315686864457,42.2379744195838],[-71.7316062007655,42.2378772100652],[-71.7316527496746,42.2377821814026],[-71.731667252142,42.2377579770491],[-71.731668070525,42.237755857347],[-71.7317146185348,42.2376608286843],[-71.7317699745047,42.2375684449278],[-71.7318338668395,42.2374791548391],[-71.731905985273,42.2373933945896],[-71.7319859781703,42.2373115814644],[-71.7320734561251,42.2372341138633],[-71.7321679928585,42.237161370401],[-71.7322691279179,42.2370937036116],[-71.7323763684746,42.2370314435464],[-71.7324505877244,42.2369942439892],[-71.7324779711814,42.2369699937702],[-71.7324814389672,42.2369673254817],[-71.7325160430809,42.236936681083],[-71.7326105789151,42.2368639367214],[-71.7327117139744,42.2367962708313],[-71.7328189536317,42.236734010766],[-71.7329317762804,42.2366774622951],[-71.7330496324345,42.2366268988124],[-71.7331719474274,42.2365825685308],[-71.7332195350535,42.2365682872967],[-71.7332262188149,42.2365662827078],[-71.7332492567477,42.2365485588689],[-71.7333503909078,42.2364808929789],[-71.7334576296658,42.2364186329136],[-71.7335704523145,42.2363620844427],[-71.7336883075693,42.23631152096],[-71.7338106216628,42.2362671906783],[-71.7338404728595,42.2362582280348],[-71.7339142604347,42.236182760526],[-71.7340017365908,42.236105292925],[-71.7340962715257,42.2360325485633],[-71.7341974047864,42.2359648817739],[-71.7343046426451,42.235902622608],[-71.7344174643944,42.2358460732377],[-71.7345353187499,42.2357955106543],[-71.7346576319441,42.2357511803727],[-71.7347838095251,42.2357132973308],[-71.7348338612936,42.2357012122412],[-71.7348388138601,42.2356961472594],[-71.7349262891169,42.2356186796584],[-71.7350208240517,42.2355459352967],[-71.7351219564131,42.2354782685073],[-71.7352291933726,42.2354160093414],[-71.7353420142226,42.2353594599712],[-71.7354598676787,42.2353088973878],[-71.7355821799736,42.2352645662068],[-71.7357083557559,42.2352266840643],[-71.7358377798896,42.2351954344218],[-71.735969822849,42.2351709701642],[-71.7361038398203,42.2351534100019],[-71.7362391778957,42.2351428393706],[-71.7363751796707,42.2351393104309],[-71.7365111814458,42.2351428393706],[-71.7366465195212,42.2351534100019],[-71.7367805364925,42.2351709701642],[-71.7369125794519,42.2351954344218],[-71.7370420035855,42.2352266840643],[-71.7370742469789,42.2352363643668],[-71.7371140977374,42.2352192673554],[-71.7371631575537,42.2352014859599],[-71.7371939458439,42.2351836110349],[-71.7373067657946,42.2351270616646],[-71.7374246192508,42.2350764990812],[-71.7375201596276,42.2350418706858],[-71.7375421102801,42.2350308683799],[-71.7376110613014,42.2349778101778],[-71.7377121927635,42.2349101433884],[-71.7378194297229,42.2348478842225],[-71.7379322487742,42.2347913348523],[-71.7380501013311,42.2347407722689],[-71.7381281822697,42.2347124724027],[-71.7382084746413,42.2346658560445],[-71.7383212936927,42.2346093066742],[-71.7384391462496,42.2345587440908],[-71.7385614576451,42.2345144129099],[-71.7386626241807,42.2344840392071],[-71.7386791591159,42.2344757510551],[-71.7387970107734,42.2344251884717],[-71.738919322169,42.2343808572908],[-71.739034583779,42.2343462513784],[-71.7390983592019,42.2342571204698],[-71.7391704740381,42.2341713602202],[-71.7392504633382,42.234089547095],[-71.7393379367963,42.2340120794939],[-71.7394324690332,42.2339393351323],[-71.7395335986966,42.2338716683429],[-71.7396408338574,42.233809409177],[-71.73975365111,42.2337528598067],[-71.7398715018683,42.2337022963239],[-71.7399938114652,42.2336579660424],[-71.7401199836503,42.2336200838998],[-71.7402494050859,42.2335888342574],[-71.7403814435488,42.2335643691004],[-71.7405154569228,42.2335468089381],[-71.7406507923002,42.2335362383068],[-71.740786790478,42.2335327093671],[-71.7409227886557,42.2335362383068],[-71.7410581240331,42.2335468089381],[-71.7411921374072,42.2335643691004],[-71.74132417587,42.2335888342574],[-71.7414535973056,42.2336200838998],[-71.7415797694907,42.2336579660424],[-71.7417020790876,42.2337022963239],[-71.7418199298459,42.2337528598067],[-71.7419327470986,42.233809409177],[-71.7420399822593,42.2338716683429],[-71.7421411119228,42.2339393351323],[-71.742185547425,42.2339735291551],[-71.7421774148557,42.2338870701323],[-71.7421774184531,42.2337859422675],[-71.7421869134952,42.233685060817],[-71.7422058559155,42.2335849168105],[-71.742234151285,42.2334859994793],[-71.7422716629069,42.2333887899607],[-71.7423182082187,42.2332937612981],[-71.742373559692,42.2332013766423],[-71.7424374475302,42.2331120874529],[-71.7424923250607,42.2330468245514],[-71.7425079157077,42.2329644007865],[-71.7425362110773,42.2328654834553],[-71.7425737226991,42.2327682739367],[-71.7426202671116,42.2326732452741],[-71.7426756176856,42.2325808606183],[-71.7427395055237,42.2324915714289],[-71.742811617662,42.23240581028],[-71.7428916051634,42.2323239971548],[-71.7429790759236,42.2322465295538],[-71.7430736054625,42.2321737860914],[-71.7431747324279,42.232106119302],[-71.7432819639914,42.2320438592367],[-71.7433947785461,42.2319873107658],[-71.7435126257071,42.2319367472831],[-71.7435548272934,42.2319214516137],[-71.7435859977955,42.2318938451249],[-71.7436805264351,42.2318211007632],[-71.7437816534006,42.2317534339738],[-71.7438888840647,42.2316911748079],[-71.7440016977201,42.2316346254377],[-71.7441195448811,42.2315840628543],[-71.7442418499813,42.2315397316733],[-71.7443680185692,42.2315018495308],[-71.7444974355082,42.2314705998883],[-71.7446294694744,42.2314461356307],[-71.7447634783518,42.2314285754684],[-71.7448381751416,42.231422740667],[-71.7449092899317,42.2313969642985],[-71.7450354585196,42.231359082156],[-71.7451648745593,42.2313278325135],[-71.7452969085255,42.2313033682559],[-71.7454309174029,42.2312858080936],[-71.7455662482837,42.2312752374623],[-71.7457022410655,42.2312717076233],[-71.7458382338474,42.2312752374623],[-71.7459735647282,42.2312858080936],[-71.7461075736056,42.2313033682559],[-71.7462396075718,42.2313278325135],[-71.7463690236115,42.231359082156],[-71.7464015368014,42.2313688442968],[-71.7464921372023,42.2313162411517],[-71.7466049499585,42.2312596917814],[-71.74672279622,42.231209129198],[-71.746845100421,42.2311647980171],[-71.7469712681095,42.2311269158745],[-71.7471006841492,42.2310956662321],[-71.7472327181154,42.2310712019744],[-71.7473667260935,42.2310536418122],[-71.747502056075,42.2310430711809],[-71.7476380488569,42.2310395413418],[-71.7477740416386,42.2310430711809],[-71.7479093716202,42.2310536418122],[-71.7480433795982,42.2310712019744],[-71.7481754135645,42.2310956662321],[-71.7483048296041,42.2311269158745],[-71.7484309972926,42.2311647980171],[-71.7485533014936,42.231209129198],[-71.7486711477552,42.2312596917814],[-71.7487839605113,42.2313162411517],[-71.7488911911755,42.2313785003176],[-71.7489923172416,42.231446167107],[-71.7490868449819,42.2315189114686],[-71.749174315742,42.2315963790697],[-71.7492543014448,42.2316781921949],[-71.7493264135831,42.2317639524445],[-71.7493903005219,42.2318532425332],[-71.7494456501965,42.231945627189],[-71.749445875027,42.2319460867425],[-71.749454911415,42.2319353407434],[-71.7495348971178,42.2318535276183],[-71.7496223678779,42.2317760600172],[-71.7497168965175,42.2317033156555],[-71.7497955305392,42.2316506990206],[-71.7498301490421,42.2316023154945],[-71.7499022611804,42.2315165552449],[-71.7499822468831,42.2314347421197],[-71.7500564814214,42.2313689962822],[-71.7500943725572,42.2313160379049],[-71.7501664846955,42.2312302776552],[-71.7502464694989,42.2311484645301],[-71.7502740472095,42.2311240407419],[-71.750267760049,42.2310907892086],[-71.7502582704028,42.2309899068588],[-71.7502582740001,42.230888778994],[-71.7502677690423,42.2307878975435],[-71.7502867096639,42.230687753537],[-71.7503150041341,42.2305888362059],[-71.7503525148566,42.230491625788],[-71.7503990574705,42.2303965971253],[-71.7504544062458,42.2303042133688],[-71.750518291386,42.2302149232801],[-71.7505202312237,42.2302126156198],[-71.7505492253664,42.2301720921683],[-71.7506213357061,42.2300863319188],[-71.7507013196102,42.2300045187936],[-71.7507887876724,42.2299270511925],[-71.750883313614,42.2298543068309],[-71.7508848568506,42.2298532744091],[-71.7509440304426,42.2297927473375],[-71.7510314976055,42.2297152797364],[-71.7511260235471,42.2296425353747],[-71.7512271460159,42.2295748685854],[-71.7513343739822,42.2295126094194],[-71.7514471840403,42.2294560600492],[-71.7515650267046,42.2294054965665],[-71.7516873273083,42.2293611662848],[-71.7518134913994,42.2293232841423],[-71.7518986643918,42.2293027175464],[-71.7519142505422,42.2292203081707],[-71.7519425441131,42.2291213908396],[-71.751980053037,42.2290241804216],[-71.7520265947515,42.228929151759],[-71.7520819426275,42.2288367680025],[-71.7521458268684,42.2287474779138],[-71.7522179354094,42.2286617176642],[-71.7522979175149,42.228579904539],[-71.7523853828791,42.228502436938],[-71.7524799070221,42.2284296925763],[-71.7525810276923,42.2283620257869],[-71.7526882529605,42.2282997657217],[-71.7528010612199,42.2282432172507],[-71.7529189011863,42.228192653768],[-71.7530411999913,42.2281483234864],[-71.7531673622839,42.2281104404445],[-71.7531902644191,42.2281049105133],[-71.7532871960472,42.228048626443],[-71.7534000034074,42.2279920779721],[-71.7535178433737,42.2279415144894],[-71.7536401421788,42.2278971842077],[-71.7537663026727,42.2278593011659],[-71.7538957124171,42.2278280515234],[-71.7540277391888,42.2278035872658],[-71.7541617408716,42.2277860271035],[-71.7542840180929,42.2277764754041],[-71.754287810534,42.2277666467134],[-71.7543343513492,42.2276716180508],[-71.7543896983259,42.2275792342943],[-71.7544535807681,42.2274899442056],[-71.7545256875104,42.227404183956],[-71.7546056687166,42.2273223699315],[-71.7546931322822,42.2272449023304],[-71.7547876546265,42.2271721579688],[-71.7548887734981,42.2271044911794],[-71.7549959969676,42.2270422320134],[-71.7551088025292,42.2269856826432],[-71.7552266397976,42.2269351200598],[-71.755348936804,42.2268907888788],[-71.7554750954992,42.2268529067363],[-71.7556045025457,42.2268216570939],[-71.7557365275187,42.2267971928362],[-71.7558705265035,42.2267796317747],[-71.7559968884456,42.2267697617152],[-71.756040595497,42.2267539183587],[-71.7560659240032,42.2267344255533],[-71.7561670419753,42.2266667587639],[-71.756274265445,42.226604499598],[-71.7563870701072,42.2265479502277],[-71.7565049064762,42.2264973876444],[-71.7566272025833,42.2264530564634],[-71.7567487630449,42.2264165547803],[-71.7568212681869,42.2263680354565],[-71.7569284907572,42.2263057762906],[-71.7570412945201,42.2262492269203],[-71.7571591308891,42.2261986643369],[-71.7572814260969,42.226154333156],[-71.7573550284118,42.2261322323167],[-71.7574244776575,42.2260787829096],[-71.7575255947304,42.2260111161202],[-71.7576328164013,42.2259488569542],[-71.7577456192649,42.225892307584],[-71.7578634556339,42.2258417450006],[-71.7579857499423,42.2257974138196],[-71.7580273498822,42.2257849222364],[-71.7580907341001,42.2257361403107],[-71.7581918502736,42.2256684735213],[-71.7582990719446,42.2256062143554],[-71.7584118748081,42.2255496649851],[-71.7585297093785,42.2254991015024],[-71.758652003687,42.2254547712208],[-71.7587045807518,42.2254389836223],[-71.7588185680224,42.2253976642708],[-71.7589447240198,42.2253597821283],[-71.759074127469,42.2253285324858],[-71.7591855723562,42.2253078804544],[-71.7592288639209,42.2252827426045],[-71.7593416658851,42.2252261932343],[-71.7593950028771,42.2252033063875],[-71.7594714947137,42.2251250590743],[-71.7595589555813,42.2250475914732],[-71.7596534743283,42.2249748471116],[-71.7597545896026,42.2249071803222],[-71.7598618094749,42.2248449211563],[-71.7599746105398,42.2247883717859],[-71.7600924451102,42.2247378083033],[-71.7601513839791,42.2247164431094],[-71.7602047722324,42.2246854416799],[-71.7603175732974,42.2246288932089],[-71.7604354069684,42.2245783297262],[-71.7605576994782,42.2245339994446],[-71.7606838536769,42.2244961164027],[-71.7607500015113,42.2244801417452],[-71.7608301158172,42.2244265295607],[-71.7609373347901,42.2243642694955],[-71.7610501349557,42.2243077210246],[-71.7611679677275,42.2242571575418],[-71.761290259338,42.2242128272602],[-71.7614164135366,42.2241749442184],[-71.7615458151872,42.2241436945759],[-71.7616778338649,42.2241192303183],[-71.7618118274538,42.224101670156],[-71.7619471430462,42.2240910995247],[-71.7619993567848,42.2240897442463],[-71.7620550994632,42.2240695373793],[-71.7621812527626,42.2240316543374],[-71.762270642676,42.224010067011],[-71.7622931419149,42.2239833067842],[-71.7623731186245,42.2239014936591],[-71.7624605776934,42.223824026058],[-71.7625550946419,42.2237512816964],[-71.7626562081174,42.223683614907],[-71.7627634252918,42.2236213548417],[-71.7628762254574,42.2235648063707],[-71.7629940564305,42.223514242888],[-71.7631051793605,42.2234739595556],[-71.7631290167906,42.2234556133859],[-71.7632301302663,42.2233879465965],[-71.7633373465413,42.2233256865313],[-71.7634501458076,42.223269137161],[-71.7635679767807,42.2232185745776],[-71.7636902656932,42.2231742433967],[-71.7638164180932,42.2231363612541],[-71.7639458170458,42.2231051116117],[-71.7640778348242,42.223080647354],[-71.7642118257152,42.2230630862924],[-71.7642310010598,42.2230615880219],[-71.7643029099513,42.2229760579987],[-71.7643828848622,42.2228942448735],[-71.7644703430319,42.2228167772725],[-71.7645648581816,42.2227440329108],[-71.7646659698586,42.2226763661214],[-71.7647731861336,42.2226141060562],[-71.7648859836012,42.2225575566859],[-71.765003813675,42.2225069941026],[-71.7651261007889,42.2224626629216],[-71.7652522513902,42.2224247807791],[-71.7653816494436,42.2223935311366],[-71.7654583247419,42.2223793218483],[-71.7655334289246,42.2223357092257],[-71.7656462263922,42.2222791598554],[-71.7657640555666,42.222228597272],[-71.7658863426805,42.2221842660911],[-71.7660124923826,42.2221463839485],[-71.7660195898322,42.2221446698407],[-71.7660508457699,42.222120612976],[-71.7661511111848,42.2220535118601],[-71.7661407339077,42.2220390048962],[-71.7660853977229,42.221946619341],[-71.7660388668002,42.2218515888798],[-71.7660013677689,42.2217543775625],[-71.7659730831912,42.2216554584327],[-71.7659541506635,42.2215553144263],[-71.7659446628159,42.2214544320764],[-71.7659446664132,42.2213533042117],[-71.7659541596567,42.2212524227611],[-71.7659730984797,42.2211522787547],[-71.7660013884533,42.2210533605242],[-71.7660388928805,42.2209561510056],[-71.7660854282998,42.2208611214436],[-71.7661407689812,42.2207687376871],[-71.7662046451283,42.2206794475985],[-71.7662767437766,42.2205936864495],[-71.7663567159896,42.2205118733244],[-71.766444170562,42.2204344057233],[-71.7665386830138,42.2203616613616],[-71.7666397910934,42.2202939945722],[-71.7667470028719,42.220231734507],[-71.7668597958429,42.220175186036],[-71.76697762142,42.2201246225533],[-71.7670999049366,42.2200802922717],[-71.7672260501421,42.2200424092298],[-71.7673554436987,42.2200111595874],[-71.7674874542826,42.2199866953298],[-71.7676214388783,42.2199691342682],[-71.7677567454774,42.2199585645362],[-71.7678927139775,42.2199550346971],[-71.7680286824777,42.2199585645362],[-71.7681639890768,42.2199691342682],[-71.7682979736725,42.2199866953298],[-71.7684299842563,42.2200111595874],[-71.768559377813,42.2200424092298],[-71.7686855230184,42.2200802922717],[-71.768807806535,42.2201246225533],[-71.7689256321122,42.220175186036],[-71.7690384250832,42.220231734507],[-71.7691456368616,42.2202939945722],[-71.7692467449413,42.2203616613616],[-71.7693412573931,42.2204344057233],[-71.7694287119654,42.2205118733244],[-71.7695086841784,42.2205936864495],[-71.7695807828268,42.2206794475985],[-71.769589079972,42.2206910452556],[-71.7696661959382,42.2206462635143],[-71.7697789907078,42.2205897141441],[-71.769896816285,42.2205391506614],[-71.7700191007009,42.2204948203797],[-71.7701452468057,42.2204569373378],[-71.7702259456708,42.2204374481298],[-71.770233846215,42.2204304496056],[-71.7703283586668,42.2203577052439],[-71.7704294667465,42.2202900384545],[-71.7705366785249,42.2202277783893],[-71.7706494714959,42.2201712299184],[-71.7707672970731,42.2201206664357],[-71.7708895805897,42.220076336154],[-71.7710157257951,42.2200384531122],[-71.7711451193517,42.2200072034697],[-71.7712771299356,42.2199827392121],[-71.7714111145312,42.2199651781505],[-71.7715464211304,42.2199546084185],[-71.7716823896305,42.2199510785795],[-71.7717837333326,42.2199537090964],[-71.7718354812225,42.2198673220193],[-71.7718993555708,42.2197780319307],[-71.7719714542192,42.2196922707817],[-71.7720514246335,42.2196104576565],[-71.7721388783066,42.2195329900555],[-71.7722333889597,42.2194602456938],[-71.7723344952407,42.2193925789044],[-71.7724417061198,42.2193303188392],[-71.7725544972922,42.2192737703683],[-71.7726723210707,42.2192232068855],[-71.7727946027886,42.2191788757046],[-71.7729207461954,42.219140993562],[-71.7730501379535,42.2191097439196],[-71.7731821467386,42.2190852787626],[-71.7733161295357,42.2190677186004],[-71.7734236156073,42.2190593216304],[-71.77352140339,42.2189938752672],[-71.7736286133698,42.2189316152019],[-71.7737414045421,42.2188750658317],[-71.7738592274214,42.2188245032483],[-71.77398150824,42.2187801720673],[-71.7741076507475,42.2187422899248],[-71.7742370416062,42.2187110402824],[-71.7742389544641,42.2187106859495],[-71.7743154265157,42.2186518244222],[-71.7744165318974,42.2185841576328],[-71.7745237409778,42.2185218975676],[-71.7746365312509,42.2184653481973],[-71.7747543532308,42.2184147856139],[-71.7748766331501,42.218370454433],[-71.7750027756575,42.2183325722904],[-71.7751321656169,42.2183013226479],[-71.7752641726034,42.218276857491],[-71.7753726830029,42.2182626356122],[-71.7753755464443,42.2182578548162],[-71.7754394198932,42.2181685656268],[-71.7755115167431,42.2180828044779],[-71.7755914853587,42.2180009913527],[-71.7756789363338,42.2179235237517],[-71.775773444289,42.21785077939],[-71.7758745487714,42.2177831117013],[-71.7759817560532,42.2177208525354],[-71.7760945454269,42.2176643031651],[-71.7762123656082,42.2176137396824],[-71.7763346437288,42.2175694094008],[-71.7764607844376,42.2175315263589],[-71.7765901725983,42.2175002767165],[-71.7767221777862,42.2174758124588],[-71.7767642228906,42.2174703014133],[-71.7768291719287,42.2174467553635],[-71.7769553126375,42.2174088723216],[-71.7770846998989,42.2173776226792],[-71.7771394731082,42.2173674720312],[-71.7772255004564,42.2173416354082],[-71.7773548886172,42.2173103857658],[-71.7774868938051,42.2172859215081],[-71.7775525317239,42.2172773185934],[-71.777599745232,42.2172354947223],[-71.7776942522879,42.2171627494613],[-71.7777752317415,42.217108550919],[-71.7778189190079,42.2170565835945],[-71.7778988858249,42.2169747704693],[-71.7779863359007,42.2168973028683],[-71.7780808429565,42.2168245576073],[-71.7781819447409,42.2167568908179],[-71.7782891511234,42.216694631652],[-71.7784019377992,42.2166380822817],[-71.7785197570811,42.216587518799],[-71.7786420334031,42.2165431885174],[-71.778768171414,42.2165053054755],[-71.778897557776,42.2164740558331],[-71.7790295611653,42.2164495915754],[-71.7791635385664,42.2164320314131],[-71.7792988370716,42.2164214607818],[-71.77935627767,42.2164199697059],[-71.7794610414938,42.2163591278715],[-71.7795738281696,42.2163025785012],[-71.7796916465522,42.2162520150185],[-71.7798139219749,42.2162076847369],[-71.7799400599857,42.2161698016951],[-71.7800694454485,42.2161385520526],[-71.7802014479385,42.2161140877949],[-71.7803354244402,42.2160965267334],[-71.7804707229455,42.2160859570014],[-71.7806066833517,42.2160824271624],[-71.7807426437579,42.2160859570014],[-71.7808779422632,42.2160965267334],[-71.7809558370422,42.2161067367365],[-71.7809767741588,42.2160335229288],[-71.7810142758881,42.2159363125108],[-71.78106080771,42.2158412838482],[-71.7811161438949,42.2157488991924],[-71.7811800146459,42.2156596091037],[-71.7812521087977,42.2155738488541],[-71.7813320738161,42.2154920348296],[-71.7814195220932,42.2154145672285],[-71.7815140264511,42.2153418228669],[-71.7816151264369,42.2152741560775],[-71.7817223301214,42.2152118960122],[-71.7818351140992,42.2151553475413],[-71.7819529297839,42.2151047840586],[-71.7820752034079,42.2150604528776],[-71.7822013396201,42.2150225707351],[-71.7823307223849,42.2149913210927],[-71.7824627221768,42.2149668559357],[-71.78259669688,42.2149492957734],[-71.7827319926873,42.2149387251421],[-71.7828679503955,42.2149351962024],[-71.7830039081039,42.2149387251421],[-71.7831392039111,42.2149492957734],[-71.7832731786143,42.2149668559357],[-71.7834051784062,42.2149913210927],[-71.783534561171,42.2150225707351],[-71.7836606973833,42.2150604528776],[-71.7837829710073,42.2151047840586],[-71.7839007866919,42.2151553475413],[-71.7840135706697,42.2152118960122],[-71.7841207743542,42.2152741560775],[-71.78422187434,42.2153418228669],[-71.7843163786979,42.2154145672285],[-71.784403826975,42.2154920348296],[-71.7844837919934,42.2155738488541],[-71.7845558861452,42.2156596091037],[-71.7846197568962,42.2157488991924],[-71.784675093081,42.2158412838482],[-71.7847119410033,42.2159165355197],[-71.7847538548065,42.2159220294781],[-71.7848858572964,42.2159464937358],[-71.7850152427592,42.2159777433782],[-71.7851413798708,42.2160156255207],[-71.7852636552934,42.2160599567017],[-71.7853814727767,42.2161105201844],[-71.7854942594525,42.2161670695547],[-71.7856014640363,42.2162293287206],[-71.7857025658207,42.21629699551],[-71.7857970710779,42.2163697398716],[-71.7858845202543,42.2164472074727],[-71.7859644870714,42.2165290214972],[-71.7859670321528,42.2165320495145],[-71.7860608961934,42.2165038593657],[-71.7861902825555,42.2164726097232],[-71.7863222859447,42.2164481454656],[-71.7864562633458,42.2164305853033],[-71.7865915618511,42.216420014672],[-71.7867275231566,42.216416484833],[-71.7868634844622,42.216420014672],[-71.7869987829674,42.2164305853033],[-71.7871327603685,42.2164481454656],[-71.7872647637578,42.2164726097232],[-71.7873941501199,42.2165038593657],[-71.7875202881307,42.2165417424075],[-71.7876425644528,42.2165860726891],[-71.7877603837347,42.2166366361719],[-71.7878731704104,42.2166931855421],[-71.7879803767929,42.216755444708],[-71.7880814785773,42.2168231114974],[-71.7881759856332,42.2168958567584],[-71.7882634357089,42.2169733243595],[-71.788343402526,42.2170551374846],[-71.7884154984764,42.2171408977343],[-71.7884793701268,42.217230187823],[-71.7885347072109,42.2173225724788],[-71.7885812408315,42.2174176011414],[-71.7886187434602,42.2175148115593],[-71.7886470316352,42.2176137297898],[-71.7886659686595,42.217713872897],[-71.788675461903,42.2178147552468],[-71.7886754655003,42.2179158831116],[-71.788665978552,42.2180167654614],[-71.7886470469236,42.2181169103672],[-71.7886187641446,42.2182158285977],[-71.7885812669119,42.2183130399149],[-71.7885347386872,42.2184080703762],[-71.7884794052003,42.2185004568307],[-71.7884155371473,42.218589748718],[-71.7883434438948,42.2186755116656],[-71.7882634788764,42.2187573265894],[-71.7881760297,42.2188347968884],[-71.7880815235434,42.218907543948],[-71.7879804199604,42.2189752125361],[-71.7878732126786,42.2190374744],[-71.7877604233049,42.2190940255689],[-71.7876426013249,42.2191445908502],[-71.7875203214057,42.2191889238298],[-71.7873941788982,42.219226807771],[-71.787350659805,42.2192373190471],[-71.7873862145021,42.2192345410413],[-71.787522182103,42.2192310121016],[-71.7876581497038,42.2192345410413],[-71.7877934545043,42.2192451116726],[-71.7879274373013,42.2192626727342],[-71.7880594469859,42.2192871369918],[-71.7881888387438,42.2193183866343],[-71.7883149821507,42.2193562687768],[-71.7884372647679,42.2194005999578],[-71.7885550885464,42.2194511634405],[-71.7886678806182,42.2195077119114],[-71.7887750914973,42.2195699719767],[-71.7888761977783,42.2196376387661],[-71.7889707084314,42.2197103831277],[-71.7890581621045,42.2197878507288],[-71.7891381334181,42.2198696638539],[-71.7892102320665,42.2199554250029],[-71.7892741073142,42.2200447150916],[-71.7893294470963,42.2201370988481],[-71.7893759825155,42.22023212841],[-71.7894134860435,42.2203293379287],[-71.7894417760171,42.2204282561591],[-71.7894607139407,42.2205284001656],[-71.7894702080836,42.2206292816161],[-71.7894702107816,42.2207304094809],[-71.789460722934,42.2208312918307],[-71.7894417913056,42.2209314358371],[-71.7894135067279,42.2210303549669],[-71.7893760085959,42.2211275662842],[-71.7893294776732,42.2212225967455],[-71.7892741423877,42.2213149823007],[-71.7892102707374,42.2214042750872],[-71.7891381747869,42.2214900371355],[-71.7890582052719,42.2215718529587],[-71.7889707524982,42.2216493223584],[-71.7888762427444,42.221722069418],[-71.7887751346647,42.2217897389054],[-71.7886679228863,42.2218520007693],[-71.7885551281166,42.2219085519382],[-71.7884373016401,42.2219591172195],[-71.788330995479,42.2219976558672],[-71.7883301285326,42.2220068757168],[-71.7883111969041,42.2221070197232],[-71.7882829114272,42.2222059388531],[-71.7882454123958,42.2223031501703],[-71.7881988805738,42.2223981806316],[-71.7881907857761,42.2224116956433],[-71.7882046416308,42.2224098799121],[-71.7883399536259,42.2223993092808],[-71.788475927522,42.2223957803411],[-71.7886119014181,42.2223993092808],[-71.7887472134131,42.2224098799121],[-71.7888812034048,42.2224274400743],[-71.7890132184852,42.2224519052313],[-71.7891426174378,42.2224831548738],[-71.7892687671398,42.2225210370163],[-71.789391055153,42.2225653681973],[-71.7895088852268,42.2226159307806],[-71.7896216826945,42.2226724801509],[-71.7897288989695,42.2227347402161],[-71.7898300106464,42.2228024070055],[-71.7899245266955,42.2228751513672],[-71.7900119848651,42.2229526189682],[-71.7900919597761,42.2230344320934],[-71.7901640620218,42.2231201923431],[-71.7902279399674,42.2232094824317],[-71.7902832824475,42.2233018670876],[-71.7903298205648,42.2233968957502],[-71.7903673258913,42.2234941052688],[-71.7903956176636,42.2235930234993],[-71.7904145564866,42.2236931675057],[-71.7904240506294,42.2237940489562],[-71.7904240533273,42.223895176821],[-71.7904145654798,42.2239960591709],[-71.7903956329521,42.2240962031773],[-71.7903673465757,42.2241951223071],[-71.7903298466451,42.2242923336244],[-71.7902833139237,42.2243873640857],[-71.790227975041,42.2244797496408],[-71.7901641006927,42.2245690415281],[-71.7900920011449,42.2246548044757],[-71.7900120280326,42.2247366193995],[-71.7899245707623,42.2248140896985],[-71.7898300556125,42.2248868358588],[-71.7897289430363,42.2249545053462],[-71.7896752678993,42.224985674949],[-71.789697222149,42.2249950953474],[-71.7898100241133,42.2250516447177],[-71.7899172439856,42.2251139038836],[-71.7900183601591,42.225181570673],[-71.7901128789062,42.2252543150347],[-71.7902003406732,42.2253317826357],[-71.790280318282,42.2254135957609],[-71.7903524232257,42.2254993569098],[-71.7904163038693,42.2255886460992],[-71.7904716490473,42.225681030755],[-71.7905172797486,42.2257742041163],[-71.7906258441074,42.2258004211525],[-71.7907520019033,42.2258383032951],[-71.7908742962118,42.2258826344761],[-71.7909921316815,42.2259331970595],[-71.7911049354444,42.2259897464297],[-71.7912121571153,42.2260520055956],[-71.7913132741882,42.226119672385],[-71.7914077947339,42.2261924167467],[-71.7914952574002,42.2262698843477],[-71.7915752368077,42.2263516974729],[-71.7916473426507,42.2264374586219],[-71.7917112241936,42.2265267478112],[-71.7917665693716,42.226619132467],[-71.791790306977,42.2266676014287],[-71.791881432582,42.2267067021526],[-71.7919942381436,42.2267632515229],[-71.7921014607138,42.2268255106888],[-71.7922025795854,42.2268931774782],[-71.7922971010303,42.2269659218398],[-71.7923845645959,42.2270433894409],[-71.7924645449028,42.2271252034654],[-71.7925366516451,42.227210963715],[-71.7926005340873,42.2273002538037],[-71.7926558801647,42.2273926375602],[-71.7927024209799,42.2274876662229],[-71.7927399290045,42.2275848766408],[-71.7927682216761,42.2276837939719],[-71.7927871622977,42.2277839379784],[-71.7927888925933,42.2278023237183],[-71.7927950196744,42.2278108870628],[-71.7928503666511,42.2279032708193],[-71.7928969074663,42.227998299482],[-71.7929344163902,42.2280955098999],[-71.792962709961,42.2281944272311],[-71.7929816496833,42.2282945712375],[-71.7929911447255,42.228395452688],[-71.7929911474235,42.2284965805528],[-71.7929816595759,42.2285974629026],[-71.7929627252495,42.2286976069091],[-71.7929344370746,42.2287965260389],[-71.7928969335466,42.2288937364568],[-71.792850397228,42.2289887669181],[-71.792795054748,42.2290811533726],[-71.792731175903,42.2291704443606],[-71.7926590709593,42.2292562073082],[-71.7925790924511,42.2293380231313],[-71.7924916288855,42.229415492531],[-71.7923971065412,42.2294882386913],[-71.7922959867703,42.2295559081787],[-71.7921887615021,42.2296181700426],[-71.7920759532426,42.2296747212115],[-71.7919581114776,42.2297252864929],[-71.7918358108739,42.2297696185731],[-71.7917096467827,42.2298075025143],[-71.791702110464,42.2298093227421],[-71.791658762242,42.229860880875],[-71.7915787828345,42.2299426957988],[-71.7914913183696,42.2300201660979],[-71.7913967960253,42.2300929122582],[-71.7912956744558,42.2301605817455],[-71.7911884482882,42.2302228436094],[-71.7910756391294,42.2302793947783],[-71.7909577964651,42.2303299600596],[-71.7908354949621,42.2303742921399],[-71.7907093290722,42.2304121760811],[-71.7905799157305,42.2304434275222],[-71.7904478835629,42.2304678926791],[-71.7903138764842,42.2304854537408],[-71.790178547402,42.2304960252714],[-71.7900425564188,42.2304995542111],[-71.7899065654356,42.2304960252714],[-71.7897712363534,42.2304854537408],[-71.7896372292747,42.2304678926791],[-71.7895051971071,42.2304434275222],[-71.7893757837654,42.2304121760811],[-71.7892496178755,42.2303742921399],[-71.7891273163725,42.2303299600596],[-71.7890094737082,42.2302793947783],[-71.7888966645494,42.2302228436094],[-71.7887894383819,42.2301605817455],[-71.7887166157792,42.2301118501818],[-71.7887144870839,42.230110613614],[-71.7886133655144,42.2300429441266],[-71.78851884317,42.2299701979663],[-71.7885040547183,42.2299570993407],[-71.7884031381942,42.2298985013148],[-71.7883020184234,42.2298308318275],[-71.7882074951797,42.2297580856672],[-71.7881200316141,42.2296806153682],[-71.7880400522066,42.2295988004444],[-71.7879679472629,42.2295130374968],[-71.7879040675186,42.2294237456094],[-71.7878487250386,42.2293313600543],[-71.7878021878207,42.229236329593],[-71.7877646842927,42.229139119175],[-71.7877363970171,42.2290402000452],[-71.7877174626907,42.2289400560388],[-71.7877079739438,42.228839173689],[-71.7877079766418,42.2287380458242],[-71.7877114147499,42.2287015198593],[-71.7876405193944,42.2286603524933],[-71.7875394005229,42.2285926839053],[-71.7874448799772,42.2285199368457],[-71.7874096202577,42.228488706089],[-71.7873871345086,42.2285673374128],[-71.7873496309807,42.2286645478306],[-71.7873374595561,42.2286894023941],[-71.7873810074275,42.2287502694094],[-71.7874363553035,42.2288426531659],[-71.787482897018,42.2289376818286],[-71.787520405942,42.2290348922465],[-71.7875486995129,42.2291338095777],[-71.7875676401345,42.2292339535841],[-71.7875771351766,42.2293348350346],[-71.7875771387739,42.2294359628994],[-71.787567650027,42.2295368452492],[-71.7875495268891,42.2296326940936],[-71.7875757942874,42.2296694080168],[-71.7876311430628,42.2297617917733],[-71.7876776856766,42.2298568204359],[-71.7877151954999,42.2299540308539],[-71.7877434890707,42.2300529481851],[-71.7877624296923,42.2301530921915],[-71.7877719256338,42.230253973642],[-71.7877719283318,42.2303551015068],[-71.7877624395849,42.2304559838566],[-71.7877435043592,42.230556127863],[-71.7877152161843,42.2306550460935],[-71.7876777117569,42.2307522574108],[-71.7876311736397,42.2308472878721],[-71.787586024975,42.2309226546569],[-71.7877058290607,42.2309660793211],[-71.787823674423,42.2310166419045],[-71.7879364871791,42.2310731912748],[-71.7880437178433,42.2311354504407],[-71.7881448430101,42.2312031172301],[-71.7882393707503,42.2312758615918],[-71.7883268406111,42.2313533291928],[-71.7884068263139,42.231435142318],[-71.7884789384522,42.2315209025676],[-71.7885428244917,42.2316101926563],[-71.7885981750657,42.2317025773122],[-71.7886447185788,42.2317976059748],[-71.7886822293014,42.2318948154934],[-71.7887105246709,42.2319937328245],[-71.7887265487911,42.2320784525586],[-71.7888416278388,42.232099774585],[-71.7889710465765,42.2321310242274],[-71.7890972160636,42.2321689072693],[-71.7892195220633,42.2322132375509],[-71.7893373701235,42.2322638010336],[-71.7894501846782,42.2323203495046],[-71.7895574171411,42.2323826095698],[-71.7896585450058,42.2324502763592],[-71.7897460985036,42.2325176508689],[-71.7897591998272,42.2325060478159],[-71.7898537302654,42.2324333043536],[-71.7899548572308,42.2323656375642],[-71.7900620896937,42.2323033774989],[-71.7901749042484,42.232246829028],[-71.7902927523086,42.2321962655453],[-71.7904150592076,42.2321519352636],[-71.7905412286947,42.2321140522218],[-71.790670646533,42.2320828025793],[-71.7908026822979,42.2320583383217],[-71.7909366920746,42.2320407781594],[-71.7910720247541,42.2320302075281],[-71.7912080193346,42.2320266785884],[-71.7913440139151,42.2320302075281],[-71.7914793465945,42.2320407781594],[-71.7916133563713,42.2320583383217],[-71.7917453921361,42.2320828025793],[-71.7918748099744,42.2321140522218],[-71.7920009794616,42.2321519352636],[-71.7921232863605,42.2321962655453],[-71.7922411344208,42.232246829028],[-71.7923539489755,42.2323033774989],[-71.7924611814383,42.2323656375642],[-71.7925623084038,42.2324333043536],[-71.792656838842,42.2325060478159],[-71.7927443096021,42.2325835154169],[-71.7928242971036,42.2326653285421],[-71.7928964101412,42.2327510896911],[-71.7929033906789,42.2327608455366],[-71.792983081404,42.2327266533125],[-71.7931053892023,42.2326823230308],[-71.7932315595888,42.232644439989],[-71.7933609792258,42.2326131903465],[-71.7934930158899,42.2325887260889],[-71.7936270274653,42.2325711659266],[-71.7937623610441,42.2325605952953],[-71.7938983565239,42.2325570663556],[-71.7940343520037,42.2325605952953],[-71.7941696855825,42.2325711659266],[-71.7943036971579,42.2325887260889],[-71.794435733822,42.2326131903465],[-71.794565153459,42.232644439989],[-71.7946913238455,42.2326823230308],[-71.7948136316438,42.2327266533125],[-71.794931479704,42.2327772167952],[-71.7950442960574,42.2328337652661],[-71.7951515294195,42.2328960253313],[-71.7952526572843,42.2329636921207],[-71.7953471877225,42.2330364364824],[-71.7954346602813,42.2331139031841],[-71.7955146477827,42.2331957163093],[-71.7955867617196,42.2332814774583],[-71.7956506495578,42.2333707666476],[-71.7957060010311,42.2334631513034],[-71.7957525463429,42.2335581799661],[-71.7957900579648,42.2336553894847],[-71.7958183542336,42.2337543068158],[-71.7958372957546,42.2338544508223],[-71.795846791696,42.2339553322728],[-71.7958467952933,42.2340564601376],[-71.7958373056471,42.2341573424874],[-71.7958183695221,42.2342574864938],[-71.7957900795485,42.2343564047243],[-71.7957525724232,42.2344536160416],[-71.7957060325074,42.2345486456036],[-71.7956506846314,42.2346410320581],[-71.7955868003905,42.2347303239454],[-71.7955146891516,42.2348160859936],[-71.7954347034488,42.2348979018168],[-71.7953472317893,42.2349753712165],[-71.795252701351,42.2350481173768],[-71.795151572587,42.2351157868641],[-71.7950443383255,42.235178048728],[-71.7949315201735,42.2352345998969],[-71.7948136685159,42.2352851642789],[-71.7946913571204,42.2353294972585],[-71.794565181338,42.2353673811997],[-71.7944357581037,42.2353986317415],[-71.7943037151443,42.2354230977978],[-71.794169698173,42.2354406588594],[-71.794034358299,42.2354512294907],[-71.7938983565239,42.2354547593297],[-71.7937623547488,42.2354512294907],[-71.7936270148748,42.2354406588594],[-71.7934929979035,42.2354230977978],[-71.7933609549441,42.2353986317415],[-71.7932315317098,42.2353673811997],[-71.7931053559274,42.2353294972585],[-71.7929830445319,42.2352851642789],[-71.7928651928743,42.2352345998969],[-71.7927523747223,42.235178048728],[-71.7926451404608,42.2351157868641],[-71.7925440116967,42.2350481173768],[-71.7924494812585,42.2349753712165],[-71.792362009599,42.2348979018168],[-71.7922820238962,42.2348160859936],[-71.7922099126573,42.2347303239454],[-71.7922029608979,42.2347206076699],[-71.7921233232327,42.2347547765118],[-71.7920010127365,42.2347991094913],[-71.7918748387528,42.2348369934326],[-71.7917454164178,42.2348682439743],[-71.7916133743577,42.2348927100306],[-71.7914793582857,42.2349102710922],[-71.7913440202103,42.2349208417235],[-71.7912080193346,42.2349243715625],[-71.7910720184589,42.2349208417235],[-71.790949041565,42.2349112369641],[-71.7909313114308,42.234940831854],[-71.7908674262907,42.2350301237413],[-71.7907953150517,42.2351158857895],[-71.7907153284496,42.2351977016127],[-71.7906278567901,42.2352751710124],[-71.7905333263519,42.2353479171727],[-71.7904595513672,42.2353972827585],[-71.7903727353134,42.2354640915946],[-71.7902716065494,42.235531761082],[-71.7901643704893,42.2355940229458],[-71.7900515523372,42.2356505741147],[-71.789933698881,42.2357011384968],[-71.7898113865862,42.2357454714764],[-71.7896852108038,42.2357833554176],[-71.7895557857709,42.2358146059594],[-71.7894237428114,42.2358390720156],[-71.7892897249408,42.2358566330772],[-71.7891543841674,42.2358672037086],[-71.7890183814931,42.2358707335476],[-71.7888823788187,42.2358672037086],[-71.7888419695812,42.2358640479875],[-71.7888534467291,42.2358937876682],[-71.788881742998,42.2359927058987],[-71.7889006863176,42.2360928490058],[-71.7889101822591,42.2361937304564],[-71.788910184957,42.2362948583211],[-71.7889006953108,42.236395740671],[-71.7888817582865,42.2364958846774],[-71.7888534674136,42.2365948029079],[-71.788815959389,42.2366920142251],[-71.7887694176745,42.2367870437871],[-71.7887140679998,42.2368794302416],[-71.788650181061,42.2369687212296],[-71.7885780680234,42.2370544841772],[-71.7884980787233,42.237136299101],[-71.7884106043659,42.2372137685007],[-71.7883160712296,42.2372865155603],[-71.7882149388683,42.2373541841483],[-71.7881077001102,42.2374164460122],[-71.7879948783609,42.2374729971811],[-71.7878770222068,42.2375235624625],[-71.7877547063146,42.2375678945427],[-71.787628526935,42.237605778484],[-71.7874990983047,42.2376370299251],[-71.7873670508487,42.237661495082],[-71.7872330284815,42.2376790561436],[-71.7870976850101,42.2376896276742],[-71.7869616778391,42.2376931566139],[-71.7868256706681,42.2376896276742],[-71.7866903271968,42.2376790561436],[-71.7865563048296,42.237661495082],[-71.7864242573735,42.2376370299251],[-71.7862948287433,42.237605778484],[-71.7861686493636,42.2375678945427],[-71.7860463334715,42.2375235624625],[-71.7859284773173,42.2374729971811],[-71.785815655568,42.2374164460122],[-71.7857084168099,42.2373541841483],[-71.7856072844486,42.2372865155603],[-71.7855127513124,42.2372137685007],[-71.7854252769549,42.237136299101],[-71.7853452876549,42.2370544841772],[-71.7852731746173,42.2369687212296],[-71.7852092876785,42.2368794302416],[-71.7851539380038,42.2367870437871],[-71.7851073962893,42.2366920142251],[-71.7850698882647,42.2365948029079],[-71.7850415973917,42.2364958846774],[-71.7850226603674,42.236395740671],[-71.7850131707212,42.2362948583211],[-71.7850131734192,42.2361937304564],[-71.7850226693607,42.2360928490058],[-71.7850416126802,42.2359927058987],[-71.7850699089491,42.2358937876682],[-71.7851074223696,42.2357965781496],[-71.7851539694801,42.235701549487],[-71.785209322752,42.2356091657305],[-71.7852732132881,42.2355198756418],[-71.7853453290237,42.2354341153921],[-71.7854253201224,42.235352302267],[-71.7855127953792,42.2352748346659],[-71.7856073294147,42.2352020903043],[-71.7857084608767,42.2351344235149],[-71.7858156978361,42.2350721643489],[-71.7859285177868,42.2350156149787],[-71.7860463703437,42.2349650523953],[-71.7861686826386,42.2349207212143],[-71.7862948575216,42.2348828390718],[-71.7864242816552,42.2348515894293],[-71.786556322816,42.2348271251718],[-71.786690338888,42.2348095650095],[-71.7868256769634,42.2347989943781],[-71.7869616778391,42.2347954645391],[-71.7870976787149,42.2347989943781],[-71.7871381338178,42.2348021545958],[-71.7871266458779,42.2347723789422],[-71.7870983559044,42.2346734607117],[-71.7870890901893,42.2346244584521],[-71.7870510488668,42.2346023711026],[-71.786949921002,42.2345347016152],[-71.7868553914631,42.2344619554549],[-71.7867679207029,42.2343844860553],[-71.7866879358995,42.2343026702321],[-71.7866158246605,42.2342169081838],[-71.7865519404197,42.2341276162965],[-71.786496593443,42.2340352307414],[-71.7864500535271,42.2339402002801],[-71.786434630154,42.2339002263145],[-71.7863724878999,42.233895371774],[-71.7862384736266,42.2338778107124],[-71.7861064342645,42.2338533455555],[-71.7859770137281,42.2338220941144],[-71.785850841543,42.2337842101732],[-71.7857285328455,42.2337398780929],[-71.7856106838859,42.2336893128116],[-71.7854978684318,42.2336327616427],[-71.7853906368684,42.2335704997788],[-71.7852895099029,42.2335028311908],[-71.7851949821626,42.2334300841312],[-71.7851075132011,42.2333526147314],[-71.785027529297,42.2332707989083],[-71.7849554198567,42.23318503686],[-71.7848915365151,42.2330957449727],[-71.7848361904378,42.2330033594176],[-71.7847896514212,42.2329083289563],[-71.784761043987,42.2328341816522],[-71.7847392264341,42.2328248197097],[-71.7846264127787,42.2327682685408],[-71.7845191821145,42.2327060066769],[-71.7844180569477,42.2326383380889],[-71.7843235301068,42.2325655910292],[-71.7842360620446,42.2324881216296],[-71.7841560790398,42.2324063058064],[-71.7840839713981,42.2323205437581],[-71.7840200889559,42.2322312518708],[-71.7839647437779,42.2321388663157],[-71.7839182047613,42.2320438358544],[-71.7838806994347,42.2319466245372],[-71.7838524103604,42.2318477063067],[-71.7838334751347,42.2317475623002],[-71.7838239863878,42.2316466799504],[-71.7838239890858,42.2315455520856],[-71.7838288984848,42.2314933950042],[-71.7838287644859,42.2314932070459],[-71.7837734202071,42.2314008214908],[-71.7837268820899,42.2313057910295],[-71.7836893776626,42.2312085797122],[-71.7836610885883,42.2311096614818],[-71.7836421533626,42.2310095174753],[-71.7836326646158,42.2309086351254],[-71.783632668213,42.2308075072607],[-71.7836421632552,42.2307066258102],[-71.7836611038768,42.2306064818038],[-71.783689398347,42.2305075644726],[-71.7837269081703,42.2304103540546],[-71.7837734507841,42.230315325392],[-71.7838287995594,42.2302229416355],[-71.7838869344345,42.2301416878886],[-71.7839029054946,42.2300572469445],[-71.7838766416936,42.2300205348199],[-71.7838212983143,42.2299281492647],[-71.7837897500968,42.2298637263299],[-71.7836865385029,42.2298556639078],[-71.7836860204934,42.2298555955593],[-71.7836411677057,42.2299014771715],[-71.7836056148072,42.2299608270306],[-71.783541735063,42.2300501189179],[-71.78346962922,42.2301358818655],[-71.7833896498125,42.2302176967893],[-71.7833021844482,42.2302951670883],[-71.7832076612046,42.2303679132486],[-71.7831065396351,42.230435582736],[-71.7829993134675,42.2304978445999],[-71.7828865034094,42.2305543957688],[-71.782768660745,42.2306049601508],[-71.7826826747656,42.2306361288543],[-71.7827104674141,42.2306645573235],[-71.782782578653,42.2307503175732],[-71.7828464637932,42.2308396076618],[-71.7829018134679,42.2309319923177],[-71.782948356981,42.231027020081],[-71.7829858668043,42.2311242304989],[-71.7830141621738,42.2312231478301],[-71.7830331027954,42.2313232918365],[-71.7830425987369,42.231424173287],[-71.7830426014349,42.2315253011518],[-71.783033112688,42.2316261835016],[-71.7830141774623,42.231726327508],[-71.782985888388,42.2318252457385],[-71.7829483830614,42.2319224570558],[-71.7829018449441,42.2320174875171],[-71.7828464997661,42.2321098730722],[-71.7828448108393,42.2321122337926],[-71.7829317905696,42.2321791694332],[-71.7830192622291,42.2322566370342],[-71.7830992488312,42.2323384501594],[-71.7831713609695,42.2324242113083],[-71.7832352488077,42.2325135004977],[-71.7832905993816,42.2326058851535],[-71.7833371437941,42.2327009138162],[-71.783374655416,42.2327981233348],[-71.7834029507855,42.2328970406659],[-71.7834036828336,42.2329009113481],[-71.7834291714191,42.2329205255618],[-71.7835166439779,42.2329979922636],[-71.7835966314793,42.2330798053887],[-71.7836687445169,42.2331655665377],[-71.7837326332544,42.2332548557271],[-71.7837879847277,42.2333472403829],[-71.7838345291402,42.2334422690455],[-71.7838720416614,42.2335394785641],[-71.7839003370309,42.2336383958953],[-71.7839192785518,42.2337385399018],[-71.7839287744933,42.2338394213523],[-71.7839287780906,42.233940549217],[-71.7839192884444,42.2340414315669],[-71.7839003523194,42.2341415755733],[-71.7838909166325,42.2341745681019],[-71.7839111127076,42.2342082755915],[-71.7839576580195,42.2343033042541],[-71.7839951705407,42.2344005137727],[-71.7840234668095,42.2344994311039],[-71.7840424092298,42.2345995751103],[-71.7840519051712,42.2347004565609],[-71.7840519078692,42.2348015844256],[-71.7840507684282,42.2348137018909],[-71.7840624641114,42.2348375806898],[-71.7840999766326,42.2349347902084],[-71.7841282729015,42.2350337084389],[-71.7841472153217,42.235133851546],[-71.7841567112632,42.2352347329966],[-71.7841567139611,42.2353358608614],[-71.7841472243149,42.2354367432112],[-71.7841282881899,42.2355368872176],[-71.784099997317,42.2356358054481],[-71.7840624901917,42.2357330167654],[-71.7840159484772,42.2358280463274],[-71.7839606006012,42.2359204327818],[-71.7839508330645,42.2359340853898],[-71.784062865209,42.2359746888808],[-71.7841807195645,42.2360252523636],[-71.7842935413138,42.2360818008345],[-71.7844007800719,42.2361440600004],[-71.7845019133326,42.2362117267898],[-71.7845964491668,42.2362844711515],[-71.7846839253228,42.2363619387525],[-71.7847639173209,42.2364437518777],[-71.7848360348551,42.2365295121273],[-71.7848999262905,42.236618802216],[-71.7849552804618,42.2367111859725],[-71.7850018284716,42.2368062146351],[-71.7850393418921,42.2369034241538],[-71.7850676390602,42.2370023423843],[-71.7850865823798,42.2371024854914],[-71.7850960783213,42.2372033669418],[-71.7850960819186,42.2373044948067],[-71.785086591373,42.2374053771565],[-71.7850676543487,42.2375055211629],[-71.7850393634758,42.2376044393934],[-71.7850018545519,42.2377016507107],[-71.7849553119381,42.2377966802727],[-71.7848999613641,42.2378890658278],[-71.7848360735259,42.2379783577151],[-71.7848185538331,42.2379991932082],[-71.7848554251377,42.2380507216635],[-71.7849107811076,42.23814310542],[-71.7849573300167,42.2382381340827],[-71.7849948443366,42.2383353436013],[-71.785023142404,42.2384342618318],[-71.7850420857237,42.2385344049389],[-71.7850515816651,42.2386352863894],[-71.7850515852624,42.2387364142542],[-71.7850420947169,42.2388372957047],[-71.7850231576925,42.2389374406105],[-71.784994865021,42.239036358841],[-71.7849573560971,42.2391335701582],[-71.7849108116846,42.2392285997201],[-71.7848554602113,42.2393209852753],[-71.7847915705745,42.2394102771626],[-71.784737425092,42.2394746686211],[-71.7847349933252,42.2394831708118],[-71.784697483502,42.239580382129],[-71.7846509399889,42.2396754116909],[-71.7845955876163,42.2397677972461],[-71.7845316979794,42.2398570891334],[-71.7844595804452,42.2399428511817],[-71.7843795884472,42.2400246670048],[-71.7842921104925,42.2401021364045],[-71.7841975719604,42.2401748825648],[-71.7840964351024,42.2402425520522],[-71.7839891918477,42.2403048130167],[-71.7838763647025,42.2403613641857],[-71.7837585031523,42.240411929467],[-71.7836361818643,42.2404562615473],[-71.7835099961893,42.2404941463878],[-71.7833805621632,42.2405253969296],[-71.7832485093112,42.2405498620865],[-71.7831144806487,42.2405674231481],[-71.7829791308822,42.2405779946788],[-71.7828431174159,42.2405815236185],[-71.7827071039496,42.2405779946788],[-71.7825717541831,42.2405674231481],[-71.7824377255206,42.2405498620865],[-71.7823056726686,42.2405253969296],[-71.7821762386425,42.2404941463878],[-71.7820500529675,42.2404562615473],[-71.7819277316794,42.240411929467],[-71.7818098701293,42.2403613641857],[-71.7816970429841,42.2403048130167],[-71.7815897997294,42.2402425520522],[-71.7814886628715,42.2401748825648],[-71.7813941243393,42.2401021364045],[-71.7813066463846,42.2400246670048],[-71.7812266543866,42.2399428511817],[-71.7811545368523,42.2398570891334],[-71.7810906472155,42.2397677972461],[-71.7810687280393,42.2397312137246],[-71.7810150160302,42.239695275017],[-71.7809204783973,42.2396225288567],[-71.7808330013419,42.239545059457],[-71.7807530093439,42.2394632436338],[-71.780680892709,42.2393774815856],[-71.7806170039715,42.2392881896982],[-71.7805616524982,42.2391958041431],[-71.7805151080858,42.2391007745811],[-71.7804775991618,42.2390035632639],[-71.7804493064903,42.2389046450334],[-71.7804303694659,42.2388045001276],[-71.7804208789204,42.2387036186771],[-71.7804208825177,42.2386024908124],[-71.7804303784592,42.2385016093618],[-71.7804493217787,42.2384014662547],[-71.7804720035801,42.2383221802245],[-71.7804261426523,42.2382815650423],[-71.7803461524529,42.2381997501184],[-71.7802740376167,42.2381139871708],[-71.7802101497786,42.2380246952835],[-71.7801547992046,42.2379323097284],[-71.7801082565907,42.2378372801664],[-71.7800707476669,42.2377400688492],[-71.7800424558946,42.2376411506187],[-71.7800235188703,42.2375410066122],[-71.780014029224,42.2374401242624],[-71.780014031922,42.2373389963976],[-71.7800235278635,42.2372381149471],[-71.780042471183,42.23713797184],[-71.7800707683513,42.2370390536095],[-71.7801082826711,42.2369418440909],[-71.7801548297815,42.2368468154282],[-71.7802101848521,42.2367544316717],[-71.7802740762875,42.236665141583],[-71.7803461938217,42.2365793813335],[-71.7804261858198,42.2364975682083],[-71.7805136628752,42.2364201006072],[-71.7806081987094,42.2363473562456],[-71.7807093319701,42.2362796894562],[-71.780756528391,42.2362522889121],[-71.780671859019,42.2361773016412],[-71.7805918715176,42.2360954867174],[-71.78051975848,42.2360097237698],[-71.7804558724405,42.2359204327818],[-71.7804005245645,42.2358280463274],[-71.78035398285,42.2357330167654],[-71.7803164757248,42.2356358054481],[-71.7803110707993,42.2356169070947],[-71.780256699587,42.2355750661364],[-71.7801692279275,42.2354975958374],[-71.7800892413254,42.2354157809136],[-71.7800171291871,42.2353300188653],[-71.7799532440469,42.235240726978],[-71.779897896171,42.2351483405235],[-71.7798513553557,42.2350533109616],[-71.7798340488023,42.2350084545766],[-71.7798259728903,42.2350030505504],[-71.7798099217904,42.2350088682647],[-71.7796837478067,42.2350467522059],[-71.7795543245724,42.2350780027477],[-71.7794222825123,42.235102468804],[-71.779288265541,42.2351200298655],[-71.7791529274656,42.2351306004969],[-71.7790169256905,42.2351341303359],[-71.7788809239155,42.2351306004969],[-71.7787455858401,42.2351200298655],[-71.7786115688688,42.235102468804],[-71.7784795268087,42.2350780027477],[-71.7783501035744,42.2350467522059],[-71.7782239295906,42.2350088682647],[-71.7781016181951,42.2349645352851],[-71.7779837674369,42.2349139709031],[-71.7778709501841,42.2348574197341],[-71.7777637159227,42.2347951578703],[-71.7777339411684,42.2347752342896],[-71.7776905227993,42.2347786256331],[-71.7775545219236,42.2347821554721],[-71.7774185210479,42.2347786256331],[-71.7772831829725,42.2347680550018],[-71.7771491677998,42.2347504939402],[-71.7770171266391,42.2347260287832],[-71.7768877034047,42.2346947773422],[-71.7768187505848,42.2346740740493],[-71.7768060350704,42.2346737439981],[-71.776670696995,42.2346631733668],[-71.7765366809231,42.2346456123052],[-71.7764046406616,42.2346211471483],[-71.7762752183266,42.2345898957072],[-71.7761490443429,42.234552011766],[-71.776026734746,42.2345076796857],[-71.7759088839878,42.2344571144043],[-71.7757960676344,42.2344005632355],[-71.7756888342722,42.2343383013716],[-71.7755877064075,42.2342706327835],[-71.7754931768686,42.2341978857239],[-71.7754057070077,42.2341204163242],[-71.7753257222043,42.234038600501],[-71.7752536118647,42.2339528384528],[-71.7751897285231,42.2338635465655],[-71.7751343815464,42.2337711610103],[-71.7750878416305,42.233676130549],[-71.7750503354046,42.2335789192318],[-71.775022045431,42.2334800010013],[-71.7750031102053,42.2333798569949],[-71.7749936205591,42.233278974645],[-71.774993623257,42.2331778467803],[-71.7750031191986,42.2330769653298],[-71.7750220607195,42.2329768213233],[-71.775050356089,42.2328779039921],[-71.7750838846135,42.2327910159926],[-71.7750249052751,42.2327800874311],[-71.7748954865374,42.2327488368893],[-71.7747693170503,42.2327109520489],[-71.7746470101513,42.2326666199686],[-71.7745291638898,42.2326160546872],[-71.7744163502343,42.2325595035183],[-71.7743091195701,42.2324972416544],[-71.7742079953027,42.2324295730664],[-71.7741134684617,42.2323568260068],[-71.7740260012989,42.2322793566071],[-71.7739460182941,42.2321975407839],[-71.7738739106524,42.2321117787357],[-71.7738100282102,42.2320224868483],[-71.7737546830322,42.2319301012932],[-71.7737081449149,42.2318350708319],[-71.7736706395883,42.2317378595147],[-71.773642350514,42.2316389412842],[-71.7736234152883,42.2315387972777],[-71.7736139265414,42.2314379149279],[-71.7736139292394,42.2313367870631],[-71.7736234251809,42.2312359056126],[-71.7736423658025,42.2311357616061],[-71.7736706602727,42.231036844275],[-71.7737081709952,42.2309396338571],[-71.7737118015584,42.2309322207454],[-71.7735943752801,42.2308818353285],[-71.773481565222,42.2308252841596],[-71.7733743372558,42.2307630222957],[-71.7732732156863,42.2306953528083],[-71.7731786915434,42.230622606648],[-71.7730912270785,42.230545136349],[-71.7730112458723,42.2304633214252],[-71.7729391400292,42.2303775584776],[-71.7728752593857,42.2302882665903],[-71.7728199160063,42.2301958810351],[-71.7727733787884,42.2301008505738],[-71.7727358752604,42.2300036401559],[-71.7727075870854,42.2299047210261],[-71.7726886518598,42.2298045770196],[-71.7726791631129,42.2297036946698],[-71.7726791667101,42.229602566805],[-71.7726886617523,42.2295016853545],[-71.7727076023739,42.2294015413481],[-71.7727358959448,42.229302624017],[-71.7727734048687,42.229205413599],[-71.7728199474826,42.2291103849363],[-71.7728752953586,42.2290180011798],[-71.7729391787001,42.2289287110912],[-71.773011287241,42.2288429508416],[-71.7730912702459,42.2287611377164],[-71.7731787365095,42.2286836701153],[-71.7732732606524,42.2286109257537],[-71.7733743813226,42.2285432589643],[-71.7734816074902,42.228480998899],[-71.7735944157496,42.2284244504281],[-71.773712255716,42.2283738869454],[-71.7738345554204,42.2283295566638],[-71.7739607168136,42.2282916736219],[-71.7740901274574,42.2282604239795],[-71.7742221551283,42.2282359597218],[-71.7743561577105,42.2282183995595],[-71.7744914813967,42.2282078289282],[-71.7746274678833,42.2282042999885],[-71.7747634543699,42.2282078289282],[-71.7747744180049,42.2282086850828],[-71.7748562077477,42.2281362455913],[-71.7749507309914,42.2280635012296],[-71.7750518507623,42.2279958344403],[-71.7751590760305,42.227933574375],[-71.7752718824913,42.2278770259041],[-71.7753897224577,42.2278264624214],[-71.7755120203634,42.2277821321397],[-71.7756381817566,42.2277442490979],[-71.7757675906018,42.2277129994554],[-71.7758996173734,42.2276885351978],[-71.7760336181569,42.2276709750355],[-71.7761689409438,42.2276604044042],[-71.7763049265311,42.2276568745652],[-71.7764409121183,42.2276604044042],[-71.7765762349053,42.2276709750355],[-71.7767102356888,42.2276885351978],[-71.7768422624604,42.2277129994554],[-71.7769716713055,42.2277442490979],[-71.7770978326988,42.2277821321397],[-71.7772201306045,42.2278264624214],[-71.7773379705708,42.2278770259041],[-71.7774507770317,42.227933574375],[-71.7775580022999,42.2279958344403],[-71.7776591220708,42.2280635012296],[-71.7777536453144,42.2281362455913],[-71.7778167633329,42.228192148349],[-71.7779125393322,42.2282562385346],[-71.7780070625759,42.2283289828963],[-71.7780945288394,42.2284064504973],[-71.7781745109449,42.2284882636225],[-71.7782466185865,42.2285740238722],[-71.7783105028274,42.2286633139608],[-71.7783658498041,42.2287556977173],[-71.7783869820735,42.2287988462897],[-71.7783878607112,42.2288003121847],[-71.7784344024257,42.2288953408474],[-71.7784571246965,42.2289542275556],[-71.7784890002671,42.2289216217355],[-71.77857646743,42.2288441541344],[-71.7786709915729,42.2287714097728],[-71.7786774271215,42.2287671038188],[-71.7786372696942,42.2287437852975],[-71.7785361508227,42.2286761167095],[-71.778441630277,42.2286033696498],[-71.7783541676107,42.2285259002501],[-71.7782741900018,42.228444084427],[-71.7782020859574,42.2283583223787],[-71.7781382080119,42.2282690304914],[-71.7780828655318,42.2281766440369],[-71.7780363301125,42.228081614475],[-71.7780350539745,42.2280783067685],[-71.7780066380959,42.2280640615073],[-71.7778994155256,42.2280017996434],[-71.7777982984527,42.2279341310554],[-71.7777037788063,42.2278613839957],[-71.7776163170394,42.227783914596],[-71.7775363403298,42.2277020987729],[-71.7774642371847,42.2276163367246],[-71.7774003592392,42.2275270448373],[-71.7773450185577,42.2274346583828],[-71.7772984831385,42.2273396288209],[-71.7772609805098,42.2272424175036],[-71.7772326941335,42.2271434983738],[-71.7772137598071,42.2270433543674],[-71.7772094916247,42.2269979700803],[-71.7771931473458,42.2269785294357],[-71.7771292702996,42.2268892375483],[-71.7770739296181,42.2267968510939],[-71.7770273950982,42.2267018215319],[-71.7769898933689,42.2266046102146],[-71.7769616060932,42.2265056910848],[-71.7769426726662,42.2264055470784],[-71.7769331839193,42.2263046647286],[-71.7769331875165,42.2262035368638],[-71.7769426816594,42.2261026554133],[-71.7769616213817,42.2260025114068],[-71.7769899140533,42.2259035940756],[-71.7770274211785,42.2258063836577],[-71.7770739601951,42.2257113549951],[-71.7771293053731,42.2256189703393],[-71.7771304987735,42.2256173020969],[-71.777130167823,42.2256155502175],[-71.7771206790761,42.2255146678677],[-71.7771206826733,42.2254135400029],[-71.7771236324496,42.2253821977303],[-71.7771186726886,42.2253739176722],[-71.7770721390679,42.2252788881103],[-71.7770346382379,42.225181676793],[-71.7770063518616,42.2250827576632],[-71.7770037573175,42.2250690358074],[-71.7768919428089,42.2250420327637],[-71.7767657886102,42.2250041479231],[-71.7766434969997,42.2249598158428],[-71.776525664228,42.2249092505615],[-71.7764128649617,42.2248526993926],[-71.7763056477874,42.2247904375287],[-71.7762045352111,42.2247227680414],[-71.7761100200613,42.2246500218811],[-71.7760225636903,42.2245725515821],[-71.775942590578,42.2244907366582],[-71.7758704910303,42.2244049737106],[-71.775806616682,42.2243156818233],[-71.7757512786985,42.2242232962682],[-71.7757047459772,42.2241282658069],[-71.7756672451472,42.2240310544896],[-71.7756389596702,42.2239321353598],[-71.7756200271425,42.2238319913534],[-71.7756105383956,42.2237311090035],[-71.7756105419929,42.2236299811388],[-71.7756200361357,42.2235290996883],[-71.7756389749587,42.2234289556818],[-71.7756672658316,42.2233300374513],[-71.7757047720576,42.2232328279327],[-71.7757513092754,42.2231377992701],[-71.7758066517555,42.2230454146143],[-71.7758705297011,42.2229561245256],[-71.7758938122496,42.2229284308025],[-71.7758539632898,42.2229358160351],[-71.7757199723987,42.2229533770967],[-71.7755846595044,42.2229639486273],[-71.775448684709,42.2229674775671],[-71.7753127099136,42.2229639486273],[-71.7751773970192,42.2229533770967],[-71.7750434061282,42.2229358160351],[-71.7749113892492,42.2229113508782],[-71.7747819911959,42.2228800994371],[-71.7746558405945,42.2228422154959],[-71.7745335534807,42.2227978825163],[-71.7744157243062,42.2227473181343],[-71.7743029286372,42.2226907669654],[-71.7742371207465,42.222652550275],[-71.7741467271896,42.2227221272245],[-71.7740456173113,42.2227897958125],[-71.7739384037343,42.2228520576764],[-71.773825607166,42.2229086097446],[-71.7737077788909,42.2229591741266],[-71.7735854908777,42.2230035071062],[-71.7734593402763,42.2230413910474],[-71.7733299413237,42.2230726424885],[-71.7731979253439,42.2230971076455],[-71.7730639335537,42.2231146687071],[-71.7729286206593,42.2231252402377],[-71.7727926449646,42.2231287691774],[-71.7726566692698,42.2231252402377],[-71.7725213563755,42.2231146687071],[-71.7723873645851,42.2230971076455],[-71.7722993461379,42.2230807957422],[-71.772232811595,42.2231141542948],[-71.7721149824205,42.2231647186768],[-71.7719926944073,42.2232090516564],[-71.7718665438059,42.2232469355977],[-71.771737143954,42.2232781870388],[-71.7716051270749,42.2233026521957],[-71.7714711352846,42.2233202132573],[-71.7713358214909,42.2233307847879],[-71.7711998457962,42.2233343137277],[-71.7710638701015,42.2233307847879],[-71.7709285563078,42.2233202132573],[-71.7709002186701,42.2233164990573],[-71.7708522722145,42.2233589713395],[-71.7707577588635,42.2234317183991],[-71.7706566489851,42.2234993869871],[-71.7705494336095,42.223561648851],[-71.7704366361418,42.22361820002],[-71.770318806068,42.2236687653013],[-71.7701965171555,42.2237130982809],[-71.7700703647555,42.2237509822221],[-71.7699409649036,42.2237822327639],[-71.7698089471252,42.2238066988202],[-71.7696749535363,42.2238242598817],[-71.7695456822873,42.2238343592683],[-71.7695316816418,42.2238467609193],[-71.7694371682907,42.223919507979],[-71.769336057513,42.223987176567],[-71.769228841238,42.2240494384309],[-71.769116042871,42.2241059895998],[-71.7689982118979,42.2241565548812],[-71.7689652067788,42.224168520361],[-71.768990582949,42.2242108811273],[-71.7690371210662,42.22430590979],[-71.7690746272922,42.2244031193086],[-71.7691029190644,42.2245020375391],[-71.7691218587867,42.2246021815455],[-71.7691313529295,42.224703062996],[-71.7691313556275,42.2248041908608],[-71.7691218677799,42.2249050732106],[-71.7691029343529,42.2250052172171],[-71.7690746488759,42.2251041363469],[-71.7690371471466,42.2252013476641],[-71.7689906135259,42.2252963772261],[-71.7689352746432,42.2253887636805],[-71.7688713993956,42.2254780555679],[-71.7687992989485,42.2255638185155],[-71.7687193240375,42.2256456334393],[-71.7686318658679,42.2257231037383],[-71.7685373498188,42.2257958498986],[-71.7684362354439,42.2258635193859],[-71.7683290164709,42.2259257812499],[-71.7682162145067,42.2259823324187],[-71.7680983799362,42.2260328977001],[-71.7679760865271,42.2260772297804],[-71.7678499296305,42.2261151137216],[-71.7677205243826,42.2261463651627],[-71.7675885012083,42.2261708303196],[-71.7674545040221,42.2261883913812],[-71.7673191839331,42.2261989629118],[-71.7671832019432,42.2262024918516],[-71.7670472199532,42.2261989629118],[-71.7669118998642,42.2261883913812],[-71.766777902678,42.2261708303196],[-71.7666458795037,42.2261463651627],[-71.7665450439186,42.2261220133203],[-71.7665266527828,42.2261383045392],[-71.766432134935,42.2262110506995],[-71.7663310205601,42.2262787201868],[-71.7662238006878,42.2263409820507],[-71.7661109987235,42.2263975332196],[-71.7659931632538,42.226448098501],[-71.7658708689454,42.2264924305812],[-71.7657447111495,42.2265303145225],[-71.7656153050023,42.2265615659635],[-71.7654832809286,42.2265860311205],[-71.7653588570256,42.2266023376278],[-71.7653130266748,42.226642933025],[-71.7652860578053,42.226675010943],[-71.7652060819951,42.2267568267662],[-71.7651186220268,42.2268342961659],[-71.765024104179,42.2269070432255],[-71.7649229880055,42.2269747127129],[-71.7648157672338,42.2270369745768],[-71.7647029634709,42.2270935257457],[-71.7645851271019,42.2271440901277],[-71.7645441261105,42.2271589532232],[-71.7645692073031,42.2272239562206],[-71.7645974999746,42.2273228735518],[-71.7646164405962,42.2274230175583],[-71.7646178102637,42.227437568589],[-71.7646316463334,42.2274658198917],[-71.7646342408775,42.2274725432234],[-71.7647278746916,42.227535200789],[-71.764822397036,42.2276079451506],[-71.7649098615009,42.2276854118524],[-71.7649898427071,42.2277672258768],[-71.7650619503487,42.2278529861264],[-71.7651258327909,42.2279422762151],[-71.7651811797676,42.2280346599716],[-71.7652277214821,42.2281296886343],[-71.7652652295067,42.2282268990522],[-71.7652935230776,42.2283258163833],[-71.7653124636992,42.2284259603898],[-71.7653219587414,42.2285268418403],[-71.7653219587414,42.2285424252927],[-71.7653479797254,42.2285624504967],[-71.765435445989,42.2286399180978],[-71.7655154280945,42.2287217312229],[-71.7655875366355,42.2288074914726],[-71.7656179508077,42.2288500006271],[-71.7656477984071,42.2288729711108],[-71.7657352646707,42.2289504387118],[-71.7658152476755,42.229032251837],[-71.7658873562165,42.2291180120866],[-71.7659512404574,42.2292073021753],[-71.7660065883334,42.2292996859318],[-71.7660531309472,42.2293947145944],[-71.7660906398711,42.2294919250124],[-71.7661189343413,42.2295908423436],[-71.7661378749629,42.22969098635],[-71.7661441009694,42.2297571377817],[-71.7661993418261,42.2298493407745],[-71.7662064069001,42.2298637667994],[-71.7662335907076,42.2298960956284],[-71.7662974749485,42.229985385717],[-71.7663284062309,42.230037013997],[-71.7663295240882,42.2300381579347],[-71.7663366808931,42.2300436653829],[-71.7664241489553,42.2301211329839],[-71.7665041328594,42.2302029461091],[-71.766576243199,42.2302887063587],[-71.7665922286484,42.2303110491157],[-71.7665924813579,42.2303111957052],[-71.766693604726,42.2303788624945],[-71.766788131567,42.2304516068562],[-71.7668756005285,42.2305290744572],[-71.766910882731,42.2305651633517],[-71.7669577266178,42.2305663792351],[-71.7670930556999,42.2305769489671],[-71.7672270627787,42.2305945100287],[-71.7673590949462,42.2306189742863],[-71.7674885100867,42.2306502239288],[-71.7676146768758,42.2306881060713],[-71.7677369810768,42.2307324372522],[-71.7678548255397,42.2307829998356],[-71.7679676382958,42.2308395492059],[-71.7680748680607,42.2309018083718],[-71.7681759932275,42.2309694751612],[-71.7682705200684,42.2310422195229],[-71.7683579899293,42.2311196871239],[-71.7684379747327,42.2312015002491],[-71.7685100868709,42.2312872604987],[-71.7685739729105,42.2313765505874],[-71.7685986916762,42.2314178087849],[-71.7686238124389,42.2314158464642],[-71.7687598061201,42.2314123166252],[-71.7688957998013,42.2314158464642],[-71.7690311306821,42.2314264170955],[-71.7691651395595,42.2314439772578],[-71.7692361518269,42.2314571352387],[-71.7692955493501,42.2314586766766],[-71.7694308802309,42.231469247308],[-71.7695648891083,42.2314868074702],[-71.7696969239738,42.2315112717279],[-71.7698263409129,42.2315425213703],[-71.7699525086014,42.2315804035129],[-71.7699991024766,42.2315972918815],[-71.7700003309505,42.2315974528602],[-71.770132365816,42.2316219171178],[-71.770261782755,42.2316531667603],[-71.7703879513429,42.2316910498022],[-71.7705102573424,42.2317353800838],[-71.7706281036041,42.2317859435665],[-71.7707409181588,42.2318424920374],[-71.7708481497223,42.2319047521027],[-71.7709492757884,42.2319724179927],[-71.7709883953981,42.2320025218989],[-71.7710089952689,42.232008707436],[-71.7711313021678,42.2320530377175],[-71.7712491493288,42.2321036012003],[-71.7713619638835,42.2321601496713],[-71.7714691963463,42.2322224097365],[-71.7715703233117,42.2322900765259],[-71.7715723827592,42.2322916611313],[-71.7716005935925,42.2323058020711],[-71.7716057368153,42.2323087887196],[-71.7716393453795,42.2323079163773],[-71.7717753408593,42.232311445317],[-71.7719106735387,42.2323220159483],[-71.7720446842148,42.2323395761106],[-71.7721767208789,42.2323640403682],[-71.7723061396166,42.2323952900107],[-71.7724323091037,42.2324331730525],[-71.772554616902,42.2324775033342],[-71.7726724649622,42.2325280668169],[-71.7727852804163,42.2325846152878],[-71.7728925128791,42.232646875353],[-71.7729936407439,42.2327145421424],[-71.7730881711821,42.2327872865041],[-71.7731756428416,42.2328647532058],[-71.773255630343,42.232946566331],[-71.7733277433806,42.23303232748],[-71.7733916321181,42.2331216166693],[-71.7734469835914,42.2332140013252],[-71.7734935280039,42.2333090299878],[-71.7735310396258,42.2334062395064],[-71.7735593358946,42.2335051568376],[-71.7735782774155,42.233605300844],[-71.773587773357,42.2337061822945],[-71.773587776055,42.2338073101593],[-71.7735782864087,42.2339081925091],[-71.7735593511831,42.2340083365156],[-71.7735310603101,42.234107254746],[-71.773513170996,42.2341536210928],[-71.7735411992669,42.2341751895334],[-71.773628672725,42.2342526571345],[-71.7737086620251,42.2343344702596],[-71.7737807777606,42.2344202305093],[-71.7738446664981,42.2345095196986],[-71.7739000197701,42.2346019043545],[-71.7739465650819,42.2346969330171],[-71.7739840776031,42.2347941425357],[-71.7740123738719,42.2348930607662],[-71.7740313162922,42.2349932038733],[-71.7740408122336,42.2350940853239],[-71.7740408122336,42.2351036217348],[-71.7740741599944,42.2351592789776],[-71.7741207062056,42.2352543076402],[-71.7741582196261,42.2353515171588],[-71.7741865158949,42.2354504353893],[-71.7742054583152,42.2355505784964],[-71.7742149542567,42.235651459947],[-71.774214957854,42.2357525878117],[-71.7742054673084,42.2358534701615],[-71.7741865311834,42.235953614168],[-71.7741582403105,42.2360525323985],[-71.7741207331853,42.2361497437158],[-71.7740741914707,42.2362447732777],[-71.7740316877122,42.2363157189953],[-71.7740172311103,42.2363531874497],[-71.7739706893958,42.2364482170117],[-71.7739153406204,42.2365406034661],[-71.7738672394815,42.2366078322857],[-71.7738457735636,42.2366516607456],[-71.7737904238889,42.2367440472001],[-71.7737265369501,42.236833338188],[-71.7736544239125,42.2369191011356],[-71.7735744346124,42.2370009160595],[-71.7734869611543,42.2370783863585],[-71.7734733741968,42.2370888418766],[-71.7734569903478,42.2371222939587],[-71.773488820053,42.237160144625],[-71.7735527123878,42.2372494347137],[-71.773608066559,42.2373418184702],[-71.7736546145688,42.2374368471329],[-71.7736592119031,42.237448760452],[-71.7736796013325,42.2374903855729],[-71.7737005834152,42.2375447558858],[-71.7737115803251,42.2375631083508],[-71.7737581283349,42.2376581370134],[-71.7737956426548,42.2377553465321],[-71.7738239398229,42.2378542647626],[-71.7738428831425,42.2379544078697],[-71.773852379084,42.2380552893202],[-71.7738523826813,42.2381564171849],[-71.7738428921357,42.2382572986355],[-71.7738298564627,42.2383262352676],[-71.7738286189955,42.2383393896512],[-71.7738096819712,42.2384395345569],[-71.7738031888661,42.238462235244],[-71.7738007903741,42.238487733722],[-71.7737818533498,42.2385878786278],[-71.7737676107866,42.2386376740894],[-71.773767578411,42.2386378476586],[-71.7737392857394,42.2387367658891],[-71.7737017768155,42.2388339772063],[-71.7736552333023,42.2389290067683],[-71.7735998818291,42.2390213923234],[-71.7735990832311,42.2390225092814],[-71.7735947062307,42.2390338515311],[-71.7735581218099,42.2391085474216],[-71.7735572683532,42.2391115313721],[-71.77351975853,42.2392087426894],[-71.7734732150168,42.2393037722513],[-71.7734178635436,42.2393961578065],[-71.7734041812579,42.2394152800912],[-71.7733661453313,42.2394929392478],[-71.773310793858,42.2395853248029],[-71.7732469033219,42.2396746166903],[-71.7731832133346,42.239750357593],[-71.7731751688989,42.2397637844711],[-71.7731112792621,42.2398530763584],[-71.7730391617279,42.2399388384067],[-71.7729591697299,42.2400206542298],[-71.7728716917751,42.2400981236295],[-71.772777153243,42.2401708697898],[-71.772676016385,42.2402385392772],[-71.7725687731303,42.2403008002418],[-71.7724559459851,42.2403573514107],[-71.772338084435,42.240407916692],[-71.7722157631469,42.2404522487723],[-71.772089577472,42.2404901336128],[-71.7719601434458,42.2405213841546],[-71.7718280905939,42.2405458493116],[-71.7716955530073,42.2405632152203],[-71.7716910968666,42.2405671614454],[-71.7716553784929,42.2405946456265],[-71.7716567706434,42.2406094322795],[-71.7716585144289,42.240612343385],[-71.7717050651366,42.2407073711483],[-71.771725753141,42.2407609761382],[-71.7717895582415,42.2408501403218],[-71.7718449169093,42.2409425249776],[-71.7718914676171,42.2410375527409],[-71.7718945145202,42.2410454469899],[-71.7720239827206,42.2410284830781],[-71.7721593333865,42.2410179133461],[-71.7721805753732,42.2410173620617],[-71.7722715561873,42.2409645457772],[-71.7723843860305,42.2409079973063],[-71.7725022502786,42.2408574338236],[-71.7726245733653,42.2408131035419],[-71.7727507599396,42.2407752213994],[-71.7728801957644,42.240743971757],[-71.7730122495157,42.2407195066],[-71.7731462781782,42.2407019464378],[-71.7732816288441,42.2406913758064],[-71.7734176423103,42.2406878468667],[-71.7735536557765,42.2406913758064],[-71.7736890064425,42.2407019464378],[-71.773823035105,42.2407195066],[-71.7738969719676,42.2407332041741],[-71.7739881155591,42.2407355693911],[-71.7740473089361,42.2407401919064],[-71.7741239590534,42.2407342060188],[-71.7742599725197,42.2407306770791],[-71.7743959859859,42.2407342060188],[-71.7744177927469,42.2407359093348],[-71.7745255881853,42.2407159380901],[-71.7746596168478,42.2406983779278],[-71.7747949675137,42.2406878072965],[-71.7749309809799,42.2406842783568],[-71.7750669944462,42.2406878072965],[-71.7752023451121,42.2406983779278],[-71.7753363737746,42.2407159380901],[-71.7754684275259,42.2407404032471],[-71.7755978633507,42.2407716528895],[-71.7757240499249,42.240809535032],[-71.7757662910814,42.2408248432919],[-71.7758700647516,42.2408329479822],[-71.7760040943135,42.2408505081445],[-71.7761361480647,42.2408749733014],[-71.7762655838895,42.2409062229438],[-71.7763917713631,42.2409441050864],[-71.7765140944499,42.240988435368],[-71.7766319586979,42.2410389988508],[-71.7767447894404,42.2410955473217],[-71.7768520362924,42.241157807387],[-71.776953177647,42.241225473277],[-71.7770477206757,42.2412982176387],[-71.7771352040264,42.2413756852397],[-71.7772152023197,42.2414574983649],[-71.7772873261491,42.2415432586146],[-71.7773512229805,42.2416325478039],[-71.7774065816484,42.2417249324597],[-71.7774531323561,42.241819960223],[-71.7774906493739,42.241917170641],[-71.7774909290631,42.2419181500027],[-71.7775121368756,42.2419232698431],[-71.777577673171,42.2419429443115],[-71.7776207821733,42.2419395772497],[-71.7777567983375,42.2419360474107],[-71.7778928145017,42.2419395772497],[-71.7780281678656,42.2419501478811],[-71.7781621992261,42.2419677080433],[-71.7782942556753,42.241992172301],[-71.7784236932987,42.2420234219434],[-71.778549882571,42.2420613040859],[-71.7786722083557,42.2421056352669],[-71.7787900753017,42.2421561978503],[-71.7789029069436,42.2422127463212],[-71.7790101564935,42.2422750063865],[-71.7791112996467,42.2423426731759],[-71.7792058444741,42.2424154166382],[-71.7792933296234,42.2424928842393],[-71.779373328816,42.2425746973644],[-71.7794454535448,42.2426604576141],[-71.779463658521,42.2426858967368],[-71.7794875472125,42.2427103268202],[-71.7795438168936,42.2427772345818],[-71.7796163112437,42.2428330123337],[-71.7797037972924,42.2429104799348],[-71.7797837973843,42.24299229306],[-71.7798559221131,42.2430780533095],[-71.7799198207431,42.2431673433982],[-71.7799751803103,42.2432597271547],[-71.7800217328167,42.2433547558174],[-71.7800592507338,42.243451965336],[-71.7800875505999,42.2435508826671],[-71.7801064957181,42.2436510257743],[-71.7801146921393,42.2437380945375],[-71.780179997309,42.243804879092],[-71.7802297621938,42.2438640517846],[-71.7802996071411,42.2439354777401],[-71.7803181925305,42.2439575767808],[-71.7803238447696,42.2439633567236],[-71.7803959703976,42.2440491169732],[-71.780459869927,42.2441384070619],[-71.7805084369148,42.2442194539647],[-71.780551844492,42.2442446520691],[-71.7806529912425,42.2443123188585],[-71.7807387730759,42.2443783183048],[-71.7808116298528,42.244387863709],[-71.780943691698,42.244412328866],[-71.7809777580171,42.244420553166],[-71.7810657611759,42.244388662307],[-71.7811919549447,42.2443507801644],[-71.7813148940671,42.2443211007383],[-71.7813122167854,42.2442926425914],[-71.7813122203826,42.2441915147267],[-71.7813217172234,42.2440906332761],[-71.7813406623417,42.243990490169],[-71.7813689631071,42.2438915728379],[-71.7814064810242,42.2437943633192],[-71.7814530335306,42.2436993346566],[-71.7815083939972,42.2436069509001],[-71.7815722926272,42.2435176608114],[-71.7816444173559,42.2434319005618],[-71.7816495120153,42.2434266898899],[-71.7816814712229,42.2433614503707],[-71.7817368316894,42.2432690666142],[-71.7818007303194,42.2431797765255],[-71.7818728550482,42.2430940162759],[-71.7819528551401,42.2430122031507],[-71.7820403411887,42.2429347355497],[-71.7821348869155,42.2428619920873],[-71.782236030968,42.2427943252979],[-71.7823432805179,42.242732066132],[-71.7824561139585,42.2426755167617],[-71.7824623237772,42.2426728529699],[-71.7824511389089,42.2426137108541],[-71.7824416483633,42.2425128294036],[-71.7824416519607,42.2424117015388],[-71.7824511488014,42.2423108200883],[-71.7824700930203,42.2422106769812],[-71.7824983928865,42.24211175965],[-71.7825359099043,42.2420145492321],[-71.782582460612,42.2419195214688],[-71.7826378201792,42.241827136813],[-71.7827017161113,42.2417378476236],[-71.7827738399407,42.241652087374],[-71.782853838234,42.2415702742488],[-71.782941322484,42.2414928066478],[-71.7830358655128,42.2414200622861],[-71.7831370068673,42.241352396396],[-71.7832442546186,42.2412901363308],[-71.7833570853612,42.2412335878598],[-71.7834749496092,42.2411830243771],[-71.7835972735953,42.2411386940955],[-71.7837234610689,42.241100811953],[-71.7838528977929,42.2410695623105],[-71.7839849524436,42.2410450980529],[-71.7841189820054,42.2410275369913],[-71.7842543326713,42.2410169672593],[-71.7843903470368,42.2410134374202],[-71.7845263614024,42.2410169672593],[-71.7846617120683,42.2410275369913],[-71.7847957416301,42.2410450980529],[-71.7849277962807,42.2410695623105],[-71.7850572330049,42.241100811953],[-71.7850924144833,42.2411113735911],[-71.7851473252888,42.2410981166848],[-71.7852793799394,42.2410736524272],[-71.785391884228,42.2410589116395],[-71.7854480172122,42.2409921648565],[-71.7855280146061,42.2409103517314],[-71.7856154979568,42.2408328841303],[-71.7857100400863,42.2407601397687],[-71.7858111805415,42.2406924729793],[-71.7859184264942,42.2406302138133],[-71.7860312563374,42.2405736653424],[-71.7861491196861,42.2405231018597],[-71.7862714427728,42.2404787715781],[-71.7863976284477,42.2404408894355],[-71.7863978676674,42.2404408318789],[-71.7864311596703,42.2404308368138],[-71.7864474850633,42.2403737739306],[-71.786447486862,42.2403218911424],[-71.7864569837028,42.2402210096919],[-71.7864759270224,42.2401208665848],[-71.7865042259892,42.2400219483543],[-71.7865417421077,42.2399247388357],[-71.7865882919161,42.239829710173],[-71.7866219211647,42.2397735870815],[-71.7866188571745,42.2397410172342],[-71.7866188598724,42.2396398893695],[-71.7866283567133,42.2395390079189],[-71.7866473000328,42.2394388648118],[-71.7866755989996,42.2393399465813],[-71.7867131142188,42.2392427370627],[-71.7867596631279,42.2391477084001],[-71.7868150199972,42.2390553246436],[-71.7868789141306,42.2389660345549],[-71.7869510343627,42.2388802743052],[-71.7870310290587,42.2387984611801],[-71.7871185088121,42.2387209944783],[-71.7872130482435,42.2386482501167],[-71.7873141851015,42.2385805833273],[-71.7874214283562,42.2385183241614],[-71.7875342537028,42.2384617747911],[-71.7875703668789,42.2384462821702],[-71.7875801344156,42.238436292501],[-71.787667614169,42.2383588257992],[-71.7877621527011,42.2382860814375],[-71.7878632886598,42.2382184146481],[-71.7879705310152,42.2381561554822],[-71.7880833563618,42.238099606112],[-71.7882012152139,42.2380490435286],[-71.7883235329047,42.2380047123477],[-71.788449714083,42.2379668302051],[-71.7885791445119,42.2379355805626],[-71.7887111919679,42.237911116305],[-71.7888452152345,42.2378935561427],[-71.7889805596051,42.2378829855114],[-71.7891165667761,42.2378794556724],[-71.7892525739471,42.2378829855114],[-71.7893879183177,42.2378935561427],[-71.7895219415843,42.237911116305],[-71.7896539890403,42.2379355805626],[-71.7897834194692,42.2379668302051],[-71.7899096006475,42.2380047123477],[-71.7900319183383,42.2380490435286],[-71.7901497771904,42.238099606112],[-71.790262602537,42.2381561554822],[-71.7903698448924,42.2382184146481],[-71.7904709808511,42.2382860814375],[-71.7905655193832,42.2383588257992],[-71.7906529991366,42.238436292501],[-71.7907329938325,42.2385181056261],[-71.7908051140647,42.2386038658757],[-71.7908690072988,42.2386931559644],[-71.7909243632687,42.2387855397209],[-71.7909709121778,42.2388805683836],[-71.7910084273969,42.2389777779022],[-71.7910367254645,42.2390766961327],[-71.7910543890488,42.2391700700427],[-71.7910862052642,42.2392079036219],[-71.7911501002969,42.2392971937106],[-71.7912054562668,42.2393895774671],[-71.7912520060752,42.2394846061297],[-71.7912895212943,42.2395818156483],[-71.7913178202612,42.2396807338788],[-71.7913367635807,42.2397808769859],[-71.7913462604216,42.2398817584365],[-71.7913462631195,42.2399828863012],[-71.791336772574,42.2400837677517],[-71.7913178355496,42.2401839126575],[-71.7912895428781,42.240282830888],[-71.7912520321555,42.2403800413059],[-71.791205487743,42.2404750717672],[-71.7911501353704,42.2405674573223],[-71.791086243935,42.2406567492097],[-71.7910141264008,42.240742511258],[-71.790944389372,42.240813838288],[-71.790944389372,42.2408155721809],[-71.7909493077643,42.2408678182952],[-71.7909493104623,42.24096894616],[-71.7909398199167,42.2410698276105],[-71.7909310704125,42.2411160959311],[-71.790937991595,42.2411896236023],[-71.7909505326409,42.2412559162276],[-71.7909600294817,42.2413567976781],[-71.790960033079,42.2414579255429],[-71.790959957536,42.2414587268388],[-71.7909612471638,42.2414655428006],[-71.7909707440046,42.2415664242511],[-71.7909707467026,42.2416675521159],[-71.7909631420353,42.2417483840807],[-71.7909647797008,42.2417657760698],[-71.7910508601091,42.2417680099857],[-71.7911862134729,42.2417785806171],[-71.7913202448334,42.2417961407793],[-71.7914523003833,42.2418206050369],[-71.7915817380068,42.2418518546794],[-71.791707927279,42.241889736822],[-71.7918302530637,42.2419340680029],[-71.7919481182111,42.2419846305863],[-71.7920609507522,42.2420411790572],[-71.7921681994029,42.2421034391224],[-71.7922693425561,42.2421711059118],[-71.7923638864841,42.2422438493742],[-71.7924513716334,42.2423213169753],[-71.7925313708261,42.2424031301004],[-71.7926034955548,42.24248889035],[-71.7926673932855,42.2425781795394],[-71.7926881550343,42.2426128259212],[-71.7926942821154,42.2426201122285],[-71.7926974863998,42.2426245899529],[-71.7927574163216,42.2426546255106],[-71.7928646667709,42.2427168846765],[-71.7929658099242,42.2427845514659],[-71.7930603556509,42.2428572949283],[-71.7931478416995,42.2429347625293],[-71.7932278417914,42.2430165756545],[-71.7932999665202,42.2431023359042],[-71.7933638642509,42.2431916259928],[-71.7934192247174,42.2432840097493],[-71.7934657772238,42.2433790384119],[-71.7935032951409,42.2434762479306],[-71.793531595007,42.2435751652617],[-71.7935505401253,42.2436753083688],[-71.7935600369661,42.2437761898194],[-71.7935600405634,42.2438773176841],[-71.7935505491185,42.2439781991346],[-71.7935316102955,42.2440783431411],[-71.7935033158253,42.2441772622709],[-71.7934658033041,42.2442744726888],[-71.7934192561937,42.2443695022508],[-71.7933639002238,42.2444618887052],[-71.793300005191,42.2445511796932],[-71.7932278831602,42.2446369426408],[-71.7932264487416,42.2446384094351],[-71.7932412317974,42.2446767106617],[-71.7932695325628,42.2447756279929],[-71.7932884776811,42.2448757711],[-71.7932979745219,42.2449766525505],[-71.7932979772198,42.2450607562489],[-71.7932980941317,42.2450611636418],[-71.7933170392499,42.245161306749],[-71.7933233165178,42.2452279797875],[-71.7933314131142,42.2452562796536],[-71.7933375635777,42.245288788347],[-71.7933540202718,42.245346308985],[-71.7933827032491,42.2454206253616],[-71.7933833921298,42.2454230337461],[-71.7933975366669,42.2454519064803],[-71.7934350563827,42.245549115999],[-71.7934633571482,42.2456480333301],[-71.7934681028706,42.2456731217172],[-71.7935215234995,42.2457041312407],[-71.7936226729479,42.2457717971308],[-71.7937172222719,42.2458445414924],[-71.7938047119179,42.2459220090935],[-71.7938847165064,42.2460038213193],[-71.7939568448325,42.246089581569],[-71.7940207452612,42.2461788716577],[-71.7940761084256,42.2462712554142],[-71.7941226627307,42.2463662840768],[-71.7941601824464,42.2464634935954],[-71.7941884841112,42.2465624109266],[-71.7941983676605,42.2466146525442],[-71.7942261459199,42.2466713547992],[-71.7942636656356,42.2467685643178],[-71.7942919673004,42.246867481649],[-71.7943109133179,42.2469676247561],[-71.7943204110581,42.2470685062066],[-71.7943204137561,42.2471696340714],[-71.7943136184787,42.2472418568263],[-71.7943211044354,42.2472680199032],[-71.7943400504529,42.2473681630104],[-71.7943495472937,42.2474690444609],[-71.7943495472937,42.2474718683321],[-71.7943705554567,42.2474746202576],[-71.7945026235972,42.2474990854145],[-71.7946320729118,42.2475303341577],[-71.7947582729759,42.2475682171995],[-71.7948806095524,42.2476125474811],[-71.7949984854916,42.2476631100645],[-71.7951113279254,42.2477196594348],[-71.7952185864685,42.2477819186007],[-71.795319738615,42.2478495853901],[-71.7954142915363,42.2479223288524],[-71.7955017838802,42.2479997964535],[-71.7955817911667,42.2480816095787],[-71.7956539212914,42.2481673698283],[-71.795717824418,42.2482566590177],[-71.7957731893811,42.2483490427742],[-71.7958197454848,42.2484440714368],[-71.7958572660999,42.2485412809554],[-71.795885568664,42.2486401982866],[-71.7958904429895,42.2486659611652],[-71.7959618932268,42.2486918517476],[-71.796079771864,42.2487424152303],[-71.7961926160963,42.2487989637013],[-71.7962998764381,42.2488612228672],[-71.7964010303832,42.2489288896566],[-71.7964955842038,42.2490016340183],[-71.7965830783464,42.24907910072],[-71.7966630865322,42.2491609138452],[-71.7967352184555,42.2492466740948],[-71.7967991233808,42.2493359632841],[-71.7968544883439,42.2494283470406],[-71.7969010453469,42.2495233757033],[-71.7969365937487,42.2496154725761],[-71.796989532341,42.2497038075847],[-71.797036089344,42.249798835348],[-71.7970736108584,42.2498960448666],[-71.7971019143218,42.2499949621978],[-71.7971208603394,42.2500951053049],[-71.7971303589788,42.2501959867554],[-71.7971303616768,42.2502971146202],[-71.7971236239561,42.2503687267354],[-71.7971525497503,42.2504169924503],[-71.7971991067533,42.2505120202136],[-71.7972366291671,42.2506092297322],[-71.7972649326305,42.2507081470634],[-71.797273149736,42.250751578023],[-71.797273367372,42.2507517237131],[-71.7972663202844,42.2506768254752],[-71.7972663229824,42.2505756976104],[-71.7972758216218,42.2504748161599],[-71.7972947685387,42.2503746730528],[-71.7973230711028,42.2502757557216],[-71.7973605935165,42.250178546203],[-71.7974071505195,42.2500835184397],[-71.797462516382,42.2499911337839],[-71.7975264213073,42.2499018445945],[-71.7975985541299,42.2498160843448],[-71.7976785632151,42.2497342712197],[-71.797766058257,42.2496568045179],[-71.7978606138762,42.2495840601563],[-71.7979617687206,42.2495163933669],[-71.7980690299617,42.249454134201],[-71.7981818750934,42.24939758573],[-71.7982997546299,42.2493470222473],[-71.7984220948038,42.2493026919657],[-71.7985482984652,42.2492648098232],[-71.7986777513771,42.2492335601807],[-71.7987719751465,42.2492161070377],[-71.7988116541345,42.2491855804502],[-71.7989128080796,42.2491179136608],[-71.7990200693207,42.2490556544949],[-71.7990210459844,42.2490551652637],[-71.7990535312954,42.2490334340458],[-71.7991607916372,42.2489711748798],[-71.7992736367689,42.2489146264089],[-71.7993915154061,42.2488640629262],[-71.7995138537813,42.2488197326446],[-71.7996400574427,42.248781850502],[-71.7997695085559,42.2487506008596],[-71.7999015793943,42.248726136602],[-71.7999438781075,42.2487205949795],[-71.7999529477703,42.2486242614006],[-71.7999718937878,42.2485241182935],[-71.800000196352,42.2484252009623],[-71.800037716967,42.2483279914437],[-71.8000842730707,42.2482329627811],[-71.8001396371345,42.2481405790245],[-71.8002035402611,42.2480512898352],[-71.8002510172706,42.2479948420884],[-71.8002510181699,42.2479571730851],[-71.8002605159101,42.2478562916346],[-71.8002794619276,42.2477561485275],[-71.8002849891609,42.247736828392],[-71.8002855035731,42.2477313695072],[-71.8003044495906,42.2476312264],[-71.8003327521548,42.2475323090688],[-71.8003702718705,42.2474350995503],[-71.8004168270749,42.2473400708876],[-71.8004721911387,42.2472476871311],[-71.800536093366,42.2471583979417],[-71.8006082225913,42.2470726376921],[-71.8006882280792,42.246990824567],[-71.8007757195238,42.2469133569659],[-71.8008702706464,42.2468406126042],[-71.8008854512026,42.2468304574597],[-71.8008815877151,42.2468100266615],[-71.8008720971695,42.246709145211],[-71.8008720998675,42.2466080173462],[-71.8008815976076,42.2465071358957],[-71.8009005427258,42.2464069927885],[-71.8009288443906,42.2463080754574],[-71.8009663641064,42.2462108659388],[-71.8010129184114,42.2461158372761],[-71.8010682806766,42.2460234535196],[-71.8011321820046,42.2459341634309],[-71.8012043103306,42.2458484031813],[-71.8012843140198,42.2457665909554],[-71.8013718036657,42.2456891233544],[-71.8014663529897,42.2456163789927],[-71.8015675015389,42.2455487122033],[-71.8016747564848,42.2454864530374],[-71.8017875944219,42.2454299045665],[-71.8019054667639,42.2453793410838],[-71.8020277988438,42.2453350108021],[-71.8021539944113,42.2452971286596],[-71.8022834392293,42.2452658790171],[-71.8024155028731,42.2452414147596],[-71.8025495414282,42.2452238545973],[-71.8026849010873,42.2452132839659],[-71.8028209244461,42.2452097541269],[-71.8029569478048,42.2452132839659],[-71.803092307464,42.2452238545973],[-71.803226346019,42.2452414147596],[-71.8033584096628,42.2452658790171],[-71.8034878544809,42.2452971286596],[-71.8036140500483,42.2453350108021],[-71.8037363821283,42.2453793410838],[-71.8038542544703,42.2454299045665],[-71.8039670924073,42.2454864530374],[-71.8040743473532,42.2455487122033],[-71.8041754959024,42.2456163789927],[-71.8042700452264,42.2456891233544],[-71.8043575348723,42.2457665909554],[-71.8044375385615,42.2458484031813],[-71.8045096668876,42.2459341634309],[-71.8045735682156,42.2460234535196],[-71.8046289304807,42.2461158372761],[-71.8046754847858,42.2462108659388],[-71.8047130045015,42.2463080754574],[-71.8047413061663,42.2464069927885],[-71.8047602512845,42.2465071358957],[-71.8047697490247,42.2466080173462],[-71.8047697517226,42.246709145211],[-71.8047602611771,42.2468100266615],[-71.8047413214548,42.2469101706679],[-71.8047130251859,42.2470090888984],[-71.8046755108661,42.2471063002156],[-71.8046289610577,42.2472013297776],[-71.8045736032891,42.2472937153328],[-71.8045097055584,42.24738300722],[-71.8044375799303,42.2474687692683],[-71.8043575780397,42.2475505841921],[-71.8042700892931,42.2476280544912],[-71.8041755399692,42.2477008006515],[-71.8041603693056,42.2477109495008],[-71.8041642327931,42.2477313695072],[-71.8041737305332,42.2478322509577],[-71.8041737332312,42.2479333788224],[-71.8041642417863,42.248034260273],[-71.804145302064,42.2481344042794],[-71.8041397748307,42.2481537271129],[-71.8041392613178,42.2481591824004],[-71.8041203215955,42.2482593264069],[-71.8040920253267,42.2483582446374],[-71.8040545101075,42.2484554559546],[-71.8040079593998,42.2485504855165],[-71.8039525998326,42.2486428710717],[-71.8038887012025,42.248732162959],[-71.8038412313877,42.2487886071086],[-71.803841232287,42.2488262707159],[-71.8038317408421,42.2489271521664],[-71.8038128002205,42.2490272961728],[-71.8037845030523,42.2491262144033],[-71.8037469878332,42.2492234257206],[-71.8037004371254,42.2493184552825],[-71.8036450766589,42.2494108408377],[-71.8035926012175,42.2494841688593],[-71.8036522010882,42.2494795148677],[-71.8036790881194,42.2494788169939],[-71.8036968740115,42.2494755227772],[-71.8038309206604,42.2494579626149],[-71.8039662902121,42.2494473919836],[-71.8041023225641,42.2494438630439],[-71.8042383549161,42.2494473919836],[-71.8043708898047,42.2494577413817],[-71.8043846917001,42.2494580993119],[-71.8045200612518,42.2494686699432],[-71.8046541079007,42.2494862301055],[-71.8047861805377,42.2495106943631],[-71.8049156334497,42.2495419440055],[-71.8050418380104,42.2495798261481],[-71.8051641781842,42.2496241564297],[-71.8052599074188,42.249665218575],[-71.8053559298323,42.2496940409473],[-71.8054782700061,42.2497383712289],[-71.8055961504419,42.2497889347116],[-71.805708996473,42.2498454831826],[-71.8058162586134,42.2499077423484],[-71.8059174143572,42.2499754091378],[-71.8060119699764,42.2500481534996],[-71.8060994659176,42.2501256202013],[-71.8061199740575,42.2501465905927],[-71.8061380576252,42.2501586873736],[-71.8062326132444,42.2502314317352],[-71.806320110085,42.250308898437],[-71.8064001191701,42.2503907115621],[-71.8064722528921,42.2504764718118],[-71.8065361578174,42.2505657610011],[-71.8065915245792,42.2506581456569],[-71.8066380824815,42.2507531734203],[-71.8066756048952,42.2508503829389],[-71.8067039083587,42.2509493002701],[-71.8067228552755,42.2510494433772],[-71.8067323530157,42.2511503248277],[-71.8067323566129,42.2512514526924],[-71.8067320418502,42.2512547927746],[-71.8068001025426,42.251294297294],[-71.8069012609844,42.2513619631841],[-71.8069958184022,42.2514347075458],[-71.8070833161421,42.2515121751468],[-71.8071633270259,42.2515939873726],[-71.8072354616472,42.2516797476223],[-71.8072993683711,42.251769037711],[-71.8073547360322,42.2518614214675],[-71.8074012948338,42.2519564492308],[-71.8074388181469,42.2520536587494],[-71.8074671216103,42.2521525760806],[-71.8074860694265,42.2522527191877],[-71.807495568066,42.2523536006382],[-71.8074955707639,42.252454728503],[-71.8074860784197,42.2525556099535],[-71.8074671368988,42.2526557539599],[-71.8074388388313,42.2527546721904],[-71.8074286450159,42.2527810843796],[-71.8074286486132,42.2528817526908],[-71.807419156269,42.2529826341413],[-71.8074002147481,42.2530827781478],[-71.8073998568179,42.2530840282054],[-71.8074131074289,42.2530957589622],[-71.8074353944279,42.2531185477828],[-71.8075069229061,42.2531663935143],[-71.8076014839213,42.2532391369766],[-71.8076889843591,42.2533166045777],[-71.8077689979409,42.2533984177028],[-71.8078411343608,42.2534841770532],[-71.8079050428834,42.2535734671418],[-71.8079604123431,42.2536658508984],[-71.8080069720441,42.2537608786617],[-71.8080444962565,42.2538580881803],[-71.8080728006192,42.2539570055114],[-71.8080917484354,42.2540571495179],[-71.8081012470748,42.2541580300691],[-71.8081012506722,42.2542591579339],[-71.8080917583279,42.2543600393844],[-71.8080728159077,42.2544601833908],[-71.8080445169409,42.2545591016213],[-71.8080069981244,42.2546563120392],[-71.8079604429201,42.2547513416012],[-71.8079050779569,42.2548437271563],[-71.8078411730316,42.2549330190436],[-71.8077690393097,42.2550187810919],[-71.8076890275266,42.2551005960157],[-71.8076015279881,42.2551780654155],[-71.8075069678723,42.2552508115757],[-71.8074058067326,42.2553184801638],[-71.8072985382969,42.2553807420277],[-71.8071856841719,42.2554372931966],[-71.8070677947429,42.2554878575786],[-71.8069454437772,42.2555321905582],[-71.8068401916215,42.2555637828423],[-71.8067557920461,42.2555999823534],[-71.8067281369939,42.2556386226243],[-71.8066560023726,42.2557243846726],[-71.8065759896901,42.2558061995965],[-71.8064884892523,42.2558836689962],[-71.8063939282372,42.2559564151565],[-71.8062927661982,42.2560240837445],[-71.8061854959638,42.2560863456084],[-71.8060726400403,42.2561428967773],[-71.8059547497119,42.2561934611593],[-71.8058323978469,42.2562377932396],[-71.8057061806957,42.2562756771808],[-71.8055767142939,42.2563069286219],[-71.805444628167,42.2563313937789],[-71.8053105662296,42.2563489548404],[-71.8051751822888,42.2563595254718],[-71.8050391355476,42.2563630553108],[-71.8049030888064,42.2563595254718],[-71.8047677048656,42.2563489548404],[-71.8046336429283,42.2563313937789],[-71.8045015568014,42.2563069286219],[-71.8043720903996,42.2562756771808],[-71.8042458732484,42.2562377932396],[-71.8041235213834,42.2561934611593],[-71.8040336395408,42.2561549099212],[-71.8040335711923,42.2561549908602],[-71.8039535585099,42.256236805784],[-71.8038660571727,42.2563142751837],[-71.8037714952583,42.256387021344],[-71.8037119151727,42.2564268748005],[-71.8038243133414,42.2564606092698],[-71.8039466670051,42.2565049395513],[-71.8040645600314,42.2565555021347],[-71.8041501970739,42.2565984123869],[-71.8042173647395,42.2565896143193],[-71.8043527495797,42.256579043688],[-71.8044887972202,42.2565755147483],[-71.8046248448607,42.256579043688],[-71.8047602297008,42.2565896143193],[-71.8048942916382,42.2566071744816],[-71.8050263786644,42.2566316387392],[-71.8051558468648,42.2566628883816],[-71.8052820649153,42.2567007705242],[-71.8054044194784,42.2567451008058],[-71.8055223125047,42.2567956633892],[-71.8056351711262,42.2568522127594],[-71.8057424449578,42.2569144719254],[-71.8058436114935,42.2569821387148],[-71.8059381779045,42.2570548821771],[-71.8060256837383,42.2571323497781],[-71.8061057018166,42.257214162004],[-71.8061778427332,42.2572999222537],[-71.8062417557524,42.257389211443],[-71.8062971279101,42.2574815951995],[-71.806343690309,42.2575766238622],[-71.8063812172194,42.2576738333807],[-71.8064095233808,42.2577727507119],[-71.8064284720963,42.2578728938191],[-71.806437971635,42.2579737743703],[-71.8064379752323,42.258074902235],[-71.8064284819888,42.2581757836855],[-71.8064195490229,42.2582230097841],[-71.8064200832202,42.2582236447055],[-71.8064839962394,42.2583129338948],[-71.8065393692964,42.2584053176514],[-71.8065859325947,42.258500346314],[-71.806623459505,42.2585975558326],[-71.8066517665657,42.2586964731637],[-71.8066707161806,42.2587966162709],[-71.8066802157193,42.2588974968221],[-71.8066802184173,42.2589986246868],[-71.8066707251738,42.2590995061374],[-71.8066517818542,42.2591996501438],[-71.8066234810888,42.2592985674749],[-71.8065859595744,42.2593957787922],[-71.8065599089126,42.2594489512082],[-71.8065750777776,42.2595019590482],[-71.8065940273924,42.2596021021553],[-71.8066035269312,42.2597029827065],[-71.8066035305285,42.2598041105713],[-71.806594037285,42.2599049920218],[-71.806575093066,42.2600051360283],[-71.8065467914013,42.2601040533594],[-71.8065092698869,42.2602012646766],[-71.8064627101859,42.2602962942386],[-71.8064073407261,42.2603886797938],[-71.8063434295056,42.2604779707818],[-71.8062712894884,42.2605637328301],[-71.80619127141,42.2606455477539],[-71.8061037646769,42.2607230171536],[-71.8060091955679,42.2607957633139],[-71.805908025435,42.2608634319019],[-71.8058007471067,42.2609256937658],[-71.8057687923958,42.2609417043962],[-71.8057141468904,42.2609837405073],[-71.805649607943,42.2610269070661],[-71.8056450034142,42.2610363058809],[-71.8055896330551,42.261128691436],[-71.8055257209352,42.261217982424],[-71.8054535800186,42.2613037444723],[-71.805373561041,42.2613855593961],[-71.8052860525093,42.2614630287958],[-71.8051914834002,42.2615357749561],[-71.805090312368,42.2616034435441],[-71.8050392488622,42.2616330798028],[-71.8050020070369,42.2617295644679],[-71.8049554464367,42.2618245940298],[-71.8049000751783,42.2619169786857],[-71.8048361630584,42.2620062705729],[-71.8047790974773,42.2620741091329],[-71.804726381917,42.2621620628289],[-71.8047025885536,42.2621953044698],[-71.8046971782322,42.2622093204039],[-71.8046506176319,42.2623043499659],[-71.8045952463735,42.2623967346216],[-71.8045313333543,42.262486026509],[-71.8044591906391,42.2625717885572],[-71.8043791698628,42.2626536034811],[-71.8043623660303,42.262668479167],[-71.8043262177807,42.2627054377058],[-71.8042667330233,42.2627580975082],[-71.8042405573558,42.2627892149504],[-71.8041605365794,42.2628710298742],[-71.8040730262491,42.2629484992739],[-71.8039784544421,42.2630212454342],[-71.8038889152412,42.2630811330879],[-71.8038970091396,42.2631020980834],[-71.803925317999,42.2632010154146],[-71.8039442685131,42.2633011585217],[-71.8039537689513,42.2634020390729],[-71.8039537716492,42.2635031669377],[-71.8039442784057,42.2636040483882],[-71.8039253332875,42.2637041914953],[-71.803897029824,42.2638031097258],[-71.8038722166294,42.2638673905677],[-71.8038660994409,42.2638887701507],[-71.8038285752285,42.2639859805686],[-71.8037820137289,42.2640810101305],[-71.8037579676561,42.264121128887],[-71.8037476785125,42.2641477838932],[-71.8037124700544,42.264219640624],[-71.8036852727571,42.2643146935683],[-71.8036477485447,42.2644119039862],[-71.8036011861458,42.2645069335482],[-71.8035458130888,42.2645993191033],[-71.8035384953052,42.264609541697],[-71.8035377560626,42.2646121263486],[-71.8035002318502,42.2647093367665],[-71.8034766534248,42.2647574576906],[-71.8034621626487,42.2647949980907],[-71.8034155993504,42.2648900276527],[-71.8034129976117,42.2648943686802],[-71.8034045673668,42.2649115736103],[-71.8033907834579,42.2649472829908],[-71.8033442201596,42.2650423125527],[-71.8032888462033,42.2651346981079],[-71.8032828540204,42.2651430689975],[-71.8032793727448,42.2651488777186],[-71.8032371495747,42.2652350489584],[-71.8031922572168,42.2653099471964],[-71.8031760990976,42.2653664165269],[-71.803138573986,42.2654636269449],[-71.803092011587,42.2655586565068],[-71.8030372572636,42.2656500069423],[-71.8030338848059,42.2656587429567],[-71.8029873215077,42.2657537725186],[-71.8029435604969,42.2658267821803],[-71.8029426809599,42.2658314298766],[-71.8029143765972,42.2659303481071],[-71.8028961878088,42.2659774671864],[-71.802876308295,42.2660469416131],[-71.8028651252253,42.2660759132729],[-71.8028597859503,42.266094573306],[-71.8028546490228,42.2661217247378],[-71.80282634466,42.2662206429683],[-71.8028081603683,42.2662677485578],[-71.8027998848068,42.2662966707548],[-71.802795168762,42.2663215990626],[-71.8027827491246,42.2663650030425],[-71.8027808065889,42.2663856397855],[-71.8027618605714,42.2664857828926],[-71.8027335562086,42.2665847011231],[-71.8027139527866,42.2666354831411],[-71.8027121433507,42.2666418071737],[-71.8027109346619,42.2666449386131],[-71.8026954897051,42.266698915023],[-71.802657963694,42.2667961254408],[-71.8026518968675,42.2668085073068],[-71.802635467153,42.266851068622],[-71.8025889029554,42.2669460981839],[-71.8025862283717,42.2669505615193],[-71.8025717654746,42.2670011061162],[-71.8025676195999,42.2670118458201],[-71.8025572782957,42.2670479850765],[-71.8025299164225,42.2671188642443],[-71.8025144525799,42.267172907204],[-71.8024769265689,42.2672701176219],[-71.8024303623713,42.2673651471839],[-71.8023749866163,42.267457532739],[-71.8023110682012,42.267546823727],[-71.8022389200901,42.2676325857753],[-71.8021588930185,42.2677144006991],[-71.8020713763929,42.2677918700988],[-71.8019933035481,42.2678519196305],[-71.8019697907732,42.2678999047569],[-71.8019144141189,42.267992290312],[-71.8018504957038,42.2680815813],[-71.8018285459506,42.2681076733305],[-71.8018343492757,42.2681383393129],[-71.8018438506132,42.2682392198641],[-71.8018438533111,42.2683403477289],[-71.8018343591683,42.2684412291794],[-71.8018154122514,42.2685413722866],[-71.8017871069894,42.268640290517],[-71.801749580079,42.2687375009349],[-71.8017030149821,42.2688325304969],[-71.8016476374285,42.2689249160521],[-71.801583718114,42.2690142070401],[-71.8015115682043,42.2690999690884],[-71.8014315384347,42.2691817840122],[-71.8013440200105,42.2692592525125],[-71.8012494383109,42.2693319986728],[-71.8011482546881,42.2693996672609],[-71.8010409619708,42.2694619291248],[-71.8009280826648,42.2695184793944],[-71.8008101671555,42.2695690446757],[-71.8006877892101,42.269613376756],[-71.8005615459786,42.2696512606972],[-71.8004320516978,42.269682511239],[-71.8002999376919,42.2697069763959],[-71.8002252939621,42.2697167520265],[-71.8001827290497,42.2698036157443],[-71.800162914287,42.2698366712254],[-71.8001720621909,42.2699337980064],[-71.8001720648888,42.2700349258712],[-71.8001625698467,42.2701358073217],[-71.8001436238291,42.2702359504288],[-71.8001153176677,42.2703348686593],[-71.8000777889587,42.2704320790772],[-71.8000312229625,42.2705271086392],[-71.7999758436102,42.270619493295],[-71.7999630255731,42.270637398797],[-71.7999669160403,42.2706509911504],[-71.7999858683531,42.2707511342575],[-71.7999953696905,42.2708520148087],[-71.7999953732878,42.2709531426734],[-71.7999858782456,42.2710540241239],[-71.7999669313288,42.2711541672311],[-71.7999386242681,42.2712530854616],[-71.7999010955591,42.2713502958795],[-71.7998545286635,42.2714453254414],[-71.7997991484119,42.2715377100973],[-71.7997352263995,42.2716270010853],[-71.7997156049911,42.2716503232039],[-71.7997652448701,42.2716942577838],[-71.7998452818342,42.271776070909],[-71.7999174389386,42.2718618302593],[-71.7999813663469,42.2719511194487],[-71.8000367519945,42.2720435032052],[-71.8000833251853,42.2721385309685],[-71.8001208601895,42.2722357404871],[-71.8001491735455,42.2723346569189],[-71.8001681267576,42.2724348000261],[-71.800177628095,42.2725356805773],[-71.800177630793,42.272636808442],[-71.8001681357508,42.2727376889932],[-71.800149188834,42.2728378329996],[-71.8001208808739,42.2729367512301],[-71.8000833512656,42.2730339616481],[-71.8000367825714,42.2731289903107],[-71.7999814014205,42.2732213758658],[-71.7999543327263,42.273259186962],[-71.79995923583,42.2732650145688],[-71.8000231641377,42.2733543037581],[-71.8000785506845,42.2734466875146],[-71.8000969418204,42.2734842117271],[-71.800120026518,42.2734884862047],[-71.8002495288926,42.2735197349479],[-71.8003757811173,42.2735576170904],[-71.800498168056,42.273601947372],[-71.8006160925586,42.2736525108547],[-71.8007289817571,42.2737090593257],[-71.800836284367,42.2737713184916],[-71.8009374778823,42.2738389843816],[-71.8010320694744,42.273911727844],[-71.8011195977912,42.2739891945457],[-71.8011996374533,42.2740710076709],[-71.8012717981549,42.2741567670212],[-71.8013357273619,42.2742460562106],[-71.801391114808,42.2743384399671],[-71.8014376897975,42.2744334677304],[-71.801475225701,42.274530677249],[-71.8015035399563,42.2746295936809],[-71.8015224940678,42.2747297367879],[-71.8015319963046,42.2748306173391],[-71.8015319972039,42.2748677638363],[-71.8015566728022,42.2748842636979],[-71.8016512652936,42.2749570071602],[-71.8017387954091,42.2750344747612],[-71.8018188368698,42.2751162869871],[-71.8018909984708,42.2752020472367],[-71.8019549285771,42.2752913355268],[-71.8020103169226,42.2753837192833],[-71.8020568928113,42.2754787470466],[-71.8020944296142,42.2755759565652],[-71.8021227438695,42.2756748729971],[-71.8021416988802,42.2757750161041],[-71.8021512002177,42.2758758966554],[-71.802151203815,42.2759770245201],[-71.8021417078735,42.2760779050713],[-71.802122759158,42.2761780490778],[-71.802117151885,42.2761976426072],[-71.8021937453451,42.2762759294906],[-71.8022659078453,42.2763616897403],[-71.8023298397503,42.2764509789296],[-71.8023852289951,42.2765433617868],[-71.8024318057832,42.2766383895501],[-71.8024549822116,42.2766984085048],[-71.802471258142,42.2767109243697],[-71.8025587909554,42.2767883910714],[-71.8026388342148,42.2768702032973],[-71.8027109976144,42.2769559635469],[-71.8027749295193,42.2770452527363],[-71.8028303196635,42.2771376355935],[-71.8028768964516,42.2772326633568],[-71.8029144341538,42.2773298728754],[-71.8029427502077,42.2774287902065],[-71.8029617052185,42.2775289324143],[-71.8029712074552,42.2776298129655],[-71.8029712101532,42.2777309408303],[-71.8029617142117,42.2778318213815],[-71.8029427654962,42.2779319653879],[-71.8029144557375,42.2780308827191],[-71.8028769225319,42.278128093137],[-71.8028303502404,42.278223122699],[-71.8027749645929,42.2783155073548],[-71.8027110362852,42.2784047983428],[-71.8026388755836,42.2784905603911],[-71.8025588341229,42.2785723753149],[-71.8024713022088,42.2786498447146],[-71.8023767070194,42.2787225899756],[-71.8022755081082,42.2787902585636],[-71.8021682001023,42.2788525204275],[-71.8020553037093,42.2789090706971],[-71.8019373702134,42.2789596350792],[-71.8018149742816,42.2790039680588],[-71.8016887121643,42.2790418511006],[-71.8015591989978,42.2790731016424],[-71.8014270652068,42.2790975676987],[-71.8012929556054,42.2791151287602],[-71.8011575231012,42.2791256993916],[-71.8010214268973,42.2791292283313],[-71.8010120217874,42.279128984615],[-71.8010120226867,42.2791639061893],[-71.8010025267452,42.2792647867406],[-71.8009982540661,42.2792873669185],[-71.8010180238627,42.2793385626246],[-71.8010463399166,42.2794374799558],[-71.8010652958267,42.2795376221636],[-71.8010747980634,42.2796385027147],[-71.8010748016607,42.2797396305795],[-71.8010653048199,42.2798405111307],[-71.8010463552051,42.2799406551372],[-71.8010461744414,42.2799412882599],[-71.801062780423,42.2799610220836],[-71.8011267159251,42.2800503112729],[-71.8011821078679,42.2801426950294],[-71.801228687354,42.2802377227927],[-71.8012662268549,42.280334931412],[-71.8012945438081,42.2804338487432],[-71.8013134997182,42.280533990951],[-71.8013230028542,42.2806348715022],[-71.8013230055522,42.2807359993669],[-71.8013135087114,42.2808368799181],[-71.8012945590966,42.2809370230252],[-71.8012662484386,42.2810359412557],[-71.8012287134343,42.2811331516737],[-71.8011821393442,42.2812281812356],[-71.8011267509987,42.2813205658915],[-71.8010628190938,42.2814098568795],[-71.8009906547948,42.2814956189277],[-71.8009106097368,42.2815774329522],[-71.8008230742254,42.2816549023519],[-71.8007284745394,42.2817276485122],[-71.8006272711316,42.2817953171003],[-71.8005199568305,42.2818575780648],[-71.8004070559409,42.2819141283344],[-71.8002891170491,42.2819646936157],[-71.800166714822,42.282009025696],[-71.8000404464094,42.2820469096372],[-71.7999109269477,42.282078160179],[-71.7997787877608,42.2821026253359],[-71.7996446709648,42.2821201863975],[-71.7995092321653,42.2821307570289],[-71.7993731296662,42.2821342868679],[-71.799237027167,42.2821307570289],[-71.7991015883676,42.2821201863975],[-71.7990823833453,42.2821176718931],[-71.7990249976055,42.2821251857288],[-71.7988895588061,42.2821357563601],[-71.7987534563069,42.2821392861991],[-71.7986173538078,42.2821357563601],[-71.7984819150083,42.2821251857288],[-71.7983477982123,42.2821076246672],[-71.7982156590254,42.2820831595103],[-71.7980861386643,42.2820519089685],[-71.7979598711511,42.2820140250273],[-71.797837468924,42.281969692947],[-71.7977195300322,42.2819191276657],[-71.7976066291426,42.281862577396],[-71.7974993148414,42.2818003164315],[-71.7973981114337,42.2817326478434],[-71.7973035117477,42.2816599016832],[-71.7972159762363,42.2815824322835],[-71.7971359311782,42.281500618259],[-71.7970637668793,42.2814148562107],[-71.7969998349744,42.2813255652227],[-71.7969444466289,42.2812331805669],[-71.7968978716394,42.2811381510049],[-71.7968603375345,42.281040940587],[-71.7968320268765,42.2809420223565],[-71.7968130763624,42.2808418792494],[-71.7968035804209,42.2807409986982],[-71.7968035831188,42.2806398708334],[-71.7968130862549,42.2805389902822],[-71.796832042165,42.2804388480744],[-71.7968603582189,42.2803399307433],[-71.7968978986191,42.280242722124],[-71.7969444781052,42.2801476943607],[-71.7969998700479,42.2800553106042],[-71.7970638055501,42.2799660214148],[-71.7971162728977,42.2799036714173],[-71.7971319363897,42.2798489566641],[-71.7971694758905,42.2797517480448],[-71.7971751605052,42.279740151287],[-71.7971751110425,42.2797396305795],[-71.7971751146398,42.2796385027147],[-71.7971846168765,42.2795376221636],[-71.7971888904549,42.279515042885],[-71.7971691242556,42.2794638480782],[-71.7971408135977,42.279364930747],[-71.7971218639828,42.2792647867406],[-71.7971123680413,42.2791639061893],[-71.7971123707393,42.2790627783246],[-71.7971218738753,42.2789618977734],[-71.7971408288861,42.2788617555656],[-71.79716914494,42.2787628382344],[-71.7972066835416,42.2786656296152],[-71.7972532621283,42.2785706018519],[-71.7973086531717,42.2784782180954],[-71.7973725868753,42.278388928906],[-71.7974032825354,42.2783524506052],[-71.7974032852334,42.2782565442042],[-71.7974107046402,42.2781777806801],[-71.7973791528256,42.2780960610844],[-71.7973508430669,42.2779971437532],[-71.7973318943514,42.2778969997468],[-71.7973223984099,42.2777961191956],[-71.7973224011079,42.2776949913309],[-71.7973319033446,42.2775941107797],[-71.7973508583554,42.2774939685718],[-71.7973791744093,42.2773950512407],[-71.7973833913304,42.2773841316724],[-71.7973757174154,42.2773684735763],[-71.7973381860085,42.2772712631583],[-71.7973098762498,42.2771723458271],[-71.7972909275342,42.2770722018207],[-71.7972814315928,42.2769713212695],[-71.7972814342907,42.2768701934048],[-71.79728744446,42.2768063901029],[-71.7972800871063,42.27679137772],[-71.7972425556994,42.276694167302],[-71.79721424684,42.2765952499708],[-71.7971952981244,42.2764951059644],[-71.797185802183,42.2763942254132],[-71.7971858048809,42.2762930975485],[-71.7971873607081,42.2762765832977],[-71.7971759573045,42.2762470477631],[-71.7971476484452,42.2761481304319],[-71.7971286997297,42.2760479864255],[-71.7971192037882,42.2759471058743],[-71.7971192073855,42.2758459780096],[-71.7971287087229,42.2757450974584],[-71.7971303697707,42.2757363218738],[-71.7970752269401,42.2756939134434],[-71.7969876995227,42.275616444943],[-71.7969076616592,42.2755346300192],[-71.7968355045548,42.2754488679709],[-71.7967715789452,42.275359576983],[-71.7967161959956,42.2752671914278],[-71.7966696255028,42.2751721618658],[-71.7966530141252,42.2751291365005],[-71.7966575377151,42.2751771620964],[-71.7966575413125,42.2752782899612],[-71.7966480453709,42.2753791705123],[-71.7966290975548,42.2754793145188],[-71.7966007886954,42.27557823185],[-71.7965632572884,42.2756754422679],[-71.7965166867956,42.2757704718298],[-71.7964613038461,42.275862857385],[-71.796397377337,42.275952148373],[-71.7963631275563,42.2759928552861],[-71.7964103113867,42.276058753109],[-71.7964656997322,42.2761511359662],[-71.7965122765203,42.2762461637295],[-71.7965498133232,42.2763433732481],[-71.7965781284778,42.2764422905793],[-71.7965970834886,42.2765424327871],[-71.7966065857253,42.2766433133383],[-71.7966065884233,42.276744441203],[-71.7965970924818,42.2768453217542],[-71.7965781437663,42.2769454657607],[-71.7965498349069,42.2770443830918],[-71.7965123026007,42.2771415935098],[-71.7964657312085,42.2772366230718],[-71.7964103464603,42.2773290086269],[-71.7963464181526,42.2774182996149],[-71.7962742592496,42.2775040607638],[-71.7961942186882,42.2775858756877],[-71.7961066885728,42.2776633450874],[-71.7960120942827,42.2777360912477],[-71.7959108980695,42.2778037598357],[-71.7958035909629,42.2778660208003],[-71.7956906963685,42.2779225710698],[-71.7955727646713,42.2779731363512],[-71.7955213630204,42.2779917550155],[-71.7955140263512,42.278006724231],[-71.795458641603,42.2780991088868],[-71.7953952447947,42.2781876570348],[-71.7953930216706,42.27819542358],[-71.7953554893643,42.2782926339979],[-71.7953089161735,42.2783876635599],[-71.795253530526,42.2784800482157],[-71.7951896022183,42.2785693392037],[-71.7951174406173,42.278655101252],[-71.7950373991566,42.2787369161758],[-71.7949498681419,42.2788143855755],[-71.7948552720531,42.2788871308365],[-71.7948531676395,42.2788885382754],[-71.7947789582823,42.2789643915934],[-71.7946914254689,42.2790418609931],[-71.7945968293801,42.2791146062542],[-71.7944956304689,42.2791822748422],[-71.7944559721653,42.279205284896],[-71.7944545233575,42.2792103471798],[-71.7944169901519,42.2793075575977],[-71.7943943281357,42.2793537980394],[-71.7943880274855,42.2793870945388],[-71.7943597168274,42.27948601187],[-71.7943221836218,42.279583222288],[-71.794275610431,42.2796782518499],[-71.7942202229848,42.2797706365057],[-71.7941562928786,42.2798599274937],[-71.7940841303783,42.279945689542],[-71.7940040871189,42.2800275044658],[-71.7939165534062,42.2801049729662],[-71.7938219564181,42.2801777191265],[-71.7937207548089,42.2802453877145],[-71.7936134441051,42.2803076486791],[-71.7935005450141,42.280364199848],[-71.7933826097196,42.28041476423],[-71.7932602110898,42.2804590963103],[-71.7931339453752,42.2804969802515],[-71.7930044295108,42.2805282307933],[-71.7928722930218,42.2805526959502],[-71.7927381798231,42.2805702570118],[-71.7926027437216,42.2805808285424],[-71.7924666448197,42.2805843574822],[-71.7923751495935,42.2805819850706],[-71.7923344166,42.2805895267853],[-71.7922003034012,42.2806070878469],[-71.7920648672998,42.2806176593775],[-71.7919287683979,42.2806211883172],[-71.791792669496,42.2806176593775],[-71.7916572333946,42.2806070878469],[-71.7915231201958,42.2805895267853],[-71.7913909837069,42.2805650616284],[-71.7912614669431,42.2805338110866],[-71.7911417078235,42.2804978786742],[-71.7911271621887,42.2805355512747],[-71.7910805880986,42.2806305808367],[-71.7910252006524,42.2807229654925],[-71.7909612687475,42.2808122564805],[-71.7908891053479,42.2808980185288],[-71.7908090611892,42.2809798334526],[-71.7907215265772,42.2810573019529],[-71.7906269268912,42.2811300481133],[-71.7905257243826,42.2811977167013],[-71.7904184118802,42.2812599776659],[-71.7903055118898,42.2813165288348],[-71.7901875738974,42.2813670932168],[-71.7900651734689,42.2814114252971],[-71.7899389059557,42.2814493092383],[-71.7898093882926,42.2814805597801],[-71.7896772491058,42.281505024937],[-71.7895431350076,42.2815225859986],[-71.7894076962082,42.2815331566299],[-71.7892715955077,42.2815366864689],[-71.7891354948072,42.2815331566299],[-71.7890000560078,42.2815225859986],[-71.7888659419096,42.281505024937],[-71.7887338027228,42.2814805597801],[-71.7886042850596,42.2814493092383],[-71.7884780175464,42.2814114252971],[-71.788355617118,42.2813670932168],[-71.7882376791255,42.2813165288348],[-71.7881247791352,42.2812599776659],[-71.7880174666328,42.2811977167013],[-71.7879162641242,42.2811300481133],[-71.7878216644382,42.2810573019529],[-71.7877341298262,42.2809798334526],[-71.7876540856675,42.2808980185288],[-71.7875819222679,42.2808122564805],[-71.7875179903629,42.2807229654925],[-71.7874626029168,42.2806305808367],[-71.7874160288266,42.2805355512747],[-71.7873784947217,42.2804383408568],[-71.7873501840637,42.2803394235256],[-71.7873312344489,42.2802392795192],[-71.7873217376081,42.280138398968],[-71.7873217412053,42.2800372711033],[-71.7873312434421,42.279936390552],[-71.7873501993522,42.2798362483442],[-71.7873785163055,42.2797373310131],[-71.7874160549069,42.2796401223938],[-71.787462634393,42.2795450946305],[-71.7875180263358,42.279452710874],[-71.7875819609387,42.2793634216846],[-71.7876541270363,42.2792776623343],[-71.7876784554963,42.279252796979],[-71.7876047722424,42.2792547071391],[-71.7874686760385,42.2792511781994],[-71.7873752041024,42.2792438828989],[-71.7872798336973,42.2792414097633],[-71.7872668744666,42.279240398026],[-71.7872173218219,42.2792416831572],[-71.787081225618,42.2792381542175],[-71.7869457922145,42.2792275835862],[-71.786811682613,42.2792100225246],[-71.7867916682009,42.2792063164184],[-71.786664605687,42.2792162341419],[-71.7865285094831,42.2792197630816],[-71.7863924132792,42.2792162341419],[-71.786256980775,42.2792056635106],[-71.7862260593851,42.2792016147628],[-71.7861527925173,42.2791958959739],[-71.7860186820165,42.2791783349123],[-71.7858865482256,42.279153868856],[-71.7857570350591,42.2791226183142],[-71.7856537937875,42.2790916420657],[-71.7856327082828,42.2790877381087],[-71.7855031951163,42.2790564875669],[-71.7853769320997,42.279018604525],[-71.7852545370672,42.2789742715454],[-71.7851366035713,42.2789237071634],[-71.7850237071783,42.2788671568938],[-71.7849289689967,42.2788121885317],[-71.7848807842208,42.2788159494965],[-71.7847446889162,42.2788194793355],[-71.7846085936117,42.2788159494965],[-71.7844731611075,42.2788053788652],[-71.7843390524053,42.2787878178036],[-71.7842069195137,42.2787633526466],[-71.7840774063472,42.2787321012055],[-71.7839882313717,42.2787053454754],[-71.7839436366895,42.2786995061773],[-71.7838636258056,42.278697430542],[-71.7837281942008,42.2786868599107],[-71.7835940854986,42.2786692988491],[-71.783461952607,42.2786448336922],[-71.7833324403398,42.2786135822511],[-71.7832061791218,42.2785756992092],[-71.7830837840893,42.2785313671289],[-71.7829658514928,42.2784808018476],[-71.7828529559991,42.278424251578],[-71.7827456479932,42.2783619897141],[-71.7826444499813,42.2782943220254],[-71.7825498556912,42.2782215758651],[-71.7824623246765,42.2781441064654],[-71.782432889866,42.2781140196463],[-71.7823665225969,42.278075512475],[-71.7822653254843,42.2780078438869],[-71.7821707311942,42.2779350977266],[-71.7820832001795,42.2778576283269],[-71.7820031605174,42.2777758134031],[-71.7819310007151,42.2776900522542],[-71.7818670724074,42.2776007612662],[-71.7818116867599,42.277508375711],[-71.7817651153678,42.277413346149],[-71.7817275830615,42.2773161357312],[-71.7816992742021,42.2772172184],[-71.7816803245873,42.2771170743935],[-71.7816708286458,42.2770161938423],[-71.7816708322431,42.2769150659776],[-71.7816803344798,42.2768141854263],[-71.7816992894906,42.2767140432186],[-71.7817136696501,42.2766638061897],[-71.7817136705494,42.2766295303286],[-71.7817231727861,42.2765286497774],[-71.7817421268976,42.2764285075696],[-71.7817704420522,42.2763295902384],[-71.7817897145237,42.2762796787642],[-71.7817897181209,42.2761893778376],[-71.7817992203577,42.2760884972864],[-71.7818181744692,42.2759883541793],[-71.7818432232861,42.2759008465469],[-71.7818449131122,42.2758829113673],[-71.7818638672236,42.2757827682602],[-71.781892181479,42.2756838518284],[-71.7819297182818,42.2755866423097],[-71.7819762950699,42.2754916145464],[-71.7819833475534,42.2754798523134],[-71.7819767438316,42.2754720039299],[-71.7819128182219,42.2753827129419],[-71.7818574352724,42.2752903273868],[-71.7818108647796,42.2751952978248],[-71.7817733342719,42.2750980874069],[-71.7817450254125,42.2749991700757],[-71.781734158005,42.2749417339739],[-71.7817181114017,42.2749475462922],[-71.7815918573783,42.2749854293342],[-71.7814623523057,42.2750166807753],[-71.7813302266086,42.2750411459322],[-71.7811961260004,42.2750587069938],[-71.7810607015901,42.2750692776251],[-71.7809246143794,42.2750728074641],[-71.7807885271687,42.2750692776251],[-71.7806531027584,42.2750587069938],[-71.7805190021502,42.2750411459322],[-71.7803868764531,42.2750166807753],[-71.7802573713806,42.2749854293342],[-71.7801311173571,42.2749475462922],[-71.7800087295192,42.2749032133127],[-71.7798908041173,42.2748526489307],[-71.7798873381301,42.2748509132391],[-71.7798566793422,42.2748687027285],[-71.7798428594604,42.2748756257096],[-71.7798411336614,42.2748791474547],[-71.7797857507118,42.2749715330099],[-71.7797218251021,42.2750608239979],[-71.7796496679977,42.2751465860462],[-71.7795696319329,42.27522840097],[-71.7794821045155,42.2753058694703],[-71.7793875138227,42.2753786156306],[-71.7792863212067,42.2754462842187],[-71.7791790176975,42.2755085451832],[-71.7790661275997,42.2755650963522],[-71.7789482003991,42.2756156607342],[-71.7788258116618,42.2756599928145],[-71.7786995558398,42.2756978767557],[-71.7785700489686,42.2757291272974],[-71.7784379223722,42.2757535933537],[-71.7783038199653,42.2757711544153],[-71.7781683946557,42.2757817250466],[-71.7780323056464,42.2757852539863],[-71.777896216637,42.2757817250466],[-71.7777607913274,42.2757711544153],[-71.7776266889205,42.2757535933537],[-71.7774945623241,42.2757291272974],[-71.7773650554529,42.2756978767557],[-71.7772387996309,42.2756599928145],[-71.7771164108936,42.2756156607342],[-71.776998483693,42.2755650963522],[-71.7769259938395,42.2755287835266],[-71.7768849110098,42.2755255765442],[-71.7767508086029,42.2755080154826],[-71.7766186829058,42.2754835494263],[-71.7764891769339,42.2754522988845],[-71.7764413860611,42.2754379591945],[-71.7764067774508,42.2754863004525],[-71.7763346203464,42.2755720625007],[-71.776254582483,42.2756538765252],[-71.7761670550655,42.2757313459249],[-71.7760724634734,42.2758040920852],[-71.7759712699581,42.2758717606733],[-71.7758639664489,42.2759340216378],[-71.7757510754518,42.2759905728067],[-71.7756331473518,42.2760411371888],[-71.7755107577153,42.276085469269],[-71.7753845009939,42.2761233532102],[-71.7752549932233,42.276154603752],[-71.7751228666269,42.2761790698083],[-71.7749887624214,42.2761966299706],[-71.7748533362125,42.2762072015012],[-71.7747172463039,42.2762107304409],[-71.7745811563952,42.2762072015012],[-71.7744457301862,42.2761966299706],[-71.7743116259807,42.2761790698083],[-71.7741794993843,42.276154603752],[-71.7740499916138,42.2761233532102],[-71.7739237348924,42.276085469269],[-71.7738013452558,42.2760411371888],[-71.773683417156,42.2759905728067],[-71.7735705261588,42.2759340216378],[-71.7734685349449,42.2758748435492],[-71.7734693677171,42.2758777510574],[-71.7734883227279,42.2759778941646],[-71.7734978240653,42.2760787747157],[-71.7734978276626,42.2761799025805],[-71.7734883317211,42.2762807831317],[-71.7734693830056,42.2763809271381],[-71.7734410741462,42.2764798444693],[-71.7734035427393,42.2765770548872],[-71.7733569713471,42.2766720844492],[-71.7733015874982,42.2767644700044],[-71.7732692316897,42.2768096636351],[-71.7732723046731,42.2768176217359],[-71.7732792033725,42.2768417208688],[-71.7733779669196,42.2768655520037],[-71.7735042254396,42.2769034341462],[-71.7736266186735,42.2769477644279],[-71.7737445494714,42.2769983270112],[-71.7738574440658,42.2770548754822],[-71.7739647520716,42.2771171346481],[-71.7740659509828,42.2771848014375],[-71.7741605479709,42.2772575448998],[-71.7742480807843,42.2773350116015],[-71.774328124943,42.2774168238274],[-71.7744002892419,42.2775025840771],[-71.7744642220462,42.2775918732664],[-71.7745196121903,42.2776842561236],[-71.7745661898777,42.2777792838869],[-71.7746037284792,42.2778764934055],[-71.7746320436339,42.2779754107366],[-71.7746509986446,42.2780755529445],[-71.7746605008814,42.2781764334957],[-71.7746605044787,42.2782775613604],[-71.7746510085371,42.2783784419116],[-71.7746320589224,42.278478585918],[-71.7746037491636,42.2785775032492],[-71.7745662159581,42.2786747136672],[-71.7745196436666,42.2787697432291],[-71.7744642571197,42.278862127885],[-71.7744003279128,42.2789514188729],[-71.7743281663118,42.2790371809212],[-71.7742481248511,42.279118995845],[-71.7741605920377,42.2791964652448],[-71.7740659959489,42.2792692105057],[-71.7739647961384,42.2793368790938],[-71.7738574872332,42.2793991409577],[-71.7737445899409,42.2794556912272],[-71.7736266555457,42.2795062556092],[-71.7735042587145,42.2795505876895],[-71.7733779956979,42.2795884716307],[-71.7732534458898,42.2796185242755],[-71.7732374064811,42.2796375863056],[-71.773157364121,42.2797194012294],[-71.7730698313076,42.2797968697298],[-71.7729752334203,42.2798696158901],[-71.7728740336097,42.2799372844781],[-71.7727667229059,42.2799995454427],[-71.7726538247142,42.2800560966116],[-71.7725358894197,42.2801066609937],[-71.7724134907899,42.2801509930739],[-71.772287226874,42.2801888770151],[-71.7721577110095,42.2802201275569],[-71.7720255754199,42.2802445927138],[-71.7718914631205,42.2802621537754],[-71.771756027019,42.2802727253061],[-71.7716199290165,42.2802762542458],[-71.7714838310139,42.2802727253061],[-71.7713483949125,42.2802621537754],[-71.771214282613,42.2802445927138],[-71.7710821470234,42.2802201275569],[-71.7709526311589,42.2801888770151],[-71.770826367243,42.2801509930739],[-71.7707348342452,42.280117840466],[-71.7707323386265,42.2801243029942],[-71.7706857645364,42.2802193325562],[-71.7706303770902,42.280311717212],[-71.7705664460846,42.2804010082],[-71.770494282685,42.2804867702483],[-71.7704142394256,42.2805685851722],[-71.7703267048136,42.2806460536725],[-71.7702321069261,42.2807187998328],[-71.7701309044177,42.2807864684208],[-71.7700235928145,42.2808487293854],[-71.7699106928242,42.2809052805543],[-71.769792755731,42.2809558449363],[-71.7696703562019,42.2810001770166],[-71.7695440904873,42.2810380609578],[-71.7694145728242,42.2810693114996],[-71.769282435436,42.2810937766565],[-71.7691483213379,42.2811113377181],[-71.7690128834378,42.2811219083495],[-71.7688767836366,42.2811254381885],[-71.7687406838355,42.2811219083495],[-71.7686052459353,42.2811113377181],[-71.7684711318372,42.2810937766565],[-71.768338994449,42.2810693114996],[-71.7682094767859,42.2810380609578],[-71.7680832110713,42.2810001770166],[-71.7679608115422,42.2809558449363],[-71.7678428744491,42.2809052805543],[-71.7677299744587,42.2808487293854],[-71.7676226628556,42.2807864684208],[-71.7675214603471,42.2807187998328],[-71.7674268624597,42.2806460536725],[-71.7673393278477,42.2805685851722],[-71.7672592845882,42.2804867702483],[-71.7671871211887,42.2804010082],[-71.767123190183,42.280311717212],[-71.767107417873,42.2802854093442],[-71.7671106815127,42.2803200548267],[-71.7671106842106,42.2804211826915],[-71.7671011882692,42.2805220632427],[-71.767082237755,42.2806222072491],[-71.767053927097,42.2807211245803],[-71.7670163929921,42.2808183349982],[-71.766969818902,42.2809133645602],[-71.7669144305565,42.281005749216],[-71.7668504995509,42.281095040204],[-71.766778335252,42.2811808022523],[-71.7666982910932,42.2812626171761],[-71.7666692636756,42.2812883063103],[-71.7666697106386,42.2812930547307],[-71.7666697142359,42.2813941825955],[-71.7666602173951,42.2814950631467],[-71.7666412668809,42.2815952062538],[-71.7666129562229,42.2816941244843],[-71.7665754212186,42.2817913349022],[-71.7665288462292,42.2818863635649],[-71.7664734569844,42.28197874912],[-71.7664095250795,42.282068040108],[-71.7663373598812,42.2821538021563],[-71.7662573139239,42.2822356161808],[-71.7661697775132,42.2823130855805],[-71.7660751760285,42.2823858317408],[-71.7659739717214,42.2824535003288],[-71.7658666565209,42.2825157612934],[-71.765753754732,42.282572311563],[-71.7656358140416,42.2826228768443],[-71.7656194805546,42.2826287925848],[-71.7656655087562,42.2826518458061],[-71.7657728266546,42.2827141040727],[-71.765874034559,42.2827817708621],[-71.765968639641,42.2828545143244],[-71.7660561805483,42.2829319810261],[-71.7661362310022,42.283013793252],[-71.7662084015964,42.2830995535016],[-71.7662723406959,42.2831888417917],[-71.7663277353367,42.2832812255482],[-71.7663743175207,42.2833762533115],[-71.7664118588202,42.2834734619308],[-71.7664401766728,42.2835723792619],[-71.7664591334822,42.2836725214697],[-71.7664686366182,42.2837734020209],[-71.7664686402155,42.2838745298857],[-71.7664591424754,42.2839754104369],[-71.7664401919612,42.284075553544],[-71.7664118795046,42.2841744717745],[-71.7663743436011,42.2842716821924],[-71.7663277668129,42.2843667108551],[-71.7662723757695,42.2844590964102],[-71.7662084402673,42.2845483873982],[-71.7661362723711,42.2846341485472],[-71.7660562237157,42.284715963471],[-71.7660393092667,42.2847309317871],[-71.7660874679622,42.2847588692265],[-71.7661886785646,42.2848265351166],[-71.7662832872439,42.2848992785789],[-71.7663057352215,42.2849191428043],[-71.7663461264725,42.2849159906805],[-71.7664822352669,42.2849124617408],[-71.7666183440613,42.2849159906805],[-71.766753789156,42.2849265613118],[-71.766887911348,42.2849441214741],[-71.7670200577294,42.2849685857317],[-71.7671495834865,42.2849998344748],[-71.7672758590936,42.2850377166173],[-71.7673982676159,42.285082046899],[-71.7675162137023,42.2851326094824],[-71.7676291226858,42.2851891579533],[-71.7677364450809,42.2852514171192],[-71.7678376565826,42.2853190830093],[-71.7679322652618,42.2853918264717],[-71.7680198097664,42.2854692931734],[-71.7680998638176,42.2855511062986],[-71.7681720380091,42.2856368656489],[-71.7682359789073,42.2857261548382],[-71.7682569124265,42.2857610638221],[-71.7683728305416,42.2858107567611],[-71.7684857413238,42.285867305232],[-71.7685930646182,42.2859295643979],[-71.7686942770192,42.285997230288],[-71.7687888874971,42.2860699746496],[-71.768876432901,42.2861474413514],[-71.7689564878516,42.2862292535772],[-71.7690286620431,42.2863150129276],[-71.7690926038405,42.2864043021169],[-71.7691480011792,42.2864966849741],[-71.7691945860612,42.2865917127374],[-71.7692321291594,42.286688922256],[-71.7692604488106,42.2867878386879],[-71.7692794065193,42.2868879808956],[-71.7692889096554,42.2869888614468],[-71.7692889132527,42.2870899893116],[-71.7692794155126,42.2871908698628],[-71.7692604640991,42.2872910129699],[-71.7692321498438,42.2873899312004],[-71.7691946121416,42.287487140719],[-71.7691480326556,42.287582170281],[-71.7690926389141,42.2876745549368],[-71.7690287007139,42.2877638459248],[-71.7689565292204,42.2878496079731],[-71.7688764760685,42.2879314219976],[-71.7687889315639,42.2880088913973],[-71.7686943219853,42.2880816375576],[-71.768593108685,42.2881493052463],[-71.768485783592,42.2882115671102],[-71.7683728710111,42.2882681173797],[-71.7682549204282,42.2883186817618],[-71.7681325065099,42.2883630138421],[-71.7680560767265,42.2883859420576],[-71.7680516520621,42.2884329478223],[-71.7680326997493,42.2885330909294],[-71.768004385494,42.2886320082606],[-71.7679668459931,42.2887292186785],[-71.7679202656078,42.2888242482405],[-71.767864870967,42.2889166328964],[-71.7678009318675,42.2890059238844],[-71.7677287585753,42.2890916850333],[-71.767648704524,42.2891734999571],[-71.7675611582208,42.2892509693568],[-71.7674665468437,42.2893237146178],[-71.7673653308453,42.2893913832058],[-71.7672580039537,42.2894536441704],[-71.7671450895742,42.2895101953393],[-71.7670271362933,42.2895607597213],[-71.766904719677,42.2896050918016],[-71.7667784368753,42.2896429748434],[-71.7666489012258,42.2896742262845],[-71.7665167458511,42.2896986914415],[-71.7664021848129,42.2897136903346],[-71.766441355684,42.2897602320491],[-71.7665053010787,42.2898495203391],[-71.7665607020148,42.2899419040957],[-71.7666072886954,42.290036931859],[-71.7666448344915,42.2901341404783],[-71.766673155042,42.2902330569101],[-71.7666921136501,42.2903332000172],[-71.7667016185848,42.2904340805684],[-71.7667016212828,42.2905352075339],[-71.7666921235426,42.290636088085],[-71.7666731703305,42.2907362311922],[-71.7666448551759,42.2908351485233],[-71.7666073147757,42.2909323589413],[-71.766560733491,42.2910273876039],[-71.7665053361523,42.291119773159],[-71.7664413943548,42.291209064147],[-71.766369219264,42.291294825296],[-71.7662891616155,42.2913766402198],[-71.7662016126143,42.2914541087202],[-71.7661069976398,42.2915268548805],[-71.7660057789435,42.2915945234685],[-71.7658984484546,42.2916567844331],[-71.7657855295785,42.2917133347027],[-71.7656675727003,42.2917638990847],[-71.7655451515874,42.291808231165],[-71.7654188633898,42.2918461151062],[-71.7652893241429,42.291877365648],[-71.7652032940967,42.2918932908428],[-71.765152970733,42.2919772155761],[-71.7650890280362,42.2920665065641],[-71.7650168511467,42.292152267713],[-71.7649367925989,42.2922340826369],[-71.7648492426983,42.2923115511372],[-71.7647546268245,42.2923842972975],[-71.7646534063296,42.2924519649862],[-71.764546074042,42.2925142268501],[-71.7644331533673,42.2925707771197],[-71.7643151946904,42.2926213415018],[-71.7641927726783,42.292665673582],[-71.7640664835813,42.2927035575232],[-71.7639369416365,42.292734808065],[-71.7638047799666,42.2927592732219],[-71.7636706406875,42.2927768342835],[-71.7635351785057,42.2927874049149],[-71.7633990535235,42.2927909347539],[-71.7632629285413,42.2927874049149],[-71.7631274663594,42.2927768342835],[-71.7629933270803,42.2927592732219],[-71.7628611654104,42.292734808065],[-71.7627316234656,42.2927035575232],[-71.7626053343686,42.292665673582],[-71.7624829123565,42.2926213415018],[-71.7623649536797,42.2925707771197],[-71.7622520330049,42.2925142268501],[-71.7621447007173,42.2924519649862],[-71.7620434802224,42.2923842972975],[-71.7619488643486,42.2923115511372],[-71.7618613144481,42.2922340826369],[-71.7617812559002,42.292152267713],[-71.7617090790108,42.2920665065641],[-71.761645136314,42.2919772155761],[-71.7615897389753,42.2918848300209],[-71.7615431567912,42.2917898013583],[-71.761505616391,42.2916925909404],[-71.7614773003371,42.2915936736092],[-71.761458347125,42.2914935305021],[-71.7614488493849,42.2913926499509],[-71.7614488520828,42.2912915229854],[-71.7614583561182,42.2911906424342],[-71.7614773156256,42.2910904993271],[-71.7615056370755,42.2909915828953],[-71.7615431828715,42.290894374276],[-71.7615845444911,42.2908100061769],[-71.7615341860538,42.2908087003613],[-71.7613987283686,42.2907981288307],[-71.7612645935861,42.2907805686684]]],[[[-71.7640840509382,42.289123200875],[-71.7641175237047,42.2891151258624],[-71.7639918083752,42.2891249365666],[-71.7638556905876,42.2891284664056],[-71.7637195728,42.2891249365666],[-71.7635925975203,42.2891150278363],[-71.7636109436901,42.2892119369814],[-71.7636197021874,42.2893049016999],[-71.76371739734,42.2892559758826],[-71.7638353515202,42.2892054132992],[-71.7639577681364,42.2891610830176],[-71.7640840509382,42.289123200875]]],[[[-71.7679608484144,42.2783973546542],[-71.7680832443462,42.2783530243726],[-71.7682095055642,42.2783151422301],[-71.7683390178314,42.2782838925876],[-71.768471150723,42.27825942833],[-71.7686052585258,42.2782418681678],[-71.7687406892314,42.2782312975364],[-71.7688767836366,42.2782277685967],[-71.7690128780418,42.2782312975364],[-71.7691483087474,42.2782418681678],[-71.7692824165503,42.27825942833],[-71.7694145494419,42.2782838925876],[-71.769544061709,42.2783151422301],[-71.769670322927,42.2783530243726],[-71.7697619125822,42.2783861967656],[-71.769764425288,42.2783796901706],[-71.7698110038747,42.2782846624073],[-71.7698663940188,42.2781922786508],[-71.7699148207124,42.2781246469349],[-71.76984191807,42.2780601241755],[-71.7697618775086,42.2779783092516],[-71.7696897177063,42.2778925481027],[-71.7696257884993,42.2778032562153],[-71.7695704037511,42.2777108715595],[-71.7695238314596,42.2776158419975],[-71.7694862991534,42.2775186315796],[-71.769457990294,42.2774197142485],[-71.7694390415785,42.277319570242],[-71.769429545637,42.2772186896908],[-71.7694295483349,42.2771175618261],[-71.7694390505717,42.2770166812749],[-71.7694580055825,42.2769165390671],[-71.7694863207371,42.2768176217359],[-71.76952385754,42.2767204122173],[-71.7695704352274,42.276625384454],[-71.7696258244722,42.2765330015968],[-71.7696581838781,42.2764878070667],[-71.7696551099953,42.2764798444693],[-71.7696268011359,42.2763809271381],[-71.7696078524204,42.2762807831317],[-71.7695983564789,42.2761799025805],[-71.7695983600762,42.2760787747157],[-71.7696078614136,42.2759778941646],[-71.7696268164244,42.2758777510574],[-71.7696551306797,42.2757788346255],[-71.7696926674826,42.275681625107],[-71.7697392442707,42.2755865973436],[-71.7697946326161,42.2754942135871],[-71.7698585627224,42.2754049252971],[-71.7699307252228,42.2753191650475],[-71.7700107657841,42.2752373528216],[-71.7700982967989,42.2751598852206],[-71.7701928901897,42.2750871417583],[-71.7702940855036,42.2750194758682],[-71.7704013899122,42.2749572167022],[-71.7705142809093,42.2749006682313],[-71.7706322081099,42.2748501056479],[-71.7707250127491,42.2748164907885],[-71.7706960644717,42.2748111308291],[-71.7705877600171,42.2747849956311],[-71.7705088966682,42.2748086585927],[-71.7703793915956,42.2748399100338],[-71.7702472667979,42.2748643751908],[-71.7701131661896,42.2748819362524],[-71.7699777426786,42.2748925068838],[-71.769841655468,42.2748960367228],[-71.7698145112307,42.2748953325536],[-71.7698222355077,42.2749773336371],[-71.7698222382057,42.2750784615018],[-71.7698127422642,42.275179342053],[-71.769793794448,42.2752794860595],[-71.7697654855887,42.2753784033907],[-71.769727955081,42.2754756138086],[-71.7696813845882,42.2755706433705],[-71.7696260016386,42.2756630289257],[-71.7695620751296,42.2757523199137],[-71.769489917126,42.275838081962],[-71.7694098792625,42.2759198959865],[-71.769322351845,42.2759973653862],[-71.7692277602529,42.2760701115465],[-71.7691265658383,42.2761377801345],[-71.7690192614297,42.2762000410991],[-71.7689063704326,42.276256592268],[-71.7688445555318,42.2762830970873],[-71.7688331134574,42.2762947927705],[-71.7687455851406,42.2763722621702],[-71.7686509935485,42.2764450083305],[-71.7685497982346,42.2765126769186],[-71.768442493826,42.2765749378831],[-71.7684126902934,42.2765898675284],[-71.7684266010068,42.2766258916716],[-71.7684549161614,42.2767248090028],[-71.7684738711722,42.2768249512106],[-71.7684833725096,42.2769258317618],[-71.7684833761069,42.2770269596265],[-71.7684738801654,42.2771278401777],[-71.7684549314499,42.2772279841842],[-71.7684266216912,42.2773269015153],[-71.7683890893849,42.2774241119333],[-71.7683425179928,42.2775191414952],[-71.7682871332445,42.2776115270504],[-71.7682232049369,42.2777008180384],[-71.7681510451346,42.2777865791873],[-71.7680710045732,42.2778683941111],[-71.7679834735584,42.2779458635109],[-71.7678888792683,42.2780186096712],[-71.7677876821558,42.2780862782592],[-71.7676803741499,42.2781485392238],[-71.7676660056816,42.2781557364981],[-71.7676698610752,42.278196671839],[-71.7676698637732,42.2782977997038],[-71.7676603678317,42.278398680255],[-71.7676414191162,42.2784988242614],[-71.7676218156942,42.278567321125],[-71.7676227069223,42.2785667248745],[-71.7677300176261,42.2785044657086],[-71.7678429140192,42.2784479172376],[-71.7679608484144,42.2783973546542]]],[[[-71.7852234205244,42.2714513311141],[-71.7853575148374,42.2714337709518],[-71.7854929311538,42.2714232003205],[-71.7856290102706,42.2714196713808],[-71.7857650893873,42.2714232003205],[-71.7859005057038,42.2714337709518],[-71.7860258729956,42.2714501880758],[-71.7860296762285,42.2714368996932],[-71.7860672103334,42.2713396901746],[-71.7861137835242,42.2712446624113],[-71.7861691673731,42.2711522786548],[-71.7862330938821,42.2710629894655],[-71.7863052509865,42.2709772292158],[-71.7863852870513,42.27089541699],[-71.7864728108715,42.2708179502882],[-71.786567397967,42.2707452059266],[-71.7866685869857,42.2706775400365],[-71.7867758841996,42.2706152808706],[-71.7868887671029,42.2705587323996],[-71.7870066862096,42.2705081698162],[-71.7871290668529,42.2704638395346],[-71.7871478428986,42.270458205282],[-71.7871682188382,42.2704297444372],[-71.7871684913327,42.2704283064213],[-71.7871740068749,42.2704090366478],[-71.7871745257837,42.2704035274009],[-71.7871796501207,42.2703764542101],[-71.787100030442,42.2703302515399],[-71.78699884592,42.2702625829519],[-71.7869042624217,42.2701898367916],[-71.7868167430982,42.2701123673919],[-71.7867367124293,42.2700305533674],[-71.7866645616202,42.2699447913191],[-71.7866006405071,42.2698554994318],[-71.7865452629535,42.269763114776],[-71.7864986960579,42.269668085214],[-71.7864851270869,42.2696329370105],[-71.786432111153,42.2697213808371],[-71.7863681909392,42.2698106727244],[-71.7862960401301,42.2698964347727],[-71.7862160103605,42.2699782487972],[-71.7861284901377,42.2700557181969],[-71.7860339075388,42.2701284643572],[-71.7859327230167,42.2701961329452],[-71.7858254285007,42.2702583948091],[-71.7857125482954,42.2703149450787],[-71.7855946309874,42.2703655103601],[-71.7854722512433,42.2704098424403],[-71.7853460062132,42.2704477263815],[-71.7852165110331,42.2704789769233],[-71.7850843952286,42.2705034420802],[-71.7850313424225,42.2705103902424],[-71.7849840623646,42.2705522401938],[-71.7848894788663,42.2706249863541],[-71.7847882934449,42.2706926549421],[-71.7846809980296,42.270754916806],[-71.784568116925,42.2708114670756],[-71.7844501987176,42.2708620314576],[-71.7843278180743,42.2709063644372],[-71.7842015721448,42.2709442474791],[-71.7840740959427,42.2709750114876],[-71.7840771320539,42.2709800755701],[-71.7841237043455,42.2710751033334],[-71.7841612384503,42.271172312852],[-71.7841895518063,42.2712712292839],[-71.7842085050185,42.271371372391],[-71.7842134153168,42.2714235042914],[-71.7842300527747,42.271421325234],[-71.7843654690911,42.2714107546027],[-71.7845015482079,42.271407225663],[-71.7846376273246,42.2714107546027],[-71.784773043641,42.271421325234],[-71.7848454489583,42.2714308067864],[-71.7848548522696,42.2714305630701],[-71.7849909313863,42.2714340920098],[-71.7851263477028,42.2714446626411],[-71.7852043027364,42.2714548708457],[-71.7852234205244,42.2714513311141]]],[[[-71.7969436867018,42.265615585391],[-71.7969642577942,42.265586850253],[-71.7969360460617,42.2656057189288],[-71.7969295160843,42.265609508672],[-71.7969436867018,42.265615585391]]],[[[-71.7976819257802,42.264795459443],[-71.7976052351934,42.2647364693126],[-71.7976031631554,42.2647474230552],[-71.797574859692,42.2648463412856],[-71.7975373354796,42.2649435517036],[-71.7974907721813,42.2650385812656],[-71.797435398225,42.2651309668207],[-71.797395747116,42.2651863596628],[-71.7974240128079,42.2651674568127],[-71.7975313010287,42.2651051976468],[-71.7976441740394,42.2650486482765],[-71.7977620823542,42.2649980856932],[-71.7977999249266,42.2649843773272],[-71.7978040465195,42.2649406082226],[-71.797815184623,42.2648817466953],[-71.7977831022084,42.264863128031],[-71.7976819257802,42.264795459443]]],[[[-71.7641574949724,42.2647569990363],[-71.7642754032872,42.2647064364529],[-71.7643977731387,42.2646621061713],[-71.764447092859,42.2646473060284],[-71.7644616861579,42.2646420189141],[-71.7645879203962,42.2646041367715],[-71.7647174047844,42.2645728871291],[-71.7648495079983,42.2645484228715],[-71.76490945141,42.2645405726893],[-71.76494201766,42.2645327126147],[-71.7650741217732,42.264508248357],[-71.7652082007978,42.2644906881948],[-71.7653436018257,42.2644801175634],[-71.7654796665533,42.2644765886237],[-71.7656157312809,42.2644801175634],[-71.7657479145346,42.2644904372839],[-71.765876849437,42.2644665593843],[-71.7660109284615,42.264448999222],[-71.7661463294895,42.2644384285907],[-71.7662823942171,42.2644348996509],[-71.7664184589447,42.2644384285907],[-71.7665538599726,42.264448999222],[-71.7666879389972,42.2644665593843],[-71.7668200422111,42.2644910236419],[-71.7669441828277,42.2645209836565],[-71.7669601134185,42.2645188972294],[-71.7670955144464,42.264508326598],[-71.767231579174,42.2645047976583],[-71.7673676439016,42.264508326598],[-71.7675030449295,42.2645188972294],[-71.7676371248534,42.2645364573917],[-71.7677692280674,42.2645609216493],[-71.7678987124556,42.2645921712917],[-71.7680249466939,42.2646300534342],[-71.768147315646,42.2646743837159],[-71.7681683148159,42.2646833886275],[-71.7682185689318,42.2646820855099],[-71.7683546336594,42.2646856144496],[-71.7684758721637,42.2646950789148],[-71.768510218172,42.2646959701429],[-71.7686456200992,42.2647065407743],[-71.7687797000231,42.2647241009366],[-71.7688259620485,42.2647326678784],[-71.768892847327,42.2646531660109],[-71.7689728743986,42.264571353785],[-71.7690603901249,42.264493886184],[-71.7691549682272,42.2644211427216],[-71.769256146454,42.2643534768316],[-71.7693634328761,42.2642912176656],[-71.7694763049874,42.2642346682953],[-71.7695942124029,42.2641841057119],[-71.7697165804558,42.2641397754303],[-71.7698428137948,42.2641018932878],[-71.7699722972836,42.2640706436454],[-71.770060896693,42.2640542355146],[-71.7700670858273,42.2639885166567],[-71.7700860372408,42.2638883735497],[-71.7701143461002,42.2637894562185],[-71.7701518757085,42.2636922466999],[-71.7701984435033,42.2635972189366],[-71.7702538210569,42.2635048351801],[-71.770317739472,42.2634155459907],[-71.7703686914619,42.2633549811475],[-71.7703686914619,42.2633466003654],[-71.7703781910007,42.2632457198142],[-71.7703971424141,42.2631455767071],[-71.7704093462143,42.2631029344529],[-71.7704031795631,42.2630703385254],[-71.7703936863196,42.2629694570749],[-71.7703936872189,42.262919038383],[-71.7703361512923,42.2629524293112],[-71.7702232836776,42.2630089804801],[-71.7701053798593,42.2630595448621],[-71.7699830154038,42.2631038778417],[-71.7698567847628,42.2631417617829],[-71.7697273039719,42.2631730123247],[-71.7695952034558,42.2631974774816],[-71.7694611271293,42.2632150385433],[-71.7693257287993,42.2632256091746],[-71.7691896667696,42.2632291390136],[-71.76905360474,42.2632256091746],[-71.76891820641,42.2632150385433],[-71.7687841300835,42.2631974774816],[-71.7686520295675,42.2631730123247],[-71.7685225487766,42.2631417617829],[-71.7683963181356,42.2631038778417],[-71.76827395368,42.2630595448621],[-71.7681560498618,42.2630089804801],[-71.768043182247,42.2629524293112],[-71.7679359003215,42.2628901683467],[-71.7678347274907,42.2628224997586],[-71.7677401556836,42.2627497535983],[-71.7676626790893,42.2626811659031],[-71.7676428805145,42.2626859440012],[-71.7675107817971,42.2627104091581],[-71.7673767063699,42.2627279702197],[-71.7672413080399,42.2627385417504],[-71.7671052478089,42.2627420706901],[-71.7669691875779,42.2627385417504],[-71.7668337892479,42.2627279702197],[-71.7666997138207,42.2627104091581],[-71.7665676151033,42.2626859440012],[-71.7664381352117,42.2626546934594],[-71.76631190547,42.2626168095182],[-71.7661895419138,42.2625724774379],[-71.7660716389949,42.2625219121566],[-71.7659587722795,42.2624653609877],[-71.7658514912533,42.2624031000231],[-71.7657503184224,42.2623354314351],[-71.7656557475147,42.2622626852748],[-71.765568238983,42.2621852158751],[-71.7654882182067,42.2621034009512],[-71.7654160763907,42.262017638903],[-71.765352164271,42.2619283470157],[-71.7653135626708,42.2618639420674],[-71.7652868006453,42.2618632477907],[-71.765151404114,42.26185267626],[-71.7650173313847,42.2618351160978],[-71.7648852335666,42.2618106500415],[-71.7647557554737,42.2617793994997],[-71.7646295275306,42.2617415155585],[-71.7645071657731,42.2616971834783],[-71.7643892646528,42.2616466181969],[-71.7643662698874,42.2616350969822],[-71.7642337448914,42.2616454436823],[-71.764097686459,42.261648972622],[-71.7639616280267,42.2616454436823],[-71.7638262323946,42.261634873051],[-71.7636921596654,42.2616173119894],[-71.7635914814617,42.2615986654461],[-71.7635795222771,42.2616618859873],[-71.763551219713,42.2617608042178],[-71.7635136972992,42.261858015535],[-71.763467136699,42.261953045097],[-71.7634117654406,42.2620454297528],[-71.7633478533207,42.2621347216402],[-71.7632757106055,42.2622204836884],[-71.7632332635043,42.2622638822724],[-71.7632339559822,42.2622712360288],[-71.7632339595795,42.2623723638935],[-71.7632308245429,42.2624056765808],[-71.7632322976324,42.2624213157911],[-71.763248713857,42.2625080697916],[-71.7632582142951,42.2626089503428],[-71.7632582169931,42.2627100782076],[-71.7632487237495,42.2628109596581],[-71.7632297786313,42.2629111027653],[-71.7632014760673,42.2630100209957],[-71.7631639527542,42.2631072314136],[-71.7631173912546,42.2632022609756],[-71.7630620181976,42.2632946465308],[-71.7629981051784,42.2633839384181],[-71.7629259615638,42.2634697004664],[-71.7629140023793,42.2634819276489],[-71.762945048775,42.2634952412125],[-71.7630579190877,42.2635517896834],[-71.7631652046105,42.2636140488493],[-71.7632663819379,42.2636817156387],[-71.7633609582416,42.263754459101],[-71.7634484730685,42.2638319267021],[-71.7635284992408,42.263913738928],[-71.7636006482513,42.2639994991776],[-71.7636645675657,42.264088788367],[-71.7637199460187,42.2641811721235],[-71.7637665138136,42.2642761998867],[-71.7638040434218,42.2643734094054],[-71.7638323531805,42.2644723267366],[-71.763851304594,42.2645724698436],[-71.7638608050321,42.2646733503948],[-71.7638608077301,42.2647744782596],[-71.7638513135872,42.2648753597101],[-71.7638393957715,42.2649383554208],[-71.7638393957715,42.2649413060964],[-71.7639373346402,42.2648758075725],[-71.7640446219617,42.2648135484066],[-71.7641574949724,42.2647569990363]]],[[[-71.7972325129701,42.2626304918038],[-71.7972230188272,42.2627313732543],[-71.7972040746083,42.2628315163614],[-71.7971757711449,42.2629304345919],[-71.7971382478318,42.2630276450099],[-71.7971221211889,42.2630605574988],[-71.7971286943338,42.2630835243852],[-71.7971476448479,42.2631836674923],[-71.797157145286,42.2632845480435],[-71.797157147984,42.2633695033999],[-71.7971818460653,42.2633055292268],[-71.7972284129609,42.2632105014635],[-71.7972837905145,42.263118117707],[-71.7973477089296,42.2630288285177],[-71.7974198561414,42.2629430682681],[-71.7974998823137,42.2628612560422],[-71.797587395342,42.2627837884411],[-71.797681969847,42.2627110449788],[-71.7977831462752,42.2626433781894],[-71.7978904291,42.2625811190235],[-71.7980032985134,42.2625245705525],[-71.7981212023316,42.2624740079692],[-71.7982435676865,42.2624296767882],[-71.7983697974282,42.2623917946457],[-71.7984992773198,42.2623605459025],[-71.7986313760371,42.2623360807456],[-71.798765450565,42.2623185205833],[-71.7987937980953,42.2623163073517],[-71.7987730039709,42.2623146840755],[-71.798638929443,42.2622971230139],[-71.7985068316249,42.262272657857],[-71.7983773526327,42.2622414073152],[-71.7982511237903,42.2622035233739],[-71.7981287602341,42.2621591912937],[-71.7980108582145,42.2621086260123],[-71.7978979923984,42.2620520757428],[-71.7977907122715,42.2619898138789],[-71.7977126493193,42.2619376019388],[-71.7976559137894,42.2619132689822],[-71.7975430479732,42.2618567187126],[-71.7974357678464,42.2617944568487],[-71.7973345968142,42.2617267882607],[-71.7972478392164,42.2616600513703],[-71.7972751471303,42.2617307884452],[-71.7973034559897,42.2618297057763],[-71.7973224065038,42.2619298488835],[-71.7973319060426,42.2620307294347],[-71.7973319096399,42.2621318572994],[-71.797322415497,42.26223273875],[-71.7973034712782,42.262332881857],[-71.797275168714,42.2624318000875],[-71.797237645401,42.2625290114048],[-71.7972325093727,42.2625394930033],[-71.7972325129701,42.2626304918038]]],[[[-71.7742823962156,42.2589382127284],[-71.7742626857743,42.2588979833553],[-71.7741725862958,42.2589050187516],[-71.774085770242,42.258907270654],[-71.7740474249487,42.2589122933677],[-71.7739120347126,42.2589228648983],[-71.7737759825755,42.2589263938381],[-71.7736399304384,42.2589228648983],[-71.7736245169579,42.2589216616054],[-71.7736171856845,42.2589218513624],[-71.7736084145966,42.258923000696],[-71.7734730243606,42.2589335722266],[-71.7733369722234,42.2589371011663],[-71.7732009200864,42.2589335722266],[-71.7731816107427,42.2589320640636],[-71.7731453320914,42.2589368160812],[-71.7731479931853,42.2589508832767],[-71.7731525563453,42.2589627030664],[-71.7731808634061,42.2590616203975],[-71.7731998130209,42.2591617635046],[-71.7732093125597,42.2592626440558],[-71.773209316157,42.2593637719206],[-71.7732035218251,42.2594253467024],[-71.773211276679,42.2594663288081],[-71.7732207762178,42.2595672093593],[-71.7732207789158,42.259668337224],[-71.7732112856722,42.2597692186745],[-71.7731923423527,42.259869362681],[-71.7731640406879,42.2599682800122],[-71.7731265191735,42.2600654913294],[-71.7730926237256,42.2601346716778],[-71.7730939906951,42.260135001729],[-71.7732202159402,42.2601728838715],[-71.7733425767984,42.2602172141531],[-71.7733655230005,42.260227054535],[-71.7734320809258,42.2602393815422],[-71.7734895961679,42.2602532634774],[-71.7735049898633,42.2602544649716],[-71.7736390598947,42.2602720251339],[-71.7737711550147,42.2602964893915],[-71.7738737550697,42.2603212522241],[-71.7738868941648,42.2603222783505],[-71.7740209650954,42.2603398385128],[-71.7741530593162,42.2603643027704],[-71.7742825356105,42.2603955524129],[-71.7744087608556,42.2604334345554],[-71.774423123928,42.2604386380328],[-71.7744457328842,42.2604428252762],[-71.7745752082792,42.2604740749186],[-71.7746822159115,42.2605061888096],[-71.7746978605178,42.2605082383645],[-71.7748299556379,42.2605327026222],[-71.7749594319322,42.2605639522646],[-71.7749663216384,42.260566019806],[-71.7750527689701,42.260572769218],[-71.7750640068983,42.2605742414082],[-71.7749823214769,42.2605268327472],[-71.7748811522433,42.2604591641592],[-71.7747865840336,42.2603864179989],[-71.7746990773005,42.2603089485992],[-71.7746190601215,42.2602271336753],[-71.7745469201042,42.2601413716271],[-71.7744830088837,42.2600520806391],[-71.774427639424,42.2599596950839],[-71.7743810806223,42.2598646655219],[-71.7743435591079,42.2597674542047],[-71.7743152574432,42.2596685368735],[-71.7742963141235,42.2595683928671],[-71.77428682088,42.2594675114166],[-71.774286823578,42.2593663835518],[-71.7742963231168,42.2592655030006],[-71.7743152727316,42.2591653598935],[-71.7743435797923,42.2590664425623],[-71.7743505315518,42.259048435437],[-71.774337764776,42.2590305982835],[-71.7742823962156,42.2589382127284]]],[[[-71.7561329648644,42.2507985208351],[-71.7562402288034,42.2507362607699],[-71.7563530766332,42.250679712299],[-71.7563612262895,42.2506762166341],[-71.7564065773017,42.2506413274354],[-71.7565077330454,42.2505736615453],[-71.7566149960851,42.25051140148],[-71.7567278439148,42.2504548530091],[-71.75684572525,42.2504042904257],[-71.7569680672225,42.2503599592448],[-71.7569963230218,42.2503514777385],[-71.7570109936624,42.2503416643364],[-71.7571182567021,42.2502794042712],[-71.7572311036325,42.2502228558002],[-71.7573340481278,42.2501786999871],[-71.7573651961468,42.2501416677039],[-71.757445205232,42.2500598545787],[-71.7575327011732,42.249982387877],[-71.7576272567924,42.2499096435153],[-71.7577284116368,42.2498419767259],[-71.7578356737773,42.24977971756],[-71.7579485198083,42.249723169089],[-71.7580664002442,42.2496726056063],[-71.758188740418,42.2496282753247],[-71.7583149449787,42.2495903931821],[-71.7584443987899,42.2495591435397],[-71.7584860832661,42.2495514219606],[-71.7585192502631,42.2494654944371],[-71.7585244177676,42.2494549471881],[-71.7585129334251,42.2494482805138],[-71.758411782178,42.2493806110264],[-71.758317230156,42.2493078648661],[-71.7582297396108,42.2492303954664],[-71.7581497350222,42.2491485805426],[-71.7580776075955,42.2490628184943],[-71.7580137089654,42.248973526607],[-71.7579694749113,42.2488997084548],[-71.7579081312552,42.2488369762455],[-71.7578360047278,42.2487512141972],[-71.7578190776882,42.2487275602288],[-71.7577872192048,42.248694980489],[-71.7577655653286,42.2487141549344],[-71.7576710142059,42.248786901994],[-71.7575698638581,42.248854570582],[-71.757462605315,42.2489168324459],[-71.7573497628812,42.2489733827155],[-71.7572318860427,42.2490239479969],[-71.7571095476674,42.2490682800771],[-71.7569833449054,42.2491061640183],[-71.7568538928928,42.2491374154594],[-71.7567218220544,42.2491618806163],[-71.7565877754055,42.2491794416779],[-71.7564524067531,42.2491900123093],[-71.7563163753005,42.2491935421483],[-71.7561803438477,42.2491900123093],[-71.7560449751954,42.2491794416779],[-71.7559109285465,42.2491618806163],[-71.7557788577081,42.2491374154594],[-71.7556494056955,42.2491061640183],[-71.7555232029334,42.2490682800771],[-71.7554008645582,42.2490239479969],[-71.7552829877197,42.2489733827155],[-71.7551701452859,42.2489168324459],[-71.7550628867428,42.248854570582],[-71.754961736395,42.248786901994],[-71.7548671852724,42.2487141549344],[-71.7547796956264,42.2486366855347],[-71.7546996919372,42.2485548706109],[-71.7546275654097,42.2484691085626],[-71.7545636667797,42.2483798166753],[-71.7545083072126,42.2482874311201],[-71.7544765215742,42.2482225423365],[-71.7544718450995,42.2482281028447],[-71.7543918423096,42.2483099177686],[-71.7543043526637,42.2483873871682],[-71.7542098015411,42.2484601342279],[-71.7541086520926,42.2485278028159],[-71.7540013944488,42.2485900646798],[-71.753888552015,42.2486466149494],[-71.7538444780402,42.2486655213967],[-71.7537796872827,42.2487228909487],[-71.7536851361601,42.2487956380083],[-71.7535839858123,42.2488633065964],[-71.7534767281684,42.2489255684603],[-71.7533638848354,42.2489821187298],[-71.7532460079968,42.2490326840112],[-71.7531236696216,42.2490770160915],[-71.7529974668596,42.2491149000327],[-71.752868014847,42.2491461514738],[-71.7527359440086,42.2491706166307],[-71.7526018973596,42.2491881776923],[-71.7524665287073,42.2491987483236],[-71.7523304972546,42.2492022781627],[-71.7521944658019,42.2491987483236],[-71.7521835426363,42.2491978957663],[-71.7522258359535,42.2492160368906],[-71.7523386810852,42.2492725853616],[-71.752445941427,42.2493348445275],[-71.7525470962714,42.2494025113169],[-71.7526416509913,42.2494752556785],[-71.7527291460332,42.2495527223803],[-71.7528091551184,42.2496345355054],[-71.7528812870417,42.2497202957551],[-71.752945191967,42.2498095849444],[-71.7530005578295,42.2499019696003],[-71.7530471148324,42.2499969973636],[-71.7530846372462,42.2500942068822],[-71.7531129398103,42.2501931242133],[-71.7531318867271,42.2502932673205],[-71.7531413853666,42.250394148771],[-71.7531413880646,42.2504952766358],[-71.7531345469218,42.25056797783],[-71.7532101583221,42.2506261459799],[-71.7532976542633,42.2507036126816],[-71.7533776642478,42.2507854258068],[-71.7534497979698,42.2508711860564],[-71.7535137046937,42.2509604752458],[-71.7535690714554,42.2510528599016],[-71.7536156293578,42.251147887665],[-71.7536531517715,42.2512450971835],[-71.7536769307457,42.2513282017352],[-71.7536830407397,42.2513336111573],[-71.7537630516235,42.2514154233831],[-71.7538351862448,42.2515011836328],[-71.7538990929687,42.2515904737214],[-71.7539544606298,42.2516828574779],[-71.7540010185322,42.2517778852413],[-71.7540119300065,42.2518061536311],[-71.7540521674735,42.2518472967154],[-71.7540830241122,42.2518839818603],[-71.7540881061811,42.2518878912132],[-71.7541756039209,42.2519653588143],[-71.754255615704,42.2520471710401],[-71.7542929312737,42.2520915345967],[-71.7543812797722,42.252047262771],[-71.7544991647047,42.2519967001876],[-71.7545822413773,42.2519665980801],[-71.7546717509006,42.2519146451448],[-71.7547846005289,42.2518580957745],[-71.7548560264844,42.251827460369],[-71.7548809970604,42.251797772849],[-71.7549610079441,42.2517159606231],[-71.7550485065833,42.2516384930221],[-71.7551430649005,42.2515657486604],[-71.7552442224429,42.2514980827704],[-71.7553121086668,42.2514586798742],[-71.7553656677913,42.2513838463874],[-71.7554378024126,42.2512980861378],[-71.7555178132964,42.251216273912],[-71.7556053101369,42.2511388063109],[-71.7556998684541,42.2510660619492],[-71.7558010250972,42.2509983960592],[-71.7559082890363,42.2509361359939],[-71.7560017843549,42.2508892849126],[-71.7560318082213,42.2508661867252],[-71.7561329648644,42.2507985208351]]],[[[-71.7606114105881,42.2323843884288],[-71.7605239425259,42.2323069190291],[-71.7604439595211,42.232225103206],[-71.7603718518794,42.2321393411577],[-71.7603079694372,42.2320500492704],[-71.7602526242592,42.2319576637153],[-71.7602060861419,42.231862633254],[-71.7601685808153,42.2317654219367],[-71.760140291741,42.2316665037062],[-71.7601213565154,42.2315663596998],[-71.7601118677684,42.2314654773499],[-71.7601118704664,42.2313643494852],[-71.7601213664079,42.2312634680347],[-71.7601403070295,42.2311633240282],[-71.7601686023991,42.231064406697],[-71.7602061122222,42.2309671962791],[-71.7602153896285,42.2309482547582],[-71.7601950073936,42.2309663077489],[-71.7601004832507,42.2310390539093],[-71.7599993607818,42.2311067233966],[-71.7598921328157,42.2311689852605],[-71.7597793218582,42.2312255364294],[-71.7596614773952,42.2312761008114],[-71.7595391740936,42.231320433791],[-71.7594130064051,42.2313583177323],[-71.7592835912647,42.231389568274],[-71.7591515572985,42.2314140343303],[-71.7590175484211,42.2314315953919],[-71.7588822175402,42.2314421660232],[-71.7587462238591,42.2314456958622],[-71.758610230178,42.2314421660232],[-71.7585241812459,42.2314354444902],[-71.7585297606399,42.2314411515879],[-71.7586018727782,42.2315269118376],[-71.7586657588177,42.2316162019262],[-71.7587211093917,42.231708586582],[-71.7587676529048,42.2318036152447],[-71.7588051636274,42.2319008247633],[-71.7588334589969,42.2319997420945],[-71.7588524005178,42.2320998861009],[-71.7588593846529,42.2321740909616],[-71.7589796428962,42.2321583330407],[-71.7591149755756,42.2321477624093],[-71.7592509701561,42.2321442334696],[-71.7593869647366,42.2321477624093],[-71.759522297416,42.2321583330407],[-71.7596563080921,42.2321758932029],[-71.7597883438569,42.2322003574606],[-71.7599177625946,42.232231607103],[-71.7600439320818,42.2322694901449],[-71.7601662389807,42.2323138204265],[-71.7602840870409,42.2323643839093],[-71.7603969015957,42.2324209323802],[-71.7605041349578,42.2324831924454],[-71.7606052619233,42.2325508592348],[-71.7606087512928,42.2325535446104],[-71.760724289894,42.2325749520724],[-71.7608537086317,42.2326062017149],[-71.7609430625723,42.2326330302902],[-71.7609509541232,42.2326054444857],[-71.7609142914613,42.2325870659404],[-71.7608070616965,42.2325248040765],[-71.7607059365297,42.2324571354885],[-71.7606114105881,42.2323843884288]]],[[[-71.7868555254621,42.2193183866343],[-71.7868990274681,42.2193078807542],[-71.7868634907575,42.2193106569613],[-71.7867275231566,42.219314185901],[-71.7865915555558,42.2193106569613],[-71.7864562507554,42.2193000854306],[-71.7863222679583,42.2192825243691],[-71.7861902591731,42.2192580592121],[-71.7860608674151,42.219226807771],[-71.7859347249076,42.2191889238298],[-71.7858124449883,42.2191445908502],[-71.7856946230084,42.2190940255689],[-71.7855818336347,42.2190374744],[-71.7854746263529,42.2189752125361],[-71.7853735227698,42.218907543948],[-71.7852790166133,42.2188347968884],[-71.7851915674369,42.2187573265894],[-71.7851116024185,42.2186755116656],[-71.785109085216,42.2186725169232],[-71.7851035876604,42.2186741680784],[-71.7851217269861,42.2187700915665],[-71.7851312202296,42.2188709739164],[-71.7851312229275,42.2189389761528],[-71.7851337320361,42.2189477508381],[-71.7851526699597,42.2190478948445],[-71.7851621632032,42.219148776295],[-71.7851621641025,42.2191886810129],[-71.7851873703008,42.2192540176588],[-71.7852156602744,42.2193529358893],[-71.7852345972988,42.2194530798958],[-71.7852440914417,42.2195539613463],[-71.785244092341,42.2196016272134],[-71.7852706061535,42.2196557699978],[-71.7853081096815,42.2197529804158],[-71.7853363996551,42.2198518986462],[-71.7853553366794,42.2199520426527],[-71.7853648308222,42.2200529241032],[-71.7853648335202,42.220154051968],[-71.7853618055029,42.2201862467979],[-71.7854472213122,42.2201434246793],[-71.78556504599,42.2200928611966],[-71.7856873295066,42.220048530915],[-71.7857894709073,42.2200178568387],[-71.7858341321394,42.2199554250029],[-71.7859062307879,42.2198696638539],[-71.7859862021015,42.2197878507288],[-71.7860736557745,42.2197103831277],[-71.7861681664277,42.2196376387661],[-71.7862692727088,42.2195699719767],[-71.7863764835878,42.2195077119114],[-71.7864892756595,42.2194511634405],[-71.7866070994381,42.2194005999578],[-71.7867293820553,42.2193562687768],[-71.7868555254621,42.2193183866343]]],[[[-71.7603805833972,42.2927099265219],[-71.7605167083793,42.2927063975822],[-71.7606528333615,42.2927099265219],[-71.7607882955434,42.2927204971533],[-71.7609224348225,42.2927380573155],[-71.7610545964924,42.2927625215731],[-71.7611841393365,42.2927937703163],[-71.7613104293328,42.2928316524589],[-71.7614328531436,42.2928759827404],[-71.7615508145184,42.2929265453238],[-71.7616637369918,42.2929830937948],[-71.7617710728767,42.2930453529607],[-71.7618722969689,42.2931130188508],[-71.7619669173394,42.2931857623132],[-71.7620544726358,42.2932632290149],[-71.7621345365795,42.2933450412407],[-71.7622067188649,42.293430800591],[-71.762270667857,42.2935200897804],[-71.7623260723903,42.2936124726376],[-71.7623726617689,42.2937075004009],[-71.7624102093636,42.2938047090202],[-71.7624385317128,42.293903625452],[-71.7624574921196,42.2940037685592],[-71.7624669970542,42.2941046491103],[-71.7624669997522,42.2942057760758],[-71.7624575011127,42.2943066566269],[-71.7624385470013,42.2944067997341],[-71.762410230048,42.2945057170652],[-71.7623726878492,42.2946029274832],[-71.7623261029672,42.2946979561458],[-71.7622707029306,42.2947903408016],[-71.7622067575358,42.2948796317896],[-71.7621345779484,42.2949653938379],[-71.7620545158032,42.2950472078624],[-71.7619669614061,42.2951246772621],[-71.761872341935,42.2951974225231],[-71.7617711169435,42.2952650911111],[-71.7616637801593,42.2953273520757],[-71.7615508549879,42.2953839023453],[-71.7614328909152,42.2954344667273],[-71.7613104626077,42.2954787988076],[-71.7611841681148,42.2955166827488],[-71.7610546207741,42.2955479332905],[-71.7609224528089,42.2955723984475],[-71.7607883081339,42.2955899595091],[-71.7606528396568,42.2956005301404],[-71.7605167083793,42.2956040599794],[-71.7603805771019,42.2956005301404],[-71.7602451086248,42.2955899595091],[-71.7601109639498,42.2955723984475],[-71.7599787959846,42.2955479332905],[-71.7598492486439,42.2955166827488],[-71.759722954151,42.2954787988076],[-71.7596005258436,42.2954344667273],[-71.7594825617708,42.2953839023453],[-71.7593696365994,42.2953273520757],[-71.7592622998152,42.2952650911111],[-71.7591610748237,42.2951974225231],[-71.7590664553526,42.2951246772621],[-71.7589789009555,42.2950472078624],[-71.7588988388103,42.2949653938379],[-71.7588266592229,42.2948796317896],[-71.7587627138282,42.2947903408016],[-71.7587073137914,42.2946979561458],[-71.7586607289095,42.2946029274832],[-71.7586231867107,42.2945057170652],[-71.7585948697574,42.2944067997341],[-71.758575915646,42.2943066566269],[-71.7585664170065,42.2942057760758],[-71.7585664197045,42.2941046491103],[-71.7585759246392,42.2940037685592],[-71.7585948850459,42.293903625452],[-71.7586232073951,42.2938047090202],[-71.7586607549898,42.2937075004009],[-71.7587073443684,42.2936124726376],[-71.7587627489017,42.2935200897804],[-71.7588266978938,42.293430800591],[-71.7588988801791,42.2933450412407],[-71.7589789441229,42.2932632290149],[-71.7590664994194,42.2931857623132],[-71.7591611197898,42.2931130188508],[-71.759262343882,42.2930453529607],[-71.7593696797668,42.2929830937948],[-71.7594826022403,42.2929265453238],[-71.7596005636151,42.2928759827404],[-71.7597229874259,42.2928316524589],[-71.7598492774222,42.2927937703163],[-71.7599788202663,42.2927625215731],[-71.7601109819362,42.2927380573155],[-71.7602451212153,42.2927204971533],[-71.7603805833972,42.2927099265219]]],[[[-71.7591535403036,42.2974104346439],[-71.7592896751783,42.2974069057042],[-71.7594258100531,42.2974104346439],[-71.7595612821274,42.2974210052752],[-71.7596954312991,42.2974385654375],[-71.7598276037609,42.2974630296951],[-71.7599571555982,42.2974942793376],[-71.7600834554871,42.2975321605808],[-71.7602058882911,42.2975764908624],[-71.7603238577598,42.2976270534458],[-71.7604367892264,42.2976836019167],[-71.7605441323058,42.2977458610827],[-71.7606453644919,42.2978135269727],[-71.7607399920569,42.2978862704351],[-71.7608275536487,42.2979637371368],[-71.7609076238877,42.2980455493626],[-71.760979811569,42.298131308713],[-71.7610437650577,42.298220597003],[-71.7610991731883,42.2983129807595],[-71.7611457661641,42.2984080076235],[-71.7611833164568,42.2985052162428],[-71.761211641504,42.298604133574],[-71.7612225592737,42.2986617954056],[-71.7612732819364,42.2986835347174],[-71.7613862152016,42.2987400831884],[-71.7614935600797,42.2988023423543],[-71.7615947931652,42.2988700082444],[-71.7616894225288,42.2989427517067],[-71.7617769859191,42.2990202184084],[-71.7618570570575,42.2991020306342],[-71.7619292456382,42.2991877899845],[-71.7619932009254,42.2992770782746],[-71.7620486099553,42.2993694620311],[-71.7620952038305,42.2994644888951],[-71.7621327550226,42.2995616984137],[-71.7621610800697,42.2996606148455],[-71.7621800413758,42.2997607570533],[-71.7621895472098,42.2998616376045],[-71.7621895508071,42.2999627636706],[-71.7621800512683,42.3000636451211],[-71.7621610953582,42.3001637882283],[-71.762132775707,42.3002627055595],[-71.7620952299109,42.300359915078],[-71.7620486414316,42.3004549437407],[-71.761993235999,42.3005473292958],[-71.761929284309,42.3006366193845],[-71.7618570984263,42.3007223814328],[-71.7617770290866,42.3008041954573],[-71.7616894665956,42.3008816639577],[-71.7615948381313,42.300954410118],[-71.7614936041465,42.301022078706],[-71.7613862574698,42.3010843396706],[-71.7612733215066,42.3011408899401],[-71.7611553466419,42.3011914543222],[-71.7610329084419,42.3012357864025],[-71.7609066013585,42.3012736694444],[-71.7607770423266,42.3013049199861],[-71.7606448626702,42.3013293860424],[-71.7605107054047,42.3013469462046],[-71.7603752252364,42.3013575177353],[-71.7602390813685,42.301361046675],[-71.7601029375005,42.3013575177353],[-71.7599674573323,42.3013469462046],[-71.7598333000667,42.3013293860424],[-71.7597011204103,42.3013049199861],[-71.7595715613784,42.3012736694444],[-71.759445254295,42.3012357864025],[-71.7593228160951,42.3011914543222],[-71.7592048412304,42.3011408899401],[-71.7590919052672,42.3010843396706],[-71.7589845585904,42.301022078706],[-71.7588833246057,42.300954410118],[-71.7587886961414,42.3008816639577],[-71.7587011336503,42.3008041954573],[-71.7586210643106,42.3007223814328],[-71.758548878428,42.3006366193845],[-71.7584849267379,42.3005473292958],[-71.7584295213053,42.3004549437407],[-71.7583829328261,42.300359915078],[-71.75834538703,42.3002627055595],[-71.7583170673787,42.3001637882283],[-71.758306155005,42.3001061407858],[-71.7582554521274,42.3000844086686],[-71.7581425179628,42.300027858399],[-71.7580351739841,42.2999655974344],[-71.7579339408986,42.2998979288464],[-71.7578393142329,42.2998251835854],[-71.7577517526412,42.2997477141857],[-71.7576716851001,42.2996659001612],[-71.7575995001168,42.299580138113],[-71.7575355502254,42.2994908480243],[-71.7574801456921,42.2993984633685],[-71.7574335572128,42.2993034338065],[-71.7573960123161,42.2992062242879],[-71.7573676935642,42.2991073069567],[-71.7573487376541,42.2990071638496],[-71.7573392390146,42.2989062832984],[-71.7573392417126,42.2988051563329],[-71.7573487475466,42.2987042757817],[-71.7573677088527,42.298604133574],[-71.7573960338998,42.2985052162428],[-71.7574335841925,42.2984080076235],[-71.7574801771684,42.2983129807595],[-71.757535585299,42.298220597003],[-71.7575995387876,42.298131308713],[-71.757671726469,42.2980455493626],[-71.757751796708,42.2979637371368],[-71.7578393582997,42.2978862704351],[-71.7579339858647,42.2978135269727],[-71.7580352180508,42.2977458610827],[-71.7581425611302,42.2976836019167],[-71.7582554925968,42.2976270534458],[-71.7583734620656,42.2975764908624],[-71.7584958948696,42.2975321605808],[-71.7586221947585,42.2974942793376],[-71.7587517465958,42.2974630296951],[-71.7588839190576,42.2974385654375],[-71.7590180682292,42.2974210052752],[-71.7591535403036,42.2974104346439]]]]},"properties":{"OBJECTID_1":4,"FullName_High":"North High School","Type":"High","FullName":"North High School","Total_Population":59772.734480935374,"Under_5_years":3531.8630589990066,"F5_to_9_years":3329.7443052570175,"F10_to_14_years":4018.416529122891,"F15_to_19_years":2881.5888107166788,"Prcntg___Under_5_years":0.059088196142766412,"Prcntg___5_to_9_years":0.055706742115320916,"Prcntg___10_to_14_years":0.0672282532164322,"Prcntg___15_to_19_years":0.048209084555697668,"Median_age__years_":35.216492399287269,"Hispanic_or_Latino":16253.183624378868,"White":35239.355225236752,"Black_or_African_American":8650.0633618230768,"American_Indian_and_Alaska_Nati":600.97810305650546,"Asian":3487.1747415832251,"Native_Hawaiian_and_Other_Pacif":64.5050387118371,"Some_Other_Race":4586.03203258524,"Two_or_More_Races":7144.625977938741,"Prcntg___Hispanic_or_Latino":0.27191634723626124,"Prcntg___White":0.58955568172100958,"Prcntg___Black_or_African_Ameri":0.14471587149124038,"Prcntg___American_Indian_and_Al":0.010054385302519304,"Prcntg___Asian":0.058340558983385075,"Prcntg___Native_Hawaiian_and_Ot":0.0010791716201709177,"Prcntg___Some_Other_Race":0.076724481026511568,"Prcntg___Two_or_More_Races":0.11952984985516318,"Pop_18_to_24_years":5805.91315837507,"Out_Of_18_to_24_years___Less_Th":814.85797920805135,"Out_Of_18_to_24_years___High_Sc":1773.5431691392394,"Out_Of_18_to_24_years___Bachelo":892.34863822377883,"Prcntg___Pop_18_to_24_years":0.0971331361831351,"Prcntg_Out_Of_18_to_24_years___":0.14034966713765137,"Prcntg_Out_Of_18_to_24_years__1":0.30547187337462856,"Prcntg_Out_Of_18_to_24_years__2":0.15369651833950695,"Pop_25_years_and_over":41195.531487156368,"Out_Of_25_years_and_over___Less":6339.8761328983364,"Out_Of_25_years_and_over___High":12284.425907483515,"Out_Of_25_years_and_over___Bach":12452.810192801933,"Prcntg___Pop_25_years_and_over":0.68920272503670987,"Prcntg_Out_Of_25_years_and_over":0.15389718020448251,"Prcntg_Out_Of_25_years_and_ov_1":0.29819801963990827,"Prcntg_Out_Of_25_years_and_ov_2":0.30228546017629065,"Pop_25_to_34_years":11611.93012161765,"Out_Of_25_to_34_years___High_Sc":10623.467108129546,"Out_Of_25_to_34_years___Bachelo":5237.6041520002209,"Prcntg___Pop_25_to_34_years":0.19426800902544114,"Prcntg_Out_Of_25_to_34_years___":0.914875218578184,"Prcntg_Out_Of_25_to_34_years__1":0.45105370917187143,"Total_Households":24587.31918300804,"Households_Median_Income":62808.800979151856,"Households_Mean_Income":78524.2759674036,"Year_Built":2011,"Square_Footage":190000,"Enrollment":1420,"Student___Teacher_Ratio__2023_":14.7,"F__Teachers_Licensed_2023_DESE":98.9,"F__Experienced_Teachers__2023_":98.9,"Graduation_Rate":"81.6","F__High_Needs":88.4,"F__First_Language_Not_English":66.1,"F__English_Language_Learner":37.5,"F__Students_with_Disabilities":19.2,"F__Econmically_Disadvantaged":80.2,"F__Multi_Racial_Non_White":3.9,"F__White":17.2,"F__Native_American":0.2,"F__Native_Hawaiian___Pacific_Is":0.1,"F__Hispanic":52.7,"F__Asian":4.6,"F__African_American":21.3,"ObjectID":35,"Shape__Area":49131459.30078125,"Shape__Length":82070.1701531574}},{"type":"Feature","id":5,"geometry":{"type":"MultiPolygon","coordinates":[[[[-71.7875554507235,42.2162340852349],[-71.787482053454,42.216169061553],[-71.7873935673592,42.2162070390237],[-71.7872712928358,42.2162513720033],[-71.7871451557243,42.2162892559444],[-71.7870157711609,42.2163205064862],[-71.786883768671,42.2163449725425],[-71.7867497912698,42.2163625336041],[-71.7866144927646,42.2163731051347],[-71.786478531459,42.2163766340744],[-71.7863425701535,42.2163731051347],[-71.7862072716482,42.2163625336041],[-71.7860732942471,42.2163449725425],[-71.7859412917572,42.2163205064862],[-71.7858119071937,42.2162892559444],[-71.7856857700822,42.2162513720033],[-71.7855634955588,42.2162070390237],[-71.7854456789748,42.2161564737423],[-71.7853328949971,42.2160999225734],[-71.7852256922119,42.2160376607095],[-71.7851245940248,42.2159699912222],[-71.7850300923648,42.2158972450619],[-71.784942647685,42.2158197747628],[-71.7848626853646,42.2157379589397],[-71.7847905957094,42.2156521959921],[-71.7847267303543,42.2155629041048],[-71.7846713995654,42.2154705176503],[-71.7846248731394,42.2153754880883],[-71.7845873777053,42.2152782767711],[-71.7845590967249,42.2151793576413],[-71.7845401659958,42.2150792127355],[-71.7845306799469,42.2149783303857],[-71.7845306826449,42.2148772025209],[-71.7845401758884,42.2147763201711],[-71.7845591120134,42.2146761770639],[-71.784587399289,42.2145772588335],[-71.7846248992197,42.2144800484156],[-71.7846714310417,42.2143850197529],[-71.7847267654278,42.2142926350971],[-71.7847906343802,42.2142033450084],[-71.7848627267334,42.2141175838594],[-71.7849426908525,42.2140357707343],[-71.7850301364316,42.2139583031332],[-71.7851246380915,42.2138855587715],[-71.7852257362787,42.2138178919822],[-71.7853329372652,42.2137556319169],[-71.785445718545,42.2136990825467],[-71.785563532431,42.2136485199633],[-71.7856858033571,42.2136041887823],[-71.785811935972,42.2135663057405],[-71.7859413160389,42.213535056098],[-71.7860733131329,42.2135105918404],[-71.7862072842387,42.2134930316781],[-71.7863425764487,42.2134824610468],[-71.786478531459,42.2134789312078],[-71.7866144864693,42.2134824610468],[-71.7867497786793,42.2134930316781],[-71.7868837497852,42.2135105918404],[-71.7870157468791,42.213535056098],[-71.787145126946,42.2135663057405],[-71.787271259561,42.2136041887823],[-71.787393530487,42.2136485199633],[-71.787511344373,42.2136990825467],[-71.7876241256528,42.2137556319169],[-71.7877313266393,42.2138178919822],[-71.7878324248265,42.2138855587715],[-71.7879269264864,42.2139583031332],[-71.7880003597288,42.2140233573921],[-71.7880888934876,42.2139853610356],[-71.788211165313,42.2139410298547],[-71.7883372988272,42.2139031468128],[-71.7884666788941,42.2138718971703],[-71.7885986768874,42.2138474329127],[-71.7887326488926,42.2138298727505],[-71.7888679420019,42.2138193021191],[-71.7890038979115,42.2138157731794],[-71.7891398538212,42.2138193021191],[-71.7892751469304,42.2138298727505],[-71.7892903301845,42.2138318629501],[-71.7892683228748,42.2137869121364],[-71.78923082834,42.2136897008191],[-71.7892025473597,42.2135907816893],[-71.7891836175299,42.2134906367835],[-71.7891741314809,42.2133897544336],[-71.7891741341789,42.2132886265689],[-71.7891836274224,42.213187744219],[-71.7892025626481,42.2130876002126],[-71.7892308490244,42.2129886828815],[-71.7892683489551,42.2128914724635],[-71.7893148789784,42.2127964438009],[-71.7893702124653,42.212704059145],[-71.789434079619,42.2126147690564],[-71.7894665379503,42.212576155765],[-71.7894724105233,42.2125137419157],[-71.7894913466483,42.2124135979093],[-71.7895196330246,42.2123146805781],[-71.789557132056,42.2122174701601],[-71.78960366118,42.2121224414975],[-71.7896589946668,42.2120300568417],[-71.7897228609212,42.2119407667531],[-71.7897949505765,42.2118550056041],[-71.7898749119976,42.2117731924789],[-71.7899623539794,42.2116957248779],[-71.7900568529413,42.2116229796169],[-71.7901579475312,42.2115553128275],[-71.7902651440211,42.2114930527622],[-71.7903779217037,42.2114365042913],[-71.7904957310931,42.2113859408086],[-71.7906179975225,42.2113416096276],[-71.7907441256409,42.2113037274851],[-71.7908735012111,42.2112724778426],[-71.7910054938084,42.2112480126857],[-71.7911394595184,42.2112304525234],[-71.7912747481311,42.2112198818921],[-71.7914106977454,42.2112163529524],[-71.7915466473598,42.2112198818921],[-71.7916819359725,42.2112304525234],[-71.7918159016825,42.2112480126857],[-71.7919478942799,42.2112724778426],[-71.7920772698501,42.2113037274851],[-71.7922033979684,42.2113416096276],[-71.7923256643979,42.2113859408086],[-71.7924434737873,42.2114365042913],[-71.7925562514698,42.2114930527622],[-71.7926634479597,42.2115553128275],[-71.7927645425495,42.2116229796169],[-71.7928590415115,42.2116957248779],[-71.7929464834934,42.2117731924789],[-71.7930264449145,42.2118550056041],[-71.7930985345697,42.2119407667531],[-71.7931624008241,42.2120300568417],[-71.7932177343109,42.2121224414975],[-71.793264263435,42.2122174701601],[-71.7933017624663,42.2123146805781],[-71.7933300488426,42.2124135979093],[-71.7933489849676,42.2125137419157],[-71.7933584773118,42.2126146242655],[-71.7933584800098,42.2127157521303],[-71.7933489939609,42.2128166344801],[-71.7933300641311,42.2129167793859],[-71.7933017831508,42.2130156985157],[-71.7932642895153,42.213112909833],[-71.7932177648879,42.2132079402942],[-71.7931624358977,42.2133003258494],[-71.7930985732405,42.213389618636],[-71.7930661194059,42.2134282292295],[-71.7930602513295,42.2134906367835],[-71.7930413214997,42.2135907816893],[-71.7930130405194,42.2136897008191],[-71.7929755459846,42.2137869121364],[-71.7929290204579,42.2138819425977],[-71.7928736914677,42.2139743281528],[-71.7928098279112,42.2140636209394],[-71.7927377400546,42.2141493829877],[-71.7926577804322,42.2142311988108],[-71.792570337551,42.2143086691099],[-71.7924758376897,42.2143814161695],[-71.7923747422005,42.2144490847575],[-71.7922675421133,42.2145113466214],[-71.7921547608335,42.2145678986896],[-71.7920369478468,42.2146184630716],[-71.7919146760215,42.2146627960512],[-71.7917885425072,42.2147006799925],[-71.7916591606417,42.2147319314336],[-71.7915271608497,42.2147563974898],[-71.7913931870459,42.2147739585514],[-71.791257892138,42.2147845291827],[-71.7911219344297,42.2147880590218],[-71.7909859767214,42.2147845291827],[-71.7908506818135,42.2147739585514],[-71.7908355471228,42.214771974647],[-71.7908575400434,42.2148168894879],[-71.7908950399741,42.2149140999059],[-71.7909233281491,42.2150130181363],[-71.7909422642741,42.2151131612434],[-71.7909517566183,42.2152140435933],[-71.7909517602155,42.215315171458],[-71.7909422732673,42.2154160538079],[-71.7909233434375,42.2155161987137],[-71.7908950615578,42.2156151178435],[-71.7908575661237,42.2157123291607],[-71.7908110387984,42.2158073587226],[-71.7907557080095,42.2158997451771],[-71.7906918426544,42.2159890370644],[-71.7906197529991,42.216074800012],[-71.7905397906787,42.2161566158352],[-71.7904523450996,42.2162340852349],[-71.7903578425403,42.2163068322945],[-71.7902567434539,42.2163745017819],[-71.7901495406687,42.2164367636458],[-71.7900367557916,42.2164933148147],[-71.7899189392077,42.216543880096],[-71.789796663785,42.2165882130756],[-71.7896705257741,42.2166260970168],[-71.7895411403113,42.2166573475586],[-71.7894091369221,42.2166818136149],[-71.789275159521,42.2166993746765],[-71.7891398601164,42.2167099462071],[-71.7890038979115,42.2167134751468],[-71.7888679357066,42.2167099462071],[-71.7887326363021,42.2166993746765],[-71.7885986589009,42.2166818136149],[-71.7884666555117,42.2166573475586],[-71.7883372700489,42.2166260970168],[-71.7882111320381,42.2165882130756],[-71.7880888566154,42.216543880096],[-71.7879710400314,42.2164933148147],[-71.7878582551543,42.2164367636458],[-71.7877510523691,42.2163745017819],[-71.7876499532827,42.2163068322945],[-71.7875554507235,42.2162340852349]]],[[[-71.7779187491509,42.2169972903927],[-71.7780547113558,42.2169937605536],[-71.7781906735607,42.2169972903927],[-71.7783259738646,42.217007861024],[-71.778459952165,42.2170254211863],[-71.7785919573529,42.2170498854439],[-71.778721343715,42.2170811350863],[-71.7788474835245,42.2171190181282],[-71.7789697616452,42.2171633484098],[-71.7790875809271,42.2172139118926],[-71.7792003694015,42.2172704612628],[-71.7793075757839,42.2173327204288],[-71.779408679367,42.2174003881175],[-71.7795031864229,42.2174731324791],[-71.779590637398,42.2175506000802],[-71.7796706060136,42.2176324132054],[-71.7797427019641,42.217718173455],[-71.7798065745138,42.2178074635436],[-71.7798619124972,42.2178998481995],[-71.7799084461179,42.2179948768621],[-71.7799459487465,42.2180920872801],[-71.7799742378208,42.2181910055106],[-71.7799931748451,42.2182911486177],[-71.7800026680886,42.2183920309675],[-71.7800026716859,42.2184931588322],[-71.7799931838383,42.2185940411821],[-71.7799742531092,42.2186941860879],[-71.7799459694309,42.2187931043184],[-71.7799084721982,42.2188903156356],[-71.7798619430742,42.2189853460969],[-71.7798066095873,42.2190777325513],[-71.779742740635,42.2191670244387],[-71.7796706473824,42.2192527873863],[-71.7795906805654,42.2193346023101],[-71.779503231389,42.2194120726091],[-71.7794087243331,42.2194848196688],[-71.7793076198507,42.2195524882568],[-71.7792004116696,42.2196147501207],[-71.7790876213966,42.2196713012896],[-71.7789697985173,42.2197218665709],[-71.7788475167994,42.2197661995505],[-71.7787213724933,42.2198040834917],[-71.7785919807353,42.2198353349328],[-71.7784599701515,42.2198598000897],[-71.7783259864551,42.2198773611514],[-71.7781906798559,42.219887932682],[-71.7780547113558,42.2198914616217],[-71.7779187428557,42.219887932682],[-71.7777834362565,42.2198773611514],[-71.7776494525601,42.2198598000897],[-71.7775174419763,42.2198353349328],[-71.7773880502183,42.2198040834917],[-71.7772619059122,42.2197661995505],[-71.7771396241943,42.2197218665709],[-71.777021801315,42.2196713012896],[-71.776909011042,42.2196147501207],[-71.7768018028609,42.2195524882568],[-71.7767006983785,42.2194848196688],[-71.7766061913226,42.2194120726091],[-71.7765187421462,42.2193346023101],[-71.7764387753292,42.2192527873863],[-71.7763666820767,42.2191670244387],[-71.7763028131243,42.2190777325513],[-71.7762474796374,42.2189853460969],[-71.7762009505134,42.2188903156356],[-71.7761634532807,42.2187931043184],[-71.7761351696024,42.2186941860879],[-71.7761162388733,42.2185940411821],[-71.7761067510257,42.2184931588322],[-71.776106754623,42.2183920309675],[-71.7761162478665,42.2182911486177],[-71.7761351848908,42.2181910055106],[-71.7761634739651,42.2180920872801],[-71.7762009765938,42.2179948768621],[-71.7762475102144,42.2178998481995],[-71.7763028481979,42.2178074635436],[-71.7763667207475,42.217718173455],[-71.776438816698,42.2176324132054],[-71.7765187853137,42.2175506000802],[-71.7766062362887,42.2174731324791],[-71.7767007433446,42.2174003881175],[-71.7768018469276,42.2173327204288],[-71.7769090533101,42.2172704612628],[-71.7770218417845,42.2172139118926],[-71.7771396610665,42.2171633484098],[-71.7772619391871,42.2171190181282],[-71.7773880789966,42.2170811350863],[-71.7775174653587,42.2170498854439],[-71.7776494705466,42.2170254211863],[-71.7777834488471,42.217007861024],[-71.7779187491509,42.2169972903927]]],[[[-71.8660535732138,42.2447392746978],[-71.8661895947739,42.2447357448588],[-71.8663256163341,42.2447392746978],[-71.8664609759932,42.2447498444298],[-71.8665950136489,42.2447674054914],[-71.8667270754941,42.2447918697491],[-71.8668565194128,42.2448231193915],[-71.866982714081,42.244861001534],[-71.8671050452616,42.2449053318157],[-71.8672229167042,42.2449558952984],[-71.8673357546413,42.2450124437693],[-71.8674430086879,42.2450747029352],[-71.8675441563377,42.2451423697246],[-71.8676387047624,42.2452151140863],[-71.867726193509,42.245292580788],[-71.8678061971982,42.2453743939132],[-71.8678783246249,42.2454601541629],[-71.8679422250536,42.2455494442515],[-71.8679975873188,42.245641828008],[-71.8680441416238,42.2457368566706],[-71.8680816604402,42.2458340661893],[-71.8680842334006,42.245843060309],[-71.8680952123241,42.2458515067417],[-71.8681827019701,42.2459289743427],[-71.8682627065586,42.2460107865686],[-71.8683348348847,42.2460965468182],[-71.8683987362127,42.2461858369069],[-71.8684540984778,42.2462782206634],[-71.8685006527829,42.246373249326],[-71.8685381724986,42.2464704588447],[-71.8685664741634,42.2465693761758],[-71.868585420181,42.2466695192829],[-71.8685949179211,42.2467704007335],[-71.868594920619,42.2468715285982],[-71.8685854291742,42.2469724100487],[-71.8685664894519,42.2470725540552],[-71.868538193183,42.2471714722857],[-71.8685006797625,42.2472686836029],[-71.8684541299541,42.2473637131649],[-71.8683987712863,42.24745609872],[-71.8683348735555,42.2475453906073],[-71.8682627479274,42.2476311526556],[-71.8681827451375,42.2477129675794],[-71.8680952563909,42.2477904369791],[-71.8680007070669,42.2478631840387],[-71.8678995576184,42.2479308526268],[-71.8677923017732,42.2479931144907],[-71.8676794602388,42.2480496656596],[-71.867561585199,42.2481002300416],[-71.8674392486224,42.2481445621219],[-71.867313047659,42.2481824460631],[-71.867183597445,42.2482136975042],[-71.8670515284053,42.2482381626612],[-71.8669174844543,42.2482557237227],[-71.8667821176006,42.2482662952534],[-71.8666460879465,42.2482698241931],[-71.8665100582925,42.2482662952534],[-71.8663746914388,42.2482557237227],[-71.8662406474879,42.2482381626612],[-71.8661085784481,42.2482136975042],[-71.8659791282341,42.2481824460631],[-71.8658529272707,42.2481445621219],[-71.8657779193155,42.2481173810124],[-71.8656981863222,42.2481111541065],[-71.8655641423712,42.2480935930449],[-71.8654320733315,42.248069127888],[-71.8653026231175,42.2480378773462],[-71.8651764230535,42.247999993405],[-71.8650540873762,42.2479556604254],[-71.8649362114369,42.2479050960434],[-71.8648233708019,42.2478485448745],[-71.8647161149567,42.2477862830106],[-71.8646149655082,42.2477186144226],[-71.8645204161842,42.2476458682623],[-71.8644329274376,42.2475683979632],[-71.8643529255471,42.2474865830394],[-71.8642808008183,42.2474008209912],[-71.8642169030876,42.2473115291039],[-71.8641615444197,42.2472191435487],[-71.8641149946113,42.2471241139867],[-71.8640774802914,42.2470269026695],[-71.8640491849219,42.246927984439],[-71.8640302451996,42.2468278404326],[-71.8640207537547,42.246726958982],[-71.8640207564527,42.2466258311173],[-71.8640302541928,42.2465249496668],[-71.8640492002104,42.2464248065596],[-71.8640775018752,42.2463258892285],[-71.8641150206916,42.2462286797099],[-71.8641615749967,42.2461336510472],[-71.8642169381611,42.2460412672907],[-71.8642601703705,42.2459808580302],[-71.8642692274428,42.2459329835204],[-71.8642975291077,42.2458340661893],[-71.8643350479241,42.2457368566706],[-71.8643816022291,42.245641828008],[-71.8644369644943,42.2455494442515],[-71.8645008649229,42.2454601541629],[-71.8645729923497,42.2453743939132],[-71.8646529960389,42.245292580788],[-71.8647404847855,42.2452151140863],[-71.8648350332102,42.2451423697246],[-71.86493618086,42.2450747029352],[-71.8650434349066,42.2450124437693],[-71.8651562728437,42.2449558952984],[-71.8652741442863,42.2449053318157],[-71.8653964754669,42.244861001534],[-71.8655226701351,42.2448231193915],[-71.8656521140538,42.2447918697491],[-71.865784175899,42.2447674054914],[-71.8659182135547,42.2447498444298],[-71.8660535732138,42.2447392746978]]],[[[-71.8296220227381,42.2600087360144],[-71.8295414192011,42.2600024425587],[-71.8295296497735,42.2600027483282],[-71.8293935949384,42.2599992184892],[-71.8292582029037,42.2599886478579],[-71.8291241337717,42.2599710867963],[-71.8289920404503,42.2599466216393],[-71.8289696626198,42.2599412203111],[-71.8289442864496,42.2599445442054],[-71.8288088944149,42.2599551148367],[-71.8286728395798,42.2599586446757],[-71.8285367847448,42.2599551148367],[-71.828475338566,42.2599503178529],[-71.8284139040784,42.2599551139374],[-71.8282778492433,42.2599586437764],[-71.8281417944082,42.2599551139374],[-71.8280064023735,42.2599445433061],[-71.8279734584083,42.2599402283589],[-71.8279046989427,42.2599455964122],[-71.8277686441076,42.2599491262512],[-71.8276325892725,42.2599455964122],[-71.8274971972378,42.2599350257809],[-71.8273631281058,42.2599174647193],[-71.8272310347844,42.2598929995623],[-71.827101561188,42.2598617481212],[-71.8269753368423,42.25982386418],[-71.8268529777827,42.2597795320998],[-71.8268186632507,42.2597648155938],[-71.8268170093974,42.259764508925],[-71.8266875358011,42.2597332574839],[-71.8265613123547,42.259695374442],[-71.8264389541943,42.2596510414625],[-71.8263210566714,42.2596004770804],[-71.8262081953519,42.2595439259115],[-71.8261009188223,42.2594816649469],[-71.8259997513874,42.2594139954596],[-71.8259364346187,42.2593652881775],[-71.8258832100421,42.2593460040149],[-71.8257653134185,42.2592954396329],[-71.8256524529983,42.259238888464],[-71.825545177368,42.2591766274994],[-71.8254440099331,42.2591089580121],[-71.825349443522,42.2590362118518],[-71.8252619394869,42.2589587424521],[-71.8251819232071,42.2588769275283],[-71.8251817487387,42.2588767206842],[-71.8251665223171,42.2588650079138],[-71.8250937797541,42.2588285583913],[-71.8249865050232,42.2587662974267],[-71.8248853384875,42.2586986288387],[-71.8247907729757,42.2586258817791],[-71.8247608831082,42.2585994192279],[-71.8246618200869,42.2585810712595],[-71.8245323482892,42.2585498207177],[-71.8244061266414,42.2585119367765],[-71.8242837711791,42.2584676046962],[-71.8241658754548,42.2584170394149],[-71.8240530159339,42.258360488246],[-71.8239457421023,42.2582982272815],[-71.8239402688283,42.2582945661414],[-71.8238722800816,42.2583034712283],[-71.8237368916442,42.2583140427589],[-71.8236008404064,42.2583175716986],[-71.8234647891687,42.2583140427589],[-71.8233294007312,42.2583034712283],[-71.8232514447983,42.2582932603257],[-71.8231163216609,42.258303811172],[-71.8229802704231,42.2583073401117],[-71.8228442191854,42.258303811172],[-71.8227088307479,42.2582932396414],[-71.8225747652132,42.2582756794791],[-71.8224426754891,42.2582512134228],[-71.8223132045907,42.258219962881],[-71.8221869838422,42.2581820789399],[-71.8220646283798,42.2581377468596],[-71.8219467335549,42.2580871815782],[-71.8218338749334,42.2580306304093],[-71.821726602001,42.2579683694448],[-71.8216254363647,42.2579007008567],[-71.8215308717523,42.2578279546964],[-71.8214433695159,42.2577504852967],[-71.8213633541354,42.2576686694736],[-71.8213597811289,42.2576644219756],[-71.8212921314267,42.2576697036939],[-71.8211560819876,42.257673233533],[-71.8210200325484,42.2576697036939],[-71.8208846450103,42.2576591330626],[-71.8207505812742,42.257641572001],[-71.8206184924495,42.2576171059447],[-71.8204890224504,42.257585855403],[-71.8203628035005,42.2575479714618],[-71.8202404489375,42.2575036393815],[-71.8201225559112,42.2574530741002],[-71.820009698189,42.2573965238306],[-71.819902426156,42.2573342619667],[-71.8198012614191,42.2572665933786],[-71.8197066977059,42.2571938472183],[-71.8196191963688,42.2571163778186],[-71.8195391818877,42.2570345628948],[-71.8194670454677,42.2569487999472],[-71.8194031387438,42.2568595089592],[-71.8193477719821,42.2567671234041],[-71.819301214979,42.2566720938421],[-71.8192636952633,42.2565748834242],[-71.8192353953971,42.2564759651937],[-71.8192164529769,42.2563758211872],[-71.8192069597334,42.2562749397367],[-71.8192069633307,42.256173811872],[-71.8192164619701,42.2560729313208],[-71.8192354106856,42.2559727882137],[-71.8192637159477,42.2558738708825],[-71.8192730644004,42.2558496539384],[-71.8192605593273,42.2557835438755],[-71.8192510660838,42.255682662425],[-71.8192510696811,42.2555815345602],[-71.8192605683205,42.255480654009],[-71.819279517036,42.2553805100026],[-71.8193078222981,42.2552815935707],[-71.8193453474098,42.2551843840521],[-71.8193919080101,42.2550893553895],[-71.8194472783692,42.254996971633],[-71.8195111886903,42.2549076824436],[-71.819583326909,42.254821922194],[-71.8196633422894,42.2547401090688],[-71.8197508445258,42.2546626423671],[-71.8198454073396,42.2545898980055],[-71.8198617660076,42.2545789559541],[-71.8198652221023,42.2545606889247],[-71.8198935273643,42.2544617715935],[-71.8199310515767,42.2543645620749],[-71.819977612177,42.2542695343116],[-71.8200329816368,42.2541771505551],[-71.8200496685573,42.2541538374297],[-71.8200544025886,42.2541288155924],[-71.8200827078506,42.2540298982613],[-71.8201202311637,42.2539326887426],[-71.820166791764,42.2538376609793],[-71.8202221612237,42.2537452772228],[-71.8202860697463,42.2536559871342],[-71.8203003608729,42.253638997142],[-71.8203234599597,42.2536004566958],[-71.8203873684822,42.2535111666071],[-71.8204595058015,42.2534254072568],[-71.8205395193833,42.2533435941316],[-71.8206270189218,42.2532661265305],[-71.8207215799369,42.2531933830682],[-71.820729591997,42.2531880240082],[-71.8207340967012,42.2531840355149],[-71.8208286577163,42.2531112920526],[-71.8209298179567,42.2530436252632],[-71.8210370854931,42.2529813660972],[-71.8210756466237,42.2529620432637],[-71.8211511105353,42.2529115652166],[-71.8212583771723,42.2528493060507],[-71.8213614673578,42.2527976489924],[-71.8213765606797,42.2527842859661],[-71.8214711198962,42.2527115425037],[-71.8215722801366,42.2526438757143],[-71.8216795467736,42.2525816165484],[-71.8217923973012,42.2525250671782],[-71.821910283133,42.2524745045948],[-71.8220326287028,42.2524301743131],[-71.8221588386594,42.2523922921706],[-71.8222790492387,42.2523632746455],[-71.8222834999835,42.2523397501794],[-71.8223118043463,42.2522408328482],[-71.8223493276593,42.2521436233296],[-71.8223958864609,42.2520485955663],[-71.822451254122,42.2519562118098],[-71.822515160846,42.2518669217211],[-71.8225872954673,42.2517811614715],[-71.8226673072504,42.2516993492456],[-71.8227548049902,42.2516218816445],[-71.8228493633075,42.2515491372829],[-71.8229505208498,42.2514814713928],[-71.8230577856882,42.2514192122269],[-71.8231706344172,42.2513626628566],[-71.8232885184503,42.2513121002733],[-71.8233889925079,42.2512756939182],[-71.823410975536,42.251218742551],[-71.8234575334384,42.2511237147876],[-71.8235129002002,42.2510313301318],[-71.8235768069241,42.2509420409425],[-71.8236489406461,42.2508562806929],[-71.8237289506305,42.2507744675677],[-71.823816447471,42.250697000866],[-71.8239110039896,42.2506242565043],[-71.8239117819032,42.2506237366961],[-71.8238837788133,42.2506185494066],[-71.823796475327,42.2506253662677],[-71.8236686546846,42.2506286829674],[-71.8236535946376,42.2506677054503],[-71.8236070430306,42.2507627350122],[-71.8235516807654,42.2508551205674],[-71.8234877803367,42.2509444115554],[-71.823415650212,42.251030174503],[-71.8233356438249,42.2511119894268],[-71.8232481505817,42.2511894588265],[-71.8231535958617,42.2512622049868],[-71.8230524410173,42.2513298735748],[-71.8229451788769,42.2513921354388],[-71.8228323319465,42.2514486866076],[-71.8227144497121,42.2514992509897],[-71.8225921068402,42.2515435839693],[-71.8224658995816,42.2515814679104],[-71.8223364430723,42.2516127184522],[-71.8222302295414,42.2516323929207],[-71.8221937287576,42.2516568104135],[-71.8221428469148,42.2516863459481],[-71.8220694613365,42.2517513228653],[-71.8219749057173,42.2518240690256],[-71.8218737508728,42.2518917376137],[-71.8217664878331,42.2519539994776],[-71.8216536391041,42.2520105506464],[-71.8215357559703,42.2520611150285],[-71.8214134121991,42.2521054471088],[-71.8212872040412,42.2521433310499],[-71.8211577457333,42.252174582491],[-71.8210256685997,42.252199047648],[-71.8208916156555,42.2522166087096],[-71.8207562398086,42.2522271802403],[-71.8206202020606,42.2522307091799],[-71.8204841643127,42.2522271802403],[-71.8203487884658,42.2522166087096],[-71.8202147355216,42.252199047648],[-71.8200826583879,42.252174582491],[-71.8199532000801,42.2521433310499],[-71.8198269919221,42.2521054471088],[-71.8197046481509,42.2520611150285],[-71.8195867650172,42.2520105506464],[-71.8194739162882,42.2519539994776],[-71.8193666532484,42.2518917376137],[-71.819265498404,42.2518240690256],[-71.8191709427848,42.2517513228653],[-71.8190834486422,42.2516738534656],[-71.8190034413557,42.2515920376425],[-71.818931311231,42.2515062755942],[-71.8188674090037,42.2514169846062],[-71.8188120476378,42.251324599051],[-71.8187654942321,42.2512295694891],[-71.8187504314872,42.2511905389123],[-71.8186996746502,42.2511811373996],[-71.8186196907461,42.2512426735106],[-71.8186108279273,42.2512486027409],[-71.8185822600632,42.2512738970727],[-71.8184877053433,42.251346643233],[-71.8183865504989,42.2514143118211],[-71.8183497358516,42.2514356815116],[-71.8183282546452,42.2514656972842],[-71.8182561245205,42.2515514593324],[-71.818176117234,42.2516332751556],[-71.8180886230915,42.2517107445553],[-71.8179940683715,42.2517834907156],[-71.8178929126278,42.2518511593036],[-71.8177919106681,42.2519097870071],[-71.8177430639911,42.2519678652248],[-71.8176630567046,42.252049681048],[-71.8175755616628,42.2521271504477],[-71.8174810051443,42.252199896608],[-71.8173798494005,42.252267565196],[-71.8172725854614,42.2523298270599],[-71.8171597367324,42.2523863782288],[-71.8170418526993,42.2524369426109],[-71.8169195089282,42.2524812746911],[-71.8167932989715,42.2525191586323],[-71.8166638397644,42.2525504100734],[-71.8165317617314,42.2525748752304],[-71.8163977078879,42.2525924362919],[-71.8162623320409,42.2526030069233],[-71.8161262933937,42.2526065367623],[-71.8159902547464,42.2526030069233],[-71.8158548788995,42.2525924362919],[-71.815720825056,42.2525748752304],[-71.815588747023,42.2525504100734],[-71.8154592878158,42.2525191586323],[-71.8153330778592,42.2524812746911],[-71.8152107340881,42.2524369426109],[-71.815092850055,42.2523863782288],[-71.814980001326,42.2523298270599],[-71.8148727373869,42.252267565196],[-71.8147715816431,42.252199896608],[-71.8146814362992,42.2521305444891],[-71.8146689851855,42.2521628076675],[-71.8146224317798,42.2522578381288],[-71.8145670686153,42.2523502236839],[-71.814503166388,42.2524395146719],[-71.814431035364,42.2525252767202],[-71.8143510271781,42.2526070925433],[-71.8142635312369,42.252684561943],[-71.8141689747184,42.2527573081034],[-71.814122522936,42.2527883814787],[-71.8140627144227,42.252841337158],[-71.8139681570048,42.2529140833183],[-71.8138670003617,42.2529817519063],[-71.8137597355233,42.2530440137702],[-71.8136468849957,42.2531005640399],[-71.8135290000633,42.2531511293212],[-71.8135184977804,42.2531549352521],[-71.813453383267,42.2531927301604],[-71.8134380093566,42.2532004346524],[-71.8134367170308,42.2532014284032],[-71.8133355594885,42.2532690969913],[-71.8133203690398,42.2532779139446],[-71.8132867766633,42.2533003853046],[-71.8132739298479,42.253307842483],[-71.8132411783376,42.2533297508674],[-71.8132404067193,42.2533301987297],[-71.8131947526357,42.2533607388071],[-71.813087486898,42.2534229997717],[-71.8129746363703,42.2534795509406],[-71.8128567505386,42.253530116222],[-71.8127344040694,42.2535744483022],[-71.8126081923142,42.2536123322434],[-71.8124787313084,42.2536435827852],[-71.8123466505774,42.2536680488415],[-71.8122125949353,42.253685609903],[-71.8120772163904,42.2536961805343],[-71.8119411750451,42.2536997103734],[-71.8118051336999,42.2536961805343],[-71.811669755155,42.253685609903],[-71.8115356995129,42.2536680488415],[-71.8114036187819,42.2536435827852],[-71.8112741577761,42.2536123322434],[-71.8111479460209,42.2535744483022],[-71.8110630877912,42.2535436995821],[-71.8110262596541,42.253546575614],[-71.8108902183089,42.253550105453],[-71.8107541769637,42.253546575614],[-71.8106187993181,42.2535360049827],[-71.8104847436759,42.2535184439211],[-71.8103526638443,42.2534939778648],[-71.8103282247677,42.2534880783122],[-71.8102990957266,42.25352877893],[-71.8102269638033,42.2536145409783],[-71.8101469538188,42.2536963559022],[-71.8100594569783,42.2537738253018],[-71.8099648986611,42.2538465723615],[-71.8098637393201,42.2539142409495],[-71.809756472683,42.2539765019141],[-71.8096436212561,42.254033053083],[-71.809525734525,42.2540836183643],[-71.8094033862573,42.2541279504446],[-71.809277174502,42.2541658343858],[-71.8091477116975,42.2541970849276],[-71.8090928989181,42.2542072382735],[-71.8090383649285,42.2542630016363],[-71.8089508671887,42.2543404710359],[-71.8088563079722,42.2544132171963],[-71.8087551486312,42.2544808866836],[-71.8086478810948,42.2545431476482],[-71.8085350278692,42.2545996988171],[-71.8084171402388,42.2546502631991],[-71.8082947910717,42.2546945961788],[-71.8081685775178,42.2547324801199],[-71.8080679658639,42.2547567663117],[-71.8081004781545,42.2548231218896],[-71.8081380023669,42.2549203323076],[-71.8081663076289,42.2550192487394],[-71.8081852563445,42.2551193927458],[-71.8081947549839,42.255220273297],[-71.8081947576819,42.2553214011618],[-71.8081852653377,42.2554222826123],[-71.8081663229174,42.2555224266188],[-71.8081380230513,42.2556213448493],[-71.8081005042349,42.2557185552671],[-71.8080539481311,42.2558135848291],[-71.8079985822687,42.2559059703843],[-71.8079346755448,42.2559952622716],[-71.8078625409235,42.2560810243199],[-71.807782528241,42.2561628392437],[-71.807695026904,42.2562403086434],[-71.80766411091,42.2562640921142],[-71.8076959810846,42.2563291364805],[-71.8077335061963,42.2564263459991],[-71.8077618123577,42.2565252633303],[-71.8077807610732,42.2566254064374],[-71.8077902597127,42.2567262869886],[-71.80779026331,42.2568274148534],[-71.8077807700665,42.2569282963039],[-71.8077618276462,42.2570284403103],[-71.8077335268807,42.2571273585408],[-71.807696007165,42.2572245689587],[-71.8076494501619,42.2573195985207],[-71.8075940825009,42.2574119840759],[-71.8075301748776,42.2575012750639],[-71.8074580375583,42.2575870371121],[-71.8073780230773,42.2576688529352],[-71.8072905208408,42.257746322335],[-71.8071959562284,42.2578190684953],[-71.8070947914914,42.2578867370833],[-71.8069875176598,42.2579489980479],[-71.8068746590383,42.2580055492168],[-71.8067567651126,42.2580561144981],[-71.8066344096503,42.2581004465784],[-71.8065081889018,42.2581383305196],[-71.8064142762978,42.2581609979318],[-71.8063622981815,42.2582009835886],[-71.8063494711511,42.2582095631209],[-71.8062625372862,42.2582865280009],[-71.8061679717744,42.2583592750606],[-71.8060668061382,42.2584269436486],[-71.8059595314072,42.2584892046132],[-71.8058466718863,42.2585457557821],[-71.8057287770613,42.2585963210634],[-71.8056064198004,42.2586406531437],[-71.8054801981526,42.2586785370848],[-71.8053507272542,42.2587097876266],[-71.8052186357314,42.2587342527836],[-71.8050845692974,42.2587518138452],[-71.8049491799607,42.2587623853759],[-71.8048131278235,42.2587659143155],[-71.8046770756865,42.2587623853759],[-71.8045416863497,42.2587518138452],[-71.8044076199157,42.2587342527836],[-71.8042755283929,42.2587097876266],[-71.8041460574945,42.2586785370848],[-71.8040198358467,42.2586406531437],[-71.8038974785857,42.2585963210634],[-71.8037795837607,42.2585457557821],[-71.8036667242399,42.2584892046132],[-71.803559449509,42.2584269436486],[-71.8034582838727,42.2583592750606],[-71.8033637183609,42.2582865280009],[-71.8032762152251,42.2582090595005],[-71.8031961998447,42.2581272436774],[-71.8031240625254,42.2580414816291],[-71.8030601540029,42.2579521906412],[-71.8030047863418,42.257859805086],[-71.8029582284395,42.257764775524],[-71.8029207087237,42.2576675651061],[-71.8028924079582,42.2575686468756],[-71.8028734646387,42.2574685028692],[-71.8028639722945,42.2573676214187],[-71.8028639749924,42.2572664935539],[-71.8028734745312,42.2571656130027],[-71.8028924232467,42.2570654698956],[-71.8029207294081,42.2569665525644],[-71.8029582554191,42.2568693430458],[-71.8030048169187,42.2567743143832],[-71.8030601890764,42.2566819306266],[-71.8031241011963,42.2565926414373],[-71.8031962412135,42.2565068811876],[-71.8032762583925,42.2564250680625],[-71.803363763327,42.2563476013607],[-71.8034583288388,42.2562748569991],[-71.8034711612651,42.2562662738695],[-71.8034738943047,42.2562638546932],[-71.8034738961034,42.2562012717713],[-71.8034833947428,42.2561003912201],[-71.8035023434583,42.256000248113],[-71.8035306487204,42.2559013307819],[-71.8035681738321,42.2558041212632],[-71.8036147353317,42.2557090926006],[-71.8036701065901,42.2556167088441],[-71.8037340169113,42.2555274196548],[-71.8038061560292,42.2554416594051],[-71.803886172309,42.2553598462799],[-71.8039736754448,42.2552823795782],[-71.8039739281542,42.2552821853246],[-71.8039981774739,42.2552417266244],[-71.8040620877951,42.2551524374351],[-71.8041342260137,42.2550666771855],[-71.8042142413941,42.2549848640603],[-71.8043017436305,42.2549073973586],[-71.8043822167659,42.2548454925255],[-71.8043908520561,42.2548231218896],[-71.8044374126565,42.2547280941263],[-71.8044927830155,42.2546357103698],[-71.8045566933367,42.2545464211805],[-71.804628830656,42.2544606609308],[-71.8046783770055,42.2544100012206],[-71.8046621856113,42.2543975456103],[-71.8045746878715,42.2543200762106],[-71.804494677887,42.2542382612868],[-71.804422544165,42.2541524992385],[-71.8043586401391,42.2540632073512],[-71.8043032760753,42.253970821796],[-71.8042567208709,42.253875792234],[-71.8042491440827,42.2538561591345],[-71.8042455800694,42.2538519224283],[-71.8041816760435,42.253762630541],[-71.8041263119797,42.2536702449859],[-71.8040797576746,42.2535752154239],[-71.8040422397575,42.253478005006],[-71.8040139407907,42.2533790867755],[-71.8039949992698,42.253278942769],[-71.8039855069256,42.2531780613185],[-71.8039855105229,42.2530769334538],[-71.8039902436548,42.2530266568548],[-71.8039629941968,42.2530108395786],[-71.8038618366544,42.2529431709906],[-71.8037672792365,42.2528704248303],[-71.8036797832953,42.2527929545313],[-71.8035997751095,42.2527111396075],[-71.8035276440855,42.2526253775592],[-71.8034637409588,42.2525360865712],[-71.8034083777944,42.252443701016],[-71.8033618243887,42.2523486705547],[-71.8033243073709,42.2522514601368],[-71.8032960093033,42.2521525419063],[-71.8032770677824,42.2520523978999],[-71.8032675754382,42.2519515164494],[-71.8032675790355,42.2518503885846],[-71.8032770767757,42.2517495071341],[-71.8032960245918,42.251649364027],[-71.8033243280553,42.2515504466958],[-71.803361850469,42.2514532371772],[-71.8034084092706,42.2513582094139],[-71.8034535102713,42.2512829550444],[-71.8033738771027,42.2513021780532],[-71.8032418008684,42.2513266432101],[-71.8031077506221,42.2513442042717],[-71.8029723765739,42.2513547758023],[-71.8028363406246,42.251358304742],[-71.8027003046753,42.2513547758023],[-71.802564930627,42.2513442042717],[-71.8024308803808,42.2513266432101],[-71.8022988041465,42.2513021780532],[-71.8021693476372,42.2512709275114],[-71.8020431412779,42.2512330435701],[-71.8019207993054,42.2511887105905],[-71.801845140241,42.2511562576552],[-71.8018400347897,42.2511584475044],[-71.8017176928172,42.251202780484],[-71.8015914855586,42.2512406644251],[-71.8014620290494,42.2512719149669],[-71.8013575691964,42.2512912647801],[-71.8013010881746,42.2513154916167],[-71.8011787462021,42.2513598245963],[-71.8010525389435,42.2513977085375],[-71.8009230824343,42.2514289590792],[-71.8007910061999,42.2514534242362],[-71.8007871606989,42.2514539278565],[-71.800747448436,42.2515349936451],[-71.8008103488185,42.2516097749712],[-71.8008742555424,42.2516990650599],[-71.8009296232035,42.2517914488163],[-71.8009761820052,42.2518864765797],[-71.8010137044189,42.2519836860983],[-71.8010420087816,42.2520826034295],[-71.8010609565978,42.2521827465366],[-71.8010704543379,42.2522836279871],[-71.8010704579352,42.2523847558518],[-71.801060965591,42.2524856373024],[-71.8010420240701,42.2525857813088],[-71.8010137260026,42.2526846995393],[-71.8009762080855,42.2527819099572],[-71.8009296546798,42.2528769404185],[-71.800874290616,42.2529693259737],[-71.8008103874894,42.2530586169616],[-71.800738255566,42.2531443790099],[-71.8006582464809,42.2532261939337],[-71.8005707505397,42.2533036633335],[-71.8004761922224,42.2533764103931],[-71.8003750346801,42.2534440789811],[-71.8002677689423,42.2535063399457],[-71.8001549184147,42.2535628911146],[-71.8000370316836,42.2536134563959],[-71.7999146852145,42.2536577884762],[-71.7997884734592,42.2536956724174],[-71.7996590124534,42.2537269229592],[-71.7995269317225,42.2537513890155],[-71.799392875181,42.253768950077],[-71.7992653728986,42.2537789055721],[-71.7992252811218,42.2537841576128],[-71.7990899025769,42.2537947282441],[-71.7990595378673,42.2537955160503],[-71.7989990845401,42.2538359549654],[-71.7988918188024,42.2538982159299],[-71.7987789673754,42.2539547670989],[-71.7986610806443,42.2540053323803],[-71.7985387323766,42.2540496644605],[-71.7984717256895,42.2540697777981],[-71.7983757860137,42.254117853756],[-71.7982578983833,42.2541684190373],[-71.7981355510148,42.2542127511176],[-71.7980093383603,42.2542506350588],[-71.7978798755558,42.2542818856006],[-71.7977477939255,42.2543063516568],[-71.7976137364847,42.2543239127185],[-71.7974783561412,42.2543344833498],[-71.7973423138966,42.2543380122895],[-71.7972062716521,42.2543344833498],[-71.7970708913085,42.2543239127185],[-71.7969368338677,42.2543063516568],[-71.7968047522375,42.2542818856006],[-71.796675289433,42.2542506350588],[-71.7965490767784,42.2542127511176],[-71.79642672941,42.2541684190373],[-71.7963088417796,42.254117853756],[-71.7961959903527,42.2540613025871],[-71.7960887237156,42.2539990416225],[-71.7959875643746,42.2539313730345],[-71.7958930060573,42.2538586259749],[-71.7958055092168,42.2537811565751],[-71.7957254992324,42.2536993416513],[-71.7956533664097,42.253613579603],[-71.7955946415794,42.2535315254596],[-71.795589658436,42.2535255998266],[-71.79552575441,42.2534363088386],[-71.7954703903462,42.2533439223841],[-71.7954238369405,42.2532488928222],[-71.7953863190234,42.2531516824043],[-71.7953594868508,42.2530578930074],[-71.7953206415343,42.2530438168187],[-71.7952027566019,42.2529932515374],[-71.7950899069736,42.2529367012678],[-71.7949826421352,42.2528744394039],[-71.7948814845928,42.2528067708159],[-71.7947869280742,42.2527340246556],[-71.7947113967135,42.2526671483703],[-71.7946474926876,42.2526397370343],[-71.7945346439586,42.2525831867647],[-71.7944273800196,42.2525209249008],[-71.7943262233765,42.2524532563128],[-71.7942316668579,42.2523805101525],[-71.794144171816,42.2523030407528],[-71.7940641636302,42.2522212249297],[-71.7939920326062,42.2521354628814],[-71.7939281303789,42.2520461718934],[-71.7938727681137,42.2519537863382],[-71.793826214708,42.2518587558769],[-71.7937886976902,42.251761545459],[-71.7937603996227,42.2516626272285],[-71.7937414590011,42.2515624832221],[-71.7937319666569,42.2514616017716],[-71.7937319693548,42.2513604739068],[-71.7937321555145,42.2513584962976],[-71.7937214005222,42.2513016339633],[-71.7937209472639,42.2512968135971],[-71.7937190559896,42.2512936587754],[-71.7936570207549,42.2512302196989],[-71.7935848915295,42.2511444576506],[-71.7935209893022,42.2510551666626],[-71.7934656279363,42.2509627811075],[-71.7934190754299,42.2508677515456],[-71.7933815593115,42.2507705402283],[-71.7933715309713,42.250735484655],[-71.7933449461123,42.2507082981495],[-71.7932728168869,42.2506225352019],[-71.7932089164583,42.2505332442139],[-71.7931535550924,42.2504408586587],[-71.7931070025861,42.2503458290968],[-71.7930694864676,42.2502486177796],[-71.7930411892994,42.2501496995491],[-71.7930222486778,42.2500495555426],[-71.7930127572329,42.2499486740921],[-71.7930127599309,42.2498493142945],[-71.7929459933629,42.2498206744846],[-71.7928331500298,42.2497641233157],[-71.7927258905873,42.2497018623511],[-71.7926247384409,42.2496341928638],[-71.7925301864189,42.2495614467035],[-71.7924426949743,42.2494839773038],[-71.7923626903858,42.24940216238],[-71.7922905629591,42.2493164003317],[-71.7922266634297,42.2492271084444],[-71.7921713029632,42.2491347228892],[-71.7921247522555,42.2490396933272],[-71.7920872370363,42.24894248201],[-71.7920589398681,42.2488435637795],[-71.7920400001458,42.248743419773],[-71.7920305078017,42.2486425383225],[-71.7920305113989,42.2485414104578],[-71.792040009139,42.2484405290073],[-71.7920589551566,42.2483403859001],[-71.7920872577207,42.2482414685689],[-71.7921247783358,42.2481442590504],[-71.7921713344395,42.2480492303877],[-71.7921853665614,42.2480258156389],[-71.7921766575267,42.247933252018],[-71.7921766602246,42.2478321241533],[-71.7921861579648,42.2477312427027],[-71.7922051039823,42.2476310995956],[-71.7922113452773,42.2476092865394],[-71.7921964129341,42.2475303314597],[-71.7921869214892,42.2474294500092],[-71.7921869241871,42.2473283221444],[-71.7921964219273,42.2472274406939],[-71.7922153679448,42.2471272975868],[-71.7922436696096,42.2470283802556],[-71.7922811893254,42.246931170737],[-71.7923277445298,42.2468361420744],[-71.7923831076942,42.2467437583178],[-71.7924470099215,42.2466544691285],[-71.792472788988,42.2466238175352],[-71.792479798304,42.2465493617637],[-71.7924987443216,42.2464492186566],[-71.7925244415497,42.2463594024645],[-71.7925244433483,42.2463087913177],[-71.7925339410885,42.2462079098672],[-71.792552887106,42.2461077667601],[-71.7925811878715,42.2460088494289],[-71.7926187075872,42.2459116399103],[-71.792665260993,42.2458166112477],[-71.7927058195179,42.2457489327671],[-71.7926594315875,42.2457132404737],[-71.7925719455388,42.245635771074],[-71.7924919454469,42.2455539552509],[-71.7924417434916,42.2454942591528],[-71.7923658119327,42.2454434591484],[-71.7922712662059,42.2453707129881],[-71.7921837810566,42.2452932435884],[-71.792103781864,42.2452114277652],[-71.7920316589339,42.2451256657169],[-71.7919677639011,42.245036374729],[-71.7919124070319,42.2449439882745],[-71.7918658590222,42.2448489587125],[-71.7918283465009,42.2447517482946],[-71.7918000520307,42.2446528291648],[-71.7917811123085,42.2445526851583],[-71.7917716217629,42.2444518037078],[-71.7917716217629,42.2444459059539],[-71.7917668409669,42.2444206251118],[-71.791757349522,42.2443197436613],[-71.7917573531193,42.2442186157965],[-71.7917668499601,42.244117734346],[-71.7917857950783,42.2440175912389],[-71.7917989593544,42.2439715801244],[-71.7917989764416,42.2439713966627],[-71.7918179215598,42.2438712535555],[-71.7918438544103,42.2437806117858],[-71.7918453823585,42.2437643844189],[-71.7918643274767,42.2436642413118],[-71.7918926273429,42.2435653239806],[-71.7919099662719,42.2435203983477],[-71.7918404216981,42.2435036080051],[-71.7917142306272,42.243465724064],[-71.7916731738778,42.2434508447807],[-71.7915486987134,42.2434277834655],[-71.791419258392,42.2433965329237],[-71.7912930673211,42.2433586489825],[-71.7912417870788,42.2433400644924],[-71.7912277297759,42.2433374600558],[-71.7910982894545,42.243306209514],[-71.7910783496861,42.2433002236265],[-71.7910581922817,42.2432975823176],[-71.7909261331345,42.2432731162614],[-71.7907966928131,42.2432418657196],[-71.7906705026415,42.2432039817784],[-71.7905481759575,42.2431596487988],[-71.7904303090115,42.2431090844167],[-71.7903174773696,42.2430525332479],[-71.790210228719,42.242990271384],[-71.7901090873644,42.2429226027959],[-71.790014545235,42.2428498557363],[-71.789927063683,42.2427723863366],[-71.7898470680877,42.2426905714128],[-71.7897749478555,42.2426048093645],[-71.7897110546214,42.2425155174772],[-71.7896557004502,42.2424231319221],[-71.7896358209363,42.2423825455181],[-71.7896172778151,42.2423745901153],[-71.7895044461732,42.2423180389464],[-71.7893971993212,42.2422557770825],[-71.7892960597653,42.2421881084945],[-71.7892015185352,42.2421153623342],[-71.7891140378825,42.2420378920351],[-71.7890340422872,42.2419560771113],[-71.7889619238537,42.2418703150631],[-71.7888980315189,42.2417810231757],[-71.788842678247,42.2416886376206],[-71.7887961320358,42.2415936071593],[-71.7887586213133,42.2414963967414],[-71.7887303277424,42.2413974776115],[-71.7887113898187,42.2412973336051],[-71.7887018992732,42.2411964521546],[-71.7887019028705,42.2410953242899],[-71.7887113997113,42.2409944428393],[-71.7887303430309,42.2408942997322],[-71.7887586419977,42.240795382401],[-71.7887961581162,42.2406981719831],[-71.7888427088239,42.2406031442198],[-71.7888783687417,42.2405436324827],[-71.7888566042488,42.2405073070666],[-71.7888100598364,42.2404122766054],[-71.7887725491138,42.2403150661874],[-71.7887442564422,42.2402161479569],[-71.7887253185186,42.2401160030511],[-71.7887185834958,42.240044408023],[-71.7886509310956,42.2400104990853],[-71.7885436878409,42.2399482372214],[-71.7884425518822,42.2398805677341],[-71.7883480142494,42.2398078215738],[-71.7882605362947,42.2397303521741],[-71.7881805442967,42.2396485363509],[-71.7881084276618,42.2395627743027],[-71.788044538025,42.2394734824154],[-71.7879891865517,42.2393810968602],[-71.7879426421392,42.2392860672982],[-71.7879051332153,42.239188855981],[-71.7878768405437,42.2390899377505],[-71.7878731767057,42.2390705645549],[-71.7878246906569,42.2390381224115],[-71.7877301539234,42.2389653753518],[-71.7876426777673,42.2388879059521],[-71.7875626866686,42.238806090129],[-71.7874905709331,42.2387203280807],[-71.7874266821956,42.2386310361934],[-71.7873713316216,42.2385386506382],[-71.7873247881084,42.2384436210763],[-71.7872872791846,42.2383464097591],[-71.7872589874123,42.2382474915286],[-71.7872400494887,42.2381473475221],[-71.7872305598424,42.2380464651723],[-71.7872305625404,42.2379453373075],[-71.7872400593812,42.237844455857],[-71.7872590027008,42.2377443127499],[-71.787287299869,42.2376453945194],[-71.7873248141888,42.2375481850008],[-71.7873713621985,42.2374531563381],[-71.7874267172692,42.2373607725817],[-71.7874906096039,42.237271482493],[-71.7875627280374,42.2371857222433],[-71.7875687849714,42.2371795268137],[-71.787532534199,42.2371823587789],[-71.7873965288267,42.2371858877186],[-71.7872605234543,42.2371823587789],[-71.787125179983,42.2371717872483],[-71.7869911585151,42.2371542261866],[-71.7868591128577,42.2371297610297],[-71.7867296851268,42.2370985095886],[-71.7866035066465,42.2370606256474],[-71.7864811916536,42.2370162935671],[-71.7863633372982,42.2369657282858],[-71.7862505155488,42.2369091771169],[-71.7861432776901,42.236846915253],[-71.786042146228,42.236779246665],[-71.7859476139911,42.2367065005046],[-71.785860140533,42.2366290302056],[-71.7857801521323,42.2365472152818],[-71.7857080390947,42.2364614523342],[-71.7856441521558,42.2363721613462],[-71.7855888033805,42.2362797748917],[-71.785542261666,42.2361847453298],[-71.7855047545407,42.2360875340125],[-71.7854764636678,42.235988615782],[-71.7854752064156,42.2359819688928],[-71.7854403235121,42.2359693253242],[-71.7853224709552,42.2359187600428],[-71.7852096510045,42.2358622088739],[-71.7851024158438,42.2357999479093],[-71.7850012852811,42.2357322784219],[-71.7849067539435,42.2356595322616],[-71.784819282284,42.2355820619626],[-71.7847392956819,42.2355002470388],[-71.7846671835437,42.2354144849905],[-71.7846590545716,42.2354031229558],[-71.7846449747857,42.2353922879238],[-71.7845575031262,42.2353148185241],[-71.7844775165241,42.235233002701],[-71.7844054052852,42.2351472406527],[-71.7843482830468,42.2350674015394],[-71.7843292884659,42.2350527839588],[-71.7842418168063,42.2349753145592],[-71.7841618311036,42.234893498736],[-71.7840897198647,42.2348077366877],[-71.7840258347244,42.2347184448004],[-71.7839783397285,42.2346391650654],[-71.7839762488048,42.23463667844],[-71.7839123636646,42.2345473865527],[-71.7838570166879,42.2344550000982],[-71.783810476772,42.2343599705363],[-71.7837729696468,42.234262759219],[-71.7837446796732,42.2341638409885],[-71.7837257435482,42.2340636969821],[-71.7837162548013,42.2339628146323],[-71.7837162574992,42.2338616867675],[-71.7837257534407,42.233760805317],[-71.7837446949617,42.2336606613105],[-71.7837729912305,42.2335617439794],[-71.7838105028524,42.2334645344607],[-71.7838570481642,42.2333695057981],[-71.7839123996375,42.2332771211423],[-71.7839762874756,42.2331878319529],[-71.7840484014126,42.233102070804],[-71.784128388914,42.2330202576788],[-71.7842158605735,42.2329427909771],[-71.7843103910117,42.2328700466154],[-71.7843799140018,42.2328235273839],[-71.7844010201909,42.2327984264063],[-71.7844068756767,42.2327924378208],[-71.7844099720425,42.2327816126813],[-71.7844474827651,42.2326844031627],[-71.7844940271776,42.2325893745001],[-71.7845057021764,42.23256988799],[-71.7845219511271,42.2324839802515],[-71.7845502464966,42.2323850629203],[-71.7845877572192,42.2322878534018],[-71.7846343016317,42.2321928247391],[-71.7846896522057,42.2321004400833],[-71.7847535391445,42.2320111499946],[-71.7848256512827,42.231925389745],[-71.7849056378848,42.2318435766198],[-71.7849931077457,42.2317661090188],[-71.7850876363853,42.2316933646571],[-71.7851887624514,42.2316256978677],[-71.7852959940149,42.2315634387018],[-71.7854088076703,42.2315068893315],[-71.7855266539319,42.2314563267481],[-71.7856489590322,42.2314119955672],[-71.7857751267207,42.2313741134246],[-71.7859045436597,42.2313428637822],[-71.7860365776259,42.2313183995246],[-71.7861705865033,42.2313008393623],[-71.7861858390052,42.2312996477606],[-71.7862999261007,42.2312846983302],[-71.7864352569815,42.2312741276989],[-71.7865712497633,42.2312705978599],[-71.7867072425452,42.2312741276989],[-71.786842573426,42.2312846983302],[-71.7869765823034,42.2313022584925],[-71.7871086162696,42.2313267227501],[-71.7872380323093,42.2313579723926],[-71.7873642008971,42.2313958545351],[-71.7874865059974,42.2314401857161],[-71.787604352259,42.2314907482994],[-71.7876819646509,42.2315296529712],[-71.7877920785415,42.2315695648836],[-71.7879099248032,42.2316201274669],[-71.7880227393579,42.2316766768372],[-71.7881299700221,42.2317389360031],[-71.7882310960882,42.2318066027925],[-71.7883256256271,42.2318793471542],[-71.788413095488,42.2319568147552],[-71.78849308209,42.2320386278804],[-71.7885651951276,42.23212438813],[-71.7886290820664,42.2322136782187],[-71.7886844326404,42.2323060628745],[-71.7887309770529,42.2324010915372],[-71.7887684877754,42.2324983010558],[-71.788796783145,42.2325972183869],[-71.7888157246659,42.2326973623934],[-71.7888168434225,42.2327092505315],[-71.7888307064719,42.2327172994638],[-71.7888535330641,42.2327325735495],[-71.7889070130482,42.2327395810669],[-71.7890390506117,42.2327640462238],[-71.7891684693494,42.2327952949669],[-71.7892946406351,42.2328331780088],[-71.7894169484334,42.2328775082904],[-71.7895347973929,42.2329280717731],[-71.7896476137464,42.232984620244],[-71.7897548471084,42.2330468803094],[-71.7898559758726,42.2331145470987],[-71.7899505063108,42.2331872914604],[-71.7900379788696,42.2332647581621],[-71.7900950075785,42.23332308819],[-71.7901568161841,42.2333454903022],[-71.790274666043,42.2333960537849],[-71.7903874823963,42.2334526022558],[-71.7904947166578,42.2335148623211],[-71.7905958463212,42.2335825291105],[-71.7906903776588,42.2336552734722],[-71.7907778502176,42.2337327401739],[-71.79081074472,42.2337663856102],[-71.7908840799363,42.2338154544197],[-71.7909786121731,42.2338881987814],[-71.7910660856313,42.2339656663825],[-71.791146074032,42.2340474795076],[-71.7912181888683,42.2341332397573],[-71.7912820785051,42.2342225289466],[-71.7913374299784,42.2343149136024],[-71.7913839761895,42.2344099422651],[-71.7914214887107,42.2345071517837],[-71.7914497849795,42.2346060691149],[-71.7914509037362,42.2346119848553],[-71.7915280017158,42.2346399285899],[-71.7916458542727,42.2346904911733],[-71.7917586733241,42.2347470405435],[-71.7918659102835,42.2348092997095],[-71.7919670408462,42.2348769664989],[-71.7920615748818,42.2349497108605],[-71.7921490492392,42.2350271784616],[-71.7922290394386,42.2351089915867],[-71.7923011560734,42.2351947518364],[-71.7923650457103,42.2352840419251],[-71.7924203989822,42.2353764256816],[-71.7924669451933,42.2354714543442],[-71.7925044586138,42.2355686638628],[-71.7925327548827,42.2356675820933],[-71.7925516982023,42.2357677252004],[-71.7925611941437,42.2358686066509],[-71.7925611968417,42.2359697345157],[-71.7925517071955,42.2360706168655],[-71.7925327701712,42.236170760872],[-71.7925044792983,42.2362696791025],[-71.792466972173,42.2363668904197],[-71.7924204304584,42.2364619199817],[-71.7923650807838,42.2365543064361],[-71.792301193845,42.2366435974241],[-71.7922290808074,42.2367293603717],[-71.7922192620093,42.236739403101],[-71.7923477157744,42.2367156034424],[-71.7924817354437,42.2366980432801],[-71.7926170780157,42.2366874726488],[-71.7927530824887,42.2366839437091],[-71.7928890869617,42.2366874726488],[-71.7928891355252,42.2366874762461],[-71.7929105969465,42.2366684708733],[-71.7930051327806,42.2365957265116],[-71.7931062669406,42.2365280606215],[-71.7932135056987,42.2364658005563],[-71.7933263283473,42.2364092520854],[-71.7934441836022,42.2363586886026],[-71.793566498595,42.236314358321],[-71.793692676176,42.2362764752792],[-71.7938221021083,42.2362452256367],[-71.7939541468663,42.2362207613791],[-71.7940881665356,42.2362032012168],[-71.794223507309,42.2361926305855],[-71.7943595108827,42.2361891016458],[-71.7944955144564,42.2361926305855],[-71.7946308552297,42.2362032012168],[-71.794764874899,42.2362207613791],[-71.7948969196571,42.2362452256367],[-71.7950263455893,42.2362764752792],[-71.7951525231704,42.236314358321],[-71.7952748381632,42.2363586886026],[-71.795392693418,42.2364092520854],[-71.7955055160667,42.2364658005563],[-71.7956127548247,42.2365280606215],[-71.7957138889847,42.2365957265116],[-71.7957231834781,42.2366028779205],[-71.7957921344994,42.2365821773257],[-71.7959215622303,42.2365509276832],[-71.7960536069883,42.2365264625263],[-71.7961876266576,42.236508902364],[-71.7963229683303,42.2364983317327],[-71.7964589728033,42.236494802793],[-71.7965949772764,42.2364983317327],[-71.796730318949,42.236508902364],[-71.7968643386183,42.2365264625263],[-71.7969963833763,42.2365509276832],[-71.7971258111073,42.2365821773257],[-71.7972519895876,42.2366200594682],[-71.7973743045804,42.2366643897498],[-71.7974393822217,42.236692310102],[-71.7975572006043,42.2366953668977],[-71.7976925431763,42.2367059375291],[-71.7978265628456,42.2367234976913],[-71.7979586085029,42.2367479628482],[-71.7980880362338,42.2367792124907],[-71.7982142147142,42.2368170946332],[-71.7983365306064,42.2368614249149],[-71.7984543867605,42.2369119883976],[-71.7985672103085,42.2369685368685],[-71.7986744508652,42.2370307969338],[-71.7987521531893,42.2370827858419],[-71.7987710632339,42.237088463262],[-71.7988933791261,42.2371327935436],[-71.7989028193096,42.2371368431908],[-71.7989888682416,42.2371527863721],[-71.7991182968719,42.2371840360145],[-71.7992444762515,42.237221918157],[-71.799366793043,42.2372662484387],[-71.7994846500965,42.2373168119214],[-71.7995974736444,42.2373733603923],[-71.7997047142011,42.2374356204576],[-71.7998058501598,42.237503287247],[-71.7998880230138,42.2375665167814],[-71.79989220666,42.2375689458502],[-71.7999933426186,42.2376366126396],[-71.8000878802515,42.237709356102],[-71.8001021003316,42.2377219484092],[-71.800202729972,42.2377723850876],[-71.800309971428,42.2378346451528],[-71.8004111073867,42.2379023119422],[-71.8005056459188,42.2379750554045],[-71.8005931247728,42.2380525230056],[-71.8006731185695,42.2381343361308],[-71.8007452379024,42.2382200963804],[-71.8008091311365,42.238309386469],[-71.8008196118356,42.2383268773835],[-71.8008758266581,42.2383701329753],[-71.8009427110372,42.2384293614259],[-71.8009526008818,42.2384343184891],[-71.8010598441364,42.238496577655],[-71.8011609809944,42.2385642444444],[-71.8012555195266,42.238636988806],[-71.8013430001793,42.2387144555078],[-71.8014229948753,42.2387962686329],[-71.8014951151075,42.2388820288826],[-71.8015302516198,42.238931130967],[-71.8015639923843,42.2389507191004],[-71.8016651301416,42.2390183858898],[-71.8017596695731,42.2390911302515],[-71.8018471502257,42.2391685969532],[-71.8019103356934,42.2392332177388],[-71.801919287545,42.2392392072237],[-71.8020138278758,42.2393119515854],[-71.8020322145151,42.239328233811],[-71.8020596321463,42.2393493301075],[-71.802147112799,42.2394267968092],[-71.8022271083943,42.2395086099344],[-71.8022992295258,42.2395943710834],[-71.8023631245585,42.2396836602728],[-71.8024184814278,42.2397760440293],[-71.8024650312362,42.2398710726919],[-71.8025025464553,42.2399682822105],[-71.8025206776871,42.2400316610324],[-71.802535952672,42.2400498246398],[-71.8025915775393,42.2400699838427],[-71.8027094399886,42.2401205464261],[-71.8028222689325,42.2401770957964],[-71.8029295139858,42.2402393549623],[-71.8030306544411,42.2403070217517],[-71.8031251956712,42.2403797661134],[-71.8032126781226,42.2404572337144],[-71.8032926746172,42.2405390468396],[-71.8033647975473,42.2406248070892],[-71.80342869258,42.2407140962786],[-71.8034730120698,42.2407880592216],[-71.8035351228476,42.2408030545174],[-71.8036613094218,42.2408409366599],[-71.8037836334079,42.2408852669416],[-71.8039014967566,42.2409358304243],[-71.8040143274992,42.2409923788952],[-71.8041215743511,42.2410546389605],[-71.8042227157057,42.2411223048505],[-71.8043172587344,42.2411950492122],[-71.8044047420851,42.2412725168132],[-71.8044847403784,42.2413543299384],[-71.8045568633086,42.2414400901881],[-71.8046207592406,42.2415293793774],[-71.8046761179085,42.2416217640333],[-71.8047226695156,42.2417167917965],[-71.804760185634,42.2418140022145],[-71.8047884855002,42.2419129195457],[-71.8048074297191,42.2420130626527],[-71.8048169265599,42.2421139441033],[-71.8048169301572,42.2422150719681],[-71.8048144929944,42.2422409715436],[-71.8048170074989,42.2422402170125],[-71.8049464460216,42.24220896737],[-71.8050785033702,42.2421845031124],[-71.8052125347306,42.2421669429501],[-71.8053478889938,42.2421563723188],[-71.805483905158,42.2421528433791],[-71.8056199213223,42.2421563723188],[-71.8057552755855,42.2421669429501],[-71.8058352262147,42.242177417354],[-71.8058930876958,42.2421525960655],[-71.8060154134805,42.2421082648846],[-71.8061416027527,42.242070382742],[-71.8062710412755,42.2420391330996],[-71.8064030977247,42.2420146688419],[-71.8065371290852,42.2419971086797],[-71.8066724824491,42.2419865380484],[-71.8068084986133,42.2419830082093],[-71.8068797132282,42.2419848563161],[-71.8069014975061,42.2419722100495],[-71.8070143300473,42.2419156615786],[-71.8070434932625,42.2419031511096],[-71.8069606414204,42.241847717798],[-71.8068661010897,42.2417749716377],[-71.8067786204369,42.2416975013386],[-71.8066986257409,42.2416156864148],[-71.8066265073074,42.2415299243665],[-71.8065626149727,42.2414406324793],[-71.806535654197,42.2413956349007],[-71.8064329354316,42.2413982995919],[-71.806296921066,42.2413947706522],[-71.8061615686015,42.2413841991216],[-71.8060275390396,42.24136663806],[-71.8058954834897,42.241342172903],[-71.8057660476649,42.2413109214619],[-71.8056398610907,42.2412730375207],[-71.8055175380039,42.2412287054404],[-71.8053996746552,42.2411781401591],[-71.8052868457113,42.2411215889902],[-71.8051796015573,42.2410593280256],[-71.8050784629007,42.2409916585383],[-71.8049839243686,42.2409189123779],[-71.8048964446152,42.2408414429783],[-71.8048164508185,42.2407596271551],[-71.8047443332843,42.2406738651068],[-71.8046804427482,42.2405845732195],[-71.8046729226173,42.2405720222811],[-71.8045868485042,42.2405512398479],[-71.8044606628293,42.2405133559067],[-71.8043383415412,42.2404690238264],[-71.8042204799911,42.2404184585451],[-71.8041076528459,42.2403619073761],[-71.8040004095912,42.2402996464116],[-71.8038992718339,42.2402319769242],[-71.8038047342011,42.2401592307639],[-71.803717255347,42.2400817613643],[-71.803637263349,42.2399999455411],[-71.8035651467141,42.2399141834928],[-71.803501256178,42.2398248916055],[-71.8034459047047,42.2397325060504],[-71.8033993602922,42.2396374764884],[-71.803361850469,42.2395402651712],[-71.8033335577974,42.2394413469407],[-71.8033146207731,42.2393412020349],[-71.8033051302276,42.2392403205844],[-71.8033051338248,42.2391391927196],[-71.8033146297663,42.2390383112691],[-71.8033335730859,42.238938168162],[-71.8033618711534,42.2388392499315],[-71.8033993863725,42.2387420404129],[-71.8034459352817,42.2386470117502],[-71.8035012912516,42.2385546279937],[-71.803565185385,42.2384653379051],[-71.8035735823549,42.2384553527324],[-71.8035472187291,42.2384320045334],[-71.8034672285297,42.2383501896096],[-71.8033951127942,42.238264426662],[-71.803331224956,42.2381751347747],[-71.8032758743821,42.2380827492195],[-71.8032293317682,42.2379877196576],[-71.8031918228443,42.2378905083403],[-71.8031635310721,42.2377915901099],[-71.8031445940478,42.2376914461034],[-71.8031351044015,42.2375905637535],[-71.8031351070995,42.2374894358888],[-71.8031446030409,42.2373885544383],[-71.8031446623962,42.2373882387762],[-71.8031382951961,42.2373825991277],[-71.8030857469096,42.2373288511456],[-71.8030150098348,42.2373914979194],[-71.8029204757993,42.237464244979],[-71.8028193434379,42.237531913567],[-71.8027121046799,42.2375941754309],[-71.8025992820312,42.2376507265998],[-71.8024814258771,42.2377012918812],[-71.8023591090856,42.2377456239614],[-71.8022329297059,42.2377835079026],[-71.8021035001764,42.2378147593437],[-71.8019714527204,42.2378392245006],[-71.8018374303531,42.2378567855623],[-71.8017020859825,42.2378673570929],[-71.8015660788114,42.2378708860326],[-71.8014300716405,42.2378673570929],[-71.8012947272698,42.2378567855623],[-71.8011607049025,42.2378392245006],[-71.8010286574465,42.2378147593437],[-71.800899227917,42.2377835079026],[-71.8007730485373,42.2377456239614],[-71.8006507317459,42.2377012918812],[-71.8005328755917,42.2376507265998],[-71.800420052943,42.2375941754309],[-71.800312814185,42.237531913567],[-71.8002116818236,42.237464244979],[-71.8001171477881,42.2373914979194],[-71.8000486904946,42.2373308710229],[-71.7999199975098,42.2372997967483],[-71.7997938181302,42.2372619128071],[-71.7996715031373,42.2372175807268],[-71.7995536478825,42.2371670154454],[-71.7994408261332,42.2371104642765],[-71.7993335882745,42.2370482024127],[-71.7992324568124,42.2369805338246],[-71.7991379236762,42.2369077876643],[-71.7990504493188,42.2368303173653],[-71.7989745870075,42.2367527220605],[-71.7989249381354,42.2367378157976],[-71.7989010008804,42.2367291400378],[-71.7988462141814,42.2367219607499],[-71.798714168524,42.236697495593],[-71.7985847416924,42.2366662450512],[-71.7984585641114,42.2366283602107],[-71.7983362500179,42.2365840281304],[-71.7983327606483,42.2365825307592],[-71.7982711552896,42.2365777193863],[-71.7981371356203,42.2365601583247],[-71.7980050908622,42.2365356922684],[-71.7979121405328,42.2365132487874],[-71.7978706359211,42.2365078105871],[-71.797738591163,42.2364833445308],[-71.7976091652308,42.236452093989],[-71.7974829876497,42.2364142100478],[-71.7974560709409,42.2364044542023],[-71.7974340789196,42.2364073356301],[-71.7972987381462,42.2364179062614],[-71.7971627336732,42.2364214361004],[-71.7970267292001,42.2364179062614],[-71.7969679531085,42.2364133152224],[-71.796928183289,42.2364185267936],[-71.7967928425156,42.2364290974249],[-71.7966568380426,42.236432627264],[-71.7965208335696,42.2364290974249],[-71.7963854927962,42.2364185267936],[-71.796251473127,42.2364009657321],[-71.7961194283689,42.2363764996758],[-71.7959900024366,42.236345249134],[-71.7958638257549,42.2363073651928],[-71.7957415125607,42.2362630322132],[-71.7956236582052,42.2362124669319],[-71.795617458279,42.2362093597742],[-71.7955384060725,42.236203185029],[-71.7954043864033,42.2361856239674],[-71.7952723425445,42.2361611579112],[-71.7951429175116,42.2361299073694],[-71.7950167408299,42.2360920234282],[-71.7948944276357,42.2360476904486],[-71.7947765741795,42.2359971251673],[-71.7946637551282,42.2359405739983],[-71.7945565190681,42.2358783130338],[-71.7944553885054,42.2358106435464],[-71.7943608571678,42.2357378973861],[-71.7942733855083,42.2356604270871],[-71.7941933980069,42.2355786121633],[-71.7941212867679,42.235492850115],[-71.7940574007284,42.2354035582277],[-71.7940020528524,42.2353111717732],[-71.7939555120372,42.2352161422112],[-71.793918004912,42.235118930894],[-71.793889714039,42.2350200126635],[-71.7938812505192,42.2349752534053],[-71.7938611875437,42.2349598138444],[-71.7937772160457,42.2348854435085],[-71.7937310241674,42.2348687008299],[-71.7936131734092,42.2348181364479],[-71.7935003552572,42.234761585279],[-71.793393121895,42.2346993234151],[-71.7932919931309,42.2346316539277],[-71.793197463592,42.2345589077675],[-71.7931099928319,42.2344814383678],[-71.7930300080284,42.2343996225446],[-71.7929578976888,42.2343138604963],[-71.7928940125486,42.234224568609],[-71.7928386655719,42.2341321830539],[-71.792792125656,42.2340371525926],[-71.7927546194301,42.2339399412753],[-71.792753376567,42.2339355957512],[-71.7926741067246,42.2339252085816],[-71.7925420682618,42.2339007434246],[-71.7924126468262,42.2338694919835],[-71.7922864746411,42.2338316080424],[-71.7921641659435,42.2337872759621],[-71.7920463169839,42.2337367106807],[-71.7919335015299,42.2336801595118],[-71.7918262699664,42.2336178976479],[-71.7917251430009,42.2335502290598],[-71.7916306152607,42.2334774820002],[-71.7915431462991,42.2334000126006],[-71.7914631614956,42.2333181967774],[-71.7913910529547,42.2332324347291],[-71.7913271696132,42.2331431428418],[-71.7912718235358,42.2330507572867],[-71.7912252836199,42.2329557268254],[-71.7911877782933,42.2328585155081],[-71.7911654355364,42.232780388704],[-71.7911630397425,42.2327799444389],[-71.7910336210048,42.2327486938972],[-71.7909074515176,42.2327108090566],[-71.7907851446187,42.2326664769763],[-71.7906672983571,42.232615911695],[-71.7905544847017,42.2325593605261],[-71.7904472540375,42.2324970986622],[-71.7903461297701,42.2324294300742],[-71.7903303511648,42.2324172874279],[-71.7902935545039,42.2324062383573],[-71.7901712485043,42.2323619053777],[-71.7900534022427,42.2323113400963],[-71.7899405894865,42.2322547889274],[-71.7898333597217,42.2321925270635],[-71.7897322354543,42.2321248584755],[-71.7896377095126,42.2320521114158],[-71.7895502423498,42.2319746420161],[-71.7895367696062,42.2319608599058],[-71.7895350123309,42.2319599794695],[-71.7894277825661,42.2318977176056],[-71.7893266591979,42.2318300490176],[-71.7892321341556,42.2317573028573],[-71.7891446669927,42.2316798325582],[-71.7890646848873,42.2315980176344],[-71.7889925781449,42.2315122546868],[-71.7889904251679,42.2315092455553],[-71.7889773319383,42.2315036274905],[-71.7888645200815,42.2314470763216],[-71.7887572921153,42.2313848144577],[-71.7886561687471,42.2313171449703],[-71.7885616446042,42.23124439881],[-71.7884741783406,42.231166928511],[-71.7883941971344,42.2310851135872],[-71.7883220903921,42.2309993506396],[-71.7882582088492,42.2309100587523],[-71.7882028654698,42.2308176731971],[-71.7881563273526,42.2307226427358],[-71.7881188229253,42.2306254314186],[-71.7880905347503,42.2305265131881],[-71.7880715995246,42.2304263691817],[-71.7880653699208,42.230360134113],[-71.7880006789881,42.2303103476445],[-71.7879132145232,42.2302328773455],[-71.7878332342164,42.2301510624217],[-71.7877611283733,42.2300652994741],[-71.7876972486291,42.2299760075867],[-71.7876419052497,42.2298836220316],[-71.7875953680318,42.2297885915703],[-71.7875578645038,42.2296913811523],[-71.7875295763288,42.2295924620225],[-71.7875106420025,42.2294923180161],[-71.7875011532556,42.2293914356663],[-71.7875011559535,42.2292903078015],[-71.7875106509957,42.229189426351],[-71.7875295916173,42.2290892823445],[-71.7875578851882,42.2289903650134],[-71.7875953950114,42.2288931545955],[-71.7876419367259,42.2287981259328],[-71.7876972837026,42.2287057421763],[-71.7877611670442,42.2286164520876],[-71.7878332755852,42.228530691838],[-71.7879132576907,42.2284488787128],[-71.7880007239542,42.2283714111118],[-71.7880952471979,42.2282986667501],[-71.7881963678681,42.2282309999607],[-71.7883035931363,42.2281687398955],[-71.7884164004964,42.2281121914245],[-71.7885342404628,42.2280616279418],[-71.7886565392678,42.2280172976602],[-71.788782700661,42.2279794146183],[-71.7889121104055,42.2279481649759],[-71.7890441371771,42.2279237007183],[-71.78917813886,42.227906140556],[-71.7893134625462,42.2278955699247],[-71.7894494481335,42.2278920400856],[-71.7895482215731,42.2278946040528],[-71.7895973956033,42.2278827294045],[-71.7897294232743,42.2278582651469],[-71.7898634240577,42.2278407049846],[-71.789998747744,42.2278301343533],[-71.7900948349086,42.2278276405332],[-71.7901865270865,42.2278054983252],[-71.7902304472773,42.2277973603599],[-71.7902412760141,42.2277752496281],[-71.7902966229907,42.2276828658716],[-71.7903605054329,42.227593575783],[-71.7904326121753,42.2275078155333],[-71.7905060274312,42.2274327176458],[-71.7904848654841,42.2273778634977],[-71.7904565782085,42.2272789443679],[-71.7904376447814,42.2271788003614],[-71.7904281560345,42.2270779180116],[-71.7904281587325,42.2269767901468],[-71.7904376537747,42.2268759086963],[-71.790456593497,42.2267757646898],[-71.7904848861685,42.2266768473586],[-71.7905223941931,42.2265796369407],[-71.790568934109,42.2264846082781],[-71.790624279287,42.2263922236223],[-71.7906881608299,42.2263029344329],[-71.7907602666729,42.226217173284],[-71.7908402451811,42.2261353601588],[-71.790927123288,42.2260584105672],[-71.790940488113,42.2259877418409],[-71.7909676710212,42.225892701487],[-71.790928349064,42.2258578707442],[-71.7908483741531,42.2257760558203],[-71.790776273706,42.2256902928728],[-71.7907123984584,42.2256010009855],[-71.7906570586763,42.225508614531],[-71.7906105250556,42.225413584969],[-71.7905730233263,42.2253163736518],[-71.7905447378494,42.225217454522],[-71.7905258044223,42.2251173105155],[-71.7905163165747,42.2250164281657],[-71.7905163192727,42.2249153003009],[-71.7905258134155,42.2248144188504],[-71.7905447531378,42.224714274844],[-71.79057304491,42.2246153566135],[-71.790610551136,42.2245181470948],[-71.7906570892532,42.2244231184322],[-71.790712433532,42.2243307337764],[-71.7907763123769,42.2242414436877],[-71.7908484155219,42.2241556834381],[-71.7909283922315,42.2240738703129],[-71.7910158521998,42.2239964027119],[-71.7911103691482,42.2239236583502],[-71.7912114826238,42.2238559915608],[-71.7913187006974,42.2237937314956],[-71.7914314999637,42.2237371830246],[-71.7915493327355,42.2236866195419],[-71.7916716225473,42.223642288361],[-71.7917977749473,42.2236044062184],[-71.7919271756986,42.223573156576],[-71.792059193477,42.2235486923183],[-71.7921931861666,42.2235311312568],[-71.7923284999603,42.2235205615248],[-71.7924644765543,42.2235170316857],[-71.7926004531483,42.2235205615248],[-71.792735766942,42.2235311312568],[-71.7928697596317,42.2235486923183],[-71.79300177741,42.223573156576],[-71.7930067110908,42.2235743481777],[-71.7930584616786,42.2235521412184],[-71.7931807514905,42.2235078100375],[-71.7933069038905,42.2234699278949],[-71.7934363037424,42.2234386782525],[-71.7935683215208,42.2234142139948],[-71.7937023142104,42.2233966529332],[-71.7938376280041,42.2233860832012],[-71.7939736036988,42.2233825533622],[-71.7941095793935,42.2233860832012],[-71.7941175572794,42.2233867064314],[-71.7941238156615,42.2233202078614],[-71.7941427544845,42.2232200638549],[-71.7941443229021,42.2232145797891],[-71.7941014072541,42.2231961625729],[-71.7940937117554,42.2231923044813],[-71.793981292003,42.2231515490048],[-71.7938634628285,42.2231009846228],[-71.7937506662602,42.2230444325546],[-71.7936434517839,42.2229821706907],[-71.7935423428048,42.2229145021026],[-71.793447830353,42.222841755043],[-71.7933603757807,42.2227642856433],[-71.7932804053664,42.2226824698202],[-71.7932083085166,42.2225967068726],[-71.7931444359669,42.2225074149853],[-71.7930890988828,42.2224150294301],[-71.7930425670608,42.2223199989688],[-71.7930050680294,42.2222227876516],[-71.7929767834518,42.2221238685217],[-71.792957850924,42.2220237245153],[-71.7929483630764,42.2219228421655],[-71.7929483666737,42.2218217143007],[-71.7929578599172,42.2217208328502],[-71.7929767987403,42.2216206888437],[-71.7930050887138,42.2215217706133],[-71.7930425940405,42.2214245610947],[-71.7930891294597,42.221329532432],[-71.7931050321715,42.2213029853446],[-71.7931006686609,42.2212565929175],[-71.7931006713588,42.2211554650527],[-71.7931101655017,42.2210545836022],[-71.7931101933807,42.2210544370127],[-71.79311019428,42.2210269735161],[-71.7931196875235,42.2209260920656],[-71.7931386263465,42.2208259480591],[-71.7931669163201,42.2207270298286],[-71.793189024354,42.2206697259272],[-71.7931909794801,42.2206593864216],[-71.7932192694537,42.2205604681911],[-71.793256773881,42.2204632586725],[-71.7933033093003,42.2203682291105],[-71.7933586490823,42.220275845354],[-71.79342252433,42.2201865552653],[-71.7934946229784,42.2201007941164],[-71.7935022078606,42.2200930338665],[-71.7935272243019,42.220058064628],[-71.7935993229503,42.2199723034791],[-71.7936763570782,42.2198934949889],[-71.7936764128361,42.2198932000112],[-71.7937047028097,42.2197942817807],[-71.7937365451054,42.2197117456006],[-71.7937357752858,42.2197076734704],[-71.7937262874382,42.2196067911206],[-71.7937262910355,42.2195056632558],[-71.793735784279,42.2194047818053],[-71.7937547222026,42.2193046377989],[-71.7937830112769,42.2192057195684],[-71.7938205148048,42.2191085091504],[-71.7938670493248,42.2190134804878],[-71.7939223882076,42.2189210967313],[-71.7939862616566,42.2188318066426],[-71.7940583594057,42.2187460454937],[-71.7941383289207,42.2186642323685],[-71.7942257807951,42.2185867647674],[-71.794258483742,42.2185615927433],[-71.794228556103,42.2185197517851],[-71.7941732226161,42.2184273653307],[-71.7941266943914,42.2183323348694],[-71.7940891971587,42.2182351235522],[-71.7940609143797,42.2181362053217],[-71.7940419836506,42.2180360604159],[-71.7940324967023,42.217935178066],[-71.7940324994003,42.2178340502013],[-71.7940419926438,42.2177331678515],[-71.7940609296681,42.2176330247444],[-71.7940892187424,42.2175341065139],[-71.7940949501218,42.217519250613],[-71.7940911405937,42.2174787424501],[-71.7940911441909,42.2173776145853],[-71.7941006374344,42.2172767322355],[-71.7941150634593,42.2172004427463],[-71.7940976831615,42.2171649447065],[-71.7940601868281,42.2170677333892],[-71.7940319040491,42.2169688151587],[-71.7940249846653,42.2169322109528],[-71.7939983269612,42.2168630989529],[-71.7939700441822,42.2167641807224],[-71.7939511134531,42.2166640358167],[-71.7939475188629,42.2166258101331],[-71.7939367368908,42.2165881006604],[-71.793927008025,42.2165366342583],[-71.7939079190152,42.2164871445661],[-71.7938907851316,42.2164272182416],[-71.7938767242314,42.2164190514981],[-71.7937756251449,42.2163513820107],[-71.7936811225857,42.2162786349511],[-71.7935936770065,42.2162011655514],[-71.7935137146861,42.2161193497283],[-71.7934416250309,42.2160335867807],[-71.7933777587765,42.2159442948933],[-71.7933487394527,42.2158958403209],[-71.7933200465828,42.2158704209832],[-71.7932400851618,42.2157886051601],[-71.7931679955066,42.2157028422125],[-71.7931041301514,42.2156135503252],[-71.7930487993626,42.2155211638707],[-71.7930022729365,42.2154261343087],[-71.7929647775024,42.2153289229914],[-71.7929364956227,42.2152300038616],[-71.792917565793,42.2151298589559],[-71.7929080788447,42.215028976606],[-71.7929080815427,42.2149278487413],[-71.7929175747862,42.2148269663914],[-71.7929365109112,42.2147268232843],[-71.7929647981869,42.2146279050538],[-71.7930022990168,42.2145306946359],[-71.7930488299395,42.2144356659733],[-71.793104165225,42.2143432813174],[-71.7931680341774,42.2142539912288],[-71.7932401265306,42.2141682300798],[-71.7933200897503,42.2140864169546],[-71.7934075362288,42.2140089493536],[-71.7935020378887,42.2139362049919],[-71.7936031360758,42.2138685382025],[-71.7937103370624,42.2138062781373],[-71.793789537657,42.2137665667737],[-71.7937989841358,42.2137507944636],[-71.7938628521889,42.213661504375],[-71.7939349436427,42.213575743226],[-71.7940149068624,42.2134939301009],[-71.7941023524416,42.2134164624998],[-71.7941968532022,42.2133437181382],[-71.7942555285697,42.2133044456437],[-71.7942099680156,42.2132848907851],[-71.7940971885344,42.2132283396163],[-71.7939899911451,42.2131660777524],[-71.7938888974546,42.2130984082649],[-71.7937944002913,42.2130256612053],[-71.7937069592087,42.2129481909063],[-71.7936270004856,42.2128663759825],[-71.7935549144277,42.2127806130349],[-71.7934910517706,42.2126913211476],[-71.7934357236797,42.2125989346931],[-71.7933891999516,42.2125039042318],[-71.7933517063162,42.2124066929146],[-71.7933234253358,42.2123077737848],[-71.7933044964054,42.212207628879],[-71.7932950103564,42.2121067465292],[-71.7932950130544,42.2120056186644],[-71.7933045053986,42.2119047363146],[-71.7933234406242,42.2118045923082],[-71.7933517270006,42.211705674977],[-71.7933892260319,42.211608464559],[-71.7934162416662,42.2115532902522],[-71.7933977300212,42.2115154782568],[-71.7933602372851,42.2114182669395],[-71.793331957204,42.2113193478097],[-71.7933130282736,42.2112192029039],[-71.7933035413253,42.2111183205541],[-71.7933035422246,42.2110981901294],[-71.7932987551334,42.2110728661199],[-71.7932892690845,42.2109719837701],[-71.7932892726818,42.2108708559053],[-71.793298765026,42.2107699735555],[-71.7933177002516,42.210669829549],[-71.7933459857286,42.2105709122179],[-71.7933834838607,42.2104737018],[-71.7934300120854,42.210378672238],[-71.7934853428742,42.2102862875822],[-71.7935492082294,42.2101969974935],[-71.7936212951866,42.2101112372438],[-71.7937012539097,42.2100294232193],[-71.7937886949923,42.2099519556183],[-71.7938831912562,42.2098792112566],[-71.7939842822488,42.2098115444672],[-71.7940914760408,42.209749284402],[-71.7942042510253,42.2096927350318],[-71.7943220568174,42.2096421724483],[-71.7944443196496,42.2095978412674],[-71.7945704441706,42.2095599582255],[-71.7946998161436,42.2095287085831],[-71.7948318051436,42.2095042443254],[-71.7948328717396,42.2095041049305],[-71.7948639990743,42.2094965856989],[-71.7949854749996,42.2094740702722],[-71.7949855784217,42.2094740181115],[-71.7951033842137,42.2094234546288],[-71.7952256461466,42.2093791243472],[-71.7952619131067,42.2093682308592],[-71.7953059601019,42.2093387474853],[-71.7954131538939,42.20927648742],[-71.7955259279792,42.2092199380497],[-71.795643732872,42.209169374567],[-71.7957659948048,42.2091250442854],[-71.7958921184265,42.2090871612435],[-71.7960214895001,42.2090559116011],[-71.7961534767015,42.2090314473435],[-71.7961714307669,42.2090290938177],[-71.7962849701752,42.2090016680926],[-71.7963124840339,42.2089965680373],[-71.7963340605684,42.2089900875226],[-71.796463431642,42.2089588378801],[-71.7965954188435,42.2089343736225],[-71.7967293800568,42.2089168125609],[-71.7968646632735,42.2089062419296],[-71.7970006083913,42.2089027129899],[-71.7971365535091,42.2089062419296],[-71.7972718367258,42.2089168125609],[-71.7974057979392,42.2089343736225],[-71.7975377851406,42.2089588378801],[-71.7976671562142,42.2089900875226],[-71.797793279836,42.2090279705644],[-71.7979155417688,42.2090723008461],[-71.7980333466616,42.2091228643288],[-71.7981461198475,42.209179413699],[-71.7982533136395,42.2092416737643],[-71.7983544037327,42.2093093405537],[-71.7984488990974,42.2093820849153],[-71.7985363383813,42.2094595525164],[-71.7986162962051,42.2095413665409],[-71.7986883831623,42.2096271267905],[-71.798729418328,42.2096844990405],[-71.7988105344785,42.2097088634733],[-71.79893279821,42.2097531946542],[-71.7990506040022,42.2098037572376],[-71.7991633789867,42.2098603066079],[-71.799270573678,42.2099225666732],[-71.7993716646706,42.2099902334626],[-71.7994661609345,42.2100629778242],[-71.7995536020171,42.2101404454253],[-71.7996152685298,42.2102035436587],[-71.7996331101799,42.2102139056473],[-71.7997342020717,42.2102815724367],[-71.7998286983357,42.2103543167983],[-71.7999161394183,42.2104317843994],[-71.7999960990407,42.2105135984239],[-71.8000681868972,42.2105993586735],[-71.8001320522524,42.2106886496615],[-71.8001873839406,42.210781033418],[-71.8002339121653,42.21087606298],[-71.8002714111966,42.2109732733979],[-71.8002996966736,42.211072190729],[-71.8003186318993,42.2111723347355],[-71.8003281242435,42.2112732170854],[-71.8003281269415,42.2113743449501],[-71.8003186408925,42.2114752272999],[-71.8002997119621,42.2115753722057],[-71.800271431881,42.2116742913356],[-71.8002339382456,42.2117715026528],[-71.8001874154169,42.2118665331141],[-71.8001341305856,42.21195550844],[-71.8001436166346,42.2119886826317],[-71.8001625518602,42.2120888266381],[-71.8001720442044,42.2121897089879],[-71.8001720478017,42.2122908368527],[-71.8001625608534,42.2123917192025],[-71.800143631923,42.2124918641083],[-71.8001153725264,42.2125907085944],[-71.8001979806522,42.2126155199903],[-71.8003202488803,42.2126598502719],[-71.8004380609677,42.2127104137546],[-71.8005508404489,42.2127669631249],[-71.8006580396368,42.2128292222908],[-71.8007591360252,42.2128968899796],[-71.8008536367859,42.2129696343412],[-71.8009410814657,42.2130471019423],[-71.8010210437861,42.2131289150674],[-71.8010931343406,42.2132146762164],[-71.8011570023937,42.213303966305],[-71.8012123367799,42.2133963509609],[-71.8012588668032,42.2134913796235],[-71.8012963667339,42.2135885900415],[-71.8013246540095,42.2136875073726],[-71.8013435901345,42.2137876513791],[-71.8013530824787,42.2138885337289],[-71.801353086076,42.2139896615936],[-71.8013435991277,42.2140905439435],[-71.801324669298,42.2141906888493],[-71.8012963883176,42.2142896079791],[-71.8012588937829,42.2143868192964],[-71.8012123673568,42.2144818497576],[-71.8011570374672,42.2145742353127],[-71.8010931730115,42.2146635272001],[-71.8010210851549,42.2147492901477],[-71.8009411246331,42.2148311059708],[-71.8008536808526,42.2149085762698],[-71.8007869457609,42.2149599491424],[-71.8008140944949,42.2149839988126],[-71.8008940595132,42.215065812837],[-71.8009661527657,42.2151515730867],[-71.8010300226174,42.2152408631753],[-71.8010853579029,42.2153332478312],[-71.8011318897249,42.2154282764938],[-71.8011634559287,42.2155101004109],[-71.8012048247429,42.2155024327911],[-71.8013388003453,42.2154848726288],[-71.8014740970519,42.2154743019975],[-71.8016100565588,42.2154707730578],[-71.8017460160657,42.2154743019975],[-71.8018813127723,42.2154848726288],[-71.8020152883748,42.2155024327911],[-71.8021472890661,42.2155268979481],[-71.8022766736295,42.2155581475905],[-71.8024028098417,42.215596029733],[-71.8025250843651,42.215640360914],[-71.8026429018484,42.2156909243967],[-71.8027556867255,42.2157474728676],[-71.8028628913094,42.2158097329329],[-71.8029639921945,42.2158773997223],[-71.8030584974517,42.2159501440839],[-71.8031459457288,42.216027611685],[-71.8032259125458,42.2161094257095],[-71.8032980066976,42.2161951859591],[-71.8033618774487,42.2162844760478],[-71.8034172145328,42.2163768607036],[-71.8034637463548,42.2164718893662],[-71.8035012363929,42.2165690683079],[-71.8035012516814,42.2165690979855],[-71.8035189314535,42.2165938059594],[-71.8035742676383,42.2166861906152],[-71.8036208003596,42.2167812192779],[-71.8036583029883,42.2168784296958],[-71.8036661774521,42.2169059669368],[-71.8037219183318,42.2169553442138],[-71.8038018860482,42.217037157339],[-71.8038739810993,42.2171229175887],[-71.803937853649,42.2172122076773],[-71.8039931907331,42.2173045923331],[-71.8040397234544,42.2173996209958],[-71.8040772260831,42.2174968314137],[-71.8041055151573,42.2175957496442],[-71.8041244521817,42.2176958927513],[-71.8041339454252,42.2177967751011],[-71.8041339481232,42.2178979029659],[-71.8041244611749,42.2179987853157],[-71.8041055304458,42.2180989302215],[-71.8040772467675,42.218197848452],[-71.8040397504341,42.2182950597692],[-71.8039932213101,42.2183900902305],[-71.803979733278,42.2184126101539],[-71.8040493857705,42.2184838688355],[-71.8041214826203,42.2185696299845],[-71.8041853560693,42.2186589200731],[-71.8042406949521,42.2187513038297],[-71.804287229472,42.2188463324923],[-71.8043247321007,42.2189435429102],[-71.804353021175,42.2190424611407],[-71.8043632905334,42.2190967676018],[-71.8043969467616,42.2191654964905],[-71.8044090408445,42.2191824028456],[-71.8044643797273,42.2192747866022],[-71.8045109151466,42.2193698152648],[-71.8045402195555,42.2194457720048],[-71.8046138371588,42.2195210866289],[-71.8046859358072,42.2196068477779],[-71.8047498101556,42.2196961378665],[-71.8048051499377,42.219788521623],[-71.8048516844576,42.2198835502857],[-71.8048891888849,42.2199807607036],[-71.8049174779592,42.2200796789341],[-71.8049322007604,42.2201575332436],[-71.804968776188,42.2201707919485],[-71.8050866017652,42.2202213554312],[-71.8051993947362,42.2202779039022],[-71.8053066065146,42.2203401639674],[-71.8054077154936,42.2204078307568],[-71.8055022270461,42.2204805751185],[-71.8055896816185,42.2205580427196],[-71.8056696538314,42.2206398558448],[-71.8057417533792,42.2207256169937],[-71.8058056286268,42.2208149070823],[-71.8058237859389,42.2208452178325],[-71.8059026537844,42.2208979999428],[-71.8059971662362,42.2209707443045],[-71.8060846217079,42.2210482119055],[-71.8061645948201,42.22113002593],[-71.8062366943679,42.2212157861796],[-71.8063005705148,42.2213050762683],[-71.8063559120956,42.2213974609242],[-71.8064024484142,42.2214924895868],[-71.8064399528415,42.2215896991054],[-71.8064682428151,42.2216886173359],[-71.8064721161952,42.2217090966975],[-71.8065174860931,42.2217630623155],[-71.80658136224,42.2218523524042],[-71.8066367038208,42.22194473706],[-71.8066832401394,42.2220397657227],[-71.806720745466,42.2221369752412],[-71.8067208111165,42.2221372045684],[-71.8067690048856,42.2221865072016],[-71.806841106232,42.2222722674512],[-71.8069049832783,42.2223615575399],[-71.8069603248591,42.2224539421957],[-71.8069701193755,42.222473943118],[-71.8070539829549,42.2225043446998],[-71.8071718130287,42.2225549072832],[-71.8072846104963,42.2226114566535],[-71.8073918267713,42.2226737167187],[-71.8074929384483,42.2227413835081],[-71.807587453598,42.2228141278697],[-71.8076749117677,42.2228915954708],[-71.8077548866787,42.222973408596],[-71.8078269889244,42.2230591688456],[-71.8078555073258,42.2230990321946],[-71.8079274315057,42.2231471657092],[-71.8080219466555,42.2232199100708],[-71.808100465564,42.2232894591412],[-71.8081028496667,42.2232912937583],[-71.8081903087357,42.2233687613593],[-71.808270284546,42.2234505744845],[-71.8083423867917,42.2235363347341],[-71.8084062656366,42.2236256248228],[-71.8084616081167,42.2237180094786],[-71.8085081462339,42.2238130381413],[-71.8085456524598,42.2239102476598],[-71.8085739442321,42.2240091658903],[-71.8085785856332,42.2240337065903],[-71.8086182304469,42.2240535816076],[-71.8087254485206,42.2241158416728],[-71.8088265628955,42.2241835084622],[-71.8089210807432,42.2242562528239],[-71.8090085407115,42.2243337204249],[-71.8090885174211,42.2244155335501],[-71.8091606214655,42.2245012937997],[-71.8092245003104,42.2245905838884],[-71.8092798445891,42.2246829685442],[-71.8093263827063,42.2247779972068],[-71.8093638898316,42.2248752067255],[-71.8093674826232,42.2248877702544],[-71.8093906338706,42.2249350422185],[-71.8094281400965,42.2250322517371],[-71.8094564318688,42.2251311699676],[-71.8094753715911,42.225231313974],[-71.8094848657339,42.2253321954245],[-71.8094848666332,42.2253625286578],[-71.8094896258455,42.2254130966372],[-71.8094896276442,42.2254769089322],[-71.8095283758338,42.2255560285879],[-71.8095658829591,42.2256532390059],[-71.8095746225707,42.225683795271],[-71.8095948312364,42.225717528841],[-71.809641370253,42.2258125575036],[-71.8096550318542,42.2258479647119],[-71.8096838434346,42.2258960595556],[-71.8097303833505,42.2259910882182],[-71.8097678904757,42.2260882986361],[-71.8097961831473,42.2261872159673],[-71.8098151228696,42.2262873599738],[-71.8098246170125,42.2263882414243],[-71.8098246206097,42.226489369289],[-71.8098243508131,42.2264922345291],[-71.8098459021666,42.2265113226395],[-71.8099258815741,42.2265931357646],[-71.8099979874171,42.2266788969136],[-71.81006186896,42.2267681870023],[-71.8101172150374,42.2268605707588],[-71.8101637549533,42.2269555994214],[-71.8102012629778,42.2270528098393],[-71.8102295565487,42.2271517271705],[-71.8102370604919,42.2271914052592],[-71.8102651382255,42.227248735241],[-71.8103026462501,42.2273459456589],[-71.8103309389217,42.2274448629901],[-71.8103498795433,42.2275450069965],[-71.8103504721965,42.2275512995529],[-71.8103769212579,42.2276198494765],[-71.8104052148288,42.2277187668077],[-71.8104241545511,42.2278189108141],[-71.8104336495932,42.2279197922646],[-71.8104336522912,42.2280209201294],[-71.8104241635443,42.2281218024793],[-71.8104052301172,42.2282219464857],[-71.8103769419423,42.2283208656155],[-71.810376030929,42.2283232272352],[-71.8103611039817,42.2284021796169],[-71.8103519767623,42.2284340956571],[-71.8103454440869,42.22846864761],[-71.8103213287663,42.2285529788369],[-71.810373430989,42.22860627446],[-71.81044553953,42.2286920347097],[-71.8105094228715,42.2287813247984],[-71.8105647707475,42.2288737085549],[-71.8106113124621,42.2289687372175],[-71.8106488213859,42.2290659476354],[-71.8106771149568,42.2291648649666],[-71.8106960555785,42.229265008973],[-71.8107055506206,42.2293658904235],[-71.8107055542179,42.2294670182883],[-71.8106978587192,42.2295488395074],[-71.8107005773697,42.2295777293288],[-71.8107005800677,42.2296420245598],[-71.8107433527235,42.2297018078922],[-71.810791382816,42.229781975258],[-71.810800681806,42.2297797296508],[-71.8109327130742,42.2297552644939],[-71.8110667183543,42.2297377043316],[-71.8112020456379,42.2297271337003],[-71.8113380357217,42.2297236047606],[-71.8114740258056,42.2297271337003],[-71.8115760871667,42.2297351061903],[-71.8116239014219,42.2297338651258],[-71.8117598915057,42.2297373940655],[-71.8118952187893,42.2297479646969],[-71.8119911054051,42.2297605300245],[-71.8120426932157,42.2297418304212],[-71.8121688582062,42.2297039482786],[-71.8122982706486,42.2296726986362],[-71.8124303019168,42.2296482334792],[-71.812564307197,42.229630673317],[-71.8125845221579,42.2296290941074],[-71.812621302631,42.2296077388062],[-71.8127341126891,42.2295511894359],[-71.8128519553534,42.2295006259532],[-71.8129742568564,42.2294562956716],[-71.8131004209476,42.229418413529],[-71.81322983339,42.2293871638865],[-71.813361863759,42.2293626987296],[-71.8134958681397,42.2293451385673],[-71.813631194524,42.229334567936],[-71.8137671837085,42.2293310389963],[-71.813903172893,42.229334567936],[-71.8140384992773,42.2293451385673],[-71.8141714298675,42.2293625584353],[-71.8142877014163,42.2293126685449],[-71.8144100029193,42.2292683382632],[-71.8145361661111,42.2292304561207],[-71.8146655785536,42.2291992064783],[-71.8147976080231,42.2291747413213],[-71.8149316124039,42.2291571811591],[-71.8150669387882,42.2291466105277],[-71.8152029270734,42.229143081588],[-71.8153389153586,42.2291466105277],[-71.8154506300425,42.2291553366495],[-71.8154614785644,42.2291533266647],[-71.8155954829451,42.2291357665024],[-71.8157308093294,42.2291251958711],[-71.8158667976146,42.2291216669315],[-71.8160027858998,42.2291251958711],[-71.816138112284,42.2291357665024],[-71.8162721166648,42.2291533266647],[-71.8164041461344,42.2291777918217],[-71.8165335576775,42.2292090414641],[-71.8166597217687,42.2292469236067],[-71.8167820223724,42.2292912538883],[-71.8168998650367,42.2293418173711],[-71.8170126750948,42.2293983667413],[-71.8171025020788,42.2294505229233],[-71.8171346402514,42.2294176491053],[-71.8172221074143,42.2293401815042],[-71.8173166324566,42.2292674371425],[-71.8174177549254,42.2291997703531],[-71.8175249819923,42.2291375111872],[-71.8176377911511,42.229080961817],[-71.8177556329161,42.2290303983343],[-71.8178779335198,42.2289860680527],[-71.8180040967117,42.2289481850108],[-71.8181335082548,42.2289169353683],[-71.818265536825,42.2288924711107],[-71.8183995412058,42.2288749109484],[-71.8185348657914,42.2288643403171],[-71.8186708540766,42.2288608113774],[-71.8188068423618,42.2288643403171],[-71.8189421669474,42.2288749109484],[-71.8190761713282,42.2288924711107],[-71.8192081998985,42.2289169353683],[-71.819264060388,42.2289304242997],[-71.8193565196876,42.2289132913154],[-71.8194905231691,42.2288957311531],[-71.819625848654,42.2288851605218],[-71.8197618369392,42.2288816315821],[-71.8197803575774,42.22888211182],[-71.8198632067215,42.2288520816583],[-71.8199893699135,42.2288141986164],[-71.8201187814566,42.228782948974],[-71.8202508100268,42.2287584847164],[-71.8203848135083,42.2287409245541],[-71.8205201389932,42.2287303539227],[-71.8205542457818,42.2287294689899],[-71.8205835915595,42.2287188318087],[-71.8207097547514,42.2286809487668],[-71.8208391653951,42.2286496991244],[-71.8209711939654,42.2286252348667],[-71.8211051974469,42.2286076747044],[-71.8212405220324,42.2285971040732],[-71.8213765094183,42.2285935751335],[-71.8215124968042,42.2285971040732],[-71.8216478213898,42.2286076747044],[-71.8217818248713,42.2286252348667],[-71.8219138534416,42.2286496991244],[-71.8220432640853,42.2286809487668],[-71.8221079091526,42.2287003597339],[-71.8221537853689,42.2286918593419],[-71.822287787951,42.2286742991796],[-71.8224231134359,42.2286637285483],[-71.8224948946237,42.2286618660523],[-71.8225873053598,42.2286341174706],[-71.8227167169029,42.2286028678282],[-71.8228487454732,42.2285784035705],[-71.8229827480553,42.2285608434083],[-71.8231180726409,42.2285502727769],[-71.8232540600268,42.2285467438372],[-71.8233900474127,42.2285502727769],[-71.8234115816791,42.2285519545092],[-71.8235265896803,42.2285429711812],[-71.8236625770662,42.2285394422415],[-71.8237985644521,42.2285429711812],[-71.8239338890377,42.2285535418126],[-71.8240678916198,42.2285711019748],[-71.8241999201902,42.2285955662325],[-71.8243293317332,42.2286268158749],[-71.824342710048,42.2286308331465],[-71.8243635401452,42.2286335625889],[-71.8244955687155,42.2286580268465],[-71.8246249793593,42.228689276489],[-71.8247511425511,42.2287271595308],[-71.8248734422555,42.2287714898125],[-71.8249912840205,42.2288220532952],[-71.82510409228,42.2288786017661],[-71.8252113193469,42.2289408618313],[-71.8253124409164,42.2290085286207],[-71.8254069650594,42.2290812729824],[-71.8254944322222,42.2291587405834],[-71.825574415227,42.2292405537086],[-71.8256465246673,42.2293263139583],[-71.8257104089082,42.2294156040469],[-71.8257657567842,42.2295079878035],[-71.8258122984988,42.2296030164661],[-71.8258498083219,42.229700226884],[-71.8258781027922,42.2297991442152],[-71.8258970434138,42.2298992882217],[-71.8259032262529,42.2299649738046],[-71.825943391774,42.2299702375365],[-71.8260754239416,42.2299947026934],[-71.8262048372834,42.2300259523359],[-71.8263310022739,42.2300638344784],[-71.8264533055756,42.2301081656594],[-71.8265711491392,42.2301587282428],[-71.8266839600967,42.230215277613],[-71.8267911889621,42.2302775367789],[-71.8268834504109,42.2303392725394],[-71.8268925533486,42.2303370745964],[-71.8269864659526,42.2303196736141],[-71.827048874406,42.2302454516663],[-71.8271288583101,42.2301636385411],[-71.8272163263723,42.2300861709401],[-71.8273108523139,42.2300134265784],[-71.8274119756821,42.229945759789],[-71.8274968590927,42.2298964751423],[-71.8275036498735,42.2298904604764],[-71.8275981758151,42.2298177161148],[-71.8276992991833,42.2297500493254],[-71.8278065262501,42.2296877901594],[-71.8279193372076,42.2296312407892],[-71.8280371798719,42.2295806773064],[-71.8280701301323,42.2295687343097],[-71.8280782986745,42.2295614992638],[-71.8281728246161,42.2294887549021],[-71.8282739470849,42.2294210881128],[-71.8283811741518,42.2293588289468],[-71.82849398421,42.2293022795766],[-71.828611825975,42.2292517160939],[-71.828734127478,42.2292073858122],[-71.8288602906699,42.2291695036697],[-71.8289897031123,42.2291382540272],[-71.8291217325819,42.2291137888703],[-71.8292557360633,42.229096228708],[-71.8293910624475,42.2290856580767],[-71.8295270507328,42.229082129137],[-71.829663039018,42.2290856580767],[-71.8297983654022,42.229096228708],[-71.8298280637141,42.2291001200745],[-71.8298532717111,42.2290981514586],[-71.8299892599963,42.2290946225188],[-71.8301252482815,42.2290981514586],[-71.8302605746658,42.2291087220899],[-71.8303945781472,42.2291262822522],[-71.8305266085162,42.2291507474091],[-71.8306560200592,42.2291819970516],[-71.8307821841505,42.2292198791941],[-71.8309044847541,42.2292642094757],[-71.8310223274185,42.2293147729584],[-71.8311351365772,42.2293713223287],[-71.8311904889499,42.2294034614007],[-71.8312995137615,42.2294062906678],[-71.8314348401457,42.2294168612992],[-71.8315688454259,42.2294344214614],[-71.8317008757948,42.2294588866184],[-71.8318302882372,42.2294901362608],[-71.8319108288217,42.22951431993],[-71.8319199587391,42.2295145564516],[-71.8320552860226,42.229525127083],[-71.8320699764482,42.2295270516322],[-71.8320542527015,42.2294438904233],[-71.8320447639546,42.2293430080734],[-71.8320447666526,42.2292418802086],[-71.8320542616948,42.2291409987581],[-71.8320650706465,42.2290838504394],[-71.832057565804,42.2290040634868],[-71.8320575694013,42.228902935622],[-71.8320670635441,42.2288020541715],[-71.8320860041657,42.2287019101651],[-71.8321142977366,42.2286029928339],[-71.8321518066605,42.228505782416],[-71.832198348375,42.2284107537533],[-71.8322536953517,42.2283183699968],[-71.8323175786933,42.2282290799081],[-71.8323896863349,42.2281433196585],[-71.8324696684404,42.2280615065334],[-71.8325571329053,42.2279840389323],[-71.832651656149,42.2279112945706],[-71.8327527768192,42.2278436277812],[-71.8328600011881,42.227781367716],[-71.8329728076489,42.227724819245],[-71.8330906476153,42.2276742557623],[-71.8332129446217,42.2276299245814],[-71.8333391060149,42.2275920424389],[-71.8334685139607,42.2275607927964],[-71.8336005407323,42.2275363285388],[-71.8337345415159,42.2275187683765],[-71.8338698643028,42.2275081977452],[-71.8340058489907,42.2275046679061],[-71.8340792885283,42.2275065744689],[-71.8341379063393,42.2274957124572],[-71.8342719071228,42.227478152295],[-71.8344072299097,42.2274675816636],[-71.8345432145977,42.2274640518246],[-71.8346791992856,42.2274675816636],[-71.8347877915233,42.2274760640691],[-71.8347929194576,42.2274745244298],[-71.8349223274034,42.2274432747873],[-71.835054354175,42.2274188105297],[-71.8351883549586,42.2274012503674],[-71.8353236768461,42.2273906797361],[-71.8354596615341,42.2273871498971],[-71.835595646222,42.2273906797361],[-71.8357309681097,42.2274012503674],[-71.8358649688931,42.2274188105297],[-71.8359969956648,42.2274432747873],[-71.836029138334,42.2274510368359],[-71.8361230356496,42.2274170001945],[-71.8362360732361,42.2273830579818],[-71.836262805584,42.2273715880284],[-71.8363851034897,42.2273272568475],[-71.8365112630843,42.2272893747049],[-71.8366406710301,42.2272581250625],[-71.8367726969024,42.2272336608049],[-71.8369066967866,42.2272161006426],[-71.8370420186742,42.2272055300112],[-71.8371780033621,42.2272020001722],[-71.8371969430844,42.2272024921013],[-71.8372193200155,42.2271983453275],[-71.837278349716,42.2271806205892],[-71.8374077576618,42.2271493709468],[-71.8375397835342,42.2271249066891],[-71.8376737834183,42.2271073456275],[-71.837809105306,42.2270967758955],[-71.8379450890945,42.2270932460565],[-71.8380810728831,42.2270967758955],[-71.8382163947708,42.2271073456275],[-71.8383104206893,42.2271196681382],[-71.8383485132732,42.2271126093595],[-71.8384825131574,42.2270950482979],[-71.838617835045,42.2270844785659],[-71.8387538188337,42.2270809487268],[-71.8388898026222,42.2270844785659],[-71.8390251245099,42.2270950482979],[-71.8391370442392,42.2271097153412],[-71.8391937725745,42.2270891523426],[-71.8393199321691,42.2270512702],[-71.8394493392156,42.2270200205576],[-71.8395813650879,42.2269955562999],[-71.8397153649721,42.2269779952383],[-71.8398506859604,42.2269674255064],[-71.839986669749,42.2269638956673],[-71.8401226535376,42.2269674255064],[-71.8402579745259,42.2269779952383],[-71.8403919744101,42.2269955562999],[-71.8405240002824,42.2270200205576],[-71.8406534073288,42.2270512702],[-71.8407795669235,42.2270891523426],[-71.8409018639298,42.2271334835235],[-71.8409885226022,42.2271706677922],[-71.8410285963926,42.2271398264419],[-71.8411297161634,42.2270721596525],[-71.8412369387337,42.2270099004866],[-71.8413497442952,42.2269533511163],[-71.8414675824629,42.2269027885329],[-71.84158987857,42.226858457352],[-71.8417160381646,42.2268205752094],[-71.8418454452111,42.226789325567],[-71.8419774692848,42.2267648613093],[-71.8421114691689,42.2267473002478],[-71.8421761897793,42.2267422451586],[-71.8422471453894,42.2267251103756],[-71.8423791703624,42.226700646118],[-71.8425131693472,42.2266830850564],[-71.8426484903355,42.226672514425],[-71.8426695803368,42.2266719667379],[-71.8427418687422,42.226650260701],[-71.8428712748894,42.2266190110586],[-71.8430032998623,42.2265945468009],[-71.8431372979479,42.2265769857394],[-71.8432726189362,42.226566415108],[-71.8434086018255,42.2265628861683],[-71.8435363604146,42.2265662019687],[-71.8436468016585,42.2265395316741],[-71.8437788257322,42.2265150674165],[-71.8439128247171,42.2264975063549],[-71.844048144806,42.2264869357236],[-71.8441841276953,42.2264834067839],[-71.8443201105846,42.2264869357236],[-71.8444554306735,42.2264975063549],[-71.8445894296584,42.2265150674165],[-71.8447214537321,42.2265395316741],[-71.8447943033144,42.2265571233127],[-71.8449134410025,42.2265415101826],[-71.845013074194,42.2265337274496],[-71.845069513847,42.2265095096062],[-71.845191809954,42.2264651784253],[-71.84531796775,42.2264272962827],[-71.8454473738972,42.2263960466403],[-71.8455793979708,42.2263715814834],[-71.8457133969557,42.2263540213211],[-71.8458487161453,42.2263434506897],[-71.8459846990346,42.22633992175],[-71.8460517902579,42.2263416628375],[-71.8461800389776,42.2263248563071],[-71.8463153590665,42.2263142856758],[-71.8464513410565,42.2263107567361],[-71.8465873230465,42.2263142856758],[-71.8466755618277,42.22632117808],[-71.8467716319053,42.226303376],[-71.8468348182722,42.2262804711669],[-71.8469609760681,42.2262425890243],[-71.8470903822154,42.2262113393819],[-71.847222406289,42.2261868742249],[-71.8473564034752,42.2261693140626],[-71.8474917235641,42.2261587434313],[-71.8476277055541,42.2261552144916],[-71.8477636875441,42.2261587434313],[-71.8477807054152,42.2261600726293],[-71.8477824267176,42.2261596571425],[-71.8479144498919,42.2261351919856],[-71.8480484479775,42.2261176318233],[-71.8481837671671,42.2261070611919],[-71.848319749157,42.2261035322522],[-71.8484557311471,42.2261070611919],[-71.8485910503367,42.2261176318233],[-71.8486263127541,42.22612225254],[-71.8487075952793,42.2261159033263],[-71.8488435772692,42.2261123743866],[-71.8489795592592,42.2261159033263],[-71.8489927424211,42.2261169330501],[-71.8490688889181,42.2261109849341],[-71.8491689987503,42.2261083867926],[-71.8492017826361,42.2261004700607],[-71.8493338058104,42.2260760049037],[-71.849467803896,42.2260584447415],[-71.8496031230856,42.2260478741102],[-71.8497391050756,42.2260443451705],[-71.8498750870656,42.2260478741102],[-71.8500104062552,42.2260584447415],[-71.8501444043408,42.2260760049037],[-71.8502764275151,42.2261004700607],[-71.8504058327629,42.2261317197032],[-71.8505319905589,42.2261696018457],[-71.8506542857666,42.2262139330267],[-71.8507721221357,42.2262644956101],[-71.8508849267979,42.2263210449803],[-71.8509921484688,42.2263833041462],[-71.8510932664411,42.2264509709356],[-71.8511877869867,42.2265237152973],[-71.8512752505523,42.2266011828983],[-71.851299893775,42.2266263908953],[-71.8513680650841,42.2266059205269],[-71.8514974721306,42.2265746708844],[-71.8515300671588,42.2265686310375],[-71.8515633438732,42.2265290527736],[-71.8516433232807,42.2264472396484],[-71.8517307868463,42.2263697720474],[-71.851825307392,42.2262970276857],[-71.8519264244649,42.2262293608963],[-71.8520336461358,42.2261671017304],[-71.8521464498987,42.2261105523602],[-71.8522642862678,42.2260599897768],[-71.8523865814755,42.2260156585958],[-71.8524139658318,42.226007435195],[-71.8525036795012,42.2259474000525],[-71.8526109011721,42.2258851408866],[-71.852723704935,42.2258285915163],[-71.8528415404047,42.225778028933],[-71.8529638347131,42.225733697752],[-71.8530899916098,42.2256958156095],[-71.8532193959583,42.225664565967],[-71.8533514182333,42.22564010081],[-71.8534854154195,42.2256225406478],[-71.8536207337099,42.2256119700165],[-71.8537567148005,42.2256084410768],[-71.8538926958911,42.2256119700165],[-71.8540280141815,42.2256225406478],[-71.8541620113677,42.22564010081],[-71.8542940336427,42.225664565967],[-71.8544234379912,42.2256958156095],[-71.8545495948878,42.225733697752],[-71.8546718891963,42.225778028933],[-71.854789724666,42.2258285915163],[-71.8549025284289,42.2258851408866],[-71.8549836167005,42.2259322257917],[-71.8550063650517,42.2259404716755],[-71.8550523527838,42.2259602045998],[-71.8551219018543,42.2259198205433],[-71.8552347056171,42.2258632711731],[-71.8553525410869,42.2258127085897],[-71.8554748353953,42.2257683774088],[-71.8556009922919,42.2257304952662],[-71.8557303975398,42.2256992456237],[-71.8558624198148,42.2256747804668],[-71.855996417001,42.2256572203045],[-71.8561317352913,42.2256466496732],[-71.856267716382,42.2256431207335],[-71.8564036974726,42.2256466496732],[-71.8565390157629,42.2256572203045],[-71.8566730129492,42.2256747804668],[-71.8568050352242,42.2256992456237],[-71.856934440472,42.2257304952662],[-71.8570605973686,42.2257683774088],[-71.8571828916771,42.2258127085897],[-71.8573007271468,42.2258632711731],[-71.8574135309097,42.2259198205433],[-71.8575207525806,42.2259820797093],[-71.8576218696535,42.2260497464986],[-71.8577163892999,42.2261224908603],[-71.8578038519661,42.2261999584614],[-71.8578568553096,42.2262541767889],[-71.8579161143372,42.2262796042204],[-71.8580289181,42.2263361535907],[-71.8581361406703,42.2263984127566],[-71.8582372586425,42.226466079546],[-71.8583317791882,42.2265388239077],[-71.8584192418545,42.2266162915087],[-71.8584992221614,42.2266981046339],[-71.8585713280044,42.2267838657828],[-71.8586352104466,42.2268731558715],[-71.8586905556246,42.226965539628],[-71.8587370964398,42.2270605682906],[-71.8587746044644,42.2271577787086],[-71.8588028971359,42.2272566960397],[-71.8588218368582,42.2273568400462],[-71.8588313319004,42.2274577214967],[-71.8588313327998,42.227498116345],[-71.8588907366182,42.227568767085],[-71.8589546190604,42.2276580571736],[-71.8590099651377,42.2277504409302],[-71.8590565059529,42.2278454695928],[-71.8590940148769,42.2279426800107],[-71.8591223075484,42.2280415973419],[-71.85914124817,42.2281417413483],[-71.8591507432122,42.2282426227988],[-71.8591507459101,42.2283437506636],[-71.8591415557382,42.2284414575073],[-71.8591810719489,42.2284718689816],[-71.8592685382124,42.2285493365826],[-71.8593485203179,42.2286311497078],[-71.8594206288589,42.2287169099575],[-71.8594845122004,42.2288062000462],[-71.8595398600764,42.2288985838027],[-71.859586401791,42.2289936124653],[-71.8596181469599,42.2290758860433],[-71.8596232694982,42.2290788601014],[-71.8597243910677,42.2291465268908],[-71.85981891611,42.2292192712524],[-71.8599063832729,42.2292967388535],[-71.8599863662777,42.2293785519786],[-71.8600584757181,42.2294643122283],[-71.8601223599589,42.229553602317],[-71.8601777078349,42.2296459860735],[-71.8602242504488,42.2297410147361],[-71.860261760272,42.229838225154],[-71.8602722886352,42.2298750335061],[-71.8603012944691,42.229923447609],[-71.860347837083,42.2300184762717],[-71.8603853469062,42.2301156866897],[-71.8604136413764,42.2302146040208],[-71.860432581998,42.2303147480272],[-71.8604420770402,42.2304156294778],[-71.8604420806375,42.2305167573425],[-71.8604390849957,42.2305486005375],[-71.8604466734752,42.2305751287392],[-71.8604613189347,42.230652564864],[-71.8604785679315,42.2306766729901],[-71.8605339176062,42.2307690576459],[-71.8605804611194,42.2308640854093],[-71.8606179709425,42.2309612958272],[-71.8606462654128,42.2310602131583],[-71.8606652069337,42.2311603571648],[-71.8606747019759,42.2312612386153],[-71.8606747046738,42.2313623664801],[-71.8606652159269,42.2314632488299],[-71.8606462807012,42.2315633928363],[-71.860617991627,42.2316623110668],[-71.8605804871997,42.2317595223841],[-71.8605339481831,42.2318545528454],[-71.8604786039044,42.2319469384005],[-71.8604147214622,42.2320362302879],[-71.8603426138205,42.2321219932355],[-71.8603274413583,42.232137512836],[-71.8603362160435,42.2322307419552],[-71.8603362196408,42.23233186982],[-71.8603267299945,42.2324327521698],[-71.8603077947689,42.2325328961763],[-71.8602795047952,42.2326318144068],[-71.8602419994687,42.232729025724],[-71.8601954604521,42.2328240561853],[-71.8601401143748,42.2329164417404],[-71.8600762319325,42.2330057336277],[-71.8600041224922,42.233091495676],[-71.8599241385881,42.2331733114992],[-71.8598366696266,42.2332507808988],[-71.8597421418863,42.2333235279585],[-71.8596410158202,42.2333911965466],[-71.8595337842567,42.2334534584105],[-71.8594209697019,42.2335100095793],[-71.8593031207424,42.2335605748607],[-71.8591808129441,42.233604906941],[-71.859054640759,42.2336427908821],[-71.8589252202227,42.2336740423232],[-71.8587931817599,42.2336985074802],[-71.8586591683859,42.2337160685418],[-71.8585238321091,42.2337266400724],[-71.8583878339314,42.2337301690121],[-71.8583534969163,42.233729277784],[-71.858231166635,42.2337660087943],[-71.8581017451993,42.2337972602354],[-71.8579697067365,42.2338217253924],[-71.8578356924632,42.233839286454],[-71.8577003561865,42.2338498579846],[-71.8575643580087,42.2338533869243],[-71.8574478040729,42.2338503625043],[-71.857475576037,42.2338833892071],[-71.8574903294152,42.2339040079636],[-71.8576231529861,42.2339214125432],[-71.8577551923482,42.2339458768008],[-71.8578846137839,42.2339771264433],[-71.8580107868683,42.2340150085859],[-71.8581330973645,42.2340593397668],[-71.858250949022,42.2341099023502],[-71.8583637671741,42.2341664517204],[-71.8584710023349,42.2342287108863],[-71.8585721328976,42.2342963776757],[-71.8586666651344,42.2343691220374],[-71.8587541394919,42.2344465896385],[-71.858834128792,42.2345284027636],[-71.8589062436282,42.2346141630132],[-71.858970133265,42.2347034522026],[-71.859025486537,42.2347958368584],[-71.8590720327481,42.2348908655211],[-71.8591095452692,42.2349880750397],[-71.8591378415381,42.2350869932702],[-71.8591567839584,42.2351871363773],[-71.8591662798999,42.2352880178278],[-71.8591662825978,42.2353891456926],[-71.8591651701365,42.2354009744755],[-71.859189190129,42.2354849450742],[-71.8592081325492,42.2355850881813],[-71.8592176284907,42.2356859696318],[-71.859217632088,42.2357870974966],[-71.8592081424418,42.2358879798464],[-71.8591892054175,42.2359881238529],[-71.8591609145445,42.2360870420834],[-71.8591465038081,42.2361243927266],[-71.8591617500147,42.2361639017427],[-71.8591900471829,42.2362628199732],[-71.8592089896031,42.2363629630804],[-71.8592184855447,42.2364638445309],[-71.8592184882426,42.2365649723956],[-71.8592089985964,42.2366658547455],[-71.8591900624714,42.2367659987519],[-71.8591617706991,42.2368649169824],[-71.8591242626745,42.2369621282996],[-71.8590777200607,42.2370571578616],[-71.8590223712854,42.2371495443161],[-71.8589584834472,42.2372388353041],[-71.8588863695103,42.2373245982516],[-71.8588063802102,42.2374064131755],[-71.8587189058528,42.2374838825752],[-71.8586243718173,42.2375566296348],[-71.8585232394559,42.2376242982228],[-71.8584159997985,42.2376865600867],[-71.8583392921246,42.2377250088022],[-71.8583809199434,42.2377745110849],[-71.8584448131775,42.2378638011736],[-71.858460977592,42.2378907781369],[-71.8584671316528,42.2378970724919],[-71.8585392509856,42.2379828327416],[-71.8586031442197,42.2380721228303],[-71.8586585001896,42.2381645065868],[-71.8587050481994,42.2382595352494],[-71.8587425634185,42.238356744768],[-71.8587603789883,42.238419023719],[-71.8587652083476,42.2384288820873],[-71.8588946342799,42.2384458397038],[-71.8590074659218,42.2384667435454],[-71.8590088589716,42.2384669261078],[-71.8591409082263,42.2384913903654],[-71.8592703386552,42.2385226400079],[-71.8592845848157,42.2385269171835],[-71.8593003427366,42.2385298363829],[-71.8594297740648,42.2385610860253],[-71.8594321078055,42.2385617865972],[-71.8594519027831,42.238564380242],[-71.8595839520377,42.2385888444996],[-71.8596751010251,42.2386108518094],[-71.8596839665418,42.2386124939715],[-71.85981339787,42.2386437436139],[-71.8599395799476,42.2386816257565],[-71.8599711452521,42.2386930660322],[-71.8599704761565,42.2386859505962],[-71.8599704797538,42.2385848227314],[-71.8599799756953,42.2384839412809],[-71.8599989190149,42.2383837981738],[-71.8600272170823,42.2382848799433],[-71.8600647314022,42.2381876704247],[-71.8601112803113,42.2380926417621],[-71.8601666353819,42.2380002580056],[-71.8602305286159,42.2379109679169],[-71.8603026479488,42.2378252076672],[-71.8603826408462,42.2377433945421],[-71.8604701197002,42.237665926941],[-71.860564657333,42.2375931834787],[-71.8606657932917,42.2375255166893],[-71.8607730338484,42.237463256624],[-71.8608858582957,42.2374067081531],[-71.8610037153492,42.2373561446704],[-71.8611260321406,42.2373118143888],[-71.8612522115203,42.2372739322462],[-71.8613816401505,42.2372426826038],[-71.8615136867072,42.2372182174468],[-71.8616477081752,42.2372006572846],[-71.8617830516465,42.2371900866532],[-71.8618354920143,42.237188725979],[-71.86195683484,42.2371662438271],[-71.8620908563079,42.2371486836649],[-71.8622261997792,42.2371381130336],[-71.8623622051516,42.2371345840938],[-71.8624982105239,42.2371381130336],[-71.8626335539953,42.2371486836649],[-71.8627675754632,42.2371662438271],[-71.8628996211206,42.2371907089841],[-71.8630290497508,42.2372219586265],[-71.8631552300298,42.2372598407691],[-71.863277545922,42.2373041710507],[-71.8633954029754,42.2373547345334],[-71.8635082274227,42.2374112830043],[-71.8636154679794,42.2374735430696],[-71.8637166039381,42.237541209859],[-71.8638111406715,42.2376139533213],[-71.8638986195256,42.2376914209224],[-71.8639786133223,42.2377732340475],[-71.8640086443834,42.2378089452267],[-71.8640557562681,42.2378506656758],[-71.8641357500647,42.2379324788009],[-71.8642078693976,42.2380182390505],[-71.8642717626317,42.2381075291392],[-71.8643271186016,42.2381999128957],[-71.8643736666114,42.2382949415584],[-71.8643777297484,42.2383054708209],[-71.8644161595781,42.2383591756355],[-71.864471515548,42.238451559392],[-71.8645180644571,42.2385465880546],[-71.8645555787769,42.2386437975733],[-71.8645670019656,42.2386837274721],[-71.8646118529546,42.2387752901476],[-71.8646476747504,42.2388681109746],[-71.8646992382792,42.2389294267517],[-71.8647631324126,42.2390187168403],[-71.8648184892818,42.2391111005969],[-71.8648650381909,42.2392061292595],[-71.86490255341,42.2393033387781],[-71.8649308514776,42.2394022570086],[-71.8649497956965,42.2395024001157],[-71.8649592916379,42.2396032815662],[-71.8649592952352,42.239704409431],[-71.8649498046897,42.2398052908815],[-71.8649440993906,42.2398354622368],[-71.8649982619602,42.2398771377198],[-71.8650857435122,42.2399546053208],[-71.8651657400068,42.240036418446],[-71.8652378620376,42.2401221786956],[-71.8653017570704,42.240211467885],[-71.865357114839,42.2403038525408],[-71.8654036646474,42.2403988803042],[-71.8654411807659,42.240496090722],[-71.8654694797327,42.2405950080532],[-71.8654884230522,42.2406951511604],[-71.8654979198931,42.2407960326109],[-71.8654979234904,42.2408946846421],[-71.8654994046738,42.2408977081628],[-71.8655369207922,42.2409949185807],[-71.865565219759,42.2410938359118],[-71.8655841639779,42.241193979019],[-71.8655936608188,42.2412948604695],[-71.8655936626174,42.2413424471962],[-71.8656216729019,42.2413710933014],[-71.865693795832,42.241456853551],[-71.8657576926634,42.2415461427403],[-71.8658130513312,42.2416385273961],[-71.8658415076794,42.2416966182044],[-71.8658983664164,42.2417403666247],[-71.8659858506664,42.2418178342257],[-71.8660658498591,42.2418996473509],[-71.8661379736885,42.2419854076005],[-71.8662018705199,42.2420746967899],[-71.8662572300871,42.2421670814457],[-71.8663037816941,42.242262109209],[-71.8663412987119,42.2423593196269],[-71.8663695976787,42.2424582369581],[-71.866388542797,42.2425583800652],[-71.8663980396378,42.2426592615158],[-71.8663980423357,42.2427603893805],[-71.8663885517902,42.242861270831],[-71.8663696129672,42.2429614148375],[-71.8663413193963,42.2430603339673],[-71.8663038077744,42.2431575443852],[-71.866257260664,42.2432525748465],[-71.8662019055934,42.2433449604016],[-71.8661380123593,42.2434342513897],[-71.8660658912278,42.2435200143373],[-71.8659858947332,42.2436018292611],[-71.8658984113825,42.2436792986608],[-71.8658038674545,42.2437520457204],[-71.8657027252005,42.2438197143084],[-71.8655954756507,42.2438819761723],[-71.8654826422101,42.2439385273412],[-71.8653647743648,42.2439890917233],[-71.8652424458821,42.2440334247028],[-71.8651162530126,42.244071308644],[-71.8649868117919,42.2441025591858],[-71.8648547508461,42.2441270243427],[-71.8647207149889,42.2441445854043],[-71.8645853571285,42.244155156935],[-71.8644493364677,42.2441586858747],[-71.8643133158068,42.244155156935],[-71.8641779579464,42.2441445854043],[-71.8640439220893,42.2441270243427],[-71.8639798534874,42.2441151550904],[-71.8639666379499,42.2441141226687],[-71.8639597635323,42.2441175679714],[-71.8638418947876,42.2441681332528],[-71.8637195663049,42.2442124653331],[-71.8635933734354,42.2442503501736],[-71.8634639313153,42.2442816007153],[-71.8633318703695,42.2443060658723],[-71.8631978345124,42.2443236269339],[-71.8630624766519,42.2443341984645],[-71.8629264550918,42.2443377274042],[-71.8627904335316,42.2443341984645],[-71.8626550756712,42.2443236269339],[-71.8625210398141,42.2443060658723],[-71.8624642692106,42.2442955483009],[-71.8624448267673,42.2442930014209],[-71.8623127658215,42.244268536264],[-71.8621833237014,42.2442372857222],[-71.8620604700146,42.2442004036258],[-71.8619686789114,42.2441833983452],[-71.8618392367913,42.2441521478034],[-71.8617130439218,42.2441142638622],[-71.8615907154391,42.2440699308826],[-71.8614728475938,42.2440193665006],[-71.8613600132539,42.2439628153317],[-71.861252763704,42.2439005534678],[-71.8612263973803,42.2438829132659],[-71.8611398034591,42.2438806667594],[-71.8610044455987,42.2438700961281],[-71.8609172994937,42.2438586783354],[-71.8609088386719,42.2438584589008],[-71.8608520123105,42.2438540207465],[-71.8607161787086,42.2438575451896],[-71.8605801589471,42.2438540162499],[-71.8604448010867,42.2438434456185],[-71.8603107661289,42.243825884557],[-71.8601787060824,42.2438014185007],[-71.8600492648616,42.2437701679589],[-71.8599808408431,42.2437496265441],[-71.8599264201681,42.2437597088435],[-71.859792384311,42.2437772699051],[-71.8596570273499,42.2437878405365],[-71.8595210075884,42.2437913694762],[-71.8593849878269,42.2437878405365],[-71.8593462180535,42.2437848125191],[-71.8592907100982,42.2437833727045],[-71.859155353137,42.2437728020732],[-71.8590957226894,42.2437649896626],[-71.8590732126586,42.2437679385396],[-71.8589378556974,42.2437785091709],[-71.8588423710785,42.2437809868031],[-71.8589188413314,42.243832145637],[-71.8590133879575,42.2439048899987],[-71.8591008758048,42.2439823567004],[-71.859180876796,42.2440641698256],[-71.8592530033234,42.2441499300752],[-71.8592719268579,42.2441763728414],[-71.8592730114403,42.2441776624692],[-71.8592892055324,42.2441920021593],[-71.8593148416066,42.2442182182962],[-71.8593509592793,42.2442460073474],[-71.8594384471266,42.2443234740492],[-71.8595184490172,42.2444052871743],[-71.8595905755446,42.2444910474239],[-71.859608552093,42.244516166388],[-71.8596196713107,42.2445260121658],[-71.8596996741006,42.244607825291],[-71.8597506782511,42.2446684701738],[-71.8597956155751,42.2447144246311],[-71.8598677421026,42.2448001848807],[-71.8598834379703,42.2448221175467],[-71.859906830236,42.2448499308796],[-71.8599707297653,42.2449392209683],[-71.8600260920305,42.2450316047248],[-71.8600410873263,42.24506221405],[-71.8600418436561,42.2450629874669],[-71.8601135951662,42.2451265200729],[-71.8601935979561,42.2452083331981],[-71.8602657253829,42.2452940934477],[-71.8603296258115,42.2453833835364],[-71.8603713804348,42.2454530603105],[-71.8603900953266,42.2454753122359],[-71.8604274495671,42.2455275079881],[-71.8604383007869,42.2455358563947],[-71.8605257904329,42.2456133239958],[-71.8606021473711,42.2456914076324],[-71.8606124167296,42.2456993081766],[-71.8606999063755,42.2457767757776],[-71.8607799100648,42.2458585880035],[-71.8608520383908,42.2459443482531],[-71.8609159397188,42.2460336383418],[-71.8609470832413,42.2460856083642],[-71.860965747771,42.246107800035],[-71.860972547545,42.2461173013724],[-71.861035756395,42.2461819392452],[-71.861107884721,42.2462676985955],[-71.8611717860491,42.2463569886841],[-71.8611910036619,42.2463890567096],[-71.8612732916291,42.2464243542007],[-71.8613861313648,42.2464809026716],[-71.8614933881094,42.2465431627368],[-71.8615945375578,42.2466108286269],[-71.8616890886805,42.2466835729886],[-71.861776580125,42.2467610405896],[-71.8618565847136,42.2468428537148],[-71.8619287139389,42.2469286139644],[-71.8619926161663,42.2470179031537],[-71.8620143536795,42.2470541764092],[-71.8620324264553,42.2470701780463],[-71.8621124319432,42.2471519911715],[-71.8621845620679,42.2472377514211],[-71.8622484642951,42.2473270406105],[-71.8623038274596,42.247419424367],[-71.8623503835633,42.2475144530296],[-71.8623879032791,42.2476116625483],[-71.862413083397,42.2476996666064],[-71.862413912572,42.2476995577884],[-71.862549277627,42.2476889871571],[-71.8626853063818,42.2476854582173],[-71.8628213351365,42.2476889871571],[-71.8629567001915,42.2476995577884],[-71.8630907441425,42.2477171179507],[-71.8632228122829,42.2477415831076],[-71.8633522624969,42.2477728318507],[-71.863478462561,42.2478107148926],[-71.8636008000369,42.2478550451743],[-71.8637186768754,42.2479056077577],[-71.8638315193091,42.2479621571279],[-71.8639387778523,42.2480244162938],[-71.8639468969317,42.2480298472997],[-71.8640384119431,42.2480630089008],[-71.864156289681,42.2481135714842],[-71.8642691321147,42.2481701208545],[-71.8643763915572,42.2482323800204],[-71.8644775446029,42.2483000468098],[-71.8645720975242,42.2483727902721],[-71.8646595907675,42.2484502578732],[-71.864739598054,42.2485320709984],[-71.8648117299773,42.2486178312479],[-71.864875633104,42.2487071204373],[-71.8649309980671,42.2487995041938],[-71.8649775550701,42.2488945328565],[-71.8650150756852,42.248991742375],[-71.8650433782493,42.2490906597062],[-71.8650623251662,42.2491908028134],[-71.8650718229063,42.2492916842639],[-71.8650718256042,42.2493928121286],[-71.8650623341593,42.2494936935792],[-71.8650433935377,42.2495938375856],[-71.8650150963696,42.2496927558161],[-71.8649775811504,42.2497899671333],[-71.8649310295434,42.2498849966953],[-71.8648756681775,42.2499773822505],[-71.8648469501266,42.2500175126981],[-71.8648494601345,42.2500441722008],[-71.8648494628324,42.2501453000656],[-71.8648399713875,42.2502461815161],[-71.8648389695427,42.2502514776236],[-71.8648340502512,42.2503037642074],[-71.8648151087302,42.2504039082138],[-71.8648053160125,42.2504381418069],[-71.8647979568602,42.2505163612411],[-71.8647790162386,42.2506165052476],[-71.8647507181711,42.2507154234781],[-71.8647132020526,42.2508126347953],[-71.8646666495462,42.2509076643573],[-71.8646395745567,42.2509528462969],[-71.8646383352909,42.2509560577759],[-71.8645917827845,42.2510510873379],[-71.8645364205194,42.251143472893],[-71.8644725191914,42.251232763881],[-71.8644003890666,42.2513185259293],[-71.8643729678382,42.2513465667907],[-71.8643490971331,42.2513749493945],[-71.8642690907459,42.2514567652176],[-71.8642688065601,42.2514570170277],[-71.8642592791424,42.251470329692],[-71.8641871490177,42.2515560917403],[-71.8641071417312,42.2516379075635],[-71.8640196475886,42.2517153769632],[-71.8639250928687,42.2517881231234],[-71.8638239371249,42.2518557917115],[-71.8637166740852,42.2519180535754],[-71.8636281457223,42.2519624180312],[-71.8635928149564,42.2519860522146],[-71.8634855510173,42.2520483140785],[-71.8633727031877,42.2521048652474],[-71.8632548200538,42.2521554296294],[-71.8632458960812,42.2521586635915],[-71.8631416232872,42.2522109169004],[-71.8630237401534,42.2522614812824],[-71.862901395483,42.2523058133626],[-71.862876639845,42.2523132444607],[-71.8627928634998,42.2523491786717],[-71.8626705188294,42.252393510752],[-71.8626140602906,42.2524104575766],[-71.8625503981823,42.2524377645912],[-71.8624280544112,42.2524820966715],[-71.8623018444545,42.2525199806126],[-71.8622664246557,42.2525285313667],[-71.8622528781677,42.2526001488778],[-71.8622380069784,42.2526521332893],[-71.8622376976116,42.2526537673575],[-71.8622093995441,42.252752685588],[-71.862171881627,42.2528498960059],[-71.8621253282213,42.2529449264672],[-71.8620699650568,42.2530373120224],[-71.8620060610309,42.2531266030104],[-71.8619339291075,42.2532123650586],[-71.8618539200223,42.2532941799824],[-71.8617664231818,42.2533716493822],[-71.8616802177678,42.2534379707858],[-71.8616173551568,42.2534936298272],[-71.8615227968396,42.2535663768869],[-71.8614216383979,42.2536340454749],[-71.8613143726601,42.2536963064395],[-71.8612015212332,42.2537528576083],[-71.8611966019416,42.2537549674179],[-71.8611319451831,42.2537873681925],[-71.861014058452,42.2538379334739],[-71.8608917110836,42.2538822655542],[-71.8607654993283,42.2539201494953],[-71.8606360374231,42.2539514000371],[-71.8605765679542,42.2539624158329],[-71.8605851393926,42.2540534533043],[-71.8605851420906,42.254154581169],[-71.8605756497464,42.2542554626195],[-71.8605567082255,42.254355606626],[-71.8605284083593,42.2544545248565],[-71.8605239369301,42.2544661099231],[-71.8605508302566,42.2544899194743],[-71.860630845637,42.2545717325995],[-71.8607029838556,42.254657492849],[-71.8607668932775,42.2547467820384],[-71.8608222636365,42.2548391657949],[-71.8608688242368,42.2549341944576],[-71.8609063493485,42.2550314039761],[-71.8609346546106,42.255130320408],[-71.8609536024268,42.2552304644145],[-71.8609631019655,42.2553313449657],[-71.8609631046635,42.2554324728304],[-71.8609536123193,42.2555333542809],[-71.8609346698991,42.2556334982873],[-71.8609063700329,42.2557324165178],[-71.8608688503172,42.2558296269358],[-71.8608222951128,42.2559246564978],[-71.860766928351,42.2560170420529],[-71.8607030225264,42.2561063339402],[-71.8606308870058,42.2561920959885],[-71.8605508743233,42.2562739109123],[-71.8604633729863,42.256351380312],[-71.8604501907237,42.2563615219667],[-71.8603929138019,42.2564122320389],[-71.860298350988,42.2564849781992],[-71.8601971880498,42.2565526467873],[-71.8600899169161,42.2566149086512],[-71.8599770609925,42.2566714589207],[-71.8598591688655,42.2567220242021],[-71.8597691323395,42.2567546471093],[-71.8597182504968,42.2567764709574],[-71.8595958977324,42.2568208030377],[-71.8594696796819,42.2568586869789],[-71.8594530871902,42.2568626925593],[-71.8593703945281,42.2568875120491],[-71.8592409272269,42.2569187625909],[-71.8591088393014,42.2569432286471],[-71.8590559717557,42.2569501534269],[-71.8590135327483,42.2569603976043],[-71.8588814457221,42.2569848636606],[-71.8587473828854,42.2570024247222],[-71.8586119971459,42.2570129953535],[-71.8584759486061,42.2570165251925],[-71.8583399000663,42.2570129953535],[-71.8582045143268,42.2570024247222],[-71.8581883337246,42.2570003050201],[-71.8580924192297,42.2569928163654],[-71.8579583554937,42.2569752553038],[-71.85789836172,42.2569641423813],[-71.8578554163943,42.2569607897087],[-71.8577213535576,42.2569432286471],[-71.857589265632,42.2569187625909],[-71.857459798331,42.2568875120491],[-71.8573672562938,42.2568597355884],[-71.8573485117244,42.2568602221216],[-71.8572124640839,42.2568566922825],[-71.8570770783444,42.2568461216512],[-71.8569430155077,42.2568285605897],[-71.8568109284815,42.2568040954327],[-71.8566814611805,42.2567728439916],[-71.8565552431299,42.2567349600504],[-71.8564328903656,42.2566906279702],[-71.8563149991379,42.2566400626888],[-71.856202142315,42.2565835124192],[-71.8560948711813,42.2565212505553],[-71.855993708243,42.2564535819673],[-71.8558991463285,42.256380835807],[-71.8558116458907,42.2563033664073],[-71.855731632309,42.2562215514835],[-71.8556594967883,42.2561357894352],[-71.8555955909637,42.2560464975478],[-71.8555402251013,42.2559541119927],[-71.8554936689976,42.2558590824308],[-71.8554561492818,42.2557618720128],[-71.8554278494157,42.2556629537823],[-71.8554105167819,42.2555713200604],[-71.8553818374018,42.2555419940678],[-71.8553097027805,42.2554562320195],[-71.8552634020843,42.2553915383888],[-71.8552320679055,42.2553594982423],[-71.855227779938,42.2553591636945],[-71.8550937206986,42.2553416026329],[-71.8549616363704,42.255317137476],[-71.8548321717673,42.2552858869342],[-71.854705957314,42.255248002993],[-71.8545964828414,42.2552083356962],[-71.8545383344765,42.2552098438592],[-71.8544022904333,42.2552063149196],[-71.8542669082912,42.2551957433889],[-71.8541328490517,42.2551781823273],[-71.8540007656228,42.2551537171704],[-71.8538713010197,42.2551224666286],[-71.8537450865664,42.2550845826874],[-71.8536227373993,42.2550402497078],[-71.8535048488696,42.2549896853258],[-71.8533919947447,42.2549331341569],[-71.8532847272083,42.2548708731923],[-71.853183566968,42.254803203705],[-71.8530890068521,42.2547304575446],[-71.853001508213,42.2546529881449],[-71.8529214973292,42.2545711732211],[-71.8528493636072,42.2544854111728],[-71.852827628792,42.2544550419666],[-71.85273392573,42.2544324231179],[-71.8526077130755,42.2543945391767],[-71.8524853648077,42.2543502070964],[-71.8523674771773,42.2542996418151],[-71.852254624851,42.2542430906462],[-71.852147358214,42.2541808296816],[-71.8520461988729,42.2541131601943],[-71.8519516405557,42.2540404140339],[-71.8519502484052,42.2540391810634],[-71.851878295447,42.2540258531107],[-71.8517488326425,42.2539946025689],[-71.8516226208872,42.2539567186277],[-71.8515002735188,42.2539123865474],[-71.8513823867877,42.2538618212661],[-71.8512695353608,42.2538052700972],[-71.851162269623,42.2537430091326],[-71.851061110282,42.2536753405446],[-71.8509665528641,42.253602593485],[-71.8508790560236,42.2535251240853],[-71.8507990460391,42.2534433091615],[-71.8507269141157,42.2533575471132],[-71.8506630100898,42.2532682561252],[-71.8506076469253,42.2531758696707],[-71.8505610926203,42.2530808401087],[-71.8505235747032,42.2529836296908],[-71.8505151723373,42.2529542614301],[-71.8504966633903,42.2529635361383],[-71.8504476026747,42.2530069751918],[-71.8503530452568,42.2530797222514],[-71.8502518877144,42.2531473908394],[-71.850144622876,42.2532096527034],[-71.8500317723484,42.253266202973],[-71.8499138874159,42.2533167682543],[-71.8497915409468,42.2533611003346],[-71.8497287475836,42.253379948326],[-71.8496758485615,42.2534340416478],[-71.849588351721,42.2535115110475],[-71.8494937934038,42.2535842581071],[-71.8493926349621,42.2536519266951],[-71.849341148775,42.2536818111667],[-71.8493367690766,42.2536870182413],[-71.8492567590921,42.2537688331652],[-71.8491692613523,42.2538463025649],[-71.8490747030351,42.2539190496245],[-71.8489735445934,42.2539867182125],[-71.8488662779563,42.2540489791771],[-71.84875342563,42.254105530346],[-71.848635538899,42.2541560956274],[-71.8485131906312,42.2542004277076],[-71.8483869779766,42.2542383116488],[-71.8482575160715,42.2542695621906],[-71.8481254344412,42.2542940282469],[-71.8479913770004,42.2543115893084],[-71.8478559966569,42.2543221599398],[-71.8477199544124,42.2543256888795],[-71.8475839121677,42.2543221599398],[-71.8474485318242,42.2543115893084],[-71.8473144743834,42.2542940282469],[-71.8472922458404,42.2542899102512],[-71.8472855710722,42.2542900838204],[-71.8471495288276,42.2542865548807],[-71.8470141484841,42.2542759842493],[-71.8468800919426,42.2542584231877],[-71.8467480103124,42.2542339571315],[-71.8466185475079,42.2542027065897],[-71.8464923348533,42.2541648226485],[-71.8463699865856,42.2541204905683],[-71.8462520998545,42.2540699252869],[-71.8461392484276,42.254013374118],[-71.8460319817905,42.2539511131534],[-71.8459308224495,42.2538834445654],[-71.8458362641322,42.2538106975057],[-71.8457487672918,42.2537332281061],[-71.8456687573072,42.2536514131822],[-71.8455966253839,42.253565651134],[-71.845532721358,42.2534763601459],[-71.8454773572942,42.2533839736915],[-71.8454308029891,42.2532889441295],[-71.845393285072,42.2531917337116],[-71.8453649870045,42.2530928154811],[-71.8453460454836,42.2529926714746],[-71.8453365531394,42.2528917900241],[-71.8453365558373,42.2527906621594],[-71.8453460544768,42.2526897807089],[-71.845365002293,42.2525896376018],[-71.8453933066558,42.2524907202706],[-71.8454308290695,42.252393510752],[-71.8454773887705,42.2522984829886],[-71.8455327564315,42.2522060992321],[-71.8455966640548,42.2521168091435],[-71.8456277221416,42.2520798847789],[-71.8456095792187,42.2520164663869],[-71.8455906385971,42.2519163223804],[-71.8455811462529,42.2518154409299],[-71.8455811489508,42.2517143130651],[-71.8455906475903,42.2516134316146],[-71.8456095945072,42.2515132885075],[-71.8456223684775,42.2514686479598],[-71.8455930029147,42.2514337326806],[-71.8455291015867,42.2513444416927],[-71.8454737393216,42.2512520561376],[-71.8454271868152,42.2511570265756],[-71.8453896697974,42.2510598152583],[-71.8453613726292,42.2509608970278],[-71.8453596872997,42.2509519847463],[-71.8453310600803,42.2508935476991],[-71.8452935439619,42.2507963363819],[-71.8452652467936,42.2506974181514],[-71.8452463052727,42.2505972741449],[-71.8452368138279,42.2504963926944],[-71.8452368147272,42.2504737072958],[-71.8452208580561,42.2504179286445],[-71.8452019174345,42.2503177846381],[-71.8451924250903,42.2502169031876],[-71.8451924250903,42.250212885916],[-71.8451867449722,42.2501981676114],[-71.8451584478041,42.2500992493809],[-71.8451395071825,42.2499991053744],[-71.8451300148383,42.2498982239239],[-71.8451300157376,42.2498637628025],[-71.8451093978804,42.249829354741],[-71.8450628462733,42.249734325179],[-71.8450253310542,42.2496371138617],[-71.844997033886,42.2495381956313],[-71.8449886018425,42.2494936144388],[-71.84489483313,42.2494709776036],[-71.8448354994587,42.2494531665305],[-71.8448311530353,42.2494525972596],[-71.8447378861445,42.2494353203838],[-71.8446793465745,42.2494429898022],[-71.8445782366962,42.2494508849504],[-71.8445741204992,42.2494523769257],[-71.8444479177372,42.2494902608669],[-71.8443184648253,42.2495215114087],[-71.8441863930875,42.2495459774649],[-71.8440523455393,42.2495635385266],[-71.8439169759876,42.2495741091579],[-71.8439111240991,42.2495742611433],[-71.8438136178042,42.2496035304786],[-71.8436841648922,42.2496347810204],[-71.8435520931545,42.2496592470766],[-71.8434889760354,42.2496675154435],[-71.8434269497939,42.2496790060813],[-71.8432929022456,42.2496965671429],[-71.8431575317946,42.2497071377742],[-71.8430214994426,42.2497106676133],[-71.8428854670906,42.2497071377742],[-71.8428796835505,42.2497066863146],[-71.8428702667493,42.249706441699],[-71.8427604289506,42.2497462438941],[-71.8426342252892,42.2497841278353],[-71.8425047723773,42.249815378377],[-71.8423726997403,42.2498398444333],[-71.8422386512927,42.2498574054949],[-71.842103281741,42.2498679761263],[-71.8419672484897,42.2498715059653],[-71.8418312152384,42.2498679761263],[-71.8416958456867,42.2498574054949],[-71.8416743401986,42.2498545879189],[-71.8416419978798,42.2498707964001],[-71.8415241183433,42.2499213616816],[-71.8414017781695,42.2499656937618],[-71.8412755745081,42.250003577703],[-71.8411461206969,42.2500348282448],[-71.8410140471605,42.250059294301],[-71.8408799996122,42.2500768553626],[-71.840744628262,42.250087425994],[-71.8406085950106,42.250090955833],[-71.8404854301584,42.2500877596424],[-71.8404375520514,42.2501117535546],[-71.8403196725149,42.250162318836],[-71.8401973323409,42.2502066509162],[-71.8400711277803,42.2502445348575],[-71.8399416730697,42.2502757853993],[-71.8399085501395,42.2502819214736],[-71.839813401867,42.2503163996822],[-71.8396871973063,42.2503542836233],[-71.8395577425957,42.2503855341651],[-71.8394256690593,42.2504100002214],[-71.8392916197124,42.250427561283],[-71.8392394824161,42.2504316325139],[-71.8391731421268,42.2504439217496],[-71.8390690285128,42.2504575608678],[-71.8390238438753,42.2504711244429],[-71.8388943891647,42.2505023749846],[-71.8387623156283,42.2505268410409],[-71.8386321108832,42.2505438984822],[-71.8386787856974,42.2505993920483],[-71.8387426915219,42.2506886812377],[-71.8387980582837,42.2507810658935],[-71.8388446161861,42.2508760936569],[-71.8388821385998,42.2509733031754],[-71.8389093143134,42.2510682796774],[-71.8389244148298,42.2510991003433],[-71.8389619372436,42.2511963098619],[-71.838990240707,42.251295227193],[-71.8390091885232,42.2513953703001],[-71.8390186862633,42.2514962517507],[-71.8390186898606,42.2515973796154],[-71.8390091975164,42.2516982610659],[-71.8389902559955,42.2517984050724],[-71.8389619579279,42.2518973233029],[-71.8389244418095,42.2519945337208],[-71.8388778884038,42.2520895641821],[-71.8388225252393,42.2521819497372],[-71.8388178613552,42.2521884671241],[-71.8388634461911,42.2522521580107],[-71.8389188147515,42.2523445417672],[-71.8389507415834,42.2524097057434],[-71.8389897469792,42.2524642028607],[-71.8390451155396,42.2525565866172],[-71.8390916743413,42.2526516143806],[-71.8391291976543,42.2527488238991],[-71.8391575020171,42.2528477412303],[-71.8391764498332,42.2529478843375],[-71.8391859475734,42.253048765788],[-71.8391859511707,42.2531498936527],[-71.8391854673354,42.2531550350769],[-71.8391886131639,42.2531571394904],[-71.8392831741791,42.2532298829528],[-71.8393706737176,42.2533073505538],[-71.8394506872993,42.253389163679],[-71.8395224055345,42.2534744248049],[-71.8396547578607,42.2534640906953],[-71.8397907983066,42.2534605617556],[-71.8399268387525,42.2534640906953],[-71.8400622172974,42.2534746613266],[-71.8401962729396,42.2534922214889],[-71.8403283536705,42.2535166857465],[-71.8404578146764,42.253547935389],[-71.840584027331,42.2535858175315],[-71.8407063755987,42.2536301478131],[-71.8408242632291,42.2536807112958],[-71.8409371155554,42.2537372597668],[-71.8410443848904,42.2537995189327],[-71.8411455460301,42.2538671857221],[-71.8412401079446,42.2539399291844],[-71.8413276092817,42.2540173967855],[-71.8414076228635,42.2540992099106],[-71.841479761082,42.2541849701603],[-71.8415436705039,42.2542742593496],[-71.8415990399637,42.2543666431062],[-71.841645600564,42.2544616708695],[-71.8416831247764,42.2545588803881],[-71.8417114300384,42.2546577977192],[-71.8417303778546,42.2547579417257],[-71.841739876494,42.2548588222769],[-71.8417398800914,42.2549599501416],[-71.8417303877471,42.2550608315922],[-71.8417114453269,42.2551609755986],[-71.8416831454608,42.2552598938291],[-71.8416456266443,42.255357104247],[-71.8416208044565,42.2554077729504],[-71.841617926626,42.2554229849828],[-71.8415896267599,42.2555219032133],[-71.8415521079434,42.2556191136313],[-71.8415055518397,42.2557141431932],[-71.8414501859772,42.2558065287483],[-71.8413862792534,42.2558958206356],[-71.8413194389409,42.255975288329],[-71.8412613616225,42.2560564350565],[-71.8411973721609,42.2561325123057],[-71.8411557848116,42.2562173993136],[-71.8411004180498,42.2563097848687],[-71.8410365113259,42.256399076756],[-71.8409643758052,42.2564848388043],[-71.8408843622235,42.2565666537282],[-71.8408336953187,42.2566115119118],[-71.8408308606557,42.2566162423458],[-71.8407669530324,42.256705534233],[-71.8406948175118,42.2567912962813],[-71.84061480393,42.2568731112052],[-71.8405273025929,42.2569505806048],[-71.8405227223457,42.2569541041486],[-71.8404735321278,42.257012586162],[-71.840432773054,42.2570542625442],[-71.8404064750787,42.2570910061451],[-71.8403343386587,42.2571767690927],[-71.8402543241777,42.2572585840165],[-71.840254031898,42.2572588430212],[-71.8402208828874,42.2573051581066],[-71.8401487464674,42.2573909210542],[-71.8400687319864,42.257472735978],[-71.8399812297499,42.2575502053778],[-71.8398866660368,42.257622951538],[-71.8397855004005,42.2576906201261],[-71.8396782274682,42.25775288199],[-71.839565369746,42.2578094322595],[-71.8394644541212,42.2578527157303],[-71.8394565247987,42.2578573175612],[-71.8393896907816,42.2578908065155],[-71.8393460799576,42.2579199778248],[-71.8392388070253,42.2579822387893],[-71.8391259484038,42.2580387899582],[-71.8390091300673,42.2580888938874],[-71.8389961042868,42.2580964535885],[-71.8389124655378,42.2581383628952],[-71.8388247843363,42.2581892528318],[-71.8387119257147,42.2582458040007],[-71.8385940308898,42.258296369282],[-71.8384716745281,42.2583407013623],[-71.8383454537797,42.2583785853035],[-71.8382159828813,42.2584098358453],[-71.8381696165345,42.2584184234715],[-71.8380661117616,42.2584628167057],[-71.8380504536655,42.2584684896291],[-71.8379971076803,42.2584913701806],[-71.8378747513187,42.2585357022609],[-71.8377915667274,42.2585606692395],[-71.8376962925498,42.258595188817],[-71.837570070902,42.2586330727581],[-71.8374405991043,42.2586643232999],[-71.8373085084808,42.2586887884569],[-71.8371744420468,42.2587063495185],[-71.8370390527101,42.2587169210491],[-71.836903000573,42.2587204499888],[-71.8367669484359,42.2587169210491],[-71.8366315590991,42.2587063495185],[-71.8364974926651,42.2586887884569],[-71.836484995686,42.2586864736019],[-71.8364118331396,42.2586768904262],[-71.8363786958201,42.2586707525532],[-71.8362961992102,42.2586686130661],[-71.8361608107728,42.2586580415355],[-71.8360267434394,42.2586404804738],[-71.8360251876123,42.2586401926908],[-71.8359490384174,42.2586342463734],[-71.8359300096621,42.2586317534527],[-71.8358705168109,42.2586271084543],[-71.8357364503768,42.2586095473927],[-71.835621384819,42.2585882352589],[-71.8355914194084,42.2585874582447],[-71.835456030971,42.258576886714],[-71.835321964537,42.2585593256524],[-71.8352777817442,42.2585511427211],[-71.8352379453748,42.2585480319661],[-71.8351457037112,42.2585359495745],[-71.8350261739188,42.2585266164103],[-71.8350141697681,42.2585250443954],[-71.8349428922007,42.2585194784912],[-71.8348088257666,42.2585019174296],[-71.8347595447172,42.2584927902101],[-71.8347344644239,42.2584908314867],[-71.8346971686394,42.2584859463694],[-71.8346509425869,42.2584847466738],[-71.8345155532501,42.2584741751431],[-71.8344883163826,42.2584706075326],[-71.8344783159215,42.2584794613581],[-71.834383751309,42.2585522084177],[-71.8342825847734,42.2586198770058],[-71.8341753100425,42.2586821379704],[-71.8340624505216,42.2587386891392],[-71.8339445547973,42.2587892535213],[-71.8338221975363,42.2588335865009],[-71.8336959758885,42.258871470442],[-71.8335665031915,42.2589027209838],[-71.8334344125681,42.2589271861408],[-71.8333003452347,42.2589447472023],[-71.8331649549986,42.258955318733],[-71.8330289028615,42.2589588476727],[-71.8328928507244,42.258955318733],[-71.8327574604884,42.2589447472023],[-71.832623393155,42.2589271861408],[-71.8324913025315,42.2589027209838],[-71.8323618298346,42.258871470442],[-71.8322356081867,42.2588335865009],[-71.8321132509258,42.2587892535213],[-71.8319953552015,42.2587386891392],[-71.8318824956806,42.2586821379704],[-71.8318485714544,42.2586624491128],[-71.831785205223,42.2587377826226],[-71.8317368981393,42.2587871751881],[-71.8317110120535,42.2588233423235],[-71.831658631041,42.2588856149792],[-71.8316505344446,42.2589139166439],[-71.8316130129302,42.2590111270619],[-71.8315664550278,42.2591061566239],[-71.8315110855681,42.259198542179],[-71.8314471761462,42.259287833167],[-71.8313750370283,42.2593735952153],[-71.8312950198492,42.2594554101391],[-71.8312075149149,42.2595328795388],[-71.8311129485037,42.2596056256991],[-71.8310117801695,42.2596732942872],[-71.8309045036399,42.259735556151],[-71.8307916423204,42.2597921073199],[-71.8306737447974,42.259842671702],[-71.8305513857378,42.2598870037822],[-71.830425161392,42.2599248877235],[-71.8302956868964,42.2599561391646],[-71.8301635935749,42.2599806043215],[-71.830029524443,42.2599981653831],[-71.8298941324082,42.2600087360144],[-71.8297580775732,42.2600122658534],[-71.8296220227381,42.2600087360144]]],[[[-71.8076945295788,42.2501627226316],[-71.8077228321429,42.2500638053004],[-71.8077603545567,42.2499665957818],[-71.8078069115597,42.2498715680185],[-71.8078622774221,42.2497791833626],[-71.8079261823474,42.2496898941733],[-71.8079545370722,42.2496561821871],[-71.8079584113515,42.2496426410951],[-71.807995932866,42.2495454315765],[-71.808042489869,42.2494504029138],[-71.8080978557314,42.2493580191573],[-71.8081617597574,42.249268729968],[-71.808205847222,42.2492163129825],[-71.8082058481214,42.2491812484159],[-71.8082153458615,42.2490803669654],[-71.8082342927784,42.2489802238583],[-71.8082625953425,42.2488813065271],[-71.8083001159575,42.2487840970085],[-71.8083466720612,42.2486890683459],[-71.8083787823549,42.248635488537],[-71.8083849463082,42.2486029069986],[-71.8084132488723,42.2485039896674],[-71.8084507694874,42.2484067801488],[-71.8084774748555,42.248352270441],[-71.808472873924,42.2483033716033],[-71.8084728766219,42.248207232278],[-71.8083439372229,42.248224124244],[-71.8082085703692,42.2482346957747],[-71.8080725407152,42.2482382247143],[-71.8079365110611,42.2482346957747],[-71.8078011442074,42.248224124244],[-71.8076671002564,42.2482065631824],[-71.8075350312167,42.2481820980254],[-71.8074055810027,42.2481508465843],[-71.8072793800393,42.2481129626432],[-71.8072672391917,42.2481085631597],[-71.8072559652906,42.2481112845082],[-71.8071238962508,42.2481357496652],[-71.8069898514005,42.2481533107268],[-71.8068897739439,42.2481611267347],[-71.8069003436759,42.2482169971168],[-71.8069098423153,42.2483178785673],[-71.8069098450133,42.2484190064321],[-71.8069003535684,42.2485198878826],[-71.8068853402862,42.2485992647443],[-71.8068869069052,42.2486011272403],[-71.8069508109311,42.2486904164296],[-71.8070061758943,42.2487828001861],[-71.8070527319979,42.2488778288488],[-71.807090252613,42.2489750383674],[-71.8071185560765,42.2490739556986],[-71.807137502094,42.2491740988057],[-71.8071469998341,42.2492749802562],[-71.8071470034314,42.2493761081209],[-71.8071375110872,42.2494769895714],[-71.8071185704656,42.2495771335779],[-71.8070902741968,42.2496760518084],[-71.8070527580783,42.2497732631256],[-71.8070062064712,42.2498682926876],[-71.8069508460047,42.2499606782428],[-71.806886945576,42.2500499692308],[-71.80681481725,42.2501357321784],[-71.8067723656521,42.2501791433528],[-71.8068013759827,42.2501936808937],[-71.8069086390224,42.2502559400596],[-71.8070097947662,42.250323606849],[-71.8071043512847,42.2503963512107],[-71.8071918472259,42.2504738179124],[-71.8072718572104,42.2505556310376],[-71.8072728662497,42.2505568307332],[-71.807307982977,42.2505614307655],[-71.8073663795547,42.2504920031035],[-71.8074463895392,42.2504101899783],[-71.8075338854804,42.2503327232766],[-71.807628441999,42.2502599789149],[-71.807683038941,42.2502234574467],[-71.8076945295788,42.2501627226316]]],[[[-71.8407752699627,42.2387265468927],[-71.8408306259326,42.2386341631362],[-71.8408945191667,42.2385448730475],[-71.8409666393989,42.2384591127979],[-71.8410466331955,42.2383772996727],[-71.8411341129489,42.238299832971],[-71.8412286514811,42.2382270886093],[-71.841329788339,42.2381594218199],[-71.841437029795,42.238097162654],[-71.8415498551416,42.2380406132837],[-71.8416594132513,42.2379936120157],[-71.8416594150499,42.237935891728],[-71.8416689109914,42.2378350102775],[-71.8416856338849,42.2377466060211],[-71.8416793791,42.2377135298556],[-71.8416698894538,42.2376126475057],[-71.8416698912524,42.2375570217392],[-71.8416507150084,42.237507322505],[-71.8416224232362,42.2374084042745],[-71.8416034862119,42.237308260268],[-71.8415939965657,42.2372073779182],[-71.8415939992636,42.2371062500534],[-71.8416034952051,42.2370053686029],[-71.841617049787,42.2369337115216],[-71.8415755163969,42.2368643845837],[-71.8415289737831,42.2367693550217],[-71.8414914657585,42.2366721437045],[-71.8414631748856,42.236573225474],[-71.8414442378613,42.2364730814676],[-71.8414392313354,42.2364198604882],[-71.8413996242932,42.2363727557981],[-71.8413357373544,42.2362834648101],[-71.841280388579,42.2361910783557],[-71.8412338468645,42.2360960487937],[-71.8411963397393,42.2359988374764],[-71.8411680488663,42.2358999192459],[-71.841149111842,42.2357997752395],[-71.8411484454444,42.2357926912797],[-71.8411076198208,42.2357093313207],[-71.8410701126955,42.2356121200034],[-71.8410418218226,42.2355132017729],[-71.8410228856976,42.2354130577664],[-71.8410140615497,42.235319258477],[-71.8410000114413,42.2352701330103],[-71.8409810753163,42.2351699890038],[-71.8409775562692,42.2351325826027],[-71.8409766992153,42.2351308316226],[-71.84093919209,42.2350336203054],[-71.8409109012171,42.2349347020749],[-71.8408919650921,42.2348345580684],[-71.8408824754458,42.2347336757186],[-71.8408824790432,42.2346325478538],[-71.8408895504124,42.234557423886],[-71.8408724516023,42.2344669970543],[-71.8408629619561,42.2343661147045],[-71.840862964654,42.2342649868397],[-71.8408713499328,42.2341759017965],[-71.8408540155004,42.2340842276051],[-71.8408445258542,42.2339833452552],[-71.8408445267535,42.2339416364974],[-71.8408441355484,42.2339402677292],[-71.8408251994234,42.2338401237228],[-71.8408157097771,42.2337392413729],[-71.8408157133744,42.2336381135082],[-71.8408252084166,42.2335372320576],[-71.8408366765713,42.2334766042619],[-71.8408274837014,42.2334444615927],[-71.8408134884517,42.233370441093],[-71.8407945694138,42.2333709321228],[-71.840722022903,42.233388450017],[-71.8405899844402,42.233412915174],[-71.8404559710661,42.2334304762355],[-71.8403206356887,42.2334410477662],[-71.8401846384103,42.2334445767059],[-71.8400486411318,42.2334410477662],[-71.8399133057544,42.2334304762355],[-71.8399117049612,42.2334302666935],[-71.8398917499043,42.2334318252186],[-71.839887443051,42.2334319367345],[-71.8398138137565,42.2334540447684],[-71.8396843932201,42.2334852962095],[-71.8395523556566,42.2335097613665],[-71.8394183422826,42.233527322428],[-71.8392830069052,42.2335378939587],[-71.8391470087274,42.2335414228984],[-71.8390110105497,42.2335378939587],[-71.8388756751722,42.233527322428],[-71.8387416617982,42.2335097613665],[-71.8386096242347,42.2334852962095],[-71.8384802036984,42.2334540447684],[-71.8383540324126,42.2334161608272],[-71.8382965477475,42.2333953244347],[-71.8382746438597,42.2333981950707],[-71.8381393084823,42.2334087666014],[-71.8380033112038,42.2334122955411],[-71.8378673139254,42.2334087666014],[-71.8377319785479,42.2333981950707],[-71.8376557034479,42.2333882000055],[-71.8375878334118,42.2334276073982],[-71.8374750179577,42.2334841585671],[-71.8373571698974,42.2335347238485],[-71.8372348611998,42.2335790559287],[-71.8371086899141,42.2336169398699],[-71.8369792693778,42.233648191311],[-71.8369304712642,42.2336572330949],[-71.8369604159903,42.2337183690076],[-71.8369979285116,42.2338155785262],[-71.8370262238811,42.2339144958573],[-71.8370451663013,42.2340146398638],[-71.8370546622428,42.2341155213143],[-71.8370546649408,42.2342166491791],[-71.8370451752946,42.2343175315289],[-71.8370262391696,42.2344176755353],[-71.836997949196,42.2345165937658],[-71.8369604429701,42.2346138050831],[-71.8369139021548,42.2347088346451],[-71.8368585542788,42.2348012210995],[-71.8367946700379,42.2348905129868],[-71.836722558799,42.2349762750351],[-71.8366425721969,42.2350580908583],[-71.8365551005374,42.235135560258],[-71.8364605700992,42.2352083064183],[-71.8363594413351,42.2352759759056],[-71.8362522061743,42.2353382377695],[-71.8361393880223,42.2353947889384],[-71.8360215354655,42.2354453533205],[-71.8358992240699,42.2354896863],[-71.8357730482875,42.2355275702412],[-71.8356436241539,42.235558820783],[-71.8355115811945,42.2355832868392],[-71.8353775642232,42.2356008479009],[-71.8352422243491,42.2356114185322],[-71.8351062216748,42.2356149483712],[-71.8349702190004,42.2356114185322],[-71.8348348791263,42.2356008479009],[-71.834700862155,42.2355832868392],[-71.8345688191956,42.235558820783],[-71.834439395062,42.2355275702412],[-71.8343132192796,42.2354896863],[-71.8341909078841,42.2354453533205],[-71.8340730553272,42.2353947889384],[-71.8339602371752,42.2353382377695],[-71.8338530020144,42.2352759759056],[-71.8337518732503,42.2352083064183],[-71.8336573428121,42.235135560258],[-71.8335698711526,42.2350580908583],[-71.8334898845505,42.2349762750351],[-71.8334177733116,42.2348905129868],[-71.8333538890707,42.2348012210995],[-71.8332985411947,42.2347088346451],[-71.8332520003795,42.2346138050831],[-71.8332144941535,42.2345165937658],[-71.8331862041799,42.2344176755353],[-71.8331672680549,42.2343175315289],[-71.8331577784087,42.2342166491791],[-71.8331577811066,42.2341155213143],[-71.8331672770482,42.2340146398638],[-71.8331862194684,42.2339144958573],[-71.8332145148379,42.2338155785262],[-71.8332520273592,42.2337183690076],[-71.833298572671,42.2336233403449],[-71.8333539241443,42.2335309556891],[-71.8333645577281,42.2335160943923],[-71.8333241332022,42.2335039562427],[-71.8332018254039,42.2334596241624],[-71.8330839764443,42.233409058881],[-71.8329711618896,42.2333525077121],[-71.8328639303261,42.2332902458482],[-71.8328250517347,42.2332642302601],[-71.8327797295009,42.2332654065733],[-71.8326437322224,42.2332618776336],[-71.8325161337125,42.2332519104473],[-71.8324951570258,42.2332535490121],[-71.8323591597474,42.2332570779519],[-71.8323566641287,42.2332570132007],[-71.8323518896279,42.2332581661315],[-71.8322198520645,42.2332826312884],[-71.8320858395898,42.23330019235],[-71.8319505042124,42.2333107638807],[-71.8318145069339,42.2333142928204],[-71.8316785096554,42.2333107638807],[-71.831543174278,42.23330019235],[-71.8314091618033,42.2332826312884],[-71.8313890088956,42.2332788973033],[-71.8313009113079,42.2332857789156],[-71.8311649140295,42.2332893078553],[-71.8310289167511,42.2332857789156],[-71.8308935822729,42.233275207385],[-71.8307595688989,42.2332576463234],[-71.8306607208156,42.2332393307305],[-71.8305250661788,42.2332358107841],[-71.8303897317007,42.2332252392534],[-71.8303612708559,42.2332215097649],[-71.8303460255486,42.2332243345355],[-71.8302120121746,42.2332418955971],[-71.8300766776965,42.2332524671277],[-71.829940680418,42.2332559960674],[-71.8298046831396,42.2332524671277],[-71.8297930369191,42.2332515570138],[-71.829782447402,42.2332518322063],[-71.8296464501236,42.2332483032666],[-71.8295111156455,42.233237731736],[-71.8293771022714,42.2332201706744],[-71.8293203406611,42.2332096531031],[-71.829205059266,42.2332066619579],[-71.8290697247879,42.2331960904273],[-71.8289357123132,42.2331785293657],[-71.8288459105103,42.2331618901092],[-71.8287525078219,42.2331691854096],[-71.8286165105435,42.2331727143493],[-71.828480513265,42.2331691854096],[-71.8283451787869,42.2331586147783],[-71.8282111663123,42.2331410528174],[-71.8280791287488,42.2331165876604],[-71.8280498711046,42.2331095225865],[-71.8279678358469,42.2331247229277],[-71.8279253132026,42.2331302951271],[-71.8278352559922,42.2331469820476],[-71.8277012435175,42.2331645440086],[-71.8275659090394,42.2331751146399],[-71.827429911761,42.2331786435796],[-71.8272939144825,42.2331751146399],[-71.8271585800044,42.2331645440086],[-71.8270245675297,42.2331469820476],[-71.8268925299662,42.2331225168907],[-71.8268639809879,42.2331156226879],[-71.8267875044397,42.2331340902661],[-71.8266554668763,42.2331585554231],[-71.8265214544016,42.2331761173839],[-71.8263861199235,42.2331866880153],[-71.826250122645,42.233190216955],[-71.8261750994013,42.2331882699228],[-71.8260787082658,42.2332527701992],[-71.8259714767023,42.2333150320632],[-71.8258586621475,42.233371583232],[-71.8257408140873,42.2334221485134],[-71.825618506289,42.2334664805937],[-71.8254923350032,42.2335043645348],[-71.8253629144669,42.2335356159759],[-71.8252308760041,42.2335600811329],[-71.8251306807363,42.2335732103355],[-71.8250311149939,42.2335916590279],[-71.8248971016199,42.2336092200895],[-71.8247617662425,42.2336197916201],[-71.8246257680647,42.2336233205598],[-71.824489769887,42.2336197916201],[-71.8243544345095,42.2336092200895],[-71.8242204211355,42.2335916590279],[-71.8240883826727,42.2335671938709],[-71.8239589621364,42.2335359424299],[-71.8238327908506,42.2334980584886],[-71.8237104830523,42.2334537264084],[-71.8237072059228,42.233452320768],[-71.8236493255559,42.2335035839233],[-71.8235547978156,42.2335763309829],[-71.8234536708502,42.233643999571],[-71.8233464383874,42.2337062614349],[-71.8232336229333,42.2337628126037],[-71.8231157739738,42.2338133778852],[-71.8229934652762,42.2338577099654],[-71.8228672930911,42.2338955939066],[-71.8227378725547,42.2339268453477],[-71.8226058331926,42.2339513105046],[-71.8224718189193,42.2339688715662],[-71.8223364826425,42.2339794430969],[-71.8222004835654,42.2339829720366],[-71.8221974213739,42.2339828928962],[-71.8221790383319,42.2340305380789],[-71.8221324975167,42.2341255685402],[-71.8220771505401,42.2342179540953],[-71.8220132662992,42.2343072459827],[-71.8219411559596,42.234393008031],[-71.8218611702567,42.2344748238541],[-71.8217737003959,42.2345522932538],[-71.8216791699577,42.2346250394141],[-71.8215780420929,42.2346927089014],[-71.8214708078315,42.2347549707653],[-71.8213579905787,42.2348115219343],[-71.8212401398205,42.2348620863163],[-71.8211178293244,42.2349064192958],[-71.8209916544413,42.2349443032371],[-71.8208622321063,42.2349755537788],[-71.8207301900462,42.2350000198351],[-71.8205961739742,42.2350175808967],[-71.8204608349995,42.235028151528],[-71.8203248341238,42.235031681367],[-71.8202763444777,42.2350304232155],[-71.8202619607209,42.2351064932701],[-71.8202336698479,42.2352054115006],[-71.8201961627227,42.2353026228179],[-71.8201496219075,42.2353976523798],[-71.8200942740315,42.2354900388343],[-71.8200303879919,42.2355793307216],[-71.8199582758537,42.2356650927699],[-71.8198782892516,42.2357469076937],[-71.8197908166928,42.2358243779927],[-71.8196962853552,42.235897124153],[-71.8195951547925,42.2359647936404],[-71.8194879187324,42.236027054605],[-71.8193750987817,42.2360836057738],[-71.8192572453256,42.2361341710552],[-71.8191349321314,42.2361785040348],[-71.8190087554497,42.236216387976],[-71.8189439790813,42.236232028985],[-71.8189375012647,42.2362397325776],[-71.8188575137632,42.2363215475015],[-71.8187700412044,42.2363990178005],[-71.8186755080682,42.2364717639608],[-71.8185743775055,42.2365394325488],[-71.818467140546,42.2366016944127],[-71.8183543196961,42.2366582455816],[-71.8182364653406,42.236708810863],[-71.8181141503477,42.2367531429433],[-71.8179879727667,42.2367910268844],[-71.8178700608546,42.2368194976217],[-71.8178705320993,42.236824502349],[-71.8178705356966,42.2369256302137],[-71.8178610451511,42.2370265125635],[-71.8178421090261,42.23712665657],[-71.8178138172538,42.2372255748005],[-71.8177763092293,42.2373227861177],[-71.8177297666154,42.2374178156797],[-71.8176744169407,42.2375102012348],[-71.8176105291026,42.2375994931222],[-71.8175384142664,42.2376852560698],[-71.8174584249663,42.2377670709936],[-71.8173709497095,42.2378445403933],[-71.817276415674,42.2379172874529],[-71.8171752824133,42.2379849560409],[-71.8170680427559,42.2380472179048],[-71.816955219208,42.2381037690737],[-71.8168373621545,42.2381543343551],[-71.816715045363,42.2381986664354],[-71.8165888641847,42.2382365503765],[-71.8164594346551,42.2382678018176],[-71.8163273862998,42.2382922669746],[-71.8161933621339,42.2383098280362],[-71.816058016864,42.2383203986675],[-71.8159220087936,42.2383239285065],[-71.8158852687901,42.2383229752252],[-71.8158336980667,42.2383757222618],[-71.8158097329328,42.2383969453628],[-71.8157609501077,42.2384651256651],[-71.8156888352715,42.2385508877134],[-71.8156088441728,42.2386327035365],[-71.8155213680167,42.2387101729362],[-71.8154268321825,42.2387829199958],[-71.8153256980225,42.2388505885838],[-71.8152184565665,42.2389128504477],[-71.8151056321192,42.2389694016167],[-71.8149877732671,42.2390199659987],[-71.814982151605,42.2390220029631],[-71.8149730171909,42.2390328667734],[-71.8149103344443,42.2390969794421],[-71.8150247390005,42.2391059151059],[-71.815158764965,42.2391234752682],[-71.815290815119,42.2391479395258],[-71.8154202473465,42.2391791891683],[-71.8155464312228,42.2392170713109],[-71.8156687516116,42.2392614024918],[-71.8157866122623,42.2393119650752],[-71.8158994394076,42.2393685144455],[-71.8160066835616,42.2394307736114],[-71.8161078222182,42.2394984404008],[-71.8162023625489,42.2395711847624],[-71.816289844101,42.2396486523635],[-71.8163393230013,42.2396992545171],[-71.8163572033222,42.2397046225703],[-71.816479523711,42.2397489528519],[-71.8165973861604,42.2397995154353],[-71.816710214205,42.2398560648056],[-71.8168174592583,42.2399183239716],[-71.8169185988143,42.2399859907609],[-71.8169555735408,42.2400144408139],[-71.8170617600921,42.2400283533259],[-71.8171938120448,42.2400528184829],[-71.8173232469702,42.240084067226],[-71.8174494317458,42.2401219502679],[-71.8175717539332,42.2401662805495],[-71.8176896163827,42.2402168440322],[-71.8178024453265,42.2402733925031],[-71.8179096912792,42.240335651669],[-71.8180108317345,42.2404033184584],[-71.8181053729646,42.2404760628201],[-71.8181928554159,42.2405535304211],[-71.8182728528099,42.2406353435463],[-71.8183449748407,42.240721103796],[-71.8184088707727,42.2408103929853],[-71.8184642294406,42.2409027776411],[-71.818510779249,42.2409978054044],[-71.8185482962668,42.2410950158224],[-71.8185765952337,42.2411939331536],[-71.8185955394525,42.2412940762607],[-71.8186050362934,42.2413949577112],[-71.8186050362934,42.2414109179795],[-71.8186135582691,42.2415014392401],[-71.8186135618664,42.2416025671049],[-71.8186040713208,42.2417034485554],[-71.8186030775699,42.2417087041934],[-71.8186216917376,42.2417142916813],[-71.818744016623,42.2417586219629],[-71.8188618817704,42.2418091854456],[-71.8189747134123,42.2418657339165],[-71.8190819620629,42.2419279939818],[-71.8191831052161,42.2419956598718],[-71.8192776491442,42.2420684042335],[-71.8193651333942,42.2421458718346],[-71.8194451325867,42.2422276849597],[-71.8195123056483,42.2423075573479],[-71.8196072048086,42.2423100196917],[-71.8196934219138,42.2423167529159],[-71.8197047911432,42.2423164579382],[-71.8198408082067,42.2423199868779],[-71.819970231441,42.2423300943584],[-71.8200831251361,42.2423271652665],[-71.8201314403137,42.2423284189214],[-71.8202281120377,42.2422799688455],[-71.8202849428957,42.2422555900235],[-71.8203014310661,42.2422445589393],[-71.8203045130428,42.2422427701878],[-71.8203394894758,42.2422158579755],[-71.8203456831067,42.2422117147988],[-71.820355591837,42.2422029401136],[-71.8204501357651,42.2421301966513],[-71.8205512789183,42.2420625298619],[-71.820658527569,42.2420002697967],[-71.8206822624764,42.241988374464],[-71.8207154636477,42.2419661621087],[-71.8207783370506,42.2419296631235],[-71.8208445784146,42.2418710057424],[-71.8209391223426,42.2417982613807],[-71.8209580404811,42.2417856052215],[-71.8209623644215,42.2417817759083],[-71.8210569074503,42.2417090315466],[-71.8211580497042,42.2416413656566],[-71.8212652974555,42.2415791055913],[-71.8213781290974,42.2415225571204],[-71.8214959942447,42.2414719936377],[-71.8216183182308,42.241427663356],[-71.8217445066036,42.2413897812135],[-71.8218739433278,42.241358531571],[-71.8220059988777,42.2413340673134],[-71.8221400284395,42.2413165062518],[-71.822275380904,42.2413059365198],[-71.8224113952696,42.2413024066808],[-71.8224520239417,42.2413034606862],[-71.8224787580882,42.2413013733598],[-71.8225109241398,42.2413005387889],[-71.8225291812766,42.2412040289428],[-71.8225574802435,42.2411051116117],[-71.8225885437263,42.2410246222885],[-71.8225776529363,42.2410206751641],[-71.8224597904869,42.2409701098827],[-71.8223469624423,42.2409135587138],[-71.822239717389,42.2408512977493],[-71.8221385796317,42.2407836282619],[-71.8220440410996,42.2407108821016],[-71.8219565622455,42.2406334127019],[-71.8218765684488,42.2405515968787],[-71.8218044509146,42.2404658348304],[-71.8217405603785,42.2403765429432],[-71.8216852080059,42.240284157388],[-71.8216386635934,42.2401891269267],[-71.8216011537702,42.2400919165088],[-71.8215728610986,42.2399929982783],[-71.821553923175,42.2398928533725],[-71.8215444326294,42.239791971922],[-71.8215444362267,42.2396908440572],[-71.8215539321682,42.2395899626067],[-71.8215728763871,42.2394898194996],[-71.8215812184984,42.2394606589823],[-71.8215574790943,42.2393776596513],[-71.82153854207,42.2392775147455],[-71.8215290515245,42.239176633295],[-71.8215290551217,42.2390755054303],[-71.8215385510633,42.2389746239797],[-71.8215574943828,42.2388744808726],[-71.8215857924503,42.2387755626422],[-71.8216233076695,42.2386783531235],[-71.8216698565786,42.2385833244609],[-71.8217252125485,42.2384909407044],[-71.8217891057826,42.2384016506157],[-71.8218612260147,42.2383158903661],[-71.8219412198114,42.2382340772409],[-71.8220286995648,42.2381566105392],[-71.8221232371976,42.2380838661775],[-71.8222243740556,42.2380161993881],[-71.8223316155116,42.2379539402222],[-71.8224444408582,42.237897390852],[-71.822562298811,42.2378468282686],[-71.8226846165018,42.2378024970876],[-71.8228107976801,42.2377646149451],[-71.8229402263104,42.2377333653026],[-71.8230722746657,42.237708901045],[-71.8232062970329,42.2376913399834],[-71.8233416405043,42.2376807702514],[-71.8234776476752,42.2376772404124],[-71.8236136548463,42.2376807702514],[-71.8237489983176,42.2376913399834],[-71.8238830206848,42.237708901045],[-71.8240150690402,42.2377333653026],[-71.8241444976704,42.2377646149451],[-71.8242706788487,42.2378024970876],[-71.8243929965395,42.2378468282686],[-71.8245108544923,42.237897390852],[-71.8246236798389,42.2379539402222],[-71.8247309212949,42.2380161993881],[-71.8248320581529,42.2380838661775],[-71.8249265957857,42.2381566105392],[-71.8250064339997,42.2382273107419],[-71.8250238637603,42.2382220775868],[-71.8251532941891,42.2381908279444],[-71.8252853425445,42.2381663636868],[-71.8254193658111,42.2381488035245],[-71.825554711081,42.2381382328932],[-71.8256907191513,42.2381347030541],[-71.8258267272216,42.2381382328932],[-71.8259620724916,42.2381488035245],[-71.8260960957581,42.2381663636868],[-71.8262281441135,42.2381908279444],[-71.8263575745424,42.2382220775868],[-71.8264837557207,42.2382599597294],[-71.8266060743109,42.2383042909104],[-71.8267239340623,42.2383548534938],[-71.8268367594089,42.238411402864],[-71.8269440017642,42.2384736620299],[-71.8269737324517,42.2384935532349],[-71.8269782443505,42.2384939057692],[-71.8271122685163,42.2385114659315],[-71.827244317771,42.2385359301891],[-71.8273737490992,42.2385671798315],[-71.8274999311768,42.2386050619741],[-71.8276222506663,42.238649393155],[-71.8277401104177,42.2386999557384],[-71.8278529366636,42.2387565051087],[-71.8279601799183,42.2388187642746],[-71.8280613176756,42.238886431064],[-71.8281558571071,42.2389591754256],[-71.8281629212818,42.2389654302105],[-71.8281965100609,42.2389310779069],[-71.8282839907135,42.2388536112052],[-71.828378530145,42.2387808668436],[-71.828479667003,42.2387132000542],[-71.8285869102577,42.2386509408882],[-71.8286997365036,42.238594391518],[-71.828817596255,42.2385438289346],[-71.8289399148451,42.2384994977536],[-71.8290660969228,42.2384616156111],[-71.829195528251,42.2384303659687],[-71.8293275775056,42.2384059017111],[-71.8294616007722,42.2383883415488],[-71.8295969469415,42.2383777709174],[-71.8297329550118,42.2383742410784],[-71.8298689630822,42.2383777709174],[-71.8300043092514,42.2383883415488],[-71.830138332518,42.2384059017111],[-71.8302703817727,42.2384303659687],[-71.8303998131009,42.2384616156111],[-71.8304871660498,42.2384878407413],[-71.8305845860098,42.2385113616101],[-71.8306026470945,42.2385167836227],[-71.8306784356612,42.2385267139368],[-71.8308104849159,42.2385511781944],[-71.8309399162441,42.2385824278368],[-71.8310660983217,42.2386203099794],[-71.8311884178112,42.2386646411603],[-71.8312111202969,42.238674380818],[-71.8311734063276,42.2386114336708],[-71.8311268628144,42.2385164041088],[-71.8310893538905,42.2384191927916],[-71.8310610621183,42.2383202745611],[-71.831042125094,42.2382201305546],[-71.8310326345484,42.2381192482048],[-71.8310326381457,42.23801812034],[-71.8310421340872,42.2379172388895],[-71.8310610774067,42.2378170957824],[-71.8310832600844,42.2377395562356],[-71.8310837807918,42.237734020009],[-71.831102723212,42.2376338769019],[-71.8311310212796,42.2375349586715],[-71.8311685355994,42.2374377491528],[-71.8312150827098,42.2373427204902],[-71.8312704377805,42.2372503367337],[-71.8313343301152,42.237161046645],[-71.8314064485487,42.2370752863954],[-71.8314864414461,42.2369934732702],[-71.8315739185015,42.2369160056692],[-71.831668455235,42.2368432613075],[-71.831769589395,42.2367755954174],[-71.8318768290524,42.2367133353522],[-71.831989651701,42.2366567868813],[-71.8321075078551,42.2366062233986],[-71.832229822848,42.2365618931169],[-71.8323560013284,42.2365240100751],[-71.8324854281599,42.2364927613319],[-71.832617472918,42.236468296175],[-71.8327514925872,42.2364507360127],[-71.83288683426,42.2364401653814],[-71.833022838733,42.2364366364417],[-71.833158843206,42.2364401653814],[-71.8332941848787,42.2364507360127],[-71.8334282045479,42.236468296175],[-71.833560249306,42.2364927613319],[-71.8336896761376,42.2365240100751],[-71.833815854618,42.2365618931169],[-71.8339381696108,42.2366062233986],[-71.8340383846637,42.2366492181869],[-71.8340562083273,42.2366506103374],[-71.8341902279966,42.2366681704997],[-71.834322273654,42.2366926356567],[-71.8344129379067,42.2367145260546],[-71.8344476292547,42.2367172357119],[-71.8345816498232,42.2367347958741],[-71.8347136945813,42.2367592610311],[-71.8348431223122,42.2367905106736],[-71.8349693016919,42.2368283928161],[-71.8350916166847,42.2368727230978],[-71.8352094737382,42.2369232865805],[-71.8353222963868,42.2369798350514],[-71.8353250591042,42.2369814394419],[-71.8354251644398,42.2369628918241],[-71.8355591850083,42.2369453316618],[-71.8356945275804,42.2369347610305],[-71.8358305329527,42.2369312320907],[-71.8359665383251,42.2369347610305],[-71.836101880897,42.2369453316618],[-71.8362359014656,42.2369628918241],[-71.8363234729499,42.2369791164931],[-71.8363309759937,42.2369758978195],[-71.8364532918858,42.2369315675379],[-71.8365794712656,42.2368936853953],[-71.8367088989964,42.2368624357529],[-71.8368409446538,42.2368379705959],[-71.8369749652225,42.2368204104337],[-71.8370060574835,42.2368179822641],[-71.8370233487485,42.2368093154976],[-71.837141205802,42.2367587520148],[-71.8372635207948,42.2367144217332],[-71.8373896992751,42.2366765395907],[-71.8375191270061,42.2366452899482],[-71.8375221271444,42.2366447341672],[-71.8375687542945,42.2366307353202],[-71.8376981811261,42.2365994856778],[-71.8378302267835,42.2365750205208],[-71.8379642464528,42.2365574603585],[-71.8380995881254,42.2365468897272],[-71.8382355925985,42.2365433607875],[-71.8383715970715,42.2365468897272],[-71.8385069387442,42.2365574603585],[-71.8386409584135,42.2365750205208],[-71.8387730040708,42.2365994856778],[-71.8389024309024,42.2366307353202],[-71.8389390441016,42.2366417277336],[-71.8389447925681,42.2366415784462],[-71.8390807970411,42.2366451073859],[-71.8392161396131,42.2366556780172],[-71.8393501592824,42.2366732381794],[-71.8394822049398,42.2366977033364],[-71.8396116317713,42.2367289529789],[-71.839737811151,42.2367668351214],[-71.8398601261439,42.236811165403],[-71.839977982298,42.2368617288857],[-71.840090805846,42.2369182773567],[-71.8401980455034,42.2369805374219],[-71.8402991805627,42.237048203312],[-71.8403937172962,42.2371209476736],[-71.8404811952509,42.2371984152747],[-71.8405611881483,42.2372802283999],[-71.8406333065818,42.2373659886495],[-71.8406971989165,42.2374552787382],[-71.8407525539872,42.2375476624947],[-71.8407991019969,42.2376426911573],[-71.8408366163168,42.2377399006759],[-71.8408649143843,42.2378388189064],[-71.8408838568045,42.2379389620135],[-71.8408933536453,42.238039843464],[-71.8408933563433,42.2381409713288],[-71.840883866697,42.2382418527793],[-71.8408649296727,42.2383419976851],[-71.8408366370011,42.2384409159156],[-71.8407991280773,42.2385381272329],[-71.8407525845641,42.2386331567948],[-71.8406972339901,42.2387255423499],[-71.8406333452526,42.2388148342372],[-71.8405612295171,42.2389005962855],[-71.8404812384184,42.2389824121087],[-71.840393761363,42.2390598815083],[-71.8402992255288,42.239132628568],[-71.8401980895702,42.2392002971561],[-71.8400908481141,42.2392625590199],[-71.8399780227675,42.2393191101888],[-71.8398601630161,42.2393696745709],[-71.8397378444259,42.2394140075505],[-71.8396116605497,42.2394518914916],[-71.8395720813864,42.2394614476877],[-71.8395315588343,42.2394849739524],[-71.8394187325884,42.2395415251213],[-71.839300872837,42.2395920895034],[-71.8391785533475,42.239636422483],[-71.8390523694712,42.2396743064241],[-71.8389229363444,42.2397055569659],[-71.8387908852911,42.2397300230222],[-71.8386568584272,42.2397475840838],[-71.8385305387533,42.2397574496466],[-71.8385287679882,42.2397592608812],[-71.8384412900335,42.2398367302809],[-71.8383467524006,42.2399094764413],[-71.8382456155427,42.2399771459286],[-71.8381383731873,42.2400394077925],[-71.8380255460421,42.240095958062],[-71.8379076853913,42.2401465233434],[-71.8377853641032,42.240190856323],[-71.8376591793276,42.2402287402642],[-71.8375297453015,42.240259990806],[-71.8373976933488,42.2402844559629],[-71.8372636655857,42.2403020179238],[-71.8371283158191,42.2403125885552],[-71.8369923032521,42.2403161174949],[-71.8368562906852,42.2403125885552],[-71.8367209409187,42.2403020179238],[-71.8365869131555,42.2402844559629],[-71.8364548612029,42.240259990806],[-71.8363254271767,42.2402287402642],[-71.8361992424011,42.240190856323],[-71.8361054206286,42.2401568520571],[-71.8360883532948,42.2402165247728],[-71.8360508434716,42.2403137351908],[-71.8360042990591,42.2404087656521],[-71.8359489466865,42.2405011512072],[-71.8358850552511,42.2405904430945],[-71.8358129377169,42.2406762051428],[-71.8357329448195,42.2407580209659],[-71.8356980781038,42.2407888982891],[-71.8357226313943,42.2408747241892],[-71.8357415756132,42.2409748672964],[-71.835751072454,42.2410757487469],[-71.835751075152,42.2411768766116],[-71.8357415846064,42.2412777580622],[-71.8357226466828,42.2413779020686],[-71.8356943531119,42.2414768211984],[-71.8356568423893,42.2415740316163],[-71.835633624592,42.2416214348814],[-71.8356273698072,42.2416879199616],[-71.8356112818352,42.2417729913305],[-71.8356112836338,42.2418290092015],[-71.8356017930882,42.241929890652],[-71.8355834685023,42.2420267917032],[-71.8356270037831,42.2420994434346],[-71.8356735544909,42.2421944711979],[-71.8357110715087,42.2422916816159],[-71.8357393713749,42.242390598947],[-71.8357583155938,42.2424907420541],[-71.8357678133339,42.2425916235047],[-71.8357678160318,42.2426896918758],[-71.8358292712039,42.2426748548607],[-71.8358509133889,42.2426640081375],[-71.8359687803349,42.2426134455541],[-71.8360356485263,42.2425892124223],[-71.8360719343722,42.2425649370223],[-71.8361791839222,42.2425026778563],[-71.8362920164633,42.2424461284861],[-71.8364098834094,42.2423955659027],[-71.8365322100934,42.2423512347217],[-71.8366583993656,42.2423133525792],[-71.8367878387877,42.2422821029368],[-71.8369198952369,42.2422576386791],[-71.8369230347702,42.242257227689],[-71.836937817826,42.242218922865],[-71.8369843694331,42.2421238951017],[-71.8370397281009,42.2420315104459],[-71.8371036249323,42.2419422212566],[-71.8371757487618,42.2418564610069],[-71.8372557479544,42.2417746478818],[-71.8373432322044,42.2416971802807],[-71.8374377752331,42.2416244359191],[-71.8374719827457,42.2416015499716],[-71.8374938569559,42.2415709829146],[-71.8375659807854,42.2414852226649],[-71.8376459790786,42.2414034095398],[-71.8377334624293,42.2413259419387],[-71.8378280054581,42.2412531975771],[-71.8378555166187,42.2412347920521],[-71.8378644531819,42.2412223040661],[-71.837936576112,42.2411365438165],[-71.838016573506,42.2410547306913],[-71.8381040568567,42.2409772630902],[-71.8381985989861,42.2409045187286],[-71.8382997403407,42.2408368519392],[-71.8384069862934,42.2407745927733],[-71.8385198170359,42.2407180443023],[-71.8386376803846,42.2406674808196],[-71.8386751875099,42.2406538884662],[-71.8387607526066,42.2405880508979],[-71.8388618930619,42.2405203841085],[-71.838865576685,42.2405182455207],[-71.8388743828464,42.2405092397097],[-71.8389618652978,42.2404317721086],[-71.8390564065279,42.240359027747],[-71.8391575469832,42.2402913609576],[-71.8392001973312,42.240266600823],[-71.8392158761118,42.2402527170893],[-71.8393104173418,42.2401799727276],[-71.8394115577971,42.2401123059382],[-71.8394428011443,42.2400941684112],[-71.8394936380209,42.2400550514995],[-71.8395947775769,42.2399873847101],[-71.8396161760456,42.2399749623747],[-71.8396383758104,42.2399439393614],[-71.8397104969418,42.2398581791117],[-71.8397904934365,42.2397763659865],[-71.8398779749885,42.2396988983855],[-71.8399725153193,42.2396261540238],[-71.8400736539759,42.2395584872344],[-71.8401489686,42.2395147648945],[-71.840154729657,42.2395067132642],[-71.8402268498892,42.2394209521153],[-71.8403068454845,42.2393391389901],[-71.8403943270365,42.2392616722884],[-71.840488866468,42.2391889279267],[-71.8405900042252,42.2391212611374],[-71.8406498945769,42.2390864924477],[-71.840662907767,42.2390177033044],[-71.8406912058344,42.2389187850739],[-71.8407287201543,42.2388215755553],[-71.8407752699627,42.2387265468927]]],[[[-71.8033573961269,42.233993637996],[-71.8034646312877,42.2339313788301],[-71.8035774494397,42.2338748294599],[-71.8036953001979,42.2338242668765],[-71.8038176097948,42.2337799356955],[-71.8039437828792,42.233742053553],[-71.8040503741254,42.2337163158554],[-71.8039649016588,42.2336406154221],[-71.8038849177547,42.233558799599],[-71.8038128074151,42.2334730375507],[-71.8037489240735,42.2333837456634],[-71.8036935779962,42.2332913601082],[-71.8036470389796,42.2331963296469],[-71.8036208084535,42.2331283444976],[-71.8035651655999,42.2330790625488],[-71.8035142513816,42.2330269810104],[-71.8034934059958,42.2330483039361],[-71.8034059370343,42.2331257733358],[-71.8033114101934,42.2331985203954],[-71.8032102841273,42.2332661889835],[-71.8031030525638,42.2333284508474],[-71.8029902371097,42.2333850020163],[-71.8028723890495,42.2334355672976],[-71.8027500812512,42.2334798993779],[-71.8026239099655,42.2335177833191],[-71.8025828703032,42.2335276929487],[-71.8025953142223,42.2335530987965],[-71.8026328258442,42.2336503083151],[-71.8026611221131,42.2337492256463],[-71.802680063634,42.2338493696527],[-71.8026837868273,42.233888923635],[-71.8027134572602,42.2339117556231],[-71.8027499049841,42.23394403409],[-71.8027557460808,42.2339474254334],[-71.8028568757442,42.2340150922228],[-71.8028802086546,42.2340330471874],[-71.8029384235693,42.2340622274899],[-71.8030456596294,42.2341244866558],[-71.8031179291491,42.2341728432022],[-71.8031617342266,42.2341340491471],[-71.8032562664635,42.2340613047854],[-71.8033573961269,42.233993637996]]],[[[-71.8136716820025,42.2332577587386],[-71.8136748107439,42.2332909985808],[-71.8136824477867,42.2332877214512],[-71.8137227823805,42.2332731020721],[-71.8136716820025,42.2332577587386]]],[[[-71.8523321392168,42.2305150917981],[-71.852348193914,42.2304589660085],[-71.8523266452584,42.2304654366306],[-71.8522924044709,42.2305353562218],[-71.8522370601921,42.2306277417769],[-71.8522015270788,42.2306774095349],[-71.8521590601924,42.2307641284618],[-71.8521182867295,42.2308321909529],[-71.8522049633883,42.230843548491],[-71.8523079690375,42.2308626339035],[-71.8523036999558,42.2308172451198],[-71.852303703553,42.230716117255],[-71.8523131985952,42.2306152358045],[-71.8523321392168,42.2305150917981]]],[[[-71.7911366860092,42.2373225936628],[-71.791146476029,42.2373125806112],[-71.7910227248188,42.2373355088267],[-71.7911281244633,42.2373327739884],[-71.7911366860092,42.2373225936628]]],[[[-71.8495588386695,42.2646637582259],[-71.8494267345561,42.2646392921696],[-71.8492972510672,42.2646080416279],[-71.8491710177282,42.2645701576867],[-71.8490486496754,42.2645258256064],[-71.8489307431593,42.2644752612244],[-71.8488178728465,42.2644187100555],[-71.8487105891223,42.2643564481916],[-71.8486094135935,42.2642887796035],[-71.8485176773489,42.2642182160978],[-71.848406705505,42.2641780128051],[-71.8482887998882,42.264127448423],[-71.8481759295755,42.2640708972542],[-71.8480686458513,42.2640086362896],[-71.8480658678455,42.2640067782903],[-71.8479948879537,42.2639810630757],[-71.8478769823368,42.2639304986936],[-71.8478478487991,42.2639159017975],[-71.8477375145746,42.2639072880909],[-71.8476034364494,42.2638897270293],[-71.8474713350341,42.2638652618724],[-71.8473418524445,42.2638340104313],[-71.8472156209041,42.2637961264901],[-71.84709325465,42.2637517944098],[-71.8469753490331,42.2637012300278],[-71.846862480519,42.2636446788589],[-71.8467551976942,42.2635824178943],[-71.8466540230647,42.2635147493063],[-71.8465594503583,42.263442003146],[-71.846471940028,42.2633645337463],[-71.8463919183523,42.2632827188225],[-71.8463197747378,42.2631969567742],[-71.8462558608193,42.2631076648869],[-71.8462004886616,42.2630152793317],[-71.846153927162,42.2629202497698],[-71.8461272217938,42.2628510649247],[-71.8460666974201,42.262766507968],[-71.8460113252624,42.2626741224129],[-71.8459647646621,42.2625790937502],[-71.845927241349,42.262481882433],[-71.8458989378856,42.2623829642025],[-71.8458799936668,42.2622828210954],[-71.8458705004232,42.2621819396448],[-71.8458705031212,42.2620808117801],[-71.8458800035593,42.2619799312289],[-71.8458989531741,42.2618797881218],[-71.8459272620335,42.2617808707906],[-71.8459647907425,42.261683661272],[-71.8460113567387,42.2615886335087],[-71.8460667324937,42.2614962497521],[-71.8461306491101,42.2614069605628],[-71.8462027945233,42.2613212003132],[-71.8462828179976,42.261239387188],[-71.8463703292273,42.2611619204863],[-71.8464649019336,42.2610891761246],[-71.8465660747645,42.2610215102346],[-71.8466733557907,42.2609592510686],[-71.8467862216068,42.2609027016984],[-71.846904122727,42.260852139115],[-71.8470264844846,42.2608078088334],[-71.8471527115284,42.2607699266908],[-71.8472821878227,42.2607386770484],[-71.8474142838421,42.2607142127907],[-71.8475483547727,42.2606966526285],[-71.8476837477068,42.2606860819972],[-71.8478198043405,42.2606825530574],[-71.8479558609741,42.2606860819972],[-71.8480912539082,42.2606966526285],[-71.8482236970659,42.2607139996514],[-71.8482419182299,42.2606978694112],[-71.848336490037,42.2606251250496],[-71.8484376628678,42.2605574591595],[-71.8485449420954,42.2604951999936],[-71.8486578079115,42.2604386506233],[-71.8487757081324,42.2603880880399],[-71.8488980689906,42.2603437577583],[-71.8490242942357,42.2603058756157],[-71.8491537705301,42.2602746259732],[-71.8492858647508,42.2602501617156],[-71.8494199347821,42.2602326015534],[-71.8495553277162,42.260222030922],[-71.8496913825512,42.2602185019823],[-71.8498274373863,42.260222030922],[-71.8499628303204,42.2602326015534],[-71.8500969003516,42.2602501617156],[-71.8502289945724,42.2602746259732],[-71.8503584708667,42.2603058756157],[-71.8504846961118,42.2603437577583],[-71.8506070569701,42.2603880880399],[-71.850724957191,42.2604386506233],[-71.8508378230071,42.2604951999936],[-71.8509451022346,42.2605574591595],[-71.8510462750655,42.2606251250496],[-71.8511408468726,42.2606978694112],[-71.8512283572029,42.2607753361129],[-71.8513083797779,42.2608571492381],[-71.851380525191,42.2609429094877],[-71.8514246243469,42.2610045139472],[-71.8514457970858,42.261023256718],[-71.8515258196608,42.2611050698432],[-71.8515979659733,42.2611908300928],[-71.8516618816905,42.2612801192821],[-71.8517172583448,42.2613725030386],[-71.8517638234417,42.2614675308019],[-71.851799091255,42.2615588839354],[-71.8518507438167,42.261581036036],[-71.8519636114315,42.2616375845069],[-71.852070893357,42.2616998436729],[-71.8521720670872,42.261767509563],[-71.8522666406928,42.2618402539246],[-71.8523541528219,42.2619177206263],[-71.8524341771955,42.2619995337515],[-71.852506323508,42.2620852940012],[-71.8525702410238,42.2621745831905],[-71.8526256176781,42.262266966947],[-71.8526721836743,42.2623619947103],[-71.8527097132826,42.2624592042289],[-71.8527380212427,42.2625581215601],[-71.8527460575845,42.2626005884464],[-71.8527627139281,42.262628375699],[-71.8528092799243,42.2627234034624],[-71.8528468095326,42.2628206129809],[-71.852875118392,42.2629195303121],[-71.8528940689061,42.2630196734192],[-71.8529035684449,42.2631205539705],[-71.8529035720422,42.2632216818352],[-71.8528940778994,42.2633225632857],[-71.8528751336804,42.2634227063928],[-71.852846830217,42.2635216246233],[-71.8528093060046,42.2636188350412],[-71.852762744505,42.2637138646032],[-71.852707371448,42.2638062501584],[-71.8526434575295,42.2638955411464],[-71.8525713130156,42.2639813031946],[-71.8524912904406,42.2640631190178],[-71.852403779211,42.2641405875182],[-71.852309204706,42.2642133336785],[-71.8522080300765,42.2642810022665],[-71.852100745453,42.2643432641304],[-71.8519878751403,42.2643998152993],[-71.8518699695234,42.2644503796813],[-71.8517476014706,42.2644947117616],[-71.8516213681316,42.2645325957028],[-71.8514918846427,42.2645638462446],[-71.8513597814288,42.2645883123008],[-71.8512257024042,42.2646058733624],[-71.8511556623039,42.2646113412405],[-71.8511229971286,42.2646173909799],[-71.8509889181041,42.2646349520414],[-71.8508535161768,42.2646455226728],[-71.8507174514492,42.2646490525118],[-71.8506384999667,42.2646470047555],[-71.8506042690717,42.2646496766413],[-71.8504682043441,42.2646532064804],[-71.8504319787528,42.2646522666888],[-71.8503699300282,42.2646637582259],[-71.8502358510037,42.2646813192875],[-71.8501004490764,42.2646918899188],[-71.8499643843488,42.2646954197579],[-71.8498283196212,42.2646918899188],[-71.849692917694,42.2646813192875],[-71.8495588386695,42.2646637582259]]]]},"properties":{"OBJECTID_1":5,"FullName_High":"South High Community School","Type":"High","FullName":"South High Community School","Total_Population":46743.87479424075,"Under_5_years":2658.8993924711613,"F5_to_9_years":1919.8090380031485,"F10_to_14_years":2526.2334195645012,"F15_to_19_years":4814.2985384342783,"Prcntg___Under_5_years":0.0568823060598896,"Prcntg___5_to_9_years":0.041070815084411565,"Prcntg___10_to_14_years":0.0540441593831189,"Prcntg___15_to_19_years":0.10299314208815744,"Median_age__years_":33.356209717490323,"Hispanic_or_Latino":14185.887413369279,"White":26365.843418768414,"Black_or_African_American":6124.6709756522405,"American_Indian_and_Alaska_Nati":121.0400238932574,"Asian":4075.9595678429005,"Native_Hawaiian_and_Other_Pacif":52.726618303187962,"Some_Other_Race":3258.9412665151558,"Two_or_More_Races":6744.6929232655921,"Prcntg___Hispanic_or_Latino":0.30348120423934355,"Prcntg___White":0.5640491622662166,"Prcntg___Black_or_African_Ameri":0.13102617193401461,"Prcntg___American_Indian_and_Al":0.0025894306885352724,"Prcntg___Asian":0.087197725601153922,"Prcntg___Native_Hawaiian_and_Ot":0.0011279898924785828,"Prcntg___Some_Other_Race":0.06971910824381819,"Prcntg___Two_or_More_Races":0.14429041137378273,"Pop_18_to_24_years":9532.0522568351862,"Out_Of_18_to_24_years___Less_Th":436.999243135315,"Out_Of_18_to_24_years___High_Sc":2782.0799497803123,"Out_Of_18_to_24_years___Bachelo":910.06647227831536,"Prcntg___Pop_18_to_24_years":0.20392088372634479,"Prcntg_Out_Of_18_to_24_years___":0.045845242069665976,"Prcntg_Out_Of_18_to_24_years__1":0.29186578869050528,"Prcntg_Out_Of_18_to_24_years__2":0.095474347785465652,"Pop_25_years_and_over":28516.177960390385,"Out_Of_25_years_and_over___Less":5437.48629801269,"Out_Of_25_years_and_over___High":8836.6938036915217,"Out_Of_25_years_and_over___Bach":6730.2533248554955,"Prcntg___Pop_25_years_and_over":0.61005165031598585,"Prcntg_Out_Of_25_years_and_over":0.19068075341532378,"Prcntg_Out_Of_25_years_and_ov_1":0.30988352702686484,"Prcntg_Out_Of_25_years_and_ov_2":0.23601526593795175,"Pop_25_to_34_years":7628.75282728042,"Out_Of_25_to_34_years___High_Sc":6574.8940225081687,"Out_Of_25_to_34_years___Bachelo":2215.5932363970273,"Prcntg___Pop_25_to_34_years":0.16320326162221255,"Prcntg_Out_Of_25_to_34_years___":0.86185699961287876,"Prcntg_Out_Of_25_to_34_years__1":0.29042666430010233,"Total_Households":17295.064528227442,"Households_Median_Income":54235.521405456675,"Households_Mean_Income":70756.642206341028,"Year_Built":2021,"Square_Footage":360000,"Enrollment":1791,"Student___Teacher_Ratio__2023_":13.8,"F__Teachers_Licensed_2023_DESE":97.8,"F__Experienced_Teachers__2023_":97.8,"Graduation_Rate":"86.4","F__High_Needs":77.9,"F__First_Language_Not_English":60.5,"F__English_Language_Learner":27.5,"F__Students_with_Disabilities":18.6,"F__Econmically_Disadvantaged":70.7,"F__Multi_Racial_Non_White":4.2,"F__White":24.2,"F__Native_American":0,"F__Native_Hawaiian___Pacific_Is":0,"F__Hispanic":42,"F__Asian":10.8,"F__African_American":18.8,"ObjectID":36,"Shape__Area":36193826.8671875,"Shape__Length":67003.889567923281}}]}